{"type":"FeatureCollection","features":[{"type":"Feature","properties":{"branch":"toshkent","name":"Toshkent MTU","source_color":"darkred","km":2553,"lod":"detail","parts":3574},"geometry":{"type":"MultiLineString","coordinates":[[[67.616,40.0335],[67.61705,40.03377],[67.61805,40.03418],[67.61913,40.0348],[67.62298,40.03731],[67.62392,40.03781],[67.62492,40.03818],[67.62617,40.03847],[67.62766,40.03859],[67.63071,40.03827],[67.63251,40.03826],[67.63359,40.03842],[67.63484,40.03876]],[[67.91169,40.09369],[67.883,40.09397],[67.87191,40.09396],[67.86424,40.09407],[67.85427,40.09406]],[[67.65746,40.06941],[67.66456,40.06967],[67.6658,40.0698],[67.6679,40.07015],[67.66892,40.07022],[67.67567,40.07041],[67.67715,40.0707],[67.68114,40.07193],[67.68206,40.07212],[67.68286,40.07221],[67.68379,40.07223],[67.6847,40.07216],[67.68735,40.07167],[67.68885,40.07151],[67.68984,40.07157],[67.69155,40.0719],[67.6929,40.07238],[67.69415,40.07313],[67.69488,40.07375],[67.696,40.07508],[67.69658,40.07565],[67.69762,40.0764],[67.69953,40.07755],[67.70034,40.07793],[67.70645,40.08033],[67.70978,40.08191],[67.71099,40.08231],[67.71466,40.08334],[67.71837,40.08414],[67.71935,40.08444],[67.72188,40.08561],[67.72434,40.08653],[67.72613,40.08738],[67.72861,40.08874],[67.73333,40.09049],[67.73423,40.0907],[67.73539,40.09085],[67.73887,40.09104]],[[68.47776,40.12661],[68.47408,40.12541],[68.47101,40.12411],[68.46965,40.12337],[68.46815,40.12242],[68.46521,40.12042],[68.46377,40.11957],[68.4624,40.11888],[68.3966,40.0895],[68.39166,40.08761]],[[68.10748,40.07868],[68.11315,40.07831]],[[67.46547,40.0222],[67.46312,40.02223],[67.45725,40.02187],[67.44612,40.02264]],[[67.4553,39.84857],[67.45937,39.8546],[67.45973,39.8553],[67.46,39.85616],[67.46009,39.85726],[67.45993,39.85824],[67.45958,39.85909],[67.45835,39.86119],[67.45807,39.86193],[67.45793,39.86287],[67.45807,39.86393],[67.45842,39.86502],[67.45987,39.86809],[67.46019,39.86898],[67.46034,39.86995],[67.46029,39.87089],[67.46004,39.87182],[67.45962,39.87265],[67.45902,39.87345],[67.45829,39.87414],[67.45733,39.87479],[67.45677,39.87508],[67.45379,39.87615],[67.453,39.87654],[67.45228,39.87701],[67.45056,39.8785],[67.44984,39.87937],[67.44949,39.88004],[67.4493,39.88067],[67.44927,39.88155],[67.44944,39.88226],[67.45001,39.88347],[67.45352,39.88848],[67.45415,39.8892],[67.45659,39.89138],[67.4574,39.89244],[67.45841,39.89475],[67.45976,39.89708],[67.46073,39.89921],[67.4611,39.90032],[67.46117,39.90157],[67.4609,39.90281],[67.46043,39.90375],[67.45974,39.90462],[67.45758,39.90681],[67.45691,39.9079],[67.45658,39.9089],[67.45651,39.90998],[67.45659,39.91062],[67.45679,39.91132],[67.45735,39.91242],[67.4587,39.91407],[67.45917,39.91491],[67.45945,39.91573],[67.45955,39.91677],[67.45937,39.91804],[67.45797,39.92145],[67.45765,39.92265],[67.45762,39.92353],[67.45793,39.92752],[67.45776,39.92861],[67.45692,39.93212],[67.45664,39.93284],[67.45619,39.93358],[67.45521,39.93462],[67.4538,39.93553],[67.44913,39.938]],[[67.38785,39.81159],[67.41249,39.82396],[67.45315,39.84693],[67.45599,39.8488],[67.45792,39.85037],[67.45971,39.85207],[67.4606,39.85305],[67.46201,39.85484],[67.46276,39.85594],[67.46428,39.85871],[67.46622,39.86342],[67.46705,39.86524],[67.46811,39.86707],[67.46944,39.86897],[67.47067,39.87046],[67.4722,39.87205],[67.47323,39.87301],[67.47714,39.87623],[67.47927,39.87826],[67.48122,39.88038],[67.48271,39.88225],[67.49562,39.90077],[67.49647,39.90232],[67.49721,39.904],[67.49785,39.9058],[67.49826,39.90725]],[[68.8156,40.31823],[68.81608,40.31967],[68.81647,40.32214],[68.81642,40.32455],[68.8161,40.32661]],[[68.82261,40.21172],[68.82151,40.21181]],[[67.85705,40.27522],[67.91228,40.27689],[67.93172,40.27638],[67.93258,40.27633],[67.93416,40.27608],[67.93584,40.27562],[67.93657,40.27534],[67.93793,40.27468],[67.94745,40.26852],[67.94862,40.26751],[67.94937,40.26644],[67.94961,40.26588],[67.94987,40.26469],[67.94986,40.2642],[67.94959,40.26295],[67.94434,40.24784]],[[67.63512,40.03885],[67.63656,40.03956],[67.63778,40.04053],[67.63864,40.04157],[67.63926,40.04273],[67.64016,40.04491],[67.64052,40.0461],[67.64058,40.04688],[67.64042,40.04977]],[[68.83424,40.20964],[68.83328,40.20997],[68.83251,40.21036],[68.83201,40.21051]],[[68.83762,40.20775],[68.83597,40.20831]],[[69.36712,41.38076],[69.37009,41.37761]],[[69.24498,41.37823],[69.2455,41.37749],[69.24869,41.37463]],[[69.24121,41.37738],[69.242,41.37657],[69.24894,41.37182]],[[67.54571,40.02309],[67.52135,40.02002],[67.51967,40.01997],[67.51836,40.02003],[67.5171,40.02022]],[[69.3523,41.2554],[69.35276,41.2546],[69.3528,41.25375]],[[69.35556,41.24511],[69.35167,41.24404],[69.34941,41.24352],[69.34817,41.24332]],[[69.36497,41.25032],[69.36345,41.24882],[69.363,41.24827]],[[69.2501,41.371],[69.24927,41.37186],[69.24202,41.37684],[69.24165,41.37715],[69.24124,41.37765]],[[69.24505,41.25801],[69.24845,41.25836],[69.24951,41.2587]],[[69.24648,41.21403],[69.24726,41.21359],[69.24771,41.21313],[69.24791,41.2127],[69.24844,41.20915]],[[69.25698,41.36447],[69.25675,41.36373],[69.25622,41.3631],[69.25582,41.36281],[69.25477,41.36246],[69.2516,41.36227],[69.24528,41.36204]],[[69.24343,40.21486],[69.24813,40.21336],[69.24861,40.21316],[69.2498,40.21243],[69.25227,40.21025]],[[69.33683,41.24848],[69.33526,41.24759],[69.33437,41.24739],[69.33341,41.24747],[69.33267,41.24781],[69.3323,41.24809],[69.33184,41.24877],[69.33146,41.25057],[69.33128,41.25096],[69.32734,41.25789]],[[69.24369,41.26388],[69.24489,41.26392],[69.24732,41.26347],[69.24826,41.26353],[69.24978,41.26381]],[[70.1335,41.01851],[70.14643,41.02035]],[[68.82842,40.21113],[68.82942,40.21083],[68.8319,40.20975],[68.83952,40.20588]],[[68.82987,40.21071],[68.83133,40.21013],[68.83896,40.20628],[68.83976,40.2058]],[[69.5568,40.84933],[69.55724,40.84918]],[[69.56052,40.86149],[69.56435,40.86169]],[[69.50914,40.93952],[69.51442,40.93646],[69.51867,40.93409]],[[69.57359,40.84877],[69.57307,40.8484],[69.57167,40.84718],[69.5713,40.84674]],[[69.55537,40.83094],[69.55285,40.83146]],[[68.77904,40.44896],[68.77897,40.44917]],[[68.80034,40.37867],[68.78353,40.43411]],[[69.22322,40.21448],[69.2346,40.21518],[69.23587,40.21532]],[[69.11617,41.1768],[69.11594,41.17617],[69.11521,41.17232],[69.11496,41.17141],[69.11435,41.17049],[69.11285,41.1692]],[[68.79071,40.94956],[68.79041,40.94952]],[[68.65854,40.86585],[68.65787,40.86786]],[[69.30612,41.3432],[69.30548,41.34365]],[[69.21099,41.2512],[69.21229,41.25196]],[[69.21229,41.25196],[69.21265,41.2522]],[[69.59048,41.44826],[69.5907,41.44869],[69.59261,41.45411]],[[69.61986,40.8217],[69.6207,40.82108],[69.6212,40.82083]],[[69.62272,40.82074],[69.62352,40.82024]],[[69.62475,40.81962],[69.62555,40.81932],[69.62672,40.81872]],[[69.62584,40.81935],[69.62568,40.8195]],[[69.61964,40.82226],[69.61916,40.82244]],[[69.00756,41.06653],[69.00044,41.06206]],[[69.65586,40.90277],[69.65506,40.90389],[69.65055,40.90929],[69.64985,40.91001]],[[69.23162,41.38439],[69.2292,41.38798],[69.22928,41.38844],[69.23026,41.38995],[69.23053,41.39057],[69.2306,41.39172],[69.23047,41.39216],[69.23024,41.39249]],[[68.68474,40.76174],[68.68476,40.76163]],[[69.11858,41.19889],[69.11849,41.1984],[69.11814,41.19738],[69.11808,41.19617]],[[67.57472,40.02961],[67.57677,40.03009]],[[69.36591,41.37183],[69.36997,41.37073],[69.37112,41.37054],[69.37284,41.3704],[69.37479,41.37006],[69.37821,41.36963]],[[70.17971,41.02258],[70.18018,41.02264],[70.18359,41.02348],[70.1851,41.02378],[70.18726,41.02405]],[[69.57012,40.83974],[69.5702,40.84365],[69.57048,40.8443],[69.57087,40.84479],[69.57148,40.84538]],[[69.24857,40.21383],[69.24734,40.21406],[69.24591,40.21422],[69.24412,40.21476]],[[69.24873,40.21371],[69.24695,40.21411]],[[69.24692,40.21368],[69.2484,40.21316],[69.24932,40.21264],[69.25188,40.21052]],[[69.62903,40.81781],[69.63046,40.81901],[69.6308,40.81942],[69.63098,40.8201],[69.63076,40.82125],[69.63094,40.82183],[69.63114,40.82212],[69.63162,40.82252],[69.63197,40.82271],[69.63355,40.82331]],[[69.62878,40.81768],[69.62896,40.81782]],[[69.6392,40.8264],[69.64034,40.82585],[69.64131,40.8257],[69.64186,40.82573],[69.64466,40.82662],[69.64996,40.82848],[69.6505,40.82872]],[[67.8393,40.09895],[67.83995,40.09889],[67.84056,40.09863]],[[68.50658,40.13509],[68.50761,40.1353],[68.51412,40.13747]],[[70.18118,41.02262],[70.18197,41.02263],[70.18266,41.02273],[70.1865,41.02361],[70.18723,41.02394]],[[67.71757,40.08402],[67.71464,40.08339],[67.71027,40.08214],[67.70967,40.08192],[67.70641,40.08036],[67.69883,40.07737],[67.69803,40.07696],[67.69708,40.0763],[67.69616,40.07538],[67.69487,40.07382],[67.69414,40.07319],[67.69282,40.0724],[67.69134,40.07189],[67.69008,40.07164],[67.68851,40.07158],[67.68432,40.07225],[67.68262,40.07224],[67.68128,40.07201],[67.67716,40.07075],[67.67553,40.07045],[67.66858,40.07025],[67.6677,40.07018],[67.66477,40.06973],[67.65744,40.06946]],[[68.64037,40.22122],[68.64149,40.222]],[[68.65804,40.8679],[68.65869,40.86588]],[[68.82309,40.21167],[68.8233,40.21165]],[[68.74668,40.91885],[68.74399,40.91924]],[[67.78292,40.09685],[67.78272,40.0968]],[[67.65682,40.0694],[67.65489,40.06907],[67.65329,40.06851],[67.65201,40.0677],[67.65108,40.06679],[67.65053,40.06595],[67.64743,40.05991],[67.6467,40.05882],[67.64565,40.05783],[67.64333,40.05602],[67.64231,40.05496],[67.64179,40.05428],[67.64109,40.05304],[67.64073,40.05219],[67.64043,40.05102],[67.64031,40.04996]],[[68.8044,40.95158],[68.80222,40.95103],[68.7963,40.95025]],[[68.80857,40.35127],[68.812,40.33999]],[[68.812,40.33999],[68.81211,40.33966]],[[68.79977,40.37677],[68.80013,40.37597],[68.80266,40.36772],[68.80315,40.36606],[68.80325,40.36522]],[[68.76616,40.5149],[68.7688,40.51535]],[[68.77897,40.44917],[68.7715,40.47353]],[[68.80032,40.37855],[68.80855,40.35135]],[[68.8002,40.376],[68.80043,40.37555],[68.80196,40.3706],[68.80304,40.36705],[68.80322,40.36614]],[[68.83962,40.20569],[68.8383,40.20593],[68.83735,40.20632],[68.83002,40.21002]],[[68.83911,40.206],[68.83758,40.20665],[68.83178,40.20964],[68.82918,40.21081],[68.82842,40.21113],[68.82739,40.21125]],[[68.83962,40.20569],[68.83848,40.20593],[68.83746,40.20633],[68.82969,40.21024]],[[68.70918,40.26815],[68.73812,40.28786],[68.73967,40.28881],[68.74131,40.2897],[68.74286,40.29046],[68.74443,40.29113],[68.74679,40.29201],[68.74844,40.29253],[68.79951,40.30596]],[[68.83921,40.20631],[68.83774,40.20712],[68.8315,40.21031],[68.83081,40.21062],[68.82849,40.21122]],[[68.82842,40.21113],[68.83182,40.20967],[68.83784,40.20659],[68.83952,40.20588]],[[68.8233,40.21165],[68.82527,40.21151]],[[68.81902,40.28049],[68.81971,40.28083],[68.82299,40.28308]],[[69.09561,40.23143],[69.09643,40.2315],[69.09786,40.23182],[69.09913,40.23175]],[[69.06569,41.12172],[69.06628,41.12246]],[[69.01521,41.07131],[69.00756,41.06653]],[[69.04681,41.09457],[69.04935,41.09346]],[[69.05213,41.1043],[69.05285,41.10525],[69.05313,41.10595]],[[69.32119,41.33775],[69.32107,41.33695]],[[69.32101,41.33691],[69.32123,41.33898],[69.32146,41.33968],[69.32192,41.34031],[69.32298,41.34123]],[[69.58182,41.45219],[69.58335,41.45352],[69.58434,41.4547]],[[69.59253,41.45413],[69.59028,41.44772]],[[69.64662,41.52659],[69.64972,41.52824],[69.65491,41.53119]],[[69.63366,41.5219],[69.63269,41.52199],[69.63182,41.5218]],[[69.58433,41.45764],[69.58487,41.45766]],[[69.58183,41.45227],[69.58382,41.45401]],[[69.58215,41.45307],[69.5826,41.45341],[69.58347,41.45384]],[[69.57089,41.45127],[69.5728,41.45158]],[[69.58745,41.45838],[69.58777,41.45883],[69.5883,41.45927]],[[69.52702,41.41852],[69.52882,41.41941],[69.53113,41.42068],[69.53292,41.42145]],[[69.28744,41.28881],[69.28848,41.28905]],[[69.28307,41.2885],[69.28352,41.28879]],[[69.28853,41.28926],[69.28805,41.28901],[69.28768,41.2889],[69.28684,41.28881]],[[69.28905,41.28919],[69.2884,41.28892],[69.2879,41.28881]],[[69.28968,41.28932],[69.28901,41.28897],[69.2882,41.28876]],[[69.29436,41.29586],[69.29297,41.29509],[69.29169,41.29422]],[[69.29125,41.29412],[69.293,41.29525],[69.29385,41.29563]],[[69.29092,41.29388],[69.29172,41.29435],[69.29197,41.29458]],[[69.29608,41.29698],[69.29492,41.29612]],[[69.2943,41.29567],[69.29492,41.29612]],[[69.2873,41.28894],[69.28819,41.28928]],[[69.28583,41.28932],[69.29335,41.29421]],[[69.27853,41.2705],[69.27555,41.26982],[69.26382,41.26768]],[[69.28346,41.28902],[69.28318,41.28884]],[[69.27696,41.28216],[69.26882,41.27312]],[[69.24099,41.24423],[69.24079,41.24573]],[[69.2948,41.26464],[69.29599,41.26444],[69.29736,41.26445]],[[69.30577,41.29731],[69.30464,41.29739],[69.30325,41.29725],[69.2989,41.29631]],[[69.30092,41.29503],[69.30005,41.29472],[69.29948,41.29444]],[[69.295,41.29606],[69.29536,41.29628]],[[69.30128,41.26542],[69.30231,41.2656],[69.3033,41.26587],[69.30496,41.26641]],[[69.30288,41.26577],[69.30445,41.26588]],[[69.30079,41.26546],[69.30194,41.26601],[69.30243,41.26633],[69.3031,41.26716],[69.3038,41.26761],[69.3083,41.26908]],[[69.31219,41.26908],[69.31072,41.2684]],[[69.30194,41.26573],[69.3136,41.26957]],[[69.30071,41.26534],[69.30291,41.2659],[69.31064,41.26844],[69.31255,41.26923]],[[69.30083,41.26542],[69.30161,41.26573],[69.31103,41.26882]],[[69.30334,41.26534],[69.30436,41.26529],[69.30671,41.266]],[[69.30344,41.26532],[69.30408,41.26499],[69.30503,41.26479],[69.30596,41.26483],[69.30734,41.26526]],[[69.30245,41.26554],[69.30339,41.26557]],[[69.29759,41.26447],[69.29736,41.26445]],[[69.65622,40.90236],[69.65596,40.90276],[69.65546,40.90393],[69.65027,40.91016],[69.64942,40.91083]],[[69.28262,41.28802],[69.28301,41.28827]],[[69.31797,41.29481],[69.31771,41.29501]],[[69.31586,41.29586],[69.31669,41.29561],[69.31807,41.29481],[69.31899,41.2944]],[[69.31698,41.29545],[69.31664,41.29568]],[[69.31467,41.29641],[69.31659,41.2957],[69.31838,41.29471],[69.3194,41.2944]],[[69.3149,41.2972],[69.31655,41.29711]],[[69.31092,41.29577],[69.31207,41.29556]],[[69.23094,41.2281],[69.23216,41.22766],[69.23284,41.22724],[69.23338,41.22644],[69.23385,41.22503],[69.23478,41.22427]],[[69.23909,41.22169],[69.23678,41.22053],[69.23412,41.21975]],[[69.22857,41.22596],[69.23544,41.22343],[69.24043,41.2221],[69.24231,41.22177]],[[69.24141,41.22186],[69.24206,41.2217],[69.24276,41.22138],[69.24359,41.22085],[69.24409,41.22034],[69.24438,41.21961]],[[69.24513,41.2148],[69.24521,41.21516]],[[69.29506,41.2926],[69.29545,41.29273],[69.29621,41.29285]],[[69.28914,41.29129],[69.28994,41.29171]],[[69.28493,41.28958],[69.2856,41.28995],[69.29354,41.29517]],[[69.28319,41.28838],[69.28666,41.29013],[69.28997,41.29232],[69.29297,41.29453]],[[69.28631,41.28889],[69.28709,41.289],[69.28801,41.28949]],[[69.28477,41.28881],[69.28529,41.28893],[69.28561,41.2891],[69.28744,41.29029]],[[69.2835,41.28898],[69.28322,41.2888]],[[69.11704,41.28881],[69.11705,41.2855]],[[69.11562,41.28068],[69.11617,41.28336],[69.11604,41.28387],[69.1148,41.28573]],[[69.11986,41.29347],[69.11877,41.29011]],[[69.11883,41.29011],[69.11885,41.29038]],[[69.29346,41.29506],[69.29396,41.29545]],[[68.18953,40.66475],[68.18911,40.66425],[68.18432,40.65961],[68.18354,40.65894]],[[69.33196,41.29689],[69.33453,41.29787]],[[69.33453,41.29787],[69.33648,41.29866],[69.33681,41.29891],[69.3374,41.29967],[69.33897,41.30084],[69.34116,41.30181],[69.34204,41.30196]],[[69.31467,41.29641],[69.31396,41.29682],[69.31353,41.29731],[69.31233,41.29977],[69.31231,41.30018],[69.31306,41.30149]],[[69.31752,41.29503],[69.3159,41.29528],[69.30971,41.29732]],[[69.31352,41.2954],[69.31422,41.29526]],[[69.31896,41.29402],[69.32064,41.29375]],[[69.3086,41.29621],[69.31005,41.296],[69.31407,41.29526]],[[69.31216,41.29723],[69.31154,41.29747]],[[69.30822,41.29978],[69.30927,41.29887],[69.31033,41.29828]],[[69.29556,41.29649],[69.29613,41.29697],[69.29674,41.2977]],[[69.57136,40.84533],[69.57097,40.84508]],[[69.5567,40.84935],[69.55722,40.84925]],[[69.52795,40.84912],[69.52917,40.84932],[69.53489,40.84943]],[[69.56926,40.84274],[69.56884,40.84172]],[[69.56478,40.84298],[69.56805,40.84305],[69.56898,40.84319],[69.56947,40.84342]],[[69.56552,40.84267],[69.56773,40.84269],[69.56874,40.84295],[69.56931,40.84323]],[[69.57503,40.84947],[69.57443,40.84931],[69.57394,40.84906],[69.57094,40.84643],[69.57071,40.84593]],[[68.69969,40.70929],[68.70013,40.70765]],[[68.70074,40.70527],[68.70059,40.70617],[68.69855,40.71282]],[[68.68998,40.74043],[68.68993,40.7406]],[[68.68993,40.7406],[68.68889,40.74366],[68.68664,40.75107],[68.68479,40.76164]],[[68.65725,40.87032],[68.65726,40.87145],[68.65631,40.87423],[68.656,40.87472],[68.65532,40.87538],[68.65475,40.87561],[68.65361,40.87575],[68.65286,40.87568],[68.65217,40.87543],[68.64867,40.87223],[68.64765,40.87108],[68.64647,40.87017],[68.64366,40.86764],[68.64314,40.86743],[68.64255,40.86738],[68.6389,40.86757]],[[68.65909,40.85745],[68.65835,40.85827],[68.65608,40.86452]],[[68.65725,40.87032],[68.65719,40.86998],[68.65795,40.86788]],[[68.65787,40.86786],[68.6574,40.86931]],[[68.65773,40.86875],[68.65804,40.8679]],[[68.65891,40.86492],[68.65862,40.86586]],[[69.3362,41.30406],[69.33634,41.30437]],[[69.26025,41.3527],[69.26103,41.35287],[69.26183,41.3529],[69.26223,41.35288],[69.26275,41.35274]],[[69.25102,41.36292],[69.25174,41.36291],[69.25219,41.36328]],[[69.36077,41.0067],[69.36082,41.00608],[69.36108,41.00511],[69.36149,41.00428]],[[69.37805,41.00531],[69.37833,41.00612],[69.37852,41.00749]],[[69.36299,41.00086],[69.35458,41.00309],[69.35275,41.0035]],[[69.2532,41.35845],[69.2535,41.35738],[69.25415,41.35635]],[[69.25198,41.35611],[69.25288,41.35757],[69.25314,41.35853],[69.25299,41.35921],[69.25305,41.36],[69.25346,41.36071]],[[69.25154,41.36815],[69.24874,41.36585],[69.24857,41.36562],[69.24847,41.36508],[69.24851,41.36468]],[[69.2476,41.35847],[69.24754,41.35929],[69.24723,41.36021],[69.24736,41.36092],[69.24807,41.36178],[69.24893,41.36218]],[[69.35938,41.00161],[69.35075,41.00391]],[[69.35213,41.00362],[69.36291,41.00088],[69.36426,41.00044]],[[69.36372,41.00056],[69.36404,41.00051]],[[69.80246,40.92162],[69.80649,40.92156],[69.8126,40.92135]],[[69.80831,40.92122],[69.8098,40.92045],[69.81041,40.9203],[69.81294,40.92021],[69.81486,40.92],[69.81607,40.91995]],[[69.26663,41.35847],[69.26482,41.35988],[69.26141,41.36305],[69.25452,41.36788],[69.25253,41.36941],[69.25165,41.36997]],[[69.26538,41.35945],[69.26148,41.36308],[69.25541,41.36726]],[[69.255,41.36736],[69.25613,41.36647],[69.26084,41.36322],[69.26652,41.35784]],[[69.25692,41.3647],[69.25892,41.35964],[69.25911,41.35885]],[[69.26438,41.36038],[69.26357,41.36124]],[[69.83193,40.92461],[69.83071,40.92355]],[[69.24174,41.37752],[69.24879,41.37268],[69.24965,41.37201],[69.25017,41.37133]],[[69.24123,41.37761],[69.24202,41.37676],[69.24886,41.37211],[69.25045,41.37073]],[[69.24068,41.37837],[69.24151,41.37711],[69.24201,41.37662],[69.24823,41.37238],[69.24933,41.3715]],[[69.23478,41.387],[69.23559,41.386]],[[69.23759,41.38214],[69.23728,41.38272],[69.23118,41.39142]],[[69.251,41.35736],[69.25112,41.35833],[69.25132,41.35887],[69.25165,41.35932],[69.2529,41.36026]],[[69.24504,41.37813],[69.24881,41.37472]],[[69.2572,41.36735],[69.25462,41.36947],[69.25293,41.37099]],[[69.25186,41.36903],[69.25566,41.3664]],[[68.83812,40.20755],[68.83762,40.20775]],[[68.83833,40.20783],[68.83705,40.20828],[68.83618,40.20844]],[[68.78343,40.43444],[68.77904,40.44896]],[[69.16051,40.21749],[69.15832,40.21766],[69.15609,40.21799]],[[69.16202,40.21739],[69.16051,40.21749]],[[69.23655,40.21496],[69.23699,40.21494],[69.23831,40.21471],[69.24064,40.21486]],[[69.21804,40.21692],[69.21941,40.21734],[69.22038,40.21744]],[[68.82442,40.29893],[68.82371,40.30127],[68.82341,40.30199],[68.82261,40.3033],[68.82158,40.30453],[68.82042,40.30549],[68.81916,40.30631],[68.81774,40.307],[68.81653,40.30744],[68.81524,40.30774],[68.8139,40.30796],[68.81261,40.30804],[68.81123,40.30801],[68.80949,40.30779],[68.79951,40.30596]],[[68.8121,40.27584],[68.81341,40.27646],[68.81628,40.27683]],[[68.82714,40.29008],[68.82728,40.28942]],[[68.81557,40.31835],[68.81529,40.3177]],[[69.24613,41.3604],[69.24633,41.36089],[69.2468,41.36145],[69.2472,41.36169],[69.24847,41.36209]],[[69.24112,41.37733],[69.24134,41.37689],[69.24183,41.37644],[69.24646,41.37323]],[[69.24047,41.37865],[69.24165,41.3777],[69.24238,41.37727],[69.24914,41.37255]],[[69.24515,41.37802],[69.24543,41.37767],[69.24871,41.37469]],[[69.23779,41.38173],[69.23681,41.38284],[69.23133,41.39063],[69.23095,41.39146]],[[69.22825,41.39471],[69.22782,41.39495]],[[69.23024,41.39249],[69.22978,41.3931],[69.22827,41.39472]],[[69.25756,41.36816],[69.25744,41.36849],[69.2571,41.36891],[69.25528,41.37032]],[[69.2354,40.21525],[69.2344,40.21513],[69.22424,40.21445]],[[69.2498,41.37193],[69.25026,41.37152]],[[69.26556,41.35931],[69.26687,41.35807]],[[68.81534,40.31759],[68.8156,40.31823]],[[69.09097,40.23612],[69.09063,40.23561],[69.09067,40.23532],[69.09086,40.23513],[69.09148,40.23505],[69.09678,40.23476]],[[69.08423,40.22922],[69.088,40.23318],[69.091,40.2362]],[[69.08521,40.23014],[69.08761,40.23253],[69.08803,40.23305]],[[69.07913,40.22415],[69.08104,40.22422],[69.08156,40.22432],[69.08237,40.2248],[69.08275,40.2252],[69.0829,40.22548],[69.08304,40.22641],[69.08311,40.22758],[69.08342,40.22832],[69.08897,40.234],[69.08955,40.23439],[69.09021,40.23467],[69.0909,40.23477],[69.09677,40.23445]],[[69.08418,40.22902],[69.08491,40.22972],[69.08553,40.23019],[69.08606,40.23045],[69.08663,40.23059],[69.09176,40.23037],[69.0935,40.23018]],[[68.76402,40.51469],[68.76192,40.51422],[68.76117,40.51416]],[[68.76322,40.51441],[68.76563,40.51485]],[[68.76531,40.51848],[68.76172,40.51788],[68.76075,40.51778],[68.7601,40.5178],[68.75912,40.51808],[68.75853,40.51844],[68.75817,40.51894],[68.75792,40.51949],[68.75727,40.52175]],[[68.749,40.5474],[68.75637,40.5232]],[[68.73523,40.62909],[68.72871,40.62786],[68.72817,40.62786],[68.727,40.62823],[68.72649,40.62802]],[[68.72564,40.6368],[68.72831,40.63751],[68.72894,40.63762]],[[68.76585,40.49213],[68.76596,40.49151]],[[68.76578,40.49211],[68.76554,40.49269],[68.76294,40.5013],[68.76282,40.50188]],[[68.76279,40.50221],[68.76415,40.49794]],[[68.75651,40.52277],[68.76271,40.50247]],[[68.76237,40.51426],[68.76566,40.51481]],[[68.75781,40.51987],[68.75847,40.51747],[68.76071,40.51034],[68.76094,40.50899],[68.76134,40.50769],[68.76163,40.50627],[68.76308,40.50147]],[[68.76527,40.51852],[68.76228,40.51802],[68.76172,40.51788]],[[68.76378,40.51808],[68.76136,40.51771],[68.7601,40.5178]],[[68.75636,40.52273],[68.75762,40.51894],[68.76237,40.50321]],[[68.76271,40.50247],[68.76279,40.50221]],[[68.64024,40.22126],[68.53615,40.15014]],[[68.83497,40.2098],[68.8342,40.20992],[68.83247,40.21038]],[[68.84351,40.20998],[68.84273,40.20998]],[[68.84586,40.22777],[68.84592,40.22762]],[[68.19173,40.66685],[68.18953,40.66475]],[[68.49518,40.13212],[68.5072,40.13607]],[[68.50278,40.13452],[68.50414,40.13479],[68.50628,40.13506],[68.50917,40.13532],[68.51245,40.13581]],[[68.49162,40.13096],[68.49088,40.13076]],[[68.49054,40.13065],[68.48522,40.1289]],[[69.25535,41.37037],[69.25696,41.36904]],[[69.08585,40.23074],[69.08712,40.2316],[69.08768,40.23177],[69.08816,40.23182],[69.10416,40.23099],[69.10463,40.2309],[69.10521,40.23069],[69.10685,40.22965],[69.1074,40.22917],[69.10914,40.22738]],[[69.25186,41.37011],[69.25128,41.37072]],[[69.25008,41.37331],[69.25038,41.37281],[69.25089,41.37226],[69.25296,41.37049]],[[69.26677,41.35835],[69.26742,41.35782]],[[68.81746,40.27666],[68.81805,40.27691],[68.81962,40.27803],[68.82121,40.27867],[68.82234,40.27927],[68.82296,40.28003],[68.82312,40.28042],[68.82324,40.28098],[68.8232,40.2819],[68.82303,40.28254],[68.82308,40.28291],[68.82322,40.28317],[68.82346,40.28341],[68.82637,40.28533],[68.827,40.28582],[68.8273,40.28614],[68.82759,40.28666],[68.82764,40.28739],[68.82572,40.29375],[68.82547,40.29466],[68.82531,40.29581]],[[69.08897,40.234],[69.09018,40.23531]],[[68.80198,40.21088],[68.8056,40.21165],[68.80839,40.21236],[68.81009,40.21261],[68.81131,40.21269],[68.81227,40.21269],[68.81352,40.21259],[68.81649,40.21228],[68.81816,40.21202],[68.82148,40.21174]],[[68.8038,40.21135],[68.80819,40.21251],[68.80927,40.21272],[68.8108,40.21288],[68.81247,40.21288],[68.81342,40.2128],[68.82313,40.21182]],[[68.80254,40.21107],[68.8071,40.21263],[68.80887,40.21301],[68.80988,40.21314],[68.81164,40.21321],[68.81266,40.21316],[68.81879,40.21259],[68.81987,40.21263],[68.82034,40.21271],[68.82085,40.21285],[68.82168,40.2132],[68.82247,40.21372],[68.82306,40.21426],[68.82327,40.21454],[68.82363,40.21529],[68.82377,40.21622]],[[68.82317,40.21331],[68.82338,40.21356]],[[68.82313,40.21182],[68.82332,40.21181]],[[68.82528,40.21167],[68.82595,40.21157]],[[68.82797,40.21128],[68.82712,40.21141]],[[68.82986,40.21096],[68.82917,40.21117]],[[68.82989,40.21126],[68.83219,40.2114],[68.83403,40.21125]],[[68.83894,40.2094],[68.84092,40.20979],[68.84274,40.20984],[68.84197,40.20992],[68.84048,40.2099],[68.83831,40.2097]],[[68.84274,40.20984],[68.84381,40.2097],[68.84439,40.20956]],[[68.846,40.2091],[68.84662,40.20896],[68.84898,40.20874]],[[68.84921,40.21161],[68.84629,40.20998],[68.84572,40.20986],[68.84504,40.20988]],[[68.83135,40.21123],[68.83297,40.21113],[68.84072,40.21039],[68.84193,40.21017]],[[68.82626,40.21141],[68.82794,40.21114],[68.82857,40.21089],[68.83125,40.20928],[68.83792,40.20594],[68.83843,40.20579],[68.83962,40.20569],[68.84051,40.20545]],[[68.8312,40.21059],[68.83811,40.20706],[68.83908,40.20648],[68.83963,40.20602]],[[68.8307,40.21072],[68.83262,40.21008],[68.83489,40.20891]],[[68.83807,40.20747],[68.83758,40.20767]],[[68.83816,40.20764],[68.83767,40.20782]],[[68.83581,40.20906],[68.83518,40.20913],[68.83459,40.20928]],[[68.82261,40.21172],[68.82309,40.21167]],[[69.06611,41.12244],[69.06658,41.12307]],[[69.06603,41.12235],[69.06788,41.12442],[69.06924,41.12576],[69.07887,41.13298]],[[69.55285,40.83146],[69.55188,40.83173],[69.55149,40.83201],[69.55103,40.83268],[69.55094,40.83319],[69.551,40.83435],[69.55119,40.83482],[69.55156,40.83529],[69.55234,40.83573],[69.55301,40.83587],[69.55343,40.83588],[69.56187,40.83588],[69.56261,40.83611],[69.56424,40.83698],[69.56545,40.83714]],[[69.56772,40.83661],[69.56736,40.83642]],[[69.57565,40.8498],[69.57633,40.85014],[69.57774,40.85111],[69.5786,40.85158]],[[68.49088,40.13076],[68.49054,40.13065]],[[70.31197,41.07358],[70.31278,41.07372],[70.31381,41.07405]],[[69.22881,41.01779],[69.23023,41.01936],[69.23153,41.02005]],[[68.96365,41.03227],[68.96547,41.03369]],[[68.96725,41.02677],[68.96812,41.02784],[68.96836,41.02849],[68.96922,41.03132],[68.96943,41.03269],[68.96968,41.03342]],[[68.98327,41.05135],[68.98486,41.05282],[68.98614,41.0537],[68.99307,41.05735],[69.00048,41.06202]],[[69.3553,41.00267],[69.35631,41.00227],[69.3573,41.00201]],[[69.39124,41.00962],[69.38992,41.01007],[69.38902,41.01021]],[[69.39471,41.00816],[69.38446,41.01185],[69.38356,41.01198],[69.38268,41.01181]],[[69.39524,41.00816],[69.39209,41.00928],[69.39093,41.00952]],[[69.61622,40.81915],[69.62068,40.81736]],[[69.61994,40.81795],[69.62019,40.81785]],[[69.62466,40.81998],[69.62496,40.81988]],[[69.61479,40.81977],[69.62105,40.81728],[69.62195,40.81697]],[[69.61994,40.81795],[69.6165,40.81932],[69.6157,40.81971],[69.61525,40.82017],[69.61501,40.82066],[69.61497,40.82124],[69.61529,40.82193]],[[69.61281,40.82051],[69.61479,40.81977]],[[69.61282,40.82059],[69.61287,40.82058]],[[69.61593,40.82408],[69.61568,40.82421]],[[69.61612,40.82399],[69.61593,40.82408]],[[69.61589,40.82404],[69.61608,40.82394]],[[69.6166,40.82374],[69.61647,40.82381]],[[69.62245,40.82058],[69.61987,40.8219],[69.61834,40.8228]],[[69.62049,40.82198],[69.62335,40.82053],[69.62382,40.82036]],[[69.6262,40.81872],[69.61931,40.82224]],[[69.62283,40.82041],[69.62323,40.8202]],[[69.62352,40.82024],[69.61916,40.82244]],[[69.62181,40.8217],[69.62094,40.82215]],[[69.62287,40.82112],[69.62164,40.82189],[69.62097,40.82236],[69.62057,40.82278],[69.62013,40.82305]],[[69.61804,40.82404],[69.62107,40.82214]],[[69.61801,40.824],[69.62094,40.82215]],[[69.62049,40.82198],[69.61979,40.82231],[69.61831,40.82287],[69.61716,40.82346]],[[69.61716,40.82346],[69.61736,40.8233]],[[69.61234,40.82642],[69.61333,40.82547]],[[69.60434,40.8204],[69.60462,40.82058],[69.60494,40.82103],[69.60502,40.82164]],[[69.61568,40.82421],[69.61256,40.82588],[69.61101,40.82659],[69.6048,40.82919],[69.60389,40.82993],[69.59979,40.83586]],[[69.59978,40.83564],[69.60388,40.82973],[69.60424,40.82943],[69.60501,40.82895],[69.61137,40.82629],[69.61564,40.82416]],[[69.56831,40.84428],[69.56799,40.84429]],[[69.61516,40.8218],[69.61529,40.82193]],[[69.23613,41.0063],[69.23604,41.00693],[69.23609,41.00727],[69.23679,41.00847]],[[69.23612,41.00855],[69.23575,41.00766],[69.23574,41.00724],[69.23587,41.00677]],[[69.23742,41.00503],[69.23643,41.00578],[69.23573,41.00702],[69.23543,41.00792],[69.23576,41.01914],[69.2357,41.02019]],[[69.23549,41.01064],[69.23582,41.01921],[69.23572,41.01999]],[[69.24308,41.08469],[69.24996,41.12098]],[[69.23574,41.00867],[69.23561,41.00834],[69.23556,41.00779],[69.23573,41.00703]],[[69.23543,41.01022],[69.23528,41.0112],[69.23532,41.01221]],[[70.31381,41.07405],[70.31538,41.07492],[70.31596,41.07511],[70.31996,41.07571],[70.32091,41.07608],[70.32178,41.07688],[70.32223,41.07826],[70.32232,41.07937],[70.32277,41.08018],[70.32354,41.08084]],[[69.09955,41.15904],[69.097,41.15711],[69.09617,41.15637]],[[69.10071,41.16004],[69.10136,41.16061],[69.11008,41.16717],[69.11059,41.16749]],[[69.12034,41.17469],[69.09955,41.15904]],[[69.11438,41.17022],[69.11496,41.17059]],[[69.21074,41.17609],[69.21059,41.17673],[69.21025,41.17719],[69.20956,41.17779],[69.20555,41.18079]],[[69.2111,41.1753],[69.20954,41.17648]],[[69.21066,41.17564],[69.2096,41.17653]],[[69.24703,41.2136],[69.24648,41.21403]],[[69.24733,41.20102],[69.24728,41.20181],[69.24622,41.20912],[69.24585,41.21141],[69.24564,41.21201]],[[69.09955,41.15904],[69.10151,41.1608],[69.10962,41.16693],[69.11225,41.16875],[69.11402,41.17009],[69.1144,41.17045],[69.11492,41.17118],[69.11519,41.17192],[69.11583,41.17548],[69.11598,41.17616],[69.11622,41.17678]],[[69.11302,41.16925],[69.11243,41.16888]],[[69.25332,41.21057],[69.25412,41.21075],[69.25537,41.21081],[69.25584,41.21099],[69.25622,41.21123]],[[69.0576,41.1134],[69.05811,41.11385]],[[69.05418,41.10874],[69.05708,41.11275],[69.06458,41.12068],[69.06603,41.12235]],[[69.05913,41.1148],[69.05974,41.11534],[69.06527,41.12124],[69.06577,41.12201]],[[69.05753,41.1135],[69.05936,41.11553]],[[69.86511,40.93624],[69.86471,40.93602]],[[69.86759,40.93731],[69.86694,40.93715],[69.86602,40.93674],[69.86511,40.93624]],[[70.17523,41.03639],[70.17539,41.0369],[70.17576,41.03751],[70.17639,41.0381],[70.17751,41.03944],[70.17894,41.0409]],[[70.19443,41.03354],[70.1945,41.03373]],[[70.19452,41.03569],[70.19446,41.03602],[70.19464,41.03929],[70.19474,41.03998]],[[70.19443,41.03408],[70.19474,41.03998],[70.19483,41.04053]],[[70.19525,41.05307],[70.19616,41.05295],[70.19762,41.05237]],[[70.19901,41.0509],[70.19635,41.05256],[70.19525,41.05307],[70.18999,41.05386],[70.1887,41.05411],[70.18712,41.0545],[70.18515,41.05472]],[[70.19439,41.03304],[70.19438,41.03228],[70.19412,41.03087],[70.19323,41.02878],[70.19285,41.02753],[70.19249,41.02669],[70.19148,41.02502],[70.18928,41.02344]],[[70.18925,41.02543],[70.18811,41.02432]],[[69.95474,40.96116],[69.95452,40.96111]],[[69.95452,40.96111],[69.95366,40.96087],[69.95061,40.95958]],[[69.98149,40.96636],[69.95829,40.96034],[69.95277,40.95878],[69.94991,40.95755],[69.94753,40.95622],[69.94068,40.95139]],[[69.86471,40.93602],[69.86328,40.93533],[69.86159,40.93483],[69.84952,40.93162],[69.84328,40.93016],[69.83706,40.92862]],[[69.88075,40.93705],[69.87882,40.93751],[69.87754,40.9377],[69.87623,40.93767]],[[70.19952,41.04767],[70.19956,41.04703],[70.19993,41.04568],[70.20014,41.04421],[70.1996,41.04239],[70.1993,41.04022]],[[69.04022,41.09712],[69.0392,41.09757],[69.03681,41.09821]],[[69.04162,41.09509],[69.04234,41.09491],[69.04321,41.09493],[69.04395,41.0952],[69.04447,41.09563],[69.04583,41.09728],[69.054,41.10864]],[[69.0503,41.10356],[69.04862,41.10195]],[[69.05345,41.10642],[69.05319,41.10574],[69.05289,41.1044],[69.05299,41.10357],[69.05324,41.1032],[69.05377,41.10279],[69.05661,41.10165]],[[70.3312,41.1004],[70.33146,41.10109]],[[69.129,41.31007],[69.12947,41.31075],[69.12958,41.31107],[69.12958,41.31142],[69.12988,41.31196]],[[69.19345,41.40847],[69.19344,41.40897]],[[69.1939,41.40895],[69.19393,41.4101],[69.19366,41.4111]],[[69.2002,41.40933],[69.20111,41.40888]],[[69.20423,41.40757],[69.19589,41.4111],[69.19479,41.41159],[69.19387,41.4121],[69.19316,41.41262],[69.19206,41.41376],[69.19168,41.41435],[69.19126,41.41535]],[[69.19083,41.41623],[69.19091,41.41605]],[[69.14537,41.3384],[69.14593,41.34019]],[[69.14527,41.33755],[69.14527,41.33631]],[[69.14169,41.32829],[69.14219,41.3294],[69.14243,41.32967]],[[68.04234,40.52805],[68.04193,40.52713],[68.03844,40.51718],[68.03833,40.51665]],[[68.04279,40.52953],[68.04251,40.52898],[68.0413,40.52557]],[[68.03182,40.53565],[68.03206,40.53493],[68.03231,40.53458],[68.03278,40.53424],[68.03403,40.5339]],[[68.96237,41.02227],[68.9631,41.02285],[68.96692,41.02639],[68.96725,41.02677]],[[68.9631,41.02285],[68.96657,41.02598],[68.96692,41.02639]],[[68.95667,41.02552],[68.95393,41.02266],[68.95184,41.02063]],[[68.96437,41.02328],[68.96595,41.02475],[68.96635,41.02525],[68.96734,41.02688]],[[68.96547,41.03369],[68.96925,41.03666],[68.97043,41.03775],[68.97307,41.04102],[68.97409,41.04243]],[[69.41876,40.98923],[69.41278,40.98977]],[[69.42095,40.98904],[69.42057,40.98907]],[[69.39549,40.99258],[69.39545,40.99259]],[[69.39545,40.99259],[69.39232,40.9939]],[[69.37798,40.99821],[69.37394,40.99859]],[[69.37808,40.9982],[69.37798,40.99821]],[[69.37601,40.9966],[69.37614,40.99735]],[[69.39232,40.9939],[69.38778,40.99579]],[[69.4127,40.98978],[69.4008,40.99089],[69.39985,40.99106],[69.39856,40.99138],[69.39549,40.99258]],[[69.36987,40.999],[69.3706,40.99881],[69.37116,40.99857],[69.37199,40.99804],[69.37244,40.99746],[69.37301,40.9962],[69.37345,40.99551],[69.3743,40.99491],[69.37465,40.99479]],[[69.37121,40.99854],[69.37199,40.99822],[69.37257,40.99808],[69.37423,40.99789]],[[69.36473,41.00024],[69.36549,40.99991],[69.36645,40.99927]],[[69.35708,41.00201],[69.35635,41.00226]],[[69.35129,41.00377],[69.36442,41.00039]],[[69.3636,41.00051],[69.36421,41.00044]],[[69.37748,41.00441],[69.37735,41.00411]],[[69.46085,40.96745],[69.46077,40.96749]],[[69.56729,40.8625],[69.56619,40.8624]],[[69.56643,40.86255],[69.56679,40.86249]],[[69.56051,40.86163],[69.56565,40.86194]],[[69.56188,40.86245],[69.55906,40.86225],[69.55845,40.86212],[69.55811,40.86198],[69.55758,40.86162],[69.55727,40.86119],[69.55697,40.86042]],[[69.55697,40.85516],[69.55751,40.85593],[69.55961,40.85793],[69.56016,40.85861],[69.56048,40.85926],[69.56051,40.85992],[69.56039,40.86046],[69.55944,40.86196]],[[69.55713,40.85625],[69.55728,40.85662],[69.55918,40.85956],[69.55951,40.86023],[69.55961,40.86093],[69.55939,40.86157]],[[69.52578,40.84895],[69.52621,40.84891]],[[69.50763,40.85242],[69.50772,40.85223]],[[69.50912,40.89336],[69.50908,40.89319]],[[69.56729,40.83643],[69.56881,40.8371],[69.56924,40.83742],[69.56983,40.83816],[69.57006,40.83871]],[[69.56982,40.83829],[69.57004,40.8391]],[[69.57006,40.83871],[69.57011,40.83935]],[[69.57011,40.83935],[69.57012,40.83974]],[[69.56879,40.8413],[69.56936,40.84263]],[[69.56914,40.84264],[69.56887,40.842]],[[69.56466,40.84124],[69.56707,40.84133],[69.56797,40.84158],[69.56884,40.84247],[69.56911,40.84288]],[[69.55287,40.84379],[69.55395,40.84416],[69.55495,40.84441],[69.55969,40.8444]],[[69.55304,40.84385],[69.55353,40.84437],[69.5544,40.84473],[69.556,40.84488],[69.5581,40.84487]],[[69.56961,40.84437],[69.57032,40.84487],[69.57054,40.8454]],[[69.76909,40.91619],[69.76771,40.91623],[69.76533,40.91598],[69.75332,40.91317]],[[69.79458,40.90836],[69.78277,40.91391]],[[69.24188,41.25972],[69.24421,41.26022],[69.24611,41.26054]],[[69.24376,41.26394],[69.24691,41.26444],[69.2585,41.26657],[69.25964,41.26685]],[[69.24632,41.26528],[69.24762,41.26566]],[[69.25448,41.2672],[69.25018,41.26636],[69.23941,41.26346]],[[69.25781,41.26561],[69.25838,41.26607],[69.25906,41.2664]],[[69.24857,41.26582],[69.25073,41.26611],[69.25863,41.26752]],[[69.25059,41.26587],[69.26142,41.26781]],[[69.26172,41.26781],[69.25094,41.26589]],[[69.25848,41.26696],[69.26127,41.26748],[69.26226,41.26776],[69.26376,41.26845],[69.265,41.26931]],[[69.26068,41.26801],[69.26235,41.2682],[69.2629,41.26837],[69.26538,41.26976]],[[69.25696,41.26675],[69.26163,41.26762],[69.26302,41.26812],[69.26366,41.26846]],[[69.26382,41.26768],[69.26351,41.26762]],[[69.24408,41.27154],[69.24505,41.27162]],[[69.24098,41.27034],[69.24013,41.27034],[69.23874,41.27012]],[[69.23625,41.26284],[69.23658,41.2629]],[[69.24643,41.26523],[69.24726,41.26557]],[[69.24674,41.26357],[69.24558,41.26371]],[[69.24601,41.26439],[69.2452,41.26428]],[[69.24554,41.27147],[69.2461,41.27129]],[[69.24601,41.26439],[69.25948,41.26686]],[[69.25075,41.26579],[69.25141,41.26578],[69.26151,41.26763]],[[69.2989,41.34727],[69.29838,41.34759]],[[69.29828,41.34751],[69.2988,41.34719]],[[69.39516,41.35866],[69.3953,41.36022]],[[69.3224,41.34324],[69.32142,41.34172],[69.32093,41.34042],[69.32087,41.34007]],[[69.32866,41.34734],[69.3288,41.34823],[69.32895,41.34849],[69.32937,41.34892]],[[69.66106,40.90939],[69.66018,40.91009]],[[69.65521,40.90319],[69.65186,40.90719],[69.6495,40.91015]],[[69.64579,40.91424],[69.64702,40.91309],[69.64845,40.91141]],[[69.5716,40.84731],[69.57082,40.84658]],[[69.57234,40.84872],[69.57285,40.84902],[69.57341,40.84925],[69.57417,40.84942]],[[69.57369,40.84767],[69.57539,40.84912]],[[69.57884,40.85174],[69.57752,40.85071],[69.57136,40.84533]],[[69.57232,40.84616],[69.57379,40.84813],[69.57505,40.84928],[69.57552,40.84964],[69.57675,40.85029],[69.57778,40.85093]],[[69.57235,40.84609],[69.57734,40.85044]],[[69.57717,40.85038],[69.57747,40.85056]],[[69.5757,40.85461],[69.57516,40.85443]],[[69.57701,40.85031],[69.57642,40.84988],[69.57305,40.84689]],[[69.83017,40.92314],[69.82828,40.92159],[69.8267,40.9205]],[[69.82164,40.92128],[69.82112,40.92119],[69.8126,40.92135]],[[69.79799,40.92247],[69.79906,40.92314],[69.79972,40.92345],[69.80025,40.9236],[69.80065,40.92363],[69.80105,40.92363],[69.80351,40.92304],[69.80903,40.92155],[69.81074,40.92145],[69.82517,40.92128],[69.82638,40.92135],[69.82806,40.92182],[69.82898,40.92216]],[[69.79917,40.92319],[69.80162,40.92477],[69.80289,40.9254],[69.80324,40.92546],[69.80419,40.92539]],[[69.32104,41.33678],[69.32142,41.33894],[69.32166,41.33964],[69.32208,41.3402],[69.32296,41.34112]],[[69.32498,41.3392],[69.32454,41.34137]],[[69.32273,41.34085],[69.32537,41.34318]],[[69.32876,41.34759],[69.32885,41.34798],[69.32907,41.34844],[69.33071,41.34995]],[[69.30565,41.34003],[69.30633,41.34015],[69.30788,41.34009],[69.30899,41.33969]],[[69.30558,41.34129],[69.30624,41.34133],[69.30709,41.34121],[69.3078,41.34091],[69.30868,41.33996]],[[69.31172,41.33499],[69.31132,41.33574],[69.31057,41.33812],[69.30996,41.33925],[69.30792,41.34174],[69.30727,41.34233],[69.30612,41.3432]],[[69.30551,41.34019],[69.30614,41.34046],[69.30675,41.34056],[69.30748,41.34049],[69.30844,41.34015],[69.3093,41.33943],[69.31003,41.33853],[69.31024,41.33795],[69.31087,41.33705]],[[69.31454,41.32486],[69.31496,41.32582],[69.31541,41.32655],[69.31607,41.32718]],[[69.31358,41.32289],[69.31505,41.32759],[69.31515,41.32849],[69.31508,41.32899],[69.31479,41.32989],[69.31372,41.33192]],[[69.31365,41.33181],[69.31448,41.33047],[69.31474,41.3299],[69.315,41.32899],[69.31505,41.32851],[69.31501,41.32782],[69.31478,41.32689],[69.31352,41.32288]],[[69.31517,41.32784],[69.31509,41.32745]],[[69.31388,41.32294],[69.31474,41.32547],[69.31701,41.33]],[[69.31868,41.33159],[69.31792,41.33122],[69.31697,41.33102],[69.31602,41.33106],[69.3154,41.3312]],[[69.31509,41.32615],[69.31654,41.32936],[69.31735,41.33037],[69.31842,41.3312]],[[69.31539,41.32907],[69.31538,41.32989]],[[69.31518,41.33127],[69.31437,41.33165],[69.31392,41.33199]],[[69.31337,41.3326],[69.31301,41.33301]],[[69.31337,41.3326],[69.3127,41.33358]],[[69.31535,41.33126],[69.3157,41.33146],[69.31687,41.33194],[69.31807,41.33319],[69.31824,41.33355],[69.31826,41.33389]],[[69.31838,41.33898],[69.31962,41.33884],[69.32032,41.33855],[69.32064,41.33828],[69.32086,41.33778]],[[69.30548,41.34365],[69.30413,41.34446],[69.30244,41.34514],[69.30122,41.34573],[69.2989,41.34727]],[[69.31462,41.32558],[69.31515,41.32743],[69.31539,41.32907],[69.31493,41.33069],[69.31524,41.33119]],[[69.27691,41.35062],[69.27763,41.3503],[69.27844,41.35006],[69.28246,41.34939],[69.28476,41.34909],[69.28555,41.34903],[69.28694,41.34906]],[[69.3848,41.40722],[69.38473,41.40718]],[[69.31251,41.31906],[69.31312,41.3205],[69.3136,41.32204]],[[69.31231,41.31894],[69.31257,41.31957]],[[69.3623,41.37428],[69.36282,41.37414],[69.36381,41.37355]],[[69.30927,41.29887],[69.30813,41.29973]],[[69.32258,41.29308],[69.31884,41.29437],[69.31658,41.2955],[69.31115,41.29732],[69.30846,41.29819],[69.30779,41.29832],[69.30606,41.2985]],[[69.30553,41.29737],[69.31174,41.29574]],[[69.31163,41.29577],[69.31091,41.29591],[69.30646,41.29713]],[[69.30309,41.29816],[69.31329,41.2955]],[[69.30631,41.29621],[69.30711,41.29629],[69.30808,41.29628]],[[69.30701,41.29617],[69.30593,41.29599],[69.30298,41.29494]],[[69.30491,41.2952],[69.30613,41.29565]],[[69.29669,41.29771],[69.29608,41.29698]],[[69.30473,41.29878],[69.30179,41.29947],[69.29952,41.30012]],[[69.30331,41.29912],[69.30285,41.29931],[69.30228,41.29968],[69.30191,41.30033],[69.30186,41.30087]],[[69.29536,41.29628],[69.29694,41.29726],[69.29918,41.2983],[69.30007,41.29861],[69.3007,41.29865],[69.30229,41.29841],[69.30624,41.29727],[69.31306,41.29549]],[[69.30032,41.2988],[69.303,41.29863],[69.30434,41.29843],[69.30847,41.2973],[69.31103,41.29637]],[[69.30242,41.29837],[69.31329,41.2955]],[[69.30683,41.29848],[69.30839,41.29831],[69.30876,41.29821],[69.31586,41.29586]],[[69.30185,41.30709],[69.3,41.30591],[69.29939,41.30542],[69.29879,41.3048],[69.29805,41.30366],[69.29775,41.30282],[69.29756,41.3017],[69.2976,41.30118],[69.29776,41.30068],[69.29819,41.29991],[69.2987,41.2994],[69.29948,41.29901],[69.30138,41.29859]],[[69.30188,41.29858],[69.30374,41.29822],[69.31074,41.29638],[69.31173,41.29606]],[[69.29669,41.29771],[69.29726,41.29896],[69.29741,41.29995],[69.29749,41.30191],[69.29778,41.30315],[69.29798,41.30369],[69.29848,41.30448],[69.29934,41.30544],[69.30023,41.30612],[69.30178,41.30711]],[[69.26323,41.35268],[69.26207,41.35263],[69.26116,41.35224]],[[69.42088,41.43371],[69.41838,41.43288]],[[69.37278,41.37635],[69.37235,41.37642],[69.37171,41.37637],[69.36694,41.37579],[69.36666,41.37574],[69.36548,41.37511],[69.3652,41.3749],[69.36485,41.37441],[69.36474,41.37391],[69.3648,41.37352],[69.36499,41.37309],[69.36541,41.37266],[69.36581,41.37238],[69.36662,41.37212]],[[69.36696,41.37196],[69.36553,41.37222],[69.36419,41.37288],[69.36334,41.37311],[69.36237,41.37333],[69.36065,41.37356]],[[69.36598,41.37223],[69.36556,41.37232],[69.36484,41.37266],[69.36408,41.37328],[69.36328,41.37408],[69.36096,41.37573],[69.36073,41.37595],[69.3605,41.3764]],[[69.31216,41.29723],[69.31278,41.29708],[69.31442,41.29652]],[[69.31207,41.29556],[69.31426,41.29517]],[[69.31174,41.29574],[69.31306,41.29549]],[[69.30761,41.29915],[69.30917,41.29877],[69.30974,41.29858]],[[70.08122,40.99723],[70.07948,40.99712]],[[70.08268,40.99765],[70.08336,40.99774]],[[70.08283,40.99891],[70.07321,40.99461]],[[70.01208,40.97699],[70.01747,40.97827]],[[70.018,40.97839],[70.01856,40.97853]],[[70.03266,40.98169],[70.03364,40.98182],[70.03421,40.9818],[70.03475,40.9817],[70.03531,40.98143],[70.03583,40.98099],[70.03617,40.98008],[70.03595,40.97929],[70.03459,40.97704],[70.03266,40.9742],[70.03065,40.9709],[70.03026,40.9706],[70.02941,40.97025],[70.02706,40.96982],[70.01784,40.96956]],[[70.04533,40.97523],[70.03935,40.97528],[70.03799,40.9754]],[[70.03178,40.98149],[70.03242,40.98168]],[[70.13971,41.00725],[70.14036,41.00913],[70.14093,41.00983],[70.14152,41.01018],[70.14478,41.01108],[70.14698,41.01195],[70.15268,41.01334],[70.1543,41.01419],[70.16272,41.01792],[70.16486,41.01864],[70.16538,41.01888],[70.16622,41.01954],[70.16649,41.0199],[70.16667,41.02027],[70.16674,41.02093]],[[70.11901,41.02388],[70.11969,41.02397],[70.1207,41.02422],[70.12145,41.02425]],[[70.12145,41.02425],[70.12526,41.02418]],[[70.15561,41.02185],[70.15774,41.02258],[70.15838,41.02272],[70.15923,41.02281],[70.16283,41.02295],[70.16665,41.02286]],[[70.16664,41.02118],[70.16673,41.02144]],[[70.16682,41.02115],[70.1668,41.02142]],[[70.16697,41.02306],[70.16691,41.02306]],[[70.16688,41.02229],[70.16687,41.02162]],[[70.17052,41.02332],[70.16849,41.02307],[70.16702,41.02306]],[[70.16872,41.0244],[70.17221,41.02406]],[[70.16688,41.02229],[70.16692,41.02387],[70.1668,41.02467],[70.16634,41.02524],[70.16491,41.0261],[70.16434,41.02677]],[[70.14159,41.02888],[70.14225,41.02862],[70.14292,41.02845]],[[70.1448,41.02579],[70.14373,41.02672],[70.1433,41.02718],[70.14307,41.02756]],[[70.1546,41.02157],[70.15518,41.0217]],[[70.14625,41.01935],[70.14092,41.01811]],[[70.13643,41.01783],[70.14086,41.01847],[70.14826,41.02014]],[[70.14018,41.02731],[70.13965,41.02766],[70.13855,41.02892]],[[70.12324,41.01758],[70.12605,41.01794],[70.12741,41.01802],[70.1289,41.01797]],[[70.12732,41.02397],[70.12814,41.02402],[70.13015,41.02462]],[[70.11397,41.01315],[70.11439,41.01335]],[[70.08865,40.99773],[70.08587,40.9977],[70.08304,40.99754],[70.08073,40.99729]],[[70.08492,40.99853],[70.08438,40.99808],[70.08369,40.99782],[70.08073,40.99729]],[[70.07321,40.99461],[70.07294,40.99449]],[[70.07057,40.99358],[70.06579,40.99245],[70.05269,40.98959]],[[70.05064,40.98917],[70.04883,40.98878]],[[70.11711,41.01452],[70.12419,41.01702],[70.12536,41.01736],[70.12636,41.01757]],[[70.11136,41.01174],[70.11054,41.01136]],[[70.10249,41.00774],[70.10172,41.00739]],[[70.33351,41.10283],[70.33513,41.10333]],[[70.33146,41.10109],[70.33213,41.10215],[70.33264,41.10253],[70.33351,41.10283]],[[70.16621,41.02454],[70.16656,41.02418],[70.16678,41.02365],[70.16677,41.02229]],[[70.18704,41.02383],[70.18174,41.02262]],[[70.17928,41.02251],[70.18007,41.02266],[70.18065,41.02288],[70.18402,41.02367]],[[70.17044,41.02382],[70.1713,41.0239],[70.17195,41.02387],[70.17546,41.02331],[70.17692,41.0234],[70.17799,41.02356]],[[70.17889,41.0225],[70.18026,41.02247],[70.18837,41.02426],[70.18907,41.02469],[70.19021,41.02619],[70.19056,41.02685]],[[70.18402,41.02367],[70.18493,41.02395],[70.1867,41.02411],[70.18726,41.02426],[70.18822,41.0247],[70.18937,41.02552],[70.19017,41.02626],[70.19069,41.02707],[70.19086,41.02749],[70.19091,41.02801]],[[70.14003,41.02972],[70.14078,41.02963],[70.14285,41.02988]],[[70.14187,41.02873],[70.1427,41.02841],[70.14385,41.02814],[70.14447,41.02815],[70.14599,41.02849]],[[70.14656,41.02768],[70.14499,41.02713],[70.1445,41.02705],[70.14384,41.02712],[70.14348,41.02723],[70.14305,41.02758],[70.14217,41.02853],[70.14151,41.02892],[70.14053,41.02937]],[[70.13015,41.02462],[70.13055,41.02478],[70.13147,41.02491],[70.13198,41.02485],[70.13346,41.0245],[70.13393,41.02446],[70.1347,41.02456],[70.13519,41.02474],[70.13554,41.02496],[70.13731,41.02674],[70.1379,41.02703],[70.13894,41.0272],[70.14,41.02705],[70.14945,41.02428],[70.14997,41.024],[70.15047,41.02341],[70.15064,41.02302],[70.15065,41.02232],[70.15043,41.02165],[70.15021,41.02135],[70.14975,41.021],[70.14943,41.02084],[70.14845,41.02059]],[[70.11867,41.02794],[70.13717,41.02773],[70.138,41.02764],[70.14,41.02705]],[[70.12717,41.03476],[70.12911,41.03445],[70.1297,41.03424],[70.1304,41.03387],[70.1308,41.03359],[70.13171,41.03273],[70.13293,41.03147],[70.13383,41.03068],[70.13462,41.03015]],[[70.16035,41.0153],[70.16201,41.01587],[70.16288,41.01629],[70.16356,41.01674],[70.16502,41.01844],[70.16621,41.01927],[70.16651,41.01957],[70.16679,41.02029],[70.1668,41.02093]],[[70.1668,41.02093],[70.16681,41.02105]],[[70.1546,41.02157],[70.15311,41.02114],[70.14845,41.02059]],[[70.16663,41.02107],[70.16668,41.02162]],[[70.16676,41.02106],[70.16682,41.02162]],[[70.16681,41.02105],[70.16687,41.02162]],[[70.16677,41.02229],[70.16675,41.02162]],[[70.16683,41.02229],[70.16682,41.02162]],[[70.13529,41.01777],[70.13687,41.0181],[70.14069,41.01865],[70.1462,41.01994],[70.1488,41.0203]],[[70.1418,41.02016],[70.13507,41.01915]],[[70.16589,41.02318],[70.16056,41.02332],[70.15948,41.0232],[70.15857,41.02297]],[[70.15827,41.02286],[70.15977,41.0233],[70.16168,41.02342],[70.1645,41.02333],[70.16547,41.02326],[70.16658,41.02307]],[[70.13457,41.01908],[70.13554,41.01932],[70.14129,41.02016],[70.14207,41.02021]],[[70.1338,41.01887],[70.13476,41.01912],[70.13658,41.01931],[70.14067,41.0199],[70.14198,41.0202],[70.1433,41.02025]],[[70.13361,41.01854],[70.13542,41.01887],[70.14543,41.02028]],[[70.17352,41.01997],[70.16861,41.01658],[70.16766,41.01625],[70.16663,41.01611]],[[70.13269,41.01816],[70.13551,41.01867]],[[70.13474,41.01924],[70.13354,41.01876],[70.13186,41.01824]],[[70.12706,41.01738],[70.12755,41.01742],[70.12932,41.01717],[70.12972,41.01717],[70.13232,41.0176],[70.1336,41.01768]],[[70.17692,41.02264],[70.17595,41.02284]],[[70.18522,41.02234],[70.18558,41.02243]],[[70.17691,41.02259],[70.17885,41.02227],[70.18145,41.02195],[70.18279,41.02197],[70.18522,41.02234]],[[70.18928,41.02344],[70.18897,41.02324],[70.188,41.0228],[70.18604,41.02203],[70.18519,41.02146]],[[70.19061,41.03974],[70.19022,41.03856],[70.18991,41.03788],[70.18935,41.03722],[70.18904,41.03653],[70.18898,41.03588],[70.18912,41.0347],[70.18971,41.03263],[70.19018,41.03138],[70.19076,41.02879],[70.19086,41.02806],[70.19078,41.02744],[70.18992,41.02617],[70.18919,41.02553],[70.18872,41.02524]],[[70.18933,41.03146],[70.19004,41.03067],[70.1905,41.02986]],[[70.18819,41.02487],[70.18968,41.02578]],[[70.18558,41.02243],[70.18623,41.02261],[70.18863,41.02351],[70.18942,41.02397],[70.18995,41.02438],[70.19262,41.02722]],[[70.18741,41.02244],[70.18786,41.02269]],[[70.14063,41.02948],[70.14154,41.02931],[70.14462,41.0293]],[[70.12066,41.03482],[70.12433,41.03437]],[[70.12287,41.03215],[70.12526,41.03178]],[[70.12337,41.03207],[70.12426,41.0321]],[[70.11911,41.03502],[70.12066,41.03482],[70.12201,41.03438]],[[70.12201,41.03438],[70.12783,41.03382],[70.13016,41.03342],[70.13056,41.03334],[70.13098,41.03313],[70.13211,41.03232]],[[70.15291,41.01716],[70.15468,41.01784],[70.15589,41.01812],[70.1567,41.01821],[70.1574,41.01826],[70.16165,41.01811],[70.16265,41.01818],[70.16328,41.01832],[70.16503,41.01888],[70.16589,41.01939],[70.16644,41.02007],[70.16657,41.02034],[70.16668,41.02094]],[[70.08899,41.00167],[70.08283,40.99891]],[[70.08544,40.99915],[70.0858,40.99964],[70.08615,40.99989],[70.08692,41.00022],[70.08976,41.0009]],[[70.10172,41.00739],[70.09246,41.00329],[70.08899,41.00167]],[[70.14924,40.99772],[70.14795,40.99911],[70.1478,40.99945],[70.14792,41.00215],[70.14804,41.00277],[70.1487,41.0039],[70.14966,41.00502],[70.15143,41.00736],[70.15355,41.00966],[70.15455,41.01035],[70.15835,41.01199],[70.15955,41.01303]],[[70.16581,41.01825],[70.16646,41.01861]],[[70.29592,41.07584],[70.29726,41.07624],[70.29828,41.07639],[70.30312,41.0763],[70.30485,41.07598],[70.30617,41.07547],[70.30742,41.07485],[70.30836,41.07424],[70.30906,41.07389],[70.30982,41.07366],[70.31049,41.07357],[70.31197,41.07358]],[[70.25284,41.06977],[70.25452,41.06987]],[[70.26751,41.07226],[70.27302,41.07118],[70.27373,41.07112],[70.27446,41.07111],[70.27581,41.07124],[70.27737,41.07154],[70.27854,41.07188]],[[70.26607,41.07255],[70.27248,41.07116],[70.27309,41.07112]],[[70.08178,40.99721],[70.08122,40.99723]],[[70.08557,40.99742],[70.08178,40.99721]],[[70.03917,40.97497],[70.04255,40.97493]],[[70.04359,40.97543],[70.03843,40.97543]],[[70.04471,40.98782],[70.03926,40.98661],[70.0386,40.9864],[70.03805,40.98614],[70.03765,40.98592],[70.03685,40.98517],[70.03504,40.98301],[70.03444,40.98246],[70.03343,40.98197],[70.03242,40.98168],[70.0195,40.9788]],[[70.04472,40.98778],[70.03929,40.98654],[70.03864,40.98634],[70.03811,40.98609],[70.03771,40.98587],[70.03692,40.98514],[70.03564,40.98357],[70.03479,40.98268],[70.03399,40.98215],[70.03317,40.98181],[70.03266,40.98169]],[[70.05269,40.98959],[70.05064,40.98917]],[[70.43882,41.15416],[70.43945,41.15478],[70.44248,41.15733],[70.44779,41.16078],[70.4484,41.16112]],[[69.30248,41.30749],[69.30527,41.30927],[69.30645,41.31024],[69.30708,41.31098],[69.31116,41.31669]],[[69.24469,41.21271],[69.24513,41.21333],[69.2452,41.21384]],[[69.30934,41.30945],[69.3086,41.30981],[69.3082,41.31019],[69.30788,41.31102],[69.3079,41.31167],[69.30836,41.31259],[69.30954,41.31417],[69.31041,41.31557]],[[69.65653,40.91419],[69.65716,40.91423],[69.65842,40.91404],[69.6593,40.91357],[69.66191,40.91174],[69.66394,40.91018]],[[69.66319,40.91073],[69.66366,40.91048]],[[69.87623,40.93767],[69.87289,40.93701],[69.87161,40.93703],[69.86917,40.93744],[69.86821,40.93738]],[[69.8679,40.93737],[69.86759,40.93731]],[[70.17414,41.02076],[70.17233,41.01961]],[[70.17005,41.01771],[70.17092,41.01841],[70.17454,41.02082]],[[69.65004,40.82757],[69.65163,40.82764],[69.65244,40.82752],[69.65358,40.82704],[69.65453,40.82654],[69.6551,40.8262],[69.65589,40.82549],[69.65612,40.82468],[69.65495,40.82178],[69.65475,40.82096],[69.65491,40.82023],[69.6561,40.81673]],[[69.64856,40.91171],[69.64875,40.91139]],[[69.81732,40.92021],[69.81537,40.92025],[69.81373,40.9202]],[[69.11795,41.18312],[69.11797,41.18332]],[[69.11781,41.18312],[69.11767,41.18146],[69.11721,41.17934],[69.1169,41.1784],[69.11617,41.1768]],[[69.1012,41.16035],[69.10184,41.16092],[69.11155,41.16815]],[[69.10156,41.16099],[69.10236,41.16181],[69.1039,41.16305],[69.10899,41.16686],[69.11107,41.16804]],[[70.12194,41.01586],[70.12413,41.01664],[70.12666,41.01729]],[[70.12526,41.03178],[70.12663,41.03157]],[[69.2569,41.1878],[69.25539,41.18769],[69.25461,41.18752],[69.25388,41.18715],[69.25263,41.18607]],[[69.20742,41.17924],[69.20623,41.18026]],[[69.35633,41.24544],[69.35568,41.24516]],[[69.35055,41.24392],[69.3548,41.24505],[69.35663,41.2456]],[[69.36438,41.25057],[69.3651,41.25151]],[[69.35567,41.25351],[69.35675,41.2524]],[[69.35675,41.2524],[69.35736,41.25143]],[[69.36249,41.24791],[69.36344,41.24861],[69.36487,41.2498]],[[69.36565,41.25187],[69.36218,41.24763]],[[69.24784,40.21232],[69.24721,40.21285]],[[69.25601,40.21301],[69.25526,40.21288],[69.2547,40.21292],[69.25422,40.21306],[69.25287,40.21372],[69.25206,40.21392],[69.24993,40.21385],[69.24612,40.21423],[69.24125,40.21555],[69.24073,40.21562],[69.23902,40.21562]],[[69.27657,41.21231],[69.27609,41.21165],[69.27583,41.21073]],[[69.2755,41.21084],[69.27563,41.2113],[69.27596,41.21175],[69.27746,41.21299],[69.27791,41.21321]],[[69.27511,41.21368],[69.27597,41.2139],[69.27749,41.21441]],[[69.27892,41.21528],[69.28066,41.21547],[69.28161,41.21573]],[[69.2474,41.20019],[69.24734,41.20041]],[[69.24125,41.18805],[69.24415,41.18793],[69.24462,41.18795],[69.24505,41.18807],[69.24576,41.18845],[69.24656,41.18911],[69.24673,41.18941],[69.24681,41.19018]],[[69.24004,41.19033],[69.24311,41.19131],[69.2452,41.19182]],[[69.24328,41.18501],[69.24424,41.18575],[69.24512,41.18673]],[[69.24527,41.18582],[69.24471,41.18522],[69.24245,41.18327],[69.24066,41.18196]],[[69.14293,41.19161],[69.1672,41.20984],[69.16824,41.2107],[69.16874,41.21116],[69.16979,41.21238],[69.17064,41.2137],[69.17258,41.21827]],[[69.38982,41.36575],[69.38615,41.36451]],[[69.40252,41.34521],[69.40318,41.34464],[69.40454,41.34287]],[[69.25422,41.26829],[69.25718,41.26884]],[[69.25685,41.26892],[69.25333,41.26821]],[[69.25065,41.27139],[69.25204,41.27128]],[[69.25256,41.27184],[69.25383,41.27268],[69.25428,41.27291],[69.25475,41.273],[69.25628,41.27311],[69.2566,41.27305]],[[69.24116,41.27104],[69.24454,41.27139]],[[69.24554,41.27147],[69.24506,41.27154]],[[69.25256,41.27184],[69.25209,41.27163],[69.25117,41.27146],[69.24759,41.27106],[69.2461,41.27129]],[[69.23955,41.27067],[69.24026,41.27111]],[[69.23541,41.00978],[69.23547,41.01004]],[[69.23343,41.00921],[69.23362,41.01014]],[[69.23455,41.02486],[69.23398,41.02571]],[[69.11995,41.17524],[69.11784,41.17362],[69.1172,41.17287]],[[69.1168,41.20669],[69.11656,41.20724]],[[69.11876,41.19739],[69.1188,41.19673],[69.11851,41.19041],[69.11829,41.18727],[69.11809,41.1857]],[[69.14865,41.34847],[69.14885,41.3489]],[[69.11599,41.17415],[69.11632,41.17489],[69.11684,41.17657],[69.11749,41.1775],[69.11788,41.17788],[69.11834,41.17821],[69.11936,41.17866],[69.121,41.17882],[69.12219,41.17882]],[[69.11947,41.1779],[69.12022,41.17847],[69.12059,41.17863],[69.12199,41.17883],[69.12254,41.17882]],[[69.11781,41.18312],[69.11783,41.18333]],[[69.1179,41.18332],[69.118,41.18527]],[[69.11816,41.1862],[69.11812,41.18513]],[[69.13788,41.20064],[69.13676,41.20042],[69.13637,41.20045],[69.13526,41.20079]],[[69.09233,41.1513],[69.09506,41.15507],[69.09576,41.1559],[69.09677,41.15685],[69.11387,41.16976]],[[69.118,41.19617],[69.11812,41.19755],[69.11834,41.19801]],[[69.10036,41.15972],[69.11302,41.16925]],[[69.19505,41.24539],[69.19566,41.24459],[69.19638,41.24407],[69.19702,41.24372],[69.19767,41.24353],[69.19844,41.2435],[69.19908,41.24362],[69.19954,41.24378],[69.20052,41.24433]],[[69.19207,41.24943],[69.19319,41.24595],[69.19351,41.24533],[69.1942,41.2448],[69.19465,41.2446],[69.19594,41.24422],[69.19671,41.24386]],[[69.19686,41.24379],[69.19603,41.24408],[69.19496,41.24435]],[[69.23983,41.26343],[69.24109,41.2636]],[[69.23437,41.22489],[69.23388,41.22678]],[[69.23536,41.22347],[69.22862,41.22602]],[[69.241,41.24446],[69.24099,41.24423]],[[69.2208,41.25603],[69.22957,41.26015],[69.2312,41.26082]],[[69.20956,41.17779],[69.20561,41.18085]],[[69.21513,41.25308],[69.21548,41.25327]],[[69.32927,41.27397],[69.3268,41.27244],[69.32611,41.27224],[69.32517,41.27218],[69.32339,41.27248],[69.32246,41.27256],[69.32187,41.27251],[69.32085,41.27205]],[[69.3268,41.27244],[69.32731,41.27265],[69.3285,41.27342]],[[69.32476,41.27223],[69.32582,41.27199],[69.32682,41.27165],[69.32733,41.27163],[69.32819,41.27184],[69.32883,41.27215]],[[69.3466,41.26228],[69.34677,41.26151],[69.34802,41.25993]],[[69.34786,41.2611],[69.34912,41.25964]],[[69.34342,41.26602],[69.3435,41.26593]],[[69.33634,41.26983],[69.3375,41.27065],[69.33798,41.27161]],[[69.33836,41.27425],[69.33849,41.27331],[69.33823,41.27241],[69.33781,41.27165],[69.33689,41.27098]],[[69.32829,41.27248],[69.32879,41.27272]],[[69.33124,41.27518],[69.33016,41.2745]],[[69.33031,41.27472],[69.33163,41.27543]],[[69.33011,41.2746],[69.33106,41.27536]],[[69.33715,41.27306],[69.33771,41.27355],[69.33786,41.27383],[69.33801,41.27441],[69.3379,41.27535]],[[69.33853,41.27409],[69.3389,41.27363],[69.33926,41.27333],[69.33951,41.27294]],[[69.33911,41.27403],[69.33938,41.27345],[69.33951,41.27294]],[[69.32156,41.27255],[69.32744,41.2762],[69.32871,41.27705]],[[69.32735,41.27278],[69.32838,41.27351],[69.33077,41.275]],[[69.34225,41.30199],[69.34313,41.30212],[69.34412,41.30214],[69.34501,41.30207],[69.34629,41.30186],[69.34664,41.3019],[69.34715,41.30208],[69.34767,41.30237],[69.34945,41.30408],[69.35105,41.30577],[69.3519,41.30625],[69.35252,41.30636],[69.35301,41.30635],[69.35946,41.30532],[69.35982,41.30511],[69.36032,41.30431]],[[69.34894,41.30654],[69.35056,41.30631],[69.35134,41.30627],[69.35232,41.30641],[69.35301,41.30635]],[[69.27947,41.21534],[69.28352,41.21663]],[[69.2714,41.21243],[69.26942,41.21105],[69.26846,41.21057],[69.26734,41.21019],[69.26636,41.20997],[69.26465,41.2097]],[[69.26882,41.21125],[69.26882,41.21126]],[[69.24658,41.2047],[69.24555,41.21153],[69.24543,41.21289]],[[69.24953,41.20795],[69.24881,41.20766],[69.24837,41.20761],[69.24755,41.20777],[69.24676,41.20826],[69.24651,41.20852],[69.24622,41.20912]],[[69.24748,41.2002],[69.24742,41.20042]],[[69.24756,41.20022],[69.24804,41.19888],[69.24846,41.19803]],[[69.24853,41.19804],[69.24798,41.20011]],[[69.24808,41.19819],[69.24775,41.19913]],[[69.24412,41.18849],[69.24452,41.18847],[69.24513,41.18858],[69.24611,41.18919],[69.24658,41.18965],[69.24679,41.19051]],[[69.24237,41.18672],[69.24385,41.1867],[69.24483,41.1868],[69.24595,41.18734]],[[69.2433,41.18499],[69.24096,41.1831],[69.23959,41.18189]],[[69.23495,41.17673],[69.23552,41.17727],[69.23563,41.17753],[69.23582,41.17899]],[[69.25562,41.15128],[69.25564,41.1514]],[[69.25395,41.18604],[69.25571,41.1874]],[[69.2591,41.18897],[69.25854,41.18937],[69.25751,41.18992]],[[69.25231,41.19417],[69.25129,41.19482],[69.25026,41.19579],[69.24881,41.19758],[69.24853,41.19804]],[[69.24925,41.19709],[69.2503,41.19591],[69.25199,41.19437],[69.25299,41.19384],[69.25332,41.19378],[69.254,41.19376],[69.25457,41.19395],[69.25519,41.19437],[69.25636,41.19544],[69.25686,41.19784],[69.25725,41.19845],[69.25843,41.19946]],[[69.25843,41.19946],[69.25899,41.20007],[69.26163,41.20216]],[[69.25243,41.2075],[69.25266,41.20775]],[[69.26564,41.20992],[69.26407,41.20988]],[[67.78273,40.09676],[67.78294,40.09681]],[[67.70347,40.07916],[67.70263,40.07887]],[[67.87464,40.0966],[67.87394,40.09623]],[[69.34613,41.26283],[69.34632,41.26232],[69.34629,41.26186],[69.34602,41.26147],[69.34531,41.261],[69.34405,41.26048],[69.33883,41.25861],[69.33825,41.25849],[69.33757,41.25849]],[[69.33913,41.25782],[69.33897,41.25719],[69.33855,41.25669],[69.33783,41.25628],[69.33672,41.25586]],[[69.34026,41.2591],[69.33975,41.25881],[69.33946,41.25851],[69.33888,41.2574],[69.3384,41.25696],[69.33768,41.25655],[69.33455,41.25518]],[[69.32734,41.25789],[69.32732,41.25793]],[[69.35509,41.24533],[69.35694,41.24628]],[[69.35658,41.2454],[69.3572,41.24557]],[[69.35633,41.24544],[69.35215,41.24426],[69.34981,41.24376]],[[67.85317,40.09412],[67.85197,40.09413]],[[67.85197,40.09413],[67.8502,40.0942],[67.8492,40.09438],[67.84804,40.09475],[67.8464,40.09548]],[[69.3651,41.25151],[69.36619,41.25229]],[[69.36217,41.25732],[69.36127,41.25616],[69.36082,41.25573]],[[69.35097,41.25716],[69.35168,41.25637],[69.35211,41.25602],[69.35261,41.2558],[69.35349,41.25569],[69.35419,41.2558],[69.35551,41.25631]],[[69.3507,41.25736],[69.35125,41.25667],[69.35284,41.25494],[69.3531,41.25474],[69.35377,41.25445]],[[69.35575,41.25355],[69.35465,41.25419],[69.3539,41.25447]],[[69.35736,41.25143],[69.35893,41.24893]],[[69.35428,41.25426],[69.35507,41.25388],[69.35567,41.25351]],[[69.3528,41.25375],[69.35248,41.25337],[69.3519,41.25312]],[[69.3489,41.25619],[69.35025,41.25678],[69.35068,41.25677],[69.35121,41.25657]],[[69.34733,41.2616],[69.3501,41.25847]],[[69.34497,41.26434],[69.34687,41.26203]],[[69.3434,41.26604],[69.3435,41.26593]],[[69.35074,41.25748],[69.34699,41.26191]],[[69.31991,41.27164],[69.3136,41.26957]],[[69.32123,41.2724],[69.32205,41.2728]],[[69.32651,41.26548],[69.3259,41.26602]],[[69.35893,41.24893],[69.35906,41.24877]],[[69.35906,41.24877],[69.3593,41.24789],[69.35914,41.24721],[69.35883,41.24664],[69.35842,41.24629],[69.35779,41.24593],[69.35663,41.2456]],[[69.35663,41.2456],[69.35774,41.24597],[69.35848,41.24647],[69.35877,41.24679]],[[69.35844,41.24621],[69.35978,41.24719],[69.3602,41.24766]],[[69.36026,41.24761],[69.35933,41.24678],[69.35888,41.24649]],[[67.83732,40.10074],[67.83843,40.10029],[67.83885,40.10004],[67.84536,40.09576],[67.84838,40.09447]],[[67.92131,40.18182],[67.9104,40.14986],[67.90859,40.14528],[67.90705,40.14263],[67.904,40.13802],[67.89688,40.12694]],[[67.90926,40.14687],[67.90865,40.1461],[67.90833,40.14584],[67.90779,40.1456],[67.90539,40.14482],[67.90443,40.14469],[67.90354,40.14473],[67.90175,40.14528],[67.89982,40.14598]],[[67.88633,40.11106],[67.88663,40.11159],[67.88675,40.11225],[67.88669,40.11265],[67.88649,40.1131],[67.88607,40.1137],[67.88533,40.11419],[67.88137,40.11574]],[[67.83073,40.10055],[67.83158,40.10085],[67.83251,40.10103],[67.83423,40.10113],[67.83568,40.10106]],[[67.83597,40.10121],[67.83485,40.10123]],[[69.36077,41.30283],[69.36134,41.30224],[69.36216,41.3019],[69.36281,41.30188],[69.36526,41.30216]],[[69.17788,41.23025],[69.17916,41.23171]],[[69.17258,41.21827],[69.17271,41.21858]],[[69.18732,41.23766],[69.18872,41.23777],[69.19024,41.23862]],[[69.19363,41.24151],[69.195,41.24231],[69.19576,41.24251]],[[69.18931,41.2414],[69.19179,41.24018],[69.19231,41.24003],[69.19286,41.24001],[69.19347,41.24007],[69.19388,41.24024]],[[69.18834,41.24121],[69.19147,41.23967],[69.19215,41.23958],[69.19277,41.23965],[69.19341,41.2399],[69.19424,41.24041]],[[69.18921,41.24134],[69.19208,41.23999],[69.19256,41.2399],[69.19309,41.23995],[69.19347,41.24007]],[[69.19294,41.2424],[69.19646,41.24251],[69.1974,41.24269],[69.19819,41.24301],[69.19963,41.24376]],[[69.20176,41.24515],[69.2023,41.24556],[69.20851,41.24944],[69.21159,41.25116]],[[69.21247,41.25162],[69.20856,41.24942],[69.20102,41.24464]],[[69.2126,41.25169],[69.21433,41.25274]],[[69.14954,41.19711],[69.14962,41.19821]],[[69.13696,41.18726],[69.13759,41.1878],[69.1464,41.19445],[69.14731,41.19506]],[[69.23866,41.38036],[69.23785,41.38146]],[[69.23969,41.37973],[69.2409,41.3789]],[[69.23928,41.38017],[69.23886,41.3807]],[[69.23113,41.39142],[69.23755,41.38213]],[[69.23735,41.38274],[69.23691,41.38354],[69.2319,41.39057],[69.23147,41.39104]],[[69.23805,41.38135],[69.23764,41.38204],[69.23137,41.39094],[69.23095,41.39171],[69.23016,41.3928]],[[69.233,41.38458],[69.23032,41.38839],[69.23012,41.38883],[69.23012,41.38916]],[[69.23741,41.38224],[69.23103,41.39138]],[[69.19272,41.40561],[69.19281,41.40612]],[[69.19261,41.40533],[69.19366,41.40787],[69.19398,41.40842]],[[69.11001,41.23577],[69.10946,41.23657],[69.10908,41.23756],[69.10872,41.24285],[69.10868,41.24423],[69.10876,41.24499],[69.10894,41.24577],[69.11103,41.25216],[69.11176,41.25464],[69.11561,41.27951]],[[67.84962,40.09438],[67.84813,40.09477],[67.84586,40.09588],[67.8384,40.10073]],[[67.85525,40.09401],[67.8684,40.09394],[67.91174,40.09352]],[[67.85407,40.09407],[67.85317,40.09412]],[[69.36624,41.25975],[69.36683,41.26],[69.36741,41.2604]],[[69.36948,41.26046],[69.3688,41.26021],[69.36782,41.26009],[69.36582,41.25962],[69.36479,41.25912]],[[69.36479,41.25912],[69.36587,41.25957],[69.36836,41.26014]],[[69.3136,41.26957],[69.31426,41.26983]],[[69.31111,41.26885],[69.31424,41.26986],[69.31534,41.27036],[69.32007,41.27334],[69.32041,41.27365]],[[69.31212,41.26914],[69.31279,41.26931]],[[69.38177,41.40139],[69.38252,41.40087],[69.38416,41.4004],[69.38551,41.39972],[69.38606,41.39932],[69.3866,41.3986],[69.38734,41.39653],[69.38786,41.39564]],[[69.38473,41.40718],[69.38243,41.40605],[69.38191,41.40566],[69.38142,41.40516]],[[69.38142,41.40516],[69.38134,41.40501]],[[69.40318,41.34464],[69.4035,41.34437],[69.40462,41.3429]],[[69.3889,41.36545],[69.3894,41.36567]],[[69.38826,41.39512],[69.38876,41.39421],[69.38889,41.39341],[69.3887,41.39239],[69.38783,41.39064],[69.38686,41.38902],[69.38648,41.38799],[69.38659,41.38673],[69.38675,41.38619]],[[69.38163,41.40155],[69.38177,41.40139]],[[69.37207,41.37767],[69.37276,41.37702],[69.37343,41.37669]],[[69.38675,41.38619],[69.38678,41.38609]],[[69.36719,41.38079],[69.36987,41.37798],[69.3704,41.37756],[69.37107,41.37716],[69.3737,41.37603]],[[69.51042,40.89844],[69.50912,40.89336]],[[69.5105,40.89879],[69.51042,40.89844]],[[69.51479,40.91839],[69.51467,40.91576],[69.51448,40.91464],[69.5105,40.89879]],[[69.51479,40.91839],[69.51487,40.92121]],[[69.51519,40.9223],[69.51487,40.92121]],[[69.51528,40.92256],[69.51524,40.92246]],[[69.54955,40.9002],[69.55548,40.90005],[69.55691,40.9006],[69.55865,40.90103],[69.5598,40.90105],[69.56043,40.90099],[69.56159,40.90076],[69.56241,40.9001],[69.56314,40.89886],[69.56321,40.89759]],[[69.51318,40.93406],[69.51476,40.93236],[69.51547,40.93172],[69.51743,40.92945]],[[69.6495,40.91034],[69.64937,40.91056]],[[69.65573,40.90313],[69.65515,40.90396],[69.65004,40.91008],[69.64938,40.91065]],[[69.65555,40.9029],[69.64845,40.91141]],[[69.64787,40.91483],[69.64766,40.9135],[69.64792,40.91251]],[[69.5625,40.862],[69.56407,40.86201]],[[69.55697,40.86042],[69.55697,40.86081],[69.55737,40.86156],[69.55769,40.86185],[69.55832,40.86216],[69.55889,40.86228],[69.56142,40.86246],[69.56203,40.86245]],[[69.50815,40.94009],[69.50845,40.93994]],[[69.51887,40.93402],[69.51849,40.93415]],[[69.5572,40.87438],[69.55716,40.87426]],[[69.54926,40.86822],[69.5501,40.86877]],[[69.54745,40.86612],[69.55016,40.86819],[69.55317,40.87019]],[[69.54745,40.86612],[69.5485,40.8668],[69.55138,40.86902]],[[68.66983,40.83438],[68.67005,40.83332],[68.6737,40.82268]],[[68.67335,40.82378],[68.67282,40.82493],[68.67033,40.83228]],[[68.6692,40.83517],[68.66981,40.83385]],[[68.67009,40.83445],[68.66929,40.83658]],[[68.67018,40.83274],[68.67002,40.83317],[68.66935,40.83426]],[[68.6694,40.83599],[68.67223,40.82766],[68.67237,40.82707]],[[68.67316,40.82392],[68.6729,40.8243],[68.67257,40.82506],[68.67072,40.83055],[68.67043,40.83145],[68.67005,40.83332]],[[68.6694,40.83599],[68.66931,40.83616]],[[68.72311,40.64467],[68.72137,40.64431],[68.72062,40.6437],[68.7203,40.64306]],[[68.72793,40.62905],[68.72828,40.62931],[68.72896,40.62957],[68.73622,40.63088]],[[68.72524,40.6267],[68.72546,40.62714],[68.72714,40.62873],[68.72737,40.62903],[68.72775,40.63001],[68.72802,40.63034],[68.72827,40.63045],[68.73041,40.63093]],[[68.72564,40.6368],[68.72471,40.63644],[68.72412,40.63586],[68.72321,40.63402],[68.72334,40.63313]],[[67.778,40.27539],[67.78039,40.27436],[67.7827,40.27363],[67.7857,40.27312],[67.82387,40.27418],[67.85647,40.27519]],[[67.96094,40.29552],[67.93926,40.23292]],[[67.93926,40.23292],[67.93918,40.23268]],[[68.72948,40.6111],[68.72964,40.61078]],[[68.72352,40.63671],[68.72373,40.63607],[68.72369,40.63536],[68.7236,40.63499],[68.72317,40.63416],[68.72314,40.63394],[68.72393,40.63116],[68.72524,40.62728],[68.72524,40.6267],[68.72509,40.62611],[68.72514,40.62581],[68.72948,40.61165],[68.73314,40.59934]],[[68.72545,40.63475],[68.72373,40.63313],[68.72355,40.63269],[68.72359,40.63231]],[[68.73634,40.93722],[68.73644,40.93833]],[[68.74368,40.93995],[68.74199,40.94085]],[[68.72718,40.91112],[68.72615,40.91091],[68.72375,40.90997]],[[68.80946,40.95304],[68.82419,40.95735],[68.82665,40.95775],[68.82926,40.95784],[68.84502,40.95685],[68.84603,40.9569],[68.84703,40.95707],[68.84825,40.95743],[68.85316,40.95972]],[[68.86081,40.96341],[68.84887,40.95772],[68.84784,40.95733],[68.84701,40.95711],[68.84602,40.95695],[68.84502,40.95689],[68.82926,40.95789],[68.82665,40.9578],[68.82417,40.95739],[68.80945,40.95308]],[[68.73209,40.91046],[68.72956,40.91082],[68.72881,40.911]],[[68.79041,40.94952],[68.77694,40.94787]],[[68.77695,40.94782],[68.79042,40.94948]],[[68.79624,40.9502],[68.7963,40.95021]],[[68.75774,40.94697],[68.76069,40.94711],[68.7652,40.94668],[68.76712,40.94666],[68.76844,40.94675],[68.77692,40.94781]],[[68.77692,40.94781],[68.77695,40.94782]],[[68.77694,40.94787],[68.77691,40.94787]],[[67.68809,40.30898],[67.68784,40.30907]],[[67.96953,40.32065],[67.96893,40.31888],[67.96817,40.31719],[67.9674,40.31468]],[[67.96757,40.3158],[67.96798,40.31699],[67.96881,40.31858]],[[67.96989,40.32133],[67.96981,40.32082],[67.96608,40.31009],[67.96546,40.30851]],[[67.96735,40.31407],[67.96701,40.31305]],[[67.96935,40.31992],[67.96993,40.32161]],[[67.9702,40.32247],[67.97013,40.32209]],[[69.21407,41.40324],[69.21326,41.40338],[69.21262,41.40337],[69.21197,41.40315],[69.21113,41.40257]],[[69.20285,41.4081],[69.20337,41.40781],[69.21139,41.40438],[69.21239,41.40402]],[[69.20421,41.40752],[69.2149,41.40296]],[[69.20222,41.40847],[69.20144,41.40875]],[[69.20053,41.40885],[69.20166,41.40842],[69.20263,41.40814],[69.20337,41.40781]],[[69.20427,41.4076],[69.19563,41.41127],[69.19471,41.41169],[69.19391,41.41215],[69.19278,41.41303],[69.19242,41.41344],[69.19178,41.41434],[69.19098,41.41612]],[[69.19366,41.4111],[69.19324,41.41195]],[[67.51626,40.42535],[67.51637,40.42511]],[[69.21812,41.40148],[69.22304,41.39934],[69.22366,41.39885],[69.2245,41.39803]],[[69.2284,41.39477],[69.22593,41.39758],[69.2251,41.39837],[69.22458,41.39874],[69.22384,41.39917],[69.21494,41.403]],[[69.19091,41.41605],[69.19119,41.41529]],[[69.19126,41.41535],[69.19156,41.41449],[69.19197,41.41376]],[[69.19098,41.41612],[69.1909,41.4163]],[[69.352,41.25104],[69.35147,41.25049],[69.351,41.24954]],[[69.35509,41.24533],[69.35626,41.24574]],[[69.22989,41.22668],[69.23292,41.22559],[69.23385,41.22503]],[[69.24804,41.19888],[69.24772,41.19951]],[[69.24661,41.19119],[69.2467,41.19194],[69.24701,41.19335]],[[69.24095,41.24421],[69.24093,41.24443]],[[69.2424,41.23443],[69.24248,41.23492],[69.24291,41.2358],[69.24276,41.23755]],[[69.19105,41.24564],[69.19179,41.24495],[69.19223,41.24473],[69.1928,41.24457]],[[69.18009,41.22848],[69.18725,41.23562],[69.18857,41.23672],[69.1902,41.23777]],[[69.24951,41.19675],[69.25022,41.1959],[69.25093,41.19521],[69.25199,41.19437]],[[69.26099,41.20163],[69.2613,41.20178]],[[69.27108,41.20961],[69.27547,41.21225],[69.27613,41.2126],[69.27692,41.21289]],[[69.24947,41.19664],[69.24875,41.19756],[69.24797,41.19885],[69.24748,41.2002]],[[69.26018,41.20687],[69.26183,41.20827],[69.26222,41.20878]],[[69.22538,41.39729],[69.22451,41.39822],[69.22325,41.39919]],[[69.22827,41.39472],[69.22588,41.39715]],[[69.21494,41.403],[69.20423,41.40757]],[[69.2308,41.39178],[69.23127,41.3906],[69.23631,41.38339],[69.23681,41.38284]],[[69.61541,40.92114],[69.59745,40.92428]],[[69.65223,40.91245],[69.65286,40.91261],[69.65361,40.91264],[69.65416,40.91255],[69.65468,40.91234],[69.66015,40.90855]],[[69.65097,40.90735],[69.64902,40.90978]],[[69.65068,40.90989],[69.65093,40.90949]],[[69.65089,40.90732],[69.64919,40.90945],[69.64886,40.91008],[69.6487,40.9108],[69.64845,40.91141]],[[69.64754,40.91277],[69.64771,40.91241]],[[69.64717,40.91292],[69.64766,40.91248]],[[69.63094,40.91851],[69.6308,40.91854]],[[69.65686,40.90149],[69.65721,40.90097]],[[69.67077,40.89984],[69.66959,40.89985]],[[69.65914,40.9135],[69.66014,40.91301]],[[69.64967,40.92384],[69.64853,40.91865]],[[69.80017,40.92384],[69.80076,40.92407],[69.80186,40.92421],[69.80701,40.92285]],[[69.24549,41.21509],[69.24523,41.21548],[69.24504,41.2162]],[[69.24676,41.20826],[69.24844,41.20621]],[[69.24543,41.21289],[69.24556,41.21254]],[[69.24935,41.20982],[69.24906,41.21234],[69.24884,41.21278],[69.24833,41.21331],[69.24635,41.21424],[69.24574,41.21479]],[[69.2481,41.20916],[69.24764,41.21261],[69.24746,41.21309],[69.24703,41.2136]],[[69.23866,41.22574],[69.23718,41.22556],[69.23677,41.22543],[69.2365,41.22517],[69.23628,41.22452],[69.23626,41.22376],[69.23653,41.22334],[69.23692,41.22308]],[[69.24735,41.20064],[69.24723,41.20082]],[[69.24742,41.20042],[69.24724,41.20104]],[[69.25266,41.20775],[69.25325,41.20859],[69.25383,41.20921],[69.25699,41.21174],[69.25792,41.21257]],[[69.21267,41.25253],[69.21142,41.2517],[69.21051,41.25079]],[[69.17901,41.23859],[69.18227,41.24146],[69.18512,41.2433]],[[69.21486,41.25292],[69.21411,41.25253]],[[69.21546,41.25329],[69.21509,41.2531]],[[69.59582,40.92448],[69.57838,40.92633]],[[69.59745,40.92428],[69.59582,40.92448]],[[69.6308,40.91854],[69.61541,40.92114]],[[69.74997,40.79391],[69.7497,40.7941],[69.74841,40.79563],[69.74764,40.79674],[69.7472,40.7978],[69.7468,40.7993],[69.74669,40.80104],[69.74654,40.80179],[69.74628,40.80242],[69.74551,40.80355],[69.74513,40.8043],[69.74496,40.80497],[69.74503,40.80567],[69.74547,40.80785],[69.74546,40.80844],[69.74531,40.80891]],[[69.7483,40.79578],[69.75036,40.79358],[69.75123,40.79289]],[[69.6485,40.91163],[69.64925,40.91093],[69.64985,40.91059],[69.6502,40.9103],[69.65062,40.90986],[69.65555,40.90393],[69.65653,40.90209],[69.65716,40.90135],[69.65816,40.90056],[69.65884,40.90026],[69.65948,40.90015],[69.66102,40.90006]],[[69.66552,40.88651],[69.66722,40.88245]],[[69.65912,40.90929],[69.65946,40.90897]],[[69.65128,40.9283],[69.65069,40.92671]],[[70.01841,40.97844],[70.01921,40.97856]],[[70.01991,40.9786],[70.01921,40.97856]],[[70.03789,40.97502],[70.03853,40.97485],[70.03983,40.97426],[70.04066,40.97416],[70.04289,40.97413]],[[70.04229,40.97499],[70.0413,40.97507],[70.03906,40.97502]],[[70.03391,40.982],[70.03473,40.98236],[70.0362,40.98399],[70.03658,40.98421],[70.03696,40.98433],[70.03982,40.98436]],[[70.04545,40.98794],[70.04928,40.98873]],[[69.99738,40.97098],[69.99686,40.97062],[69.99594,40.9702],[69.99497,40.96986],[69.982,40.96649]],[[69.65598,40.90272],[69.65539,40.90382],[69.65002,40.91024],[69.64925,40.91093]],[[69.75715,40.84785],[69.75725,40.84808]],[[69.72831,40.84989],[69.72887,40.84981]],[[69.56523,40.79465],[69.56333,40.7972],[69.56283,40.79802]],[[69.32437,41.33907],[69.32411,41.34004],[69.32413,41.34049],[69.32443,41.34099],[69.32454,41.34137],[69.32456,41.34215],[69.32495,41.34279]],[[69.14755,41.34525],[69.14816,41.34733],[69.14865,41.34847]],[[69.14394,41.33346],[69.14422,41.33386],[69.14496,41.3363],[69.14502,41.33698]],[[69.26988,41.3555],[69.26169,41.36329],[69.25725,41.36641],[69.25459,41.368],[69.25262,41.36952],[69.25128,41.37072],[69.24853,41.37365],[69.24451,41.37664],[69.24372,41.37714],[69.24224,41.3779],[69.24147,41.3784],[69.23956,41.37996],[69.2386,41.38099],[69.23794,41.38197],[69.23694,41.38495],[69.23624,41.38609],[69.23365,41.38879],[69.22826,41.39481]],[[69.67987,41.5451],[69.63745,41.52148]],[[69.65384,41.53066],[69.67954,41.54497]],[[69.58709,41.44751],[69.58843,41.44743],[69.58887,41.44748],[69.58952,41.44778],[69.58978,41.44802],[69.59037,41.44964]],[[69.74746,41.57481],[69.747,41.57473]],[[69.76595,41.57149],[69.76927,41.56928]],[[69.76459,41.57251],[69.76595,41.57149]],[[69.76175,41.57436],[69.76307,41.57355]],[[69.31328,41.32191],[69.31358,41.32289]],[[69.30237,41.29843],[69.30404,41.29809],[69.31215,41.29596]],[[69.26132,41.35692],[69.2624,41.3566]],[[69.24849,41.37298],[69.2498,41.37193],[69.25044,41.37094],[69.25086,41.37049],[69.25195,41.36977],[69.25458,41.36776],[69.26081,41.36343],[69.26176,41.36264],[69.26359,41.36092],[69.26432,41.36035]],[[69.24149,41.3777],[69.24203,41.37722],[69.24942,41.37215],[69.25032,41.37113]],[[69.25031,41.37107],[69.2492,41.37211],[69.24226,41.37684],[69.24182,41.37722],[69.24136,41.3778]],[[69.2549,41.36761],[69.2562,41.36687]],[[69.24058,41.37872],[69.24104,41.37834],[69.24421,41.37664],[69.24822,41.37366],[69.24949,41.37253]],[[69.65435,41.53083],[69.65306,41.53005]],[[69.63745,41.52148],[69.63712,41.52128]],[[69.25826,41.20927],[69.26299,41.20968]],[[69.24949,41.26609],[69.25074,41.26638],[69.25572,41.26731],[69.25667,41.26742]],[[69.57605,41.43032],[69.5769,41.43232],[69.577,41.43348]],[[69.53576,41.42309],[69.52587,41.41737]],[[69.5358,41.42305],[69.5259,41.41733]],[[69.5259,41.41733],[69.52568,41.41722]],[[69.52568,41.41722],[69.5245,41.41673],[69.52323,41.41632]],[[69.53576,41.42309],[69.5362,41.42341],[69.53679,41.42429],[69.53779,41.42648],[69.5385,41.42703]],[[69.52231,41.41613],[69.52321,41.41636]],[[69.52074,41.41551],[69.51424,41.41341],[69.51131,41.4122]],[[69.61286,41.49479],[69.59767,41.47886],[69.59228,41.47311],[69.59152,41.47165],[69.58987,41.46706]],[[69.59808,41.47951],[69.6,41.48142],[69.60072,41.48256],[69.60434,41.48618]],[[69.59936,41.4814],[69.60245,41.4844]],[[69.58241,41.45258],[69.58369,41.45376],[69.58447,41.45478]],[[69.72205,41.56183],[69.72629,41.56359],[69.72738,41.56366],[69.72806,41.56381],[69.73041,41.56481]],[[69.71922,41.56003],[69.72806,41.56381]],[[69.72072,41.56558],[69.72049,41.56548]],[[69.73199,41.56688],[69.73157,41.56636],[69.73119,41.56607],[69.72931,41.56535]],[[69.73389,41.57059],[69.73256,41.57002],[69.72811,41.56853],[69.72728,41.56831]],[[69.73063,41.56961],[69.73013,41.56951],[69.72765,41.5687]],[[69.73107,41.56962],[69.72577,41.56779],[69.72072,41.56558]],[[69.71079,41.55858],[69.71256,41.56031],[69.71319,41.56068],[69.71378,41.56085],[69.7144,41.56089]],[[69.70942,41.56064],[69.70906,41.56049]],[[69.70906,41.56049],[69.708,41.56003]],[[69.77267,41.56795],[69.78137,41.56561],[69.78291,41.56526],[69.78538,41.56512],[69.7875,41.56536]],[[69.1943,41.40876],[69.19532,41.40945],[69.19597,41.40971],[69.197,41.4099],[69.19772,41.40992],[69.19839,41.40984],[69.2004,41.40914]],[[69.6397,41.52372],[69.63924,41.52369],[69.6384,41.52346]],[[69.58667,41.46032],[69.58697,41.4605],[69.58732,41.46086],[69.58748,41.46116]],[[69.58837,41.46072],[69.58622,41.45533],[69.5852,41.45452],[69.58418,41.45345],[69.58348,41.45285],[69.58245,41.45138],[69.58014,41.44932]],[[69.58589,41.46102],[69.58697,41.46154],[69.58752,41.46198],[69.58792,41.46245]],[[69.59027,41.46848],[69.59051,41.46899]],[[69.11527,41.17232],[69.11531,41.17293]],[[69.63144,41.52059],[69.6321,41.52121],[69.63285,41.52153]],[[69.63712,41.52128],[69.63396,41.51945],[69.63311,41.51884],[69.63232,41.51809],[69.61919,41.50384]],[[69.58129,41.45556],[69.5822,41.45564],[69.58313,41.45564]],[[70.36823,41.12629],[70.36878,41.12651]],[[69.57707,41.43312],[69.57689,41.43389]],[[69.59805,41.48256],[69.5999,41.4844],[69.60054,41.48477],[69.60189,41.48534],[69.60255,41.48558],[69.60398,41.48594],[69.60519,41.48673]],[[69.24934,41.26595],[69.25684,41.26733],[69.25836,41.26749]],[[69.15119,41.34636],[69.14997,41.3449]],[[69.7389,40.84884],[69.74063,40.84861],[69.74166,40.84854],[69.7435,40.84871],[69.74513,40.84925],[69.74559,40.84947],[69.75028,40.85257],[69.75173,40.85317],[69.75309,40.85342],[69.75369,40.85345],[69.75568,40.85318],[69.7572,40.85275],[69.75807,40.8522],[69.75845,40.85168],[69.75868,40.85122],[69.75873,40.85079],[69.75865,40.8503],[69.75822,40.84948],[69.75664,40.8473]],[[69.74108,40.8447],[69.74147,40.84556],[69.74161,40.84652],[69.74139,40.84709],[69.74099,40.8477],[69.74057,40.84807],[69.74007,40.84838]],[[69.7271,40.84951],[69.72951,40.84979]],[[69.72218,40.85007],[69.73299,40.84973],[69.7389,40.84884]],[[69.72218,40.85007],[69.71274,40.8504]],[[69.71216,40.85042],[69.70743,40.8506],[69.70648,40.85069],[69.70552,40.85092],[69.69762,40.85399]],[[69.65735,40.85485],[69.65034,40.85473]],[[69.64706,40.85626],[69.64627,40.85624],[69.64499,40.85639],[69.64196,40.85635]],[[69.62999,40.85799],[69.63121,40.85736]],[[69.63039,40.85766],[69.63077,40.85753]],[[69.63121,40.85736],[69.63184,40.85705]],[[69.62998,40.85788],[69.63454,40.85547],[69.63492,40.85533]],[[69.63813,40.85459],[69.63846,40.85455]],[[69.69204,40.85501],[69.68918,40.85538],[69.68447,40.85578],[69.67861,40.85617],[69.66261,40.85493],[69.65735,40.85485]],[[69.66754,40.83782],[69.66761,40.83823],[69.66733,40.83935],[69.66709,40.83959],[69.66679,40.83976],[69.66571,40.8401],[69.6633,40.84069],[69.66011,40.84106],[69.65856,40.84106],[69.65792,40.84096],[69.65723,40.84075],[69.65687,40.84053],[69.65609,40.83963],[69.6554,40.83814],[69.6551,40.83722],[69.65495,40.83657],[69.65495,40.83526],[69.65427,40.83139],[69.654,40.83087],[69.65344,40.83019],[69.6531,40.82989],[69.65153,40.82906]],[[69.68239,40.83511],[69.68057,40.83586],[69.67919,40.83663],[69.6787,40.83681],[69.67704,40.83692],[69.67433,40.8374],[69.67251,40.83748],[69.66968,40.83723],[69.66434,40.83691],[69.66364,40.83681],[69.66304,40.83665],[69.66232,40.83633],[69.66144,40.83564],[69.66087,40.83509]],[[69.64286,40.82179],[69.64337,40.82178]],[[69.63361,40.82478],[69.6329,40.82482]],[[69.62979,40.82594],[69.6283,40.82644],[69.62789,40.82648],[69.62717,40.82636],[69.62671,40.82611],[69.62647,40.82589],[69.62621,40.82545],[69.62615,40.8252],[69.62626,40.82467],[69.62725,40.8237],[69.6274,40.82336]],[[69.62572,40.82493],[69.62644,40.8235],[69.62684,40.82307],[69.62731,40.82268],[69.62793,40.82232],[69.62869,40.82206]],[[69.62599,40.82471],[69.6264,40.82403],[69.62692,40.82342],[69.62727,40.82317],[69.6291,40.82238],[69.62954,40.82209],[69.63012,40.82126]],[[69.62752,40.82303],[69.62779,40.82261],[69.62814,40.82232],[69.62927,40.82183],[69.62973,40.82156],[69.6302,40.82106],[69.63054,40.82022],[69.63038,40.81961],[69.62999,40.81907],[69.62954,40.81877],[69.62879,40.81851],[69.62835,40.81847],[69.62784,40.81853],[69.62742,40.81864],[69.62605,40.81929],[69.62424,40.82032]],[[69.63309,40.82302],[69.63333,40.82317]],[[69.62752,40.8183],[69.62743,40.81837]],[[69.62743,40.81834],[69.62751,40.81833]],[[69.62857,40.81776],[69.62921,40.81767]],[[69.64725,40.82716],[69.65072,40.82736],[69.65185,40.82733],[69.6525,40.82714],[69.65403,40.82643],[69.65479,40.82598],[69.6552,40.82554],[69.65541,40.825],[69.65534,40.82441],[69.65394,40.82126],[69.65393,40.82061],[69.65433,40.81933],[69.65573,40.8158],[69.65648,40.81241]],[[69.65807,40.80041],[69.65826,40.80096],[69.65824,40.80197],[69.65755,40.80423],[69.65749,40.80515],[69.65733,40.80596],[69.65671,40.80748],[69.6565,40.8088]],[[69.65338,40.80727],[69.65367,40.80596],[69.65377,40.80434],[69.65372,40.80376],[69.65357,40.80349],[69.65335,40.80333],[69.65285,40.8032],[69.65219,40.80317],[69.65173,40.80338],[69.64865,40.80563]],[[69.63221,40.82267],[69.63154,40.82232],[69.63129,40.82212],[69.63096,40.82149],[69.63094,40.82094],[69.63151,40.81962],[69.63152,40.81907],[69.63144,40.81878],[69.6311,40.81829],[69.63041,40.81785],[69.62997,40.81771],[69.62921,40.81767]],[[68.03752,40.51435],[68.02325,40.47378],[68.00671,40.42457]],[[67.965,40.32089],[67.96721,40.32041],[67.96785,40.3204],[67.96835,40.3205]],[[69.61334,41.49526],[69.61286,41.49479]],[[69.59473,41.47687],[69.59695,41.47919]],[[69.14823,41.34238],[69.14848,41.34307],[69.14927,41.34403],[69.14947,41.34446]],[[69.14534,41.33794],[69.14527,41.33755],[69.14532,41.33632]],[[69.56493,41.44349],[69.5642,41.44309]],[[69.58034,41.45521],[69.58403,41.45574]],[[69.58195,41.45219],[69.5806,41.45128],[69.5784,41.44946]],[[69.58459,41.44799],[69.58709,41.44751]],[[69.60056,41.48228],[69.59964,41.48123]],[[69.56677,41.44385],[69.56732,41.44393]],[[69.57542,41.43568],[69.57505,41.43578],[69.57231,41.43689]],[[69.57221,41.43697],[69.57532,41.43577],[69.57565,41.4356]],[[69.57608,41.43198],[69.57646,41.43239],[69.57664,41.4328],[69.5767,41.43321]],[[69.5759,41.4323],[69.57667,41.43315],[69.57679,41.43342]],[[69.56775,41.44394],[69.56846,41.44405],[69.57049,41.44456],[69.57169,41.44467]],[[69.56771,41.44403],[69.5686,41.44417],[69.57358,41.44537],[69.57454,41.44571],[69.57568,41.4463],[69.57632,41.44678],[69.57719,41.44753],[69.57808,41.44845]],[[69.5904,41.44219],[69.58931,41.44378]],[[69.58924,41.44109],[69.58967,41.44233],[69.58961,41.44291],[69.58943,41.4434]],[[69.58863,41.44437],[69.58853,41.44381],[69.58811,41.44259]],[[69.58893,41.44522],[69.58801,41.4426]],[[69.56443,41.43814],[69.56426,41.43811]],[[69.56612,41.43846],[69.56443,41.43814]],[[69.57408,41.4524],[69.57557,41.45207]],[[69.59082,41.45104],[69.59047,41.45],[69.59044,41.44884]],[[69.58417,41.45475],[69.58521,41.45602]],[[69.58426,41.45437],[69.58447,41.45478]],[[69.58341,41.45371],[69.58394,41.45415]],[[69.57643,41.44709],[69.57738,41.4479],[69.57812,41.4489],[69.58339,41.4534],[69.58426,41.45437]],[[69.57658,41.44597],[69.57759,41.44744],[69.57833,41.44795]],[[69.14593,41.34019],[69.14662,41.34246]],[[69.53388,41.422],[69.53426,41.42232],[69.53476,41.42296],[69.53487,41.42333]],[[69.53679,41.42429],[69.53727,41.42471],[69.54012,41.42637]],[[69.49335,41.4049],[69.48747,41.40251]],[[68.83383,40.26787],[68.83366,40.26846]],[[68.83378,40.26787],[68.83361,40.26845]],[[68.82446,40.2988],[68.82442,40.29893]],[[68.8405,40.24577],[68.84045,40.24594]],[[69.84593,41.58709],[69.83615,41.58455],[69.8349,41.58417],[69.83217,41.5831]],[[69.83217,41.5831],[69.83092,41.58259]],[[69.81239,41.57498],[69.81184,41.57475]],[[69.72581,41.5678],[69.72714,41.56835],[69.73338,41.57044],[69.73398,41.57072],[69.73517,41.57148]],[[69.73304,41.5704],[69.73377,41.57072],[69.73516,41.57158]],[[69.73874,41.57268],[69.73934,41.57296]],[[68.83378,40.26787],[68.8404,40.24592]],[[68.82756,40.28869],[68.83366,40.26846]],[[69.81737,41.57703],[69.81239,41.57498]],[[69.83085,41.58256],[69.81737,41.57703]],[[69.83092,41.58259],[69.83085,41.58256]],[[69.91925,41.61815],[69.91319,41.61645]],[[69.91504,41.617],[69.91433,41.61677]],[[69.91319,41.61645],[69.91305,41.6164]],[[69.91305,41.6164],[69.91197,41.61599],[69.9112,41.61558]],[[69.29346,41.29506],[69.2943,41.2956]],[[69.28301,41.28827],[69.28332,41.28848]],[[69.3309,41.2783],[69.33155,41.27862],[69.33238,41.27889],[69.33338,41.2789],[69.3339,41.27877],[69.3344,41.27851],[69.33616,41.277]],[[69.36278,41.37484],[69.36453,41.37313]],[[69.5741,41.44583],[69.57322,41.44557],[69.56635,41.44393],[69.56493,41.44349]],[[69.57405,41.45174],[69.57515,41.45168]],[[69.56677,41.43859],[69.56924,41.43874]],[[69.55478,41.43572],[69.55592,41.43632],[69.55828,41.43681],[69.56025,41.43734],[69.56139,41.43777],[69.56191,41.43809],[69.56228,41.43843],[69.56255,41.43885],[69.56282,41.43935],[69.56296,41.4399],[69.56297,41.44055]],[[69.11992,41.29836],[69.11956,41.29727],[69.11955,41.29683],[69.11996,41.29577],[69.12002,41.29532],[69.11917,41.29258],[69.11917,41.29207],[69.11882,41.29094],[69.11877,41.29011]],[[69.1214,41.29905],[69.12152,41.29955],[69.12178,41.30013],[69.12251,41.30116]],[[69.11849,41.28927],[69.11846,41.28901]],[[68.80037,40.37855],[68.80034,40.37867]],[[69.11584,41.28917],[69.11691,41.28901],[69.11739,41.28869],[69.11745,41.28853],[69.11708,41.28578]],[[68.71934,40.90815],[68.72375,40.90997]],[[67.55614,40.37401],[67.54621,40.3783],[67.54573,40.37845]],[[67.5902,40.35012],[67.59208,40.34965],[67.59292,40.34935],[67.5945,40.34921]],[[67.55692,40.36903],[67.55675,40.36889],[67.55649,40.36845],[67.55647,40.3678],[67.55656,40.36758],[67.55694,40.36716],[67.55753,40.36662]],[[67.55725,40.36933],[67.55502,40.3679]],[[67.544,40.37905],[67.54323,40.37936]],[[67.54416,40.37906],[67.54211,40.37979]],[[67.5299,40.38737],[67.53016,40.38707]],[[67.55702,40.37359],[67.55487,40.3744],[67.54556,40.3784],[67.54484,40.37877]],[[67.55789,40.37321],[67.55837,40.37263],[67.55851,40.37213],[67.55857,40.37064],[67.55843,40.37029],[67.55813,40.36996],[67.55692,40.36903],[67.55672,40.36875],[67.55658,40.36833],[67.55664,40.36769],[67.55675,40.36751],[67.5576,40.36671]],[[67.54463,40.37886],[67.54537,40.3786]],[[69.23202,41.21821],[69.23216,41.21861]],[[69.23238,41.26128],[69.23316,41.26158]],[[69.10188,41.16133],[69.10262,41.16216]],[[69.12799,41.30992],[69.13285,41.31574]],[[69.13285,41.31574],[69.13304,41.31597]],[[69.12958,41.31142],[69.12883,41.31039]],[[69.13312,41.31594],[69.13666,41.32008]],[[69.14625,41.34023],[69.14598,41.33929],[69.14561,41.33873],[69.14541,41.33823],[69.14562,41.33853],[69.14606,41.3389],[69.14707,41.33934],[69.14761,41.33975],[69.14793,41.34028],[69.14806,41.34146]],[[67.28899,40.5188],[67.29615,40.51548]],[[67.28691,40.51643],[67.28818,40.51589],[67.28861,40.51582],[67.28972,40.51577],[67.29456,40.51584],[67.29569,40.51563],[67.29671,40.51528]],[[67.29758,40.51494],[67.29847,40.51448]],[[67.28881,40.54183],[67.29112,40.54106],[67.32126,40.53172]],[[67.38319,40.51911],[67.3834,40.51902]],[[67.38886,40.51631],[67.38834,40.51651],[67.38775,40.51659],[67.38604,40.51661]],[[69.1952,41.2415],[69.19675,41.24243],[69.19757,41.24273]],[[69.23449,41.26678],[69.23369,41.26572]],[[67.57579,40.02991],[67.57677,40.03009]],[[67.57472,40.02961],[67.57562,40.02987]],[[67.54636,40.02317],[67.54571,40.02309]],[[67.59187,40.0336],[67.59038,40.03316],[67.57929,40.03064]],[[67.58972,40.033],[67.59086,40.03337]],[[69.28673,40.21477],[69.28598,40.21635],[69.28538,40.2174],[69.28511,40.218],[69.28501,40.21846]],[[69.25481,40.21297],[69.25421,40.21312],[69.25354,40.21343],[69.253,40.21392],[69.25252,40.2154],[69.25097,40.21819],[69.25073,40.21849],[69.24895,40.21988]],[[69.25364,40.21334],[69.25381,40.2133]],[[69.04328,41.09392],[69.04298,41.09313],[69.04304,41.0927],[69.04331,41.09219],[69.04367,41.09185],[69.04626,41.08997]],[[69.04467,41.09112],[69.04498,41.09075],[69.0455,41.08984],[69.04603,41.08932]],[[69.04522,41.0957],[69.04495,41.09531],[69.04148,41.09236],[69.04023,41.09053]],[[69.03733,41.09751],[69.03657,41.09754]],[[69.04116,41.09665],[69.04227,41.09634],[69.04379,41.09624],[69.04451,41.09643],[69.04493,41.09661],[69.04551,41.09696],[69.04583,41.09728]],[[69.04676,41.09451],[69.04743,41.09427]],[[69.04565,41.09685],[69.05409,41.1086]],[[69.01526,41.07127],[69.01886,41.07358],[69.02202,41.07619],[69.02703,41.08047]],[[68.87464,40.96997],[68.86081,40.96341]],[[68.97404,41.04245],[68.97299,41.04104],[68.97034,41.03777],[68.96915,41.03669],[68.96061,41.02987],[68.94675,41.01554],[68.945,41.01403],[68.92923,41.00411],[68.92302,41.00011],[68.91671,40.99618],[68.91551,40.99529],[68.91438,40.99435],[68.90502,40.98606],[68.902,40.98344],[68.90124,40.98289],[68.89872,40.98147],[68.89245,40.9784],[68.88614,40.97541]],[[68.94295,41.01255],[68.94491,41.01373],[68.94604,41.01453],[68.95019,41.0188],[68.95176,41.02054]],[[68.942,41.01206],[68.94467,41.01373],[68.94633,41.01506],[68.9602,41.02941],[68.96112,41.03024],[68.96365,41.03227]],[[68.97952,41.04791],[68.97957,41.04795]],[[68.97954,41.04799],[68.97948,41.04795]],[[68.97948,41.04795],[68.97737,41.04634],[68.97631,41.04533],[68.97548,41.04437],[68.97423,41.04271]],[[68.95214,41.02094],[68.95318,41.02174],[68.95369,41.02196],[68.9543,41.02207],[68.95498,41.02205],[68.95544,41.02195],[68.95743,41.02108],[68.95804,41.02099],[68.95932,41.02096],[68.95998,41.02104],[68.96069,41.02122],[68.96128,41.02146],[68.96237,41.02227],[68.96725,41.02677]],[[68.96695,41.02626],[68.96753,41.0269]],[[69.05409,41.1086],[69.05418,41.10874]],[[69.05514,41.11068],[69.05621,41.11218],[69.05741,41.11338]],[[69.05641,41.11193],[69.05605,41.11135]],[[69.28554,40.21708],[69.28449,40.21901],[69.28371,40.21982],[69.28333,40.22041],[69.28338,40.2211],[69.28398,40.22201]],[[69.28416,40.22195],[69.28371,40.22133],[69.28345,40.22069],[69.2836,40.22012],[69.28448,40.21925],[69.28464,40.21904],[69.28474,40.21863]],[[69.28603,40.21638],[69.28773,40.21288]],[[69.25002,40.21764],[69.25015,40.21741],[69.25064,40.21692]],[[69.25813,40.21365],[69.25601,40.21301]],[[69.25169,40.21093],[69.2508,40.21243]],[[69.23655,40.21496],[69.23999,40.21525],[69.24061,40.21521],[69.24318,40.21442],[69.24513,40.2137]],[[69.24284,40.21511],[69.24797,40.21348],[69.24876,40.21314],[69.24938,40.21279],[69.25023,40.21214],[69.25266,40.20996]],[[69.24251,40.21464],[69.24209,40.21484],[69.24114,40.21506]],[[69.22658,40.21689],[69.22834,40.21672]],[[69.18029,41.24237],[69.18079,41.24124],[69.18081,41.24091],[69.18062,41.24034],[69.17994,41.23962]],[[69.17955,41.24213],[69.18013,41.24068],[69.18017,41.24026],[69.17994,41.23962],[69.17901,41.23859]],[[69.17698,41.2368],[69.17722,41.23723],[69.17734,41.23797],[69.17717,41.23908]],[[69.18108,41.2366],[69.18093,41.2344],[69.18048,41.2331]],[[69.18494,41.23912],[69.18464,41.23657],[69.18411,41.23606],[69.18362,41.23571]],[[69.17916,41.23171],[69.18048,41.2331],[69.18182,41.23436],[69.1832,41.23531],[69.18566,41.23684],[69.18732,41.23766],[69.18981,41.23909],[69.19095,41.23932],[69.19209,41.23936],[69.1925,41.23945],[69.19341,41.2399]],[[69.18792,41.24081],[69.19095,41.23932]],[[69.17964,41.22803],[69.18009,41.22848]],[[69.17959,41.22805],[69.17536,41.22377],[69.17479,41.22303],[69.17405,41.22185],[69.17266,41.21859]],[[69.14679,41.20149],[69.14655,41.20153]],[[69.1496,41.19973],[69.14956,41.20004],[69.14974,41.20037],[69.15119,41.20217]],[[69.14843,41.19582],[69.14915,41.1963]],[[69.06608,41.12221],[69.06496,41.1206]],[[69.24722,40.21403],[69.24816,40.21371]],[[69.06567,41.12223],[69.06427,41.1208]],[[69.62113,40.81724],[69.61999,40.81757],[69.61723,40.81869],[69.6153,40.81958]],[[69.61916,40.82244],[69.6187,40.82261]],[[69.61961,40.82405],[69.61916,40.82421],[69.61857,40.82428],[69.61799,40.82424],[69.61756,40.82412],[69.61693,40.82368]],[[69.61855,40.82283],[69.62031,40.82238],[69.62287,40.82112]],[[69.62398,40.82037],[69.62479,40.81999]],[[69.62564,40.81958],[69.6258,40.81944]],[[69.62387,40.82055],[69.62287,40.82112]],[[69.62783,40.81697],[69.63016,40.8177]],[[69.62176,40.81718],[69.622,40.81701]],[[69.61479,40.81977],[69.61525,40.81965]],[[69.62404,40.82028],[69.62382,40.82036]],[[69.62382,40.82036],[69.62052,40.82201],[69.6199,40.82226]],[[69.62504,40.82023],[69.62214,40.82173],[69.6215,40.82223]],[[69.6274,40.82336],[69.62749,40.82311]],[[69.64391,40.82629],[69.64574,40.82688]],[[69.62979,40.82594],[69.6319,40.82512],[69.63397,40.82469],[69.63536,40.82464],[69.6371,40.82484],[69.63823,40.82481],[69.63906,40.8246],[69.63991,40.82422],[69.64169,40.82357],[69.64704,40.82288],[69.64853,40.82247],[69.64964,40.82211],[69.65057,40.82172],[69.65282,40.82054],[69.65379,40.81984],[69.65456,40.81876]],[[69.13884,41.18892],[69.13938,41.18953],[69.14022,41.19024]],[[69.12108,41.17555],[69.11773,41.17333]],[[69.11885,41.19693],[69.11889,41.19635],[69.11864,41.19041],[69.11855,41.18906],[69.1183,41.18753]],[[69.11224,41.16867],[69.11155,41.16824]],[[69.11641,41.1724],[69.1159,41.17168],[69.11478,41.17057]],[[69.1165,41.17498],[69.11723,41.17579],[69.11787,41.17627]],[[69.11782,41.17632],[69.11677,41.17542]],[[69.11865,41.17701],[69.11775,41.17635]],[[69.11947,41.1779],[69.11813,41.17694]],[[69.12087,41.1778],[69.1194,41.17665],[69.11913,41.17636]],[[69.11872,41.17697],[69.12009,41.17801]],[[69.12099,41.17663],[69.12308,41.17827]],[[69.14817,41.19563],[69.12034,41.17469]],[[69.11665,41.20654],[69.11758,41.20444],[69.11812,41.20284]],[[69.07216,41.12856],[69.0711,41.12756]],[[69.12211,41.17878],[69.12165,41.17876],[69.12097,41.17858],[69.12033,41.17821],[69.11876,41.17694]],[[69.11622,41.17678],[69.11696,41.17838],[69.11728,41.17934],[69.11782,41.18191],[69.11789,41.18312]],[[69.11061,41.23492],[69.11229,41.23256],[69.11268,41.2318],[69.1129,41.23107],[69.11489,41.21481]],[[70.00781,40.97577],[70.00892,40.97584],[70.00991,40.97575],[70.01092,40.97541]],[[70.00177,40.97468],[70.00156,40.97459]],[[70.0195,40.9788],[70.015,40.97779]],[[70.03039,40.98123],[70.03087,40.98129]],[[70.03087,40.98129],[70.03037,40.98117]],[[70.03015,40.981],[70.02931,40.98076],[70.02056,40.97879],[70.01921,40.97856]],[[70.03027,40.98092],[70.02916,40.98062],[70.0207,40.97873],[70.01991,40.9786]],[[70.03073,40.98111],[70.02897,40.98062],[70.01984,40.97859]],[[70.04356,40.97554],[70.03986,40.97555],[70.03912,40.97549]],[[70.03317,40.98181],[70.03527,40.98222],[70.03691,40.98231],[70.03778,40.9823],[70.03878,40.9822],[70.04415,40.98215]],[[70.2956,41.07573],[70.29592,41.07584]],[[70.25452,41.06987],[70.25532,41.07005],[70.25604,41.07038],[70.25753,41.07157],[70.2584,41.07198],[70.25925,41.07219],[70.26337,41.07276],[70.26422,41.0728],[70.26545,41.07267],[70.27309,41.07112],[70.27446,41.07105],[70.27583,41.07119],[70.27668,41.07132],[70.27741,41.07151],[70.28458,41.07376],[70.28534,41.0739],[70.29134,41.07455],[70.29293,41.07481],[70.2956,41.07573]],[[70.04542,40.98798],[70.04471,40.98782]],[[70.04472,40.98778],[70.04545,40.98794]],[[70.04883,40.98878],[70.04542,40.98798]],[[70.19262,41.02722],[70.19299,41.02763]],[[70.18786,41.02269],[70.18845,41.02301]],[[70.11164,41.01213],[70.1102,41.01139]],[[70.11808,41.02475],[70.11908,41.02462],[70.12042,41.02433],[70.12145,41.02425]],[[70.15411,41.02139],[70.15247,41.02095],[70.1505,41.02068],[70.14956,41.02048],[70.14562,41.0195],[70.14086,41.01842],[70.1369,41.01784]],[[70.04928,40.98873],[70.05022,40.98894]],[[70.32415,41.09637],[70.32563,41.09707]],[[70.32563,41.09707],[70.33026,41.09928],[70.33071,41.09971]],[[70.33071,41.09971],[70.3312,41.1004]],[[69.9107,41.61532],[69.90985,41.61498],[69.90709,41.6144],[69.90455,41.61325],[69.88329,41.60605],[69.88186,41.60545],[69.87944,41.60427],[69.86837,41.59857]],[[69.92141,41.61897],[69.92278,41.61969]],[[69.91921,41.6182],[69.92004,41.6185],[69.92329,41.61992],[69.92517,41.6209]],[[69.91677,41.61763],[69.91504,41.617]],[[69.91677,41.61763],[69.9176,41.61787]],[[69.80176,41.57064],[69.80183,41.57067]],[[70.11499,41.02392],[70.12661,41.02378],[70.12832,41.02395],[70.13015,41.02462]],[[70.11804,41.01544],[70.12252,41.01715],[70.1229,41.01727],[70.12391,41.0174]],[[70.11794,41.0156],[70.1221,41.0172],[70.1227,41.01733],[70.12352,41.0174]],[[70.12325,41.01751],[70.12656,41.01797]],[[70.11789,41.01566],[70.12236,41.01732],[70.12299,41.01741],[70.12424,41.01739]],[[70.11575,41.01384],[70.11746,41.01453],[70.12411,41.01689],[70.12696,41.01764]],[[70.12896,41.01785],[70.12523,41.01705],[70.12375,41.01658],[70.11318,41.01286],[70.11164,41.01213]],[[70.14169,41.02902],[70.14292,41.02845],[70.14393,41.0282],[70.14447,41.02815]],[[70.13321,41.01844],[70.13468,41.01881],[70.13572,41.01897],[70.14515,41.02027]],[[70.13239,41.01841],[70.13568,41.01902],[70.14476,41.02026]],[[70.16353,41.04375],[70.15868,41.03534],[70.15772,41.03407],[70.15758,41.03349],[70.15737,41.03162],[70.15642,41.02963],[70.15557,41.02721],[70.15558,41.02664],[70.15567,41.02631],[70.15589,41.02606],[70.15642,41.02568],[70.15698,41.02549],[70.1593,41.02554],[70.16151,41.02523],[70.16272,41.02517],[70.16441,41.02523],[70.16535,41.02509],[70.16579,41.02488],[70.16621,41.02454],[70.16669,41.02384],[70.16677,41.02346],[70.16669,41.02229]],[[70.19429,41.03095],[70.19443,41.03165],[70.19476,41.03868]],[[70.19299,41.02763],[70.19419,41.02941],[70.19466,41.03031],[70.19487,41.03136],[70.19495,41.03292],[70.19515,41.03356],[70.19606,41.03525],[70.19705,41.03674],[70.19738,41.03713],[70.19958,41.03876],[70.20198,41.04032],[70.20263,41.04062],[70.20529,41.04135],[70.20616,41.04187],[70.20673,41.04253],[70.20699,41.04316],[70.20713,41.044],[70.20703,41.04465],[70.20635,41.04573],[70.20094,41.05034],[70.20065,41.05067],[70.19944,41.053],[70.19778,41.05482],[70.19723,41.0556],[70.19697,41.05624],[70.19695,41.05665],[70.19723,41.05752],[70.19739,41.05779],[70.19776,41.05811],[70.19875,41.05867],[70.19961,41.05894],[70.20066,41.05917]],[[70.19543,41.04264],[70.19908,41.04636],[70.1994,41.04692],[70.19952,41.04767],[70.19949,41.04843],[70.19924,41.04917],[70.19884,41.04968],[70.19729,41.05108],[70.19592,41.05208],[70.19434,41.05289],[70.1932,41.05336]],[[70.32484,41.0821],[70.32506,41.08259],[70.32514,41.08298],[70.32507,41.08369],[70.32296,41.08765],[70.32228,41.0887],[70.32154,41.09005],[70.32135,41.09071],[70.32128,41.09142],[70.32143,41.09304],[70.32156,41.0937],[70.32179,41.09435],[70.32238,41.09526],[70.32347,41.09605],[70.32415,41.09637]],[[70.1102,41.01139],[70.10835,41.01044],[70.10249,41.00774]],[[70.13929,41.01019],[70.1399,41.01205],[70.14021,41.01256],[70.14069,41.01299],[70.14141,41.01342],[70.14315,41.01425],[70.14688,41.01579],[70.14947,41.01646],[70.15279,41.01769],[70.15751,41.01921],[70.15899,41.01947],[70.15995,41.01951],[70.16138,41.01939],[70.16374,41.019],[70.16412,41.01899],[70.16491,41.01913],[70.16549,41.01929],[70.16606,41.01967],[70.1664,41.02009],[70.16662,41.02094]],[[70.1671,41.01623],[70.16477,41.01582],[70.16389,41.01561],[70.16173,41.01488],[70.16005,41.01407],[70.15962,41.01394],[70.15728,41.01355],[70.15517,41.01335],[70.15444,41.01316],[70.15165,41.01192],[70.14845,41.01067],[70.14509,41.00911],[70.14217,41.0076],[70.14128,41.00664],[70.14096,41.00612],[70.14089,41.0056],[70.14058,41.00479]],[[70.16674,41.02093],[70.16676,41.02106]],[[70.14567,41.00559],[70.14645,41.00735],[70.14667,41.00758],[70.14942,41.00914],[70.15023,41.00957],[70.15323,41.01066],[70.1547,41.01105],[70.15631,41.01138],[70.157,41.01165],[70.15766,41.01194],[70.1594,41.01293],[70.16154,41.0144],[70.16242,41.01484],[70.16422,41.01559],[70.16514,41.01579],[70.16746,41.01615],[70.16858,41.01652],[70.17367,41.02002],[70.17546,41.02135],[70.17582,41.02188]],[[70.16666,41.02289],[70.16346,41.023],[70.159,41.02283],[70.1577,41.02262],[70.15558,41.02188]],[[70.15804,41.0227],[70.15882,41.02289],[70.1593,41.02292],[70.16263,41.02305],[70.16418,41.02299]],[[70.16671,41.02307],[70.16036,41.02319],[70.15827,41.02286],[70.15748,41.02255]],[[70.16665,41.02286],[70.16703,41.02286]],[[70.16703,41.02289],[70.16666,41.02289]],[[70.16691,41.02306],[70.16682,41.02307]],[[70.16682,41.02307],[70.16671,41.02307]],[[70.16702,41.02306],[70.16697,41.02306]],[[70.16669,41.02229],[70.16668,41.02162]],[[70.16703,41.02286],[70.16813,41.02288],[70.17162,41.02346],[70.17261,41.02345],[70.17593,41.0228]],[[70.17595,41.02284],[70.17333,41.02338],[70.17219,41.0235],[70.17108,41.02343],[70.16794,41.02291],[70.16703,41.02289]],[[70.15436,41.01422],[70.15788,41.01479],[70.16443,41.01611],[70.16739,41.01641],[70.16829,41.0166],[70.16872,41.01676],[70.17267,41.01954],[70.17389,41.0203],[70.17556,41.02148]],[[70.16619,41.01768],[70.16524,41.0172],[70.16341,41.01651]],[[70.18518,41.0201],[70.18466,41.0197],[70.18315,41.01877],[70.1806,41.01662],[70.17904,41.01557],[70.17814,41.01509],[70.17703,41.01462],[70.17538,41.01414]],[[70.17593,41.0228],[70.17691,41.02259]],[[70.17609,41.0223],[70.17582,41.02188]],[[70.17619,41.02228],[70.17591,41.02186]],[[70.18872,41.02524],[70.18767,41.02473],[70.18675,41.02451],[70.18416,41.0245],[70.18025,41.0238],[70.17799,41.02356],[70.1773,41.02331],[70.17609,41.0223]],[[70.17124,41.02414],[70.17243,41.02381]],[[70.1668,41.02467],[70.16746,41.02423],[70.16786,41.02409],[70.16863,41.02402],[70.17046,41.02421]],[[70.16304,41.02686],[70.1636,41.02638],[70.16545,41.02538],[70.16646,41.02452],[70.1667,41.02417],[70.16687,41.0235],[70.16683,41.02229]],[[70.15431,41.02149],[70.15336,41.02143],[70.1526,41.02168],[70.15173,41.02234],[70.15,41.02421],[70.14894,41.02459],[70.1448,41.02579],[70.14097,41.027],[70.14018,41.02731]],[[70.15558,41.02188],[70.15515,41.02173]],[[70.15561,41.02185],[70.15518,41.0217]],[[70.15515,41.02173],[70.1546,41.02157]],[[70.13997,41.01805],[70.14777,41.01993]],[[70.14018,41.01804],[70.14165,41.01821],[70.14595,41.01923],[70.1476,41.01986]],[[70.14115,41.01991],[70.14425,41.02025]],[[70.14845,41.02059],[70.14366,41.0198],[70.13887,41.01918],[70.13581,41.0187],[70.13321,41.01844],[70.12896,41.01785]],[[70.1369,41.01784],[70.1336,41.01768],[70.13302,41.01775],[70.13188,41.01809],[70.13069,41.01807]],[[70.11808,41.01539],[70.12282,41.0172],[70.13168,41.0183],[70.13317,41.0187],[70.13474,41.01924],[70.14164,41.02026],[70.14515,41.02027],[70.14731,41.02039]],[[70.12743,41.01717],[70.12406,41.01651]],[[70.12986,41.01796],[70.12666,41.01729]],[[70.12633,41.01825],[70.1267,41.01815],[70.1279,41.01802]],[[70.13525,41.02774],[70.13478,41.02768],[70.13318,41.02709],[70.13258,41.02694],[70.12926,41.02679],[70.12438,41.02674]],[[70.12861,41.02783],[70.12657,41.02797]],[[70.18872,41.02524],[70.18896,41.0253]],[[70.16549,41.01585],[70.16774,41.01634],[70.16844,41.01658],[70.16873,41.01672],[70.17054,41.01797]],[[70.16577,41.0183],[70.16643,41.01864]],[[70.16995,41.01779],[70.17279,41.01969]],[[70.14008,41.01805],[70.14114,41.01822],[70.14667,41.01953]],[[70.14698,41.01966],[70.1412,41.01833],[70.14019,41.01815],[70.13887,41.01805]],[[70.12922,41.03146],[70.13154,41.03107]],[[70.08985,41.00021],[70.08733,41.00005],[70.08668,40.99994],[70.0863,40.99982],[70.0857,40.99945],[70.08544,40.99915]],[[70.08845,40.99853],[70.08717,40.99847],[70.08384,40.99786]],[[70.08555,40.99736],[70.08178,40.99721]],[[70.079,40.9972],[70.08043,40.99792],[70.08791,41.00126],[70.08894,41.00165]],[[70.32354,41.08084],[70.32437,41.08146],[70.32484,41.0821]],[[70.11342,41.01299],[70.11641,41.01407]],[[70.08559,40.99746],[70.08122,40.99723]],[[70.44934,41.16181],[70.45026,41.16233]],[[70.43583,41.15156],[70.43686,41.15254]],[[68.50813,40.13643],[68.50706,40.13617],[68.50466,40.13545],[68.49359,40.13177]],[[68.50899,40.13671],[68.50964,40.13687]],[[68.50822,40.1353],[68.51686,40.1381]],[[68.5141,40.13751],[68.50715,40.1352]],[[68.50737,40.13517],[68.5121,40.13601]],[[68.4949,40.13265],[68.49639,40.13333]],[[68.48982,40.13036],[68.49054,40.13065]],[[68.49284,40.13152],[68.4912,40.13099]],[[68.04296,40.5337],[68.04465,40.53849],[68.04502,40.53897],[68.04635,40.5401]],[[68.03787,40.53795],[68.04072,40.53741],[68.04126,40.53728],[68.0418,40.53701]],[[68.04137,40.53746],[68.04231,40.53672]],[[67.51257,39.95935],[67.51261,39.95952]],[[67.52829,39.99765],[67.52613,39.99611],[67.52501,39.99521],[67.51005,39.97898],[67.5088,39.97793],[67.50728,39.97694],[67.50509,39.97585],[67.48025,39.96819],[67.47707,39.96763],[67.46532,39.96582],[67.46187,39.96496],[67.45128,39.96184]],[[67.45128,39.96184],[67.44983,39.96135]],[[67.44829,39.93842],[67.4491,39.93796]],[[67.49612,39.92625],[67.49601,39.92884]],[[67.76938,40.09353],[67.76594,40.09273],[67.76356,40.09242],[67.75966,40.09217],[67.73912,40.09109]],[[67.65744,40.06946],[67.65682,40.0694]],[[67.65685,40.06935],[67.65746,40.06941]],[[67.59187,40.0336],[67.58961,40.03307]],[[67.85647,40.27519],[67.85705,40.27522]],[[67.94213,40.24165],[67.94152,40.23971]],[[67.96138,40.29677],[67.96104,40.29579]],[[67.9414,40.23917],[67.94446,40.24799]],[[68.03173,40.09228],[68.04505,40.09097],[68.0458,40.09095]],[[68.02195,40.09322],[68.05262,40.09029],[68.05355,40.09013],[68.05456,40.08987],[68.05655,40.08922]],[[68.04706,40.09083],[68.04617,40.09096],[68.03314,40.09221],[68.03231,40.09223]],[[68.05655,40.08922],[68.07691,40.08211],[68.07969,40.08086]],[[67.97881,40.09191],[67.98004,40.09204],[67.98805,40.09227],[67.9897,40.09224],[67.99127,40.09193],[67.99194,40.09172],[67.9952,40.09011],[67.9971,40.08971],[67.99843,40.08963],[67.99966,40.08973],[68.00605,40.09092]],[[68.17831,40.07249],[68.17676,40.07264],[68.17577,40.07285],[68.1753,40.07302]],[[68.17182,40.07431],[68.17319,40.0741]],[[68.17676,40.07264],[68.17791,40.07249]],[[68.09136,40.07917],[68.09482,40.07903],[68.09952,40.07904]],[[68.09952,40.07904],[68.10213,40.07905],[68.10748,40.07868]],[[68.3253,40.06063],[68.33545,40.06424]],[[68.31338,40.05752],[68.31701,40.05792],[68.31801,40.05812],[68.31911,40.05842],[68.32514,40.06057]],[[68.3516,40.07053],[68.36175,40.07488]],[[68.34979,40.06975],[68.3516,40.07053]],[[68.20861,40.06818],[68.21855,40.06594],[68.2206,40.06556]],[[67.77742,40.27566],[67.778,40.27539]],[[68.11705,40.07802],[68.1535,40.07556],[68.15868,40.07508],[68.17141,40.0742],[68.17547,40.07386],[68.17814,40.07354]],[[68.17071,40.07443],[68.15741,40.07534]],[[68.15632,40.07534],[68.15804,40.07534],[68.16989,40.07453],[68.17154,40.07433],[68.17355,40.07418],[68.17553,40.07396],[68.17623,40.07405],[68.17835,40.07475]],[[68.17011,40.07454],[68.17092,40.07466],[68.17193,40.07494]],[[67.71757,40.08402],[67.71679,40.08382]],[[67.83609,40.10097],[67.83746,40.10048],[67.83939,40.09946]],[[67.8384,40.10073],[67.83795,40.10091]],[[67.83445,40.10117],[67.83385,40.10117]],[[67.81835,40.09516],[67.81745,40.09524]],[[67.78294,40.09681],[67.78577,40.09752],[67.7868,40.09769],[67.78775,40.09775],[67.8073,40.09738],[67.8087,40.09733],[67.80993,40.09712],[67.81227,40.09623]],[[67.81229,40.09627],[67.80994,40.09715],[67.80919,40.09731],[67.80812,40.09741],[67.78776,40.09779],[67.78679,40.09773],[67.78576,40.09755],[67.78292,40.09685]],[[67.89463,40.13529],[67.89622,40.1347],[67.89654,40.13449],[67.89816,40.13385],[67.89942,40.13319],[67.8998,40.13258],[67.89985,40.13215],[67.89967,40.13121]],[[67.89739,40.13838],[67.89893,40.13779],[67.90003,40.13723],[67.90077,40.13694],[67.9015,40.1368],[67.90204,40.13683],[67.90251,40.13692],[67.90284,40.13707],[67.90318,40.13728],[67.904,40.13802]],[[67.90833,40.14584],[67.90745,40.145],[67.90672,40.14386]],[[67.91019,40.15415],[67.91121,40.15577],[67.91328,40.15825]],[[67.88669,40.11265],[67.88666,40.113],[67.88636,40.11362],[67.88605,40.11399],[67.88568,40.11426],[67.88076,40.1162]],[[67.88636,40.11362],[67.88613,40.11398],[67.88567,40.11433],[67.88138,40.11601]],[[67.88993,40.11645],[67.88617,40.11055],[67.87918,40.09996],[67.87786,40.0986],[67.87653,40.0976],[67.87464,40.0966]],[[67.83795,40.10091],[67.83697,40.10112],[67.83597,40.10121]],[[67.85197,40.09413],[67.85098,40.09421]],[[67.85469,40.09415],[67.85098,40.09421]],[[67.85469,40.09415],[67.85317,40.09412]],[[68.6737,40.82268],[68.67394,40.82138],[68.67392,40.8211],[68.67368,40.82045],[68.67333,40.81996],[68.67293,40.8196],[68.67213,40.81913],[68.67142,40.81891]],[[68.76499,40.91895],[68.76319,40.91832],[68.7606,40.91731],[68.76001,40.9172],[68.75946,40.91717],[68.75715,40.91756]],[[68.75622,40.5232],[68.75636,40.52273]],[[68.77142,40.47364],[68.76735,40.48701]],[[68.70784,40.26733],[68.68619,40.25256],[68.68242,40.25011],[68.67621,40.2458],[68.64138,40.22205]],[[68.76741,40.48702],[68.77147,40.47364]],[[67.44935,39.93782],[67.45393,39.9354],[67.45482,39.93484],[67.45555,39.93424],[67.45614,39.93354],[67.45658,39.93282],[67.45686,39.93212],[67.45762,39.92897],[67.4578,39.92784],[67.45782,39.92711],[67.45752,39.92353],[67.45753,39.92263],[67.45787,39.9214],[67.45928,39.91801],[67.45947,39.91677],[67.45938,39.91573],[67.45909,39.91493],[67.45863,39.91411],[67.45728,39.91242],[67.45674,39.91133],[67.45648,39.91026],[67.45647,39.90933],[67.45681,39.90798],[67.4573,39.9071],[67.45789,39.90638],[67.45998,39.90425],[67.46052,39.90345],[67.46092,39.90257],[67.46114,39.90116],[67.46102,39.90029],[67.46055,39.89894],[67.4597,39.89708],[67.45837,39.89478],[67.45734,39.89246],[67.45654,39.89141],[67.45376,39.88886],[67.44998,39.88367],[67.44952,39.88277],[67.44927,39.88204],[67.44918,39.88138],[67.44922,39.88058],[67.44941,39.87982],[67.44976,39.87902],[67.45032,39.87822],[67.45123,39.87732],[67.45201,39.8768],[67.45302,39.87632],[67.45578,39.87541],[67.45735,39.87472],[67.45816,39.87416],[67.4589,39.87351],[67.45947,39.87277],[67.45992,39.87196],[67.46021,39.87109],[67.46029,39.8703],[67.46011,39.86891],[67.45982,39.8681],[67.45827,39.86492],[67.458,39.86417],[67.45786,39.86316],[67.45796,39.86213],[67.45831,39.86112],[67.45942,39.85927],[67.4599,39.85813],[67.46004,39.85729],[67.45989,39.85593],[67.45931,39.85464],[67.45568,39.84918],[67.45484,39.84819],[67.45419,39.84766],[67.45313,39.84697],[67.44947,39.84499],[67.44743,39.84376],[67.41948,39.82797]],[[67.49837,39.90773],[67.49868,39.9095],[67.49881,39.9112],[67.49881,39.91288],[67.49859,39.9154],[67.49818,39.91745],[67.49659,39.92321],[67.49612,39.92625]],[[67.99206,40.38309],[67.97013,40.32209],[67.96735,40.31407]],[[68.03549,40.53831],[68.0414,40.5371],[68.0427,40.53641]],[[68.03821,40.5376],[68.0388,40.53754]],[[68.04013,40.53738],[68.04069,40.53721]],[[68.18739,40.6627],[68.18354,40.65894],[68.18001,40.65564],[68.17493,40.65051],[68.13261,40.61271],[68.10004,40.58382]],[[68.08128,40.08123],[68.07984,40.08166]],[[68.5096,40.13737],[68.50999,40.13761],[68.51037,40.13807],[68.51102,40.1397],[68.51099,40.14034],[68.51106,40.14059],[68.51133,40.14088],[68.51193,40.14113]],[[67.97888,40.09222],[67.97833,40.09219]],[[67.83618,40.09762],[67.83716,40.09876],[67.83759,40.09905],[67.83808,40.0992],[67.83893,40.09924],[67.83946,40.09915],[67.84003,40.09895],[67.84079,40.09849]],[[67.63482,40.0388],[67.63357,40.03847],[67.63196,40.03829],[67.63072,40.03834],[67.62767,40.03865],[67.62669,40.0386],[67.62545,40.0384],[67.62447,40.0381],[67.62345,40.03765],[67.61909,40.03483],[67.61802,40.03422],[67.61702,40.03384],[67.61599,40.03356]],[[67.61536,40.03342],[67.61255,40.03279],[67.61089,40.03269],[67.59508,40.03395],[67.59332,40.03396],[67.59197,40.03373],[67.57579,40.02991]],[[67.63484,40.03876],[67.63512,40.03885]],[[67.73912,40.09109],[67.73888,40.09108]],[[67.78272,40.0968],[67.76938,40.09353]],[[67.73912,40.09105],[67.7644,40.0924],[67.76596,40.09267],[67.78273,40.09676]],[[67.8464,40.09548],[67.84529,40.09605],[67.83876,40.10034],[67.83784,40.10079],[67.8366,40.10112]],[[69.92639,41.62147],[69.92455,41.62064],[69.9234,41.62028]],[[67.94419,40.24705],[67.94396,40.246],[67.94164,40.23929],[67.94119,40.23838]],[[67.43416,40.388],[67.43696,40.3875],[67.44536,40.38571]],[[67.44536,40.38571],[67.44615,40.38549],[67.46152,40.38225],[67.46502,40.38192],[67.53273,40.38233],[67.53752,40.38163],[67.54098,40.38018],[67.54211,40.37979]],[[67.55415,40.35347],[67.54352,40.36486],[67.5432,40.36536],[67.54074,40.3726],[67.53945,40.37671],[67.53933,40.37738],[67.53956,40.37806],[67.54006,40.37878],[67.54032,40.37902],[67.54108,40.37942],[67.54157,40.37953],[67.54237,40.37955],[67.54381,40.3792]],[[67.55858,40.37133],[67.55863,40.371],[67.56023,40.36822],[67.56279,40.36419],[67.56503,40.36037]],[[68.81529,40.3177],[68.8143,40.31576],[68.81329,40.31431],[68.81172,40.3125],[68.81026,40.31117],[68.80924,40.31036],[68.80721,40.30902],[68.80518,40.30797],[68.80255,40.3069],[68.80012,40.30616],[68.74842,40.29257],[68.74505,40.29143],[68.74283,40.2905],[68.74025,40.2892],[68.73806,40.28789],[68.70914,40.26819]],[[68.81211,40.33966],[68.81506,40.32993],[68.81592,40.32701],[68.81623,40.32558],[68.81642,40.32352],[68.81637,40.32179],[68.81605,40.3198],[68.81557,40.31835]],[[68.80855,40.35135],[68.80857,40.35127]],[[68.79997,40.37637],[68.80042,40.37541],[68.80277,40.36774],[68.8032,40.36626],[68.80324,40.36556]],[[68.81549,40.27883],[68.81565,40.27919],[68.81604,40.27967],[68.81846,40.28131]],[[67.54211,40.37979],[67.54128,40.37997],[67.53552,40.3799]],[[68.49577,40.13228],[68.4964,40.13243],[68.50595,40.13556],[68.50673,40.13587]],[[68.49162,40.13096],[68.51855,40.1398]],[[68.51062,40.1372],[68.51116,40.13742]],[[68.50706,40.13617],[68.50801,40.13651],[68.50948,40.13733],[68.51039,40.13767],[68.51072,40.13804],[68.51117,40.13905],[68.51137,40.13928],[68.51184,40.13959],[68.51947,40.14224]],[[68.53615,40.15014],[68.52655,40.14364],[68.52313,40.14172],[68.52166,40.14104],[68.51852,40.13984],[68.49088,40.13076]],[[68.51405,40.13737],[68.5077,40.13529],[68.50695,40.13513]],[[68.51855,40.1398],[68.52109,40.14074],[68.52316,40.14168],[68.52505,40.14268],[68.52754,40.1442],[68.59241,40.18849],[68.60876,40.19977],[68.64037,40.22122]],[[68.50601,40.13502],[68.50718,40.13528],[68.51403,40.13756]],[[68.36191,40.07495],[68.38913,40.08645],[68.39135,40.08725]],[[68.32514,40.06057],[68.3253,40.06063]],[[68.31324,40.05751],[68.31338,40.05752]],[[68.36175,40.07488],[68.36191,40.07495]],[[68.33545,40.06424],[68.343,40.06695],[68.34979,40.06975]],[[68.48522,40.1289],[68.48223,40.12793],[68.47776,40.12661]],[[68.50559,40.1357],[68.49359,40.13177],[68.49164,40.13102]],[[68.15804,40.07534],[68.15393,40.07564],[68.15221,40.07595],[68.14871,40.07643]],[[68.17579,40.07272],[68.17618,40.07248],[68.1767,40.0723],[68.18031,40.07178]],[[68.16961,40.07455],[68.17085,40.07459],[68.17468,40.0757],[68.17579,40.07581],[68.17657,40.07574],[68.17863,40.07535],[68.1807,40.07522],[68.18337,40.07489],[68.18443,40.07469]],[[68.17965,40.0752],[68.18034,40.07504],[68.18242,40.0748],[68.18329,40.07479]],[[68.29909,40.05602],[68.29927,40.05603]],[[68.25505,40.06003],[68.258,40.05933],[68.26154,40.05869],[68.26243,40.05841],[68.26532,40.05713],[68.26693,40.05621],[68.26784,40.0558],[68.27052,40.05506],[68.27206,40.05484],[68.27511,40.05461],[68.27758,40.05413],[68.27862,40.05401],[68.28012,40.05401],[68.29909,40.05602]],[[68.25371,40.06033],[68.25505,40.06003]],[[68.08218,40.08],[68.08433,40.07956],[68.08597,40.07939],[68.09136,40.07917]],[[68.07969,40.08086],[68.08002,40.08072]],[[67.91201,40.09352],[67.93982,40.09325],[67.94935,40.09257]],[[68.00605,40.09092],[68.01892,40.09324],[68.02047,40.09332],[68.02195,40.09322]],[[67.94977,40.09253],[67.95164,40.09241],[67.95239,40.09242],[67.95391,40.09261],[67.95488,40.09286],[67.95646,40.0931],[67.95809,40.09315],[67.95988,40.09283],[67.96398,40.09174]],[[67.44829,39.93842],[67.44609,39.93962],[67.44513,39.94035],[67.44421,39.94145],[67.44367,39.94258],[67.44353,39.94327],[67.44351,39.9443],[67.44373,39.9453],[67.44424,39.94689],[67.4443,39.94821],[67.44409,39.94928],[67.44351,39.95066],[67.44322,39.95182],[67.4431,39.95318],[67.44348,39.95444],[67.44459,39.95632],[67.44708,39.95945],[67.44819,39.96046],[67.44983,39.96135]],[[67.44303,39.94335],[67.44289,39.94437],[67.44253,39.9455],[67.44231,39.94578],[67.44128,39.94651]],[[67.44913,39.938],[67.44829,39.93842]],[[67.44638,39.93958],[67.448,39.93858]],[[67.44445,39.94073],[67.44547,39.93985],[67.44688,39.93904]],[[67.44935,39.93782],[67.44998,39.93741],[67.45418,39.93519],[67.4552,39.93448],[67.45577,39.93392],[67.45628,39.93324],[67.45671,39.93238],[67.45707,39.93129]],[[69.2203,40.21729],[69.21893,40.21716],[69.21735,40.21674]],[[69.22,40.21751],[69.2247,40.2177],[69.22554,40.21753]],[[69.22878,40.21499],[69.2297,40.21525],[69.23137,40.2161],[69.23241,40.2162]],[[69.24461,40.21426],[69.24379,40.21455]],[[67.52829,39.99765],[67.55763,40.01725],[67.55896,40.0185],[67.55949,40.01916],[67.56002,40.01989],[67.5608,40.02123]],[[67.44724,39.93906],[67.44946,39.93787],[67.45082,39.93729],[67.45326,39.93601],[67.45525,39.93476],[67.45754,39.93406],[67.45826,39.9336]],[[67.43566,39.98741],[67.43627,39.98658],[67.43656,39.98605],[67.43723,39.98398],[67.43795,39.98264],[67.43892,39.98161],[67.44004,39.98071],[67.44086,39.97988],[67.44122,39.97939],[67.44219,39.97764],[67.44254,39.97718],[67.44328,39.97642],[67.44392,39.97595],[67.44661,39.97445],[67.44724,39.97397],[67.4479,39.97331],[67.44869,39.97209],[67.44955,39.97023],[67.45129,39.96752],[67.45157,39.96669],[67.45166,39.96628],[67.45165,39.96552],[67.45142,39.9648],[67.45095,39.96413],[67.45024,39.96349],[67.44952,39.96309],[67.44846,39.96269],[67.44592,39.96224],[67.44501,39.96197],[67.44382,39.96129],[67.44287,39.96035],[67.44246,39.95954],[67.44236,39.95902],[67.44222,39.95638],[67.44208,39.9559],[67.44129,39.95409],[67.44112,39.95306],[67.44118,39.95202],[67.44141,39.9512],[67.4417,39.95054],[67.44272,39.94875],[67.44325,39.94727],[67.44335,39.94627],[67.44329,39.94349],[67.4435,39.94251],[67.44385,39.94172],[67.44435,39.94098],[67.44534,39.94004],[67.4463,39.93942],[67.44935,39.93782]],[[67.89273,40.12071],[67.89182,40.11949],[67.88979,40.11647],[67.88714,40.11233],[67.88656,40.11126]],[[67.88617,40.11055],[67.88731,40.11282],[67.88956,40.11638],[67.89146,40.11928],[67.89273,40.12071],[67.89332,40.12147]],[[67.88611,40.11069],[67.88633,40.11106],[67.88638,40.11161],[67.8862,40.11215],[67.88563,40.1128],[67.88491,40.11324],[67.8808,40.11491]],[[67.90501,40.13952],[67.90451,40.13903],[67.90417,40.13882],[67.90362,40.13858],[67.90296,40.13846],[67.90207,40.1386],[67.90021,40.13918]],[[67.58219,40.35265],[67.58444,40.35106],[67.58508,40.35076],[67.5858,40.3506],[67.59493,40.34977]],[[67.51261,39.95952],[67.51317,39.96322],[67.51322,39.96421],[67.51298,39.96708],[67.51244,39.97184],[67.51251,39.97445],[67.51268,39.97599],[67.51294,39.97721],[67.51353,39.97933],[67.51432,39.98127],[67.51501,39.98276],[67.51605,39.98457],[67.51671,39.9856],[67.5182,39.98752],[67.52437,39.99424],[67.52594,39.99574],[67.52829,39.99765]],[[67.5791,40.03059],[67.57409,40.02923],[67.56958,40.02816]],[[67.59032,40.03329],[67.58961,40.03307],[67.5791,40.03059],[67.57823,40.03044]],[[67.59512,40.03374],[67.59253,40.03373],[67.59187,40.0336]],[[67.59197,40.03373],[67.5911,40.03347]],[[67.61599,40.03356],[67.61536,40.03342]],[[67.57579,40.02991],[67.57562,40.02987]],[[67.57053,40.02841],[67.571,40.02847],[67.57136,40.02843],[67.57334,40.02782],[67.57397,40.02747],[67.57467,40.02682]],[[67.61537,40.03336],[67.616,40.0335]],[[67.91174,40.09352],[67.91201,40.09352]],[[68.17314,40.07405],[68.172,40.07405],[68.1656,40.07446]],[[68.172,40.07405],[68.1734,40.07391],[68.17396,40.07378],[68.17579,40.07272],[68.17665,40.07236],[68.18032,40.07183]],[[68.18369,40.07478],[68.1825,40.07483],[68.17924,40.07528]],[[68.17963,40.07526],[68.18389,40.07475]],[[68.17814,40.07354],[68.19603,40.07102],[68.20861,40.06818]],[[68.2206,40.06556],[68.24296,40.06274],[68.25371,40.06033]],[[68.29927,40.05603],[68.31324,40.05751]],[[67.93918,40.23268],[67.92131,40.18182]],[[67.90513,40.14949],[67.90721,40.14879],[67.90798,40.14869],[67.90834,40.14871],[67.90898,40.14885],[67.90933,40.149],[67.91001,40.14942],[67.9104,40.14986]],[[67.90967,40.15293],[67.91184,40.15647]],[[67.91011,40.15418],[67.91102,40.1556],[67.91121,40.15577]],[[67.90583,40.14079],[67.90507,40.14004],[67.90469,40.13979],[67.90399,40.13955],[67.90316,40.13947],[67.90263,40.13958],[67.89877,40.14108]],[[67.57562,40.02987],[67.56576,40.02749],[67.55174,40.02398],[67.55002,40.02363],[67.54636,40.02317]],[[67.5608,40.02123],[67.56112,40.02179]],[[67.61375,40.34086],[67.61355,40.3409]],[[67.94957,40.09351],[67.94282,40.09331],[67.93165,40.09351],[67.912,40.09369]],[[69.28511,40.21785],[69.28511,40.218]],[[69.24692,40.21368],[69.24403,40.21463]],[[67.81227,40.09623],[67.81249,40.09613]],[[67.83439,40.10113],[67.83583,40.101],[67.83682,40.10079],[67.83748,40.10053],[67.83878,40.09984],[67.84046,40.09876]],[[67.83677,40.09835],[67.83712,40.09886],[67.83722,40.0992],[67.8372,40.09977],[67.83708,40.10006],[67.83674,40.10049],[67.83636,40.10077],[67.83543,40.10104]],[[67.83685,40.10037],[67.838,40.09977],[67.83921,40.09943],[67.83988,40.09915]],[[68.8383,40.20777],[68.83701,40.20823],[68.83531,40.20867]],[[68.84776,40.20845],[68.84634,40.20854],[68.8451,40.20913]],[[68.8358,40.20902],[68.83514,40.20907],[68.8343,40.20938]],[[68.82329,40.21159],[68.82308,40.21161]],[[68.82383,40.21462],[68.82374,40.21418],[68.82338,40.21356]],[[68.82527,40.29525],[68.82547,40.29466]],[[68.84924,40.21492],[68.84891,40.21388],[68.84831,40.2129],[68.84703,40.21157],[68.84634,40.21097],[68.84567,40.21055],[68.84519,40.21033],[68.84446,40.21011],[68.84351,40.20998]],[[68.82618,40.21135],[68.82771,40.21108],[68.82851,40.21082],[68.8292,40.21047],[68.83101,40.20934],[68.83798,40.20584],[68.84018,40.2054],[68.8419,40.2048],[68.84461,40.20406]],[[68.82927,40.21121],[68.83078,40.21094],[68.83428,40.21059],[68.83967,40.21008],[68.84165,40.20997]],[[68.82905,40.21128],[68.82331,40.21174]],[[68.82911,40.2106],[68.83766,40.2063],[68.83827,40.20605],[68.83962,40.20569]],[[68.84051,40.20545],[68.8401,40.20576]],[[68.83834,40.2079],[68.83715,40.20831],[68.83669,40.20837]],[[67.96998,40.32183],[67.96948,40.321],[67.9689,40.32066],[67.96835,40.3205],[67.9678,40.32044],[67.96723,40.32047],[67.96493,40.32097]],[[67.9668,40.31269],[67.96881,40.31847],[67.9696,40.32041]],[[68.51399,40.1376],[68.50659,40.13514]],[[67.847,40.09522],[67.84536,40.09612],[67.83868,40.10053],[67.83797,40.10084],[67.8373,40.101]],[[67.84402,40.0962],[67.84312,40.0968],[67.84228,40.09752]],[[67.96701,40.31305],[67.96468,40.30628]],[[67.96572,40.30926],[67.966,40.31039],[67.9668,40.31269]],[[67.96104,40.29579],[67.96094,40.29552]],[[67.96468,40.30628],[67.96148,40.29706]],[[67.94087,40.23761],[67.94165,40.24009],[67.94434,40.24784],[67.94467,40.24858]],[[68.48983,40.12999],[68.49204,40.13067],[68.49325,40.13137],[68.49455,40.1318]],[[68.6616,40.8574],[68.66085,40.85886],[68.65957,40.86277]],[[68.65957,40.86277],[68.66075,40.8593],[68.66121,40.85823],[68.66051,40.86017]],[[68.66142,40.85781],[68.66072,40.85877],[68.65959,40.86215],[68.6595,40.86284]],[[68.65937,40.86445],[68.66058,40.86098]],[[68.6612,40.85813],[68.66081,40.85879],[68.65962,40.86232],[68.65944,40.8631]],[[68.6612,40.9164],[68.66209,40.91767],[68.66262,40.91816],[68.6634,40.91879],[68.66651,40.92103]],[[69.12018,41.17487],[69.11698,41.1724]],[[69.11133,41.1681],[69.10991,41.16719],[69.10121,41.16062]],[[69.11875,41.19938],[69.11887,41.19866],[69.11908,41.19814],[69.11958,41.19748],[69.12122,41.1959]],[[69.118,41.184],[69.11798,41.18466]],[[69.20311,41.40815],[69.21287,41.40401]],[[69.11795,41.18312],[69.11792,41.18209],[69.11799,41.18152],[69.11815,41.18105],[69.1186,41.18039],[69.11927,41.17983],[69.1199,41.17955],[69.12059,41.17936],[69.12381,41.17885],[69.12487,41.17886],[69.12585,41.17913],[69.12657,41.17953],[69.14736,41.1951],[69.14817,41.19563]],[[69.11734,41.17303],[69.12011,41.17513],[69.12033,41.17562]],[[69.13815,41.1883],[69.13926,41.18932],[69.14032,41.19011]],[[69.134,41.19857],[69.13365,41.19815],[69.13287,41.19669],[69.13147,41.19531]],[[69.13949,41.20107],[69.13939,41.20106]],[[69.13116,41.19628],[69.13244,41.19759],[69.13609,41.19993],[69.13788,41.20064],[69.13939,41.20106]],[[69.13377,41.19858],[69.13485,41.19927],[69.13558,41.19962]],[[69.14679,41.20149],[69.1484,41.20098],[69.14927,41.20023],[69.14967,41.19958],[69.14991,41.19865],[69.14961,41.19722],[69.14939,41.19689],[69.14822,41.1958],[69.14736,41.1951]],[[69.13949,41.20107],[69.14052,41.20122],[69.14547,41.2016],[69.14655,41.20153]],[[69.14922,41.19673],[69.1513,41.19855]],[[69.11783,41.18346],[69.11795,41.1842]],[[69.13774,41.18792],[69.1384,41.1885],[69.14116,41.1906],[69.14599,41.19421],[69.14666,41.19464]],[[69.20699,41.1798],[69.2066,41.18004]],[[69.22377,41.39386],[69.22497,41.3949],[69.22534,41.39509],[69.22605,41.39525],[69.22712,41.39515]],[[69.22782,41.39495],[69.22671,41.39525],[69.22624,41.39532],[69.22571,41.39527],[69.22522,41.39511],[69.22492,41.39493],[69.22373,41.3939]],[[69.21366,41.4036],[69.21394,41.40342]],[[69.2145,41.40319],[69.2149,41.40296]],[[69.21107,41.40452],[69.21812,41.40148],[69.22074,41.39966],[69.22291,41.39888]],[[69.22946,41.39249],[69.22943,41.39322],[69.22897,41.39396]],[[69.22963,41.38459],[69.22914,41.38524],[69.22861,41.38638],[69.22853,41.38683],[69.22858,41.38728],[69.22886,41.38811],[69.22921,41.38889],[69.23,41.39027],[69.23046,41.39131],[69.23048,41.39196],[69.23024,41.39249]],[[69.23726,41.38311],[69.23764,41.38204]],[[69.23952,41.37993],[69.23832,41.38111],[69.23794,41.38163],[69.23707,41.38355],[69.23627,41.38472],[69.23559,41.386],[69.23462,41.38728]],[[69.23076,41.39186],[69.23052,41.39231]],[[69.24233,41.37747],[69.2475,41.37402],[69.24901,41.37282],[69.2497,41.37218]],[[69.19398,41.40842],[69.1943,41.40876]],[[69.09838,41.15831],[69.10018,41.15958]],[[69.09929,41.15885],[69.09862,41.15827]],[[69.11302,41.16925],[69.11319,41.16938]],[[69.11319,41.16938],[69.1136,41.16976]],[[69.24165,41.3777],[69.24811,41.37329]],[[69.24887,41.37176],[69.24692,41.37297],[69.24189,41.37645],[69.24154,41.37676],[69.24112,41.37733],[69.24068,41.37837],[69.24,41.37917],[69.23866,41.38047],[69.23741,41.38224],[69.23692,41.38281],[69.2314,41.39067],[69.23047,41.39229],[69.22978,41.3931]],[[69.23888,41.38052],[69.23844,41.38093]],[[67.45684,39.93197],[67.45602,39.93349]],[[67.83271,40.10121],[67.8337,40.10117]],[[67.71659,40.08377],[67.71465,40.08328],[67.71008,40.08197],[67.70648,40.08028],[67.70365,40.07922]],[[67.70552,40.08001],[67.70839,40.08142]],[[67.83628,40.10104],[67.83745,40.10081],[67.83837,40.10044],[67.84534,40.09589],[67.84607,40.09552],[67.8472,40.09508]],[[67.83385,40.10117],[67.83485,40.10123]],[[67.84258,40.09724],[67.84396,40.09634],[67.84463,40.09598]],[[67.85407,40.09407],[67.8501,40.09415],[67.8491,40.09433],[67.84848,40.09452],[67.84538,40.09593],[67.83926,40.09998],[67.83819,40.10058],[67.8374,40.10088],[67.83642,40.1011],[67.83563,40.10118],[67.83445,40.10117]],[[67.8464,40.09548],[67.84531,40.09609],[67.83873,40.10043],[67.83764,40.10091],[67.8366,40.10112]],[[67.81833,40.09512],[67.82005,40.09499],[67.82132,40.09499],[67.82278,40.09522],[67.82379,40.09556],[67.82495,40.09613],[67.82555,40.09654],[67.8289,40.09972],[67.8298,40.10034],[67.83082,40.10079],[67.83178,40.10105],[67.83247,40.10115],[67.83385,40.10117]],[[67.64042,40.04977],[67.64041,40.04995]],[[67.64031,40.04996],[67.64031,40.04976]],[[69.23368,41.17558],[69.2331,41.17525],[69.23063,41.17497],[69.22952,41.17491],[69.22885,41.17513],[69.22845,41.17538],[69.22808,41.17574],[69.22784,41.17632],[69.228,41.17683],[69.23083,41.17958]],[[69.22849,41.17736],[69.22958,41.17847],[69.23014,41.17893]],[[69.22942,41.17048],[69.22916,41.17014],[69.22861,41.16976],[69.22794,41.16953],[69.22753,41.16947],[69.2268,41.16951],[69.22443,41.17011],[69.21321,41.17361],[69.21132,41.17514],[69.2095,41.17641]],[[69.23063,41.17497],[69.22986,41.17476],[69.22965,41.17466],[69.22938,41.17438],[69.22908,41.17366],[69.22903,41.1728]],[[69.23438,41.17616],[69.23065,41.17215],[69.22953,41.17061]],[[69.08381,40.22863],[69.08479,40.22948],[69.08577,40.22973],[69.08642,40.22973],[69.09424,40.22933],[69.09558,40.22913],[69.10716,40.2285],[69.10778,40.22837],[69.10868,40.22784]],[[69.08916,40.23419],[69.08993,40.23474],[69.09024,40.23488],[69.09084,40.23499],[69.09677,40.2347]],[[69.14541,41.33823],[69.1452,41.33765],[69.14579,41.33864],[69.14617,41.33892],[69.14728,41.3394],[69.14785,41.33988],[69.14801,41.3401],[69.14811,41.34051],[69.14823,41.34238],[69.1484,41.34322],[69.14858,41.34354],[69.14947,41.34446],[69.15026,41.34515],[69.15125,41.34634]],[[69.25643,41.17741],[69.25853,41.17833],[69.25916,41.1787],[69.25969,41.17936]],[[69.25551,41.21505],[69.25646,41.21372],[69.25676,41.21314]],[[69.22953,41.17061],[69.22942,41.17048]],[[69.21158,41.17493],[69.21118,41.17515],[69.21033,41.17537],[69.20982,41.17562]],[[69.23641,41.17789],[69.23695,41.17864],[69.23721,41.17923],[69.23733,41.1797],[69.23747,41.18152]],[[69.24554,41.21504],[69.24549,41.21509]],[[69.24556,41.21254],[69.24482,41.21758]],[[69.24543,41.21289],[69.24411,41.22212]],[[69.24701,41.20881],[69.24629,41.21381],[69.24589,41.21458],[69.24554,41.21504]],[[69.24622,41.21418],[69.24663,41.21369],[69.24674,41.21342],[69.24739,41.20902]],[[69.24822,41.20918],[69.24769,41.21262],[69.24735,41.21336],[69.24703,41.2136]],[[69.24683,41.20204],[69.24539,41.2119]],[[69.24572,41.21141],[69.24588,41.21095],[69.24728,41.20142]],[[69.24723,41.20134],[69.24724,41.20104]],[[69.24724,41.20104],[69.24703,41.20186],[69.24658,41.2047]],[[69.24756,41.20022],[69.24749,41.20043]],[[69.24749,41.20043],[69.24697,41.20265],[69.24556,41.21254]],[[69.25325,41.2043],[69.24994,41.20341],[69.24917,41.20309],[69.24818,41.20229],[69.24794,41.20198],[69.24777,41.20153],[69.24771,41.20105]],[[69.25253,41.20765],[69.25278,41.20817],[69.25356,41.20911],[69.25482,41.21015],[69.25554,41.21062]],[[69.24438,41.21961],[69.2468,41.20275],[69.24698,41.20164],[69.24734,41.20041]],[[69.25235,41.20647],[69.25308,41.20679],[69.25571,41.20756],[69.25697,41.20768]],[[69.25266,41.20775],[69.25389,41.20918],[69.2554,41.21045]],[[69.25616,41.36601],[69.25661,41.3655],[69.25682,41.3651]],[[69.25692,41.3647],[69.25699,41.36424],[69.25682,41.36356],[69.25632,41.3629],[69.25563,41.36238]],[[69.25314,41.35853],[69.25369,41.3578],[69.25503,41.35641]],[[69.24695,41.36022],[69.24717,41.36075],[69.24744,41.36117],[69.24763,41.36131]],[[69.24941,41.35923],[69.25095,41.35911],[69.25135,41.35917],[69.25165,41.35932]],[[69.19324,41.41195],[69.19288,41.41262],[69.19197,41.41376]],[[69.21892,41.40096],[69.2221,41.39957],[69.22327,41.39898]],[[69.19126,41.41535],[69.19095,41.41606]],[[69.20258,41.40832],[69.20363,41.40799],[69.21232,41.40428],[69.21366,41.4036]],[[69.295,41.29606],[69.2944,41.29568]],[[69.29497,41.29608],[69.29556,41.29649]],[[69.2166,41.25395],[69.21591,41.25356]],[[69.5626,40.86196],[69.56504,40.86203],[69.56784,40.86222],[69.56866,40.86219]],[[69.56757,40.8626],[69.56654,40.86268],[69.56347,40.8627],[69.56251,40.86262]],[[69.56667,40.86245],[69.56166,40.86247]],[[69.55552,40.84969],[69.55438,40.85032],[69.55374,40.85087],[69.55334,40.85149],[69.55327,40.85433]],[[69.55632,40.85221],[69.55657,40.85368]],[[69.57734,40.85054],[69.57265,40.84655]],[[69.28529,41.28893],[69.28616,41.28961],[69.29013,41.29219],[69.29144,41.29339]],[[69.29396,41.29545],[69.29497,41.29608]],[[69.29039,41.29225],[69.29228,41.29357],[69.29389,41.29455]],[[69.526,40.84894],[69.52799,40.84907],[69.53889,40.84929],[69.54022,40.84919]],[[69.35188,41.25594],[69.3513,41.25651],[69.35088,41.25679],[69.34938,41.25832]],[[69.34679,41.26147],[69.34713,41.26092]],[[69.36341,41.24898],[69.36261,41.24802],[69.36218,41.24763]],[[69.35694,41.24628],[69.3574,41.24659],[69.35776,41.24709]],[[69.35667,41.24665],[69.35737,41.24681],[69.35763,41.24696],[69.35822,41.24761]],[[69.35361,41.24477],[69.35509,41.24533]],[[69.23061,41.39109],[69.23061,41.39021],[69.23091,41.38938],[69.23412,41.38486]],[[69.23095,41.39171],[69.23168,41.39079],[69.23683,41.38355],[69.23749,41.38241]],[[69.23439,41.38481],[69.23095,41.38962],[69.23074,41.39001],[69.23061,41.39078]],[[69.23169,41.38442],[69.22931,41.38792],[69.22939,41.38841],[69.23036,41.39011]],[[69.86837,41.59857],[69.86687,41.59776],[69.86419,41.59601],[69.86321,41.59553]],[[69.62181,40.8217],[69.62107,40.82214]],[[69.56454,40.83514],[69.56736,40.83642],[69.56814,40.83667],[69.56881,40.8368],[69.56917,40.8368],[69.56991,40.83663],[69.57052,40.83629],[69.57083,40.836],[69.57116,40.83532],[69.57118,40.83291]],[[69.56545,40.83714],[69.56626,40.83714],[69.56704,40.83726],[69.56885,40.83778],[69.56918,40.83794],[69.56981,40.83852],[69.56997,40.83885],[69.57005,40.83936]],[[69.57005,40.83936],[69.57005,40.83975]],[[69.56736,40.83642],[69.56708,40.83634]],[[69.57312,40.83904],[69.57375,40.83929]],[[69.56736,40.83642],[69.57222,40.83843],[69.57624,40.84122]],[[69.57005,40.83975],[69.5701,40.84361],[69.5703,40.84414],[69.57054,40.84448]],[[69.56466,40.84023],[69.5661,40.84025],[69.56723,40.8404],[69.56777,40.84067],[69.56842,40.84121],[69.56911,40.84288]],[[69.56189,40.84168],[69.56269,40.8419],[69.56734,40.84193],[69.56825,40.8422],[69.56876,40.84262],[69.56986,40.84386],[69.57054,40.84448]],[[69.5673,40.84423],[69.56552,40.8445]],[[69.57097,40.84499],[69.57136,40.84533]],[[69.574,40.84893],[69.57451,40.84933]],[[69.52491,40.84895],[69.52678,40.84912],[69.52748,40.84934]],[[69.62424,40.82032],[69.62068,40.82209],[69.61862,40.82281]],[[69.55285,40.83146],[69.55366,40.83136],[69.55538,40.83102]],[[69.7643,41.57273],[69.76459,41.57251]],[[69.72411,41.56705],[69.72683,41.56829],[69.73352,41.57056],[69.73454,41.57108]],[[69.76027,41.57478],[69.76047,41.57472]],[[69.72639,41.56801],[69.73095,41.56963],[69.73339,41.57038]],[[70.01092,40.97541],[70.01144,40.97524],[70.01203,40.97514],[70.01418,40.97506],[70.01557,40.97528]],[[70.01092,40.97541],[70.01204,40.97536]],[[69.99977,40.97725],[70.00016,40.9773],[70.00106,40.97764],[70.00181,40.97801],[70.00401,40.9786],[70.0066,40.97921],[70.00738,40.97925],[70.01305,40.97768],[70.01353,40.97761],[70.01409,40.97765]],[[70.00624,40.97545],[70.0073,40.97564],[70.01158,40.97669],[70.01459,40.97746],[70.01579,40.97788]],[[70.01409,40.97765],[70.01945,40.97884]],[[70.01686,40.97818],[70.01747,40.97827]],[[70.01747,40.97827],[70.018,40.97839]],[[70.01945,40.97884],[70.02313,40.97966]],[[70.02313,40.97966],[70.02966,40.98107]],[[70.018,40.97839],[70.01987,40.97852],[70.02075,40.97865],[70.02967,40.98069],[70.03073,40.98111],[70.03236,40.98161]],[[70.03159,40.98139],[70.03015,40.981],[70.02027,40.97878],[70.01856,40.97853]],[[70.02833,40.97006],[70.03047,40.97015],[70.0314,40.97004],[70.0334,40.96939],[70.03956,40.9678]],[[70.03856,40.97502],[70.0403,40.9749]],[[70.04358,40.97538],[70.03817,40.97541]],[[70.03795,40.97541],[70.04013,40.9756],[70.04355,40.9756]],[[70.04358,40.97616],[70.03792,40.97625]],[[70.03865,40.97544],[70.04011,40.9755],[70.04358,40.9755]],[[70.03446,40.97659],[70.03498,40.9771],[70.03557,40.97745],[70.03642,40.97771],[70.03756,40.97774]],[[70.00156,40.97459],[70.00102,40.97431],[70.00001,40.97357],[69.99922,40.97283],[69.99833,40.97183],[69.99738,40.97098]],[[69.982,40.96649],[69.98149,40.96636]],[[69.38774,40.9958],[69.38423,40.99724],[69.383,40.99762],[69.38196,40.99782],[69.37808,40.9982]],[[69.38778,40.99579],[69.38774,40.9958]],[[69.45852,40.9688],[69.45846,40.96883]],[[69.45846,40.96883],[69.42543,40.98787]],[[69.61673,40.82331],[69.61771,40.82312]],[[69.61394,40.82503],[69.61414,40.82498]],[[69.56911,40.84288],[69.56947,40.84342]],[[69.56866,40.84031],[69.56889,40.84234]],[[69.57054,40.8454],[69.57085,40.84588],[69.57265,40.84745],[69.57301,40.84784],[69.57426,40.84894],[69.57503,40.84947]],[[69.57066,40.84645],[69.57079,40.84694],[69.57112,40.84734],[69.57259,40.84864]],[[69.57541,40.84913],[69.57624,40.84989]],[[69.56203,40.86245],[69.56639,40.8624],[69.56866,40.86219]],[[69.55669,40.85513],[69.55685,40.85583]],[[69.57838,40.92633],[69.5782,40.92635]],[[69.65807,40.93692],[69.65763,40.93489],[69.65592,40.93024]],[[69.64812,40.91575],[69.64863,40.91776],[69.64996,40.9242]],[[69.64802,40.91553],[69.65,40.92458],[69.65018,40.92505]],[[69.64945,40.92335],[69.64861,40.91911]],[[69.64995,40.92398],[69.64869,40.91783]],[[69.64997,40.9244],[69.64996,40.9242]],[[69.65143,40.92839],[69.6507,40.92638]],[[69.65204,40.92927],[69.65142,40.92774],[69.65096,40.9271]],[[69.65084,40.92912],[69.6506,40.92841],[69.65071,40.92696],[69.65067,40.92652]],[[69.65511,40.935],[69.65475,40.93415],[69.65438,40.93357],[69.6525,40.92877],[69.65215,40.92828],[69.65111,40.92715],[69.65066,40.92632],[69.65018,40.92505]],[[69.64991,40.92451],[69.65067,40.92652]],[[69.50826,40.94009],[69.51046,40.9387],[69.51769,40.9346]],[[69.51752,40.92636],[69.51664,40.92529],[69.51528,40.92256]],[[69.51752,40.92636],[69.51899,40.92742]],[[69.51521,40.92239],[69.51519,40.9223]],[[69.50724,40.94062],[69.50758,40.94054]],[[69.51524,40.92246],[69.51521,40.92239]],[[69.52425,40.93221],[69.52367,40.93227],[69.52332,40.93241],[69.52189,40.93266],[69.51998,40.93338],[69.5142,40.93671]],[[69.42543,40.98787],[69.42476,40.98821],[69.42344,40.98867],[69.42238,40.98888],[69.42095,40.98904]],[[69.46077,40.96749],[69.45852,40.9688]],[[69.56052,40.86172],[69.56431,40.86192],[69.56482,40.86187]],[[69.51775,40.92878],[69.51508,40.9318]],[[69.54931,40.86819],[69.55067,40.86913]],[[69.54935,40.86815],[69.55038,40.86887]],[[69.54796,40.86645],[69.54998,40.86735],[69.55149,40.86848]],[[69.56325,40.89574],[69.56321,40.89759]],[[69.9226,41.61966],[69.92166,41.61931],[69.9195,41.61835],[69.91556,41.6172]],[[69.23536,41.01078],[69.23557,41.01829]],[[69.27748,41.21446],[69.26973,41.21187],[69.26913,41.21153]],[[69.26931,41.21063],[69.26859,41.21027],[69.26643,41.20957]],[[69.25084,41.36874],[69.24837,41.36666],[69.24816,41.36609],[69.24816,41.36566],[69.24876,41.36386],[69.24874,41.36364],[69.24847,41.36306],[69.24817,41.36261]],[[69.25889,41.35667],[69.25944,41.35731],[69.25952,41.35812]],[[69.25726,41.35674],[69.25821,41.35737],[69.25888,41.35791],[69.25911,41.35885]],[[69.2429,41.36014],[69.24448,41.36031],[69.24545,41.36107],[69.24753,41.36202],[69.24802,41.36214]],[[69.25355,41.3706],[69.25004,41.37378]],[[69.25257,41.37103],[69.2506,41.37283],[69.25031,41.37316],[69.25016,41.37347]],[[69.24173,41.37773],[69.24246,41.37732],[69.24765,41.37385],[69.24965,41.37215],[69.25144,41.37026],[69.2523,41.36958]],[[69.24131,41.37796],[69.24282,41.3772],[69.24791,41.37382],[69.24905,41.37286],[69.25057,41.37123]],[[69.25031,41.37107],[69.24934,41.37208],[69.24228,41.3769],[69.24146,41.37769]],[[69.24192,41.37755],[69.24242,41.37729],[69.24786,41.37355],[69.24877,41.37288],[69.2495,41.37221]],[[69.25416,41.36966],[69.2571,41.36728]],[[69.26473,41.36005],[69.26349,41.36141],[69.26101,41.3636],[69.2562,41.36687]],[[69.23995,41.37948],[69.24097,41.37832]],[[69.24071,41.37841],[69.24174,41.37752],[69.24849,41.37298]],[[68.94049,41.01119],[68.94129,41.01161]],[[68.86512,40.9654],[68.87468,40.96993]],[[68.87475,40.96997],[68.88617,40.97538]],[[68.96437,41.02328],[68.96202,41.02115]],[[69.20169,41.24511],[69.19985,41.24396]],[[69.19531,41.24638],[69.19519,41.24588],[69.19537,41.24491]],[[69.19927,41.24342],[69.19995,41.24392]],[[69.20955,41.25005],[69.21199,41.25196]],[[69.36737,41.26046],[69.36624,41.25975]],[[69.32092,41.33918],[69.32109,41.33957]],[[69.32092,41.33918],[69.32086,41.34027],[69.32097,41.34128],[69.32221,41.34332]],[[69.28694,41.34906],[69.29174,41.34992],[69.29242,41.34993],[69.29366,41.3498],[69.29493,41.34946],[69.29562,41.34914],[69.29626,41.34881],[69.29828,41.34751]],[[70.04358,40.97612],[70.04022,40.97614],[70.03737,40.97629],[70.03529,40.97629],[70.03457,40.97609],[70.03381,40.97557]],[[70.03158,40.97235],[70.03247,40.97325],[70.03284,40.97345],[70.03352,40.9736],[70.03632,40.97359]],[[70.03037,40.98117],[70.02973,40.98097],[70.02029,40.97885],[70.01971,40.97878]],[[69.51828,40.93426],[69.5173,40.93465],[69.51484,40.93608]],[[69.49206,40.94944],[69.49198,40.94949]],[[69.40295,41.34484],[69.40415,41.34394],[69.40539,41.3432]],[[69.39445,41.34963],[69.39584,41.35013],[69.39642,41.35023],[69.3972,41.35018],[69.398,41.35001]],[[69.22462,40.21694],[69.22588,40.21697],[69.22896,40.21658]],[[69.28578,40.21998],[69.28507,40.21895],[69.28505,40.21871],[69.28524,40.21819]],[[69.24823,40.21282],[69.2473,40.21349],[69.24692,40.21368]],[[69.66625,40.91562],[69.66691,40.91538],[69.66728,40.91514],[69.66894,40.91359]],[[69.66867,40.91421],[69.66951,40.91357]],[[69.66653,40.90796],[69.66408,40.90981],[69.66388,40.91003]],[[69.71274,40.8504],[69.71216,40.85042]],[[69.69762,40.85399],[69.69669,40.85432],[69.69618,40.85441],[69.69204,40.85501]],[[69.17266,41.21859],[69.17253,41.21828]],[[69.23274,41.22509],[69.23478,41.22427],[69.23568,41.22355],[69.23599,41.22342],[69.23692,41.22308],[69.2392,41.22241]],[[69.23365,41.22674],[69.23397,41.22542],[69.23418,41.22509],[69.23525,41.22394]],[[69.23239,41.22],[69.23121,41.22005],[69.22979,41.21979]],[[69.18274,41.23509],[69.18362,41.23571],[69.18417,41.23634]],[[69.18169,41.23713],[69.18155,41.23449],[69.18116,41.23378]],[[69.18407,41.23838],[69.18407,41.23665],[69.18358,41.23577],[69.18193,41.23443]],[[69.18139,41.23383],[69.18133,41.23282]],[[69.18093,41.23186],[69.18124,41.23344],[69.18139,41.23383],[69.18198,41.23441]],[[69.18005,41.2285],[69.17959,41.22805]],[[69.18373,41.24244],[69.1842,41.24312],[69.18428,41.24347],[69.18421,41.24389],[69.18306,41.24492]],[[69.17941,41.23901],[69.18162,41.24098],[69.18231,41.24177],[69.18287,41.24217]],[[69.17901,41.23859],[69.17827,41.23788]],[[69.18281,41.24163],[69.18407,41.24221],[69.18467,41.24234],[69.18516,41.24253],[69.18613,41.24309]],[[69.18937,41.24802],[69.18973,41.24723],[69.19009,41.24687],[69.19038,41.24622],[69.19105,41.24564]],[[69.14561,41.33873],[69.14643,41.34136]],[[69.14151,41.32773],[69.14243,41.32967],[69.14263,41.33059]],[[69.06731,41.12389],[69.06788,41.12442]],[[69.06244,41.12159],[69.06338,41.12136],[69.06382,41.12134],[69.06454,41.12151],[69.06522,41.12196],[69.06655,41.12318]],[[69.05508,41.11072],[69.05642,41.11255],[69.05739,41.11342],[69.0588,41.11493]],[[69.06557,41.12203],[69.06444,41.12075],[69.05853,41.11449]],[[69.04428,41.09796],[69.0465,41.09981],[69.04762,41.10032],[69.0481,41.1007],[69.04884,41.10149]],[[69.07566,41.13527],[69.07522,41.13529],[69.07447,41.13562],[69.07408,41.13571],[69.07312,41.13578]],[[69.0721,41.13419],[69.07324,41.13489],[69.07387,41.13509],[69.07534,41.13519]],[[69.07687,41.13567],[69.0763,41.13542],[69.07507,41.13512],[69.07461,41.13492],[69.07261,41.1336]],[[69.04603,41.09699],[69.04574,41.09642],[69.04568,41.09611],[69.04577,41.09554],[69.04613,41.09501],[69.04681,41.09457]],[[69.11818,41.20284],[69.11766,41.2047],[69.1168,41.20669]],[[69.118,41.18527],[69.11866,41.19919],[69.11858,41.20097],[69.11823,41.20264]],[[69.09617,41.15637],[69.095,41.15509],[69.09224,41.15134]],[[69.08807,41.14541],[69.08458,41.14051]],[[69.09092,41.14944],[69.08807,41.14541]],[[69.08811,41.14539],[69.09099,41.14941]],[[69.05813,41.11378],[69.05926,41.11478]],[[69.05831,41.11406],[69.05913,41.1148],[69.06465,41.12065],[69.06603,41.12235]],[[69.06421,41.12066],[69.06858,41.12529],[69.07057,41.12691],[69.071,41.1274],[69.07122,41.12777],[69.07325,41.13299],[69.07372,41.13347],[69.07827,41.13665]],[[69.1232,41.30278],[69.12297,41.30233]],[[69.11489,41.21481],[69.11542,41.21045],[69.11583,41.20869],[69.11638,41.20716]],[[69.11656,41.20724],[69.11613,41.20822],[69.11551,41.21027],[69.11493,41.21481]],[[69.11797,41.18636],[69.11794,41.18697],[69.1184,41.19643],[69.11849,41.1971]],[[69.11866,41.19919],[69.11876,41.19739],[69.11845,41.19042],[69.11818,41.18643]],[[69.11797,41.18332],[69.11859,41.19642],[69.11856,41.19709]],[[69.11638,41.20716],[69.11665,41.20654]],[[69.63291,40.82314],[69.63332,40.82321]],[[69.64459,40.82157],[69.64502,40.82142]],[[69.64347,40.82183],[69.64396,40.82169]],[[69.63174,40.82531],[69.63264,40.82496]],[[69.625,40.81979],[69.6259,40.81931]],[[69.62656,40.81872],[69.62352,40.82024]],[[69.62743,40.81837],[69.62669,40.81892],[69.6259,40.81931]],[[69.62656,40.81872],[69.62743,40.81834]],[[69.6283,40.81828],[69.62751,40.81833]],[[69.6553,40.8035],[69.65395,40.81226],[69.65246,40.81763],[69.65193,40.8185],[69.65122,40.81941],[69.65032,40.82017],[69.64953,40.82068],[69.64794,40.82114],[69.64607,40.82153],[69.6418,40.82216],[69.64096,40.82239],[69.63794,40.82369],[69.63739,40.82386],[69.63619,40.82395],[69.63523,40.82392]],[[69.6565,40.8088],[69.65607,40.81069],[69.65566,40.81323],[69.65508,40.81572],[69.65418,40.81829],[69.65355,40.81971],[69.65318,40.82013],[69.6525,40.82069]],[[69.63781,40.82906],[69.63932,40.82672],[69.63985,40.82614]],[[69.62439,40.81981],[69.62462,40.81962]],[[69.625,40.81979],[69.62404,40.82028]],[[69.62387,40.82006],[69.62359,40.82015]],[[69.6215,40.82223],[69.62048,40.82316]],[[69.64262,40.82206],[69.64335,40.82185],[69.6461,40.82141],[69.64765,40.8211],[69.64915,40.82054],[69.65,40.82008],[69.65042,40.81972],[69.65163,40.81838],[69.65255,40.81612],[69.6534,40.8133],[69.65427,40.80691],[69.65472,40.80404],[69.6552,40.80181],[69.65502,40.80123],[69.65473,40.80085],[69.65344,40.80051],[69.65162,40.8011],[69.64959,40.80239],[69.64596,40.80577],[69.64272,40.80962],[69.64009,40.81249],[69.63735,40.8153],[69.63601,40.81638]],[[69.65146,40.79713],[69.65344,40.79727],[69.65476,40.79755],[69.65683,40.79819],[69.65763,40.79885],[69.65865,40.79998],[69.65911,40.80088],[69.65917,40.80137],[69.65889,40.80408],[69.65858,40.80555],[69.65837,40.80606]],[[69.665,40.88767],[69.66355,40.89104]],[[69.65998,40.9085],[69.6589,40.90937]],[[69.64977,40.90965],[69.65016,40.90894],[69.65108,40.90785]],[[69.56037,40.86153],[69.56465,40.86175]],[[69.5694,40.84251],[69.56878,40.84117]],[[69.66343,40.91047],[69.66388,40.91003],[69.6666,40.90801]],[[69.57231,40.84879],[69.57292,40.84913],[69.57371,40.84937]],[[69.61733,40.82355],[69.61804,40.82321],[69.6195,40.82266],[69.62022,40.82246],[69.62094,40.82215]],[[69.62749,40.82311],[69.62752,40.82303]],[[69.63627,40.82388],[69.63662,40.8238]],[[69.63325,40.82098],[69.63328,40.82075],[69.63381,40.82],[69.63468,40.81902],[69.63899,40.8153],[69.64112,40.81334],[69.64466,40.80942],[69.64702,40.80698],[69.64736,40.80667],[69.64982,40.805]],[[69.75448,40.85346],[69.75559,40.85328],[69.75718,40.85281],[69.7574,40.85273],[69.75822,40.85213],[69.7593,40.85052],[69.76457,40.84481]],[[69.75519,40.84501],[69.758,40.84904]],[[69.75503,40.84397],[69.75731,40.84737],[69.75822,40.84948]],[[69.75529,40.85325],[69.75571,40.85325]],[[69.73375,40.84441],[69.73712,40.84352],[69.73803,40.84344],[69.73873,40.84347],[69.73996,40.8438],[69.74108,40.8447]],[[69.72777,40.84965],[69.72826,40.84967]],[[69.74007,40.84838],[69.73966,40.84855],[69.73843,40.84883],[69.73353,40.84961],[69.73263,40.84969],[69.72218,40.85007]],[[69.72355,40.84999],[69.72501,40.84989],[69.7278,40.84984]],[[69.74527,40.80901],[69.74304,40.81236],[69.74059,40.81478],[69.7394,40.81628],[69.73911,40.81708],[69.73874,40.82093],[69.7384,40.82156],[69.73772,40.82231],[69.73666,40.82315],[69.73619,40.82376],[69.736,40.82444],[69.73601,40.8251],[69.73686,40.82746],[69.73686,40.82816],[69.73662,40.82869],[69.73486,40.83065],[69.73404,40.83115],[69.7332,40.83138],[69.72983,40.83184],[69.72851,40.83219],[69.72748,40.83286],[69.72707,40.83345],[69.72678,40.83426],[69.72677,40.83594],[69.72689,40.83789],[69.72725,40.83898],[69.72952,40.84235],[69.73083,40.8435],[69.73173,40.84412],[69.73298,40.84437],[69.73375,40.84441]],[[69.74531,40.80891],[69.74527,40.80901]],[[69.74766,40.79689],[69.74739,40.79897]],[[69.7478,40.79649],[69.74804,40.79627]],[[69.75067,40.79331],[69.74824,40.79596],[69.74773,40.79676],[69.74753,40.79713],[69.74709,40.79961]],[[69.74933,40.79459],[69.75036,40.79358]],[[69.60337,40.8152],[69.60269,40.81848],[69.60267,40.81879],[69.60302,40.81972],[69.60367,40.82017],[69.60434,40.8204],[69.60544,40.82052],[69.60731,40.82048]],[[69.62015,40.82139],[69.62075,40.82093],[69.6225,40.82004],[69.62308,40.81983],[69.62524,40.81926]],[[69.62324,40.82087],[69.62025,40.82234],[69.61898,40.82272]],[[69.61581,40.81944],[69.62326,40.81643],[69.62396,40.81617],[69.62458,40.81607],[69.62533,40.81612],[69.6269,40.81661],[69.62783,40.81697],[69.62837,40.81728],[69.62884,40.81766]],[[69.53802,40.84896],[69.53856,40.84907]],[[69.53756,40.85635],[69.53758,40.85253],[69.53798,40.85114],[69.53827,40.8508],[69.53891,40.85028]],[[69.52775,40.84895],[69.52918,40.84904],[69.53889,40.84922],[69.53936,40.84918]],[[69.52805,40.84913],[69.53859,40.84938]],[[69.57264,40.84627],[69.57701,40.85008]],[[69.62497,40.82082],[69.624,40.82132],[69.62221,40.82188],[69.6215,40.82223]],[[69.63373,40.82346],[69.63465,40.82395],[69.63514,40.82409],[69.63607,40.82423]],[[69.63619,40.82395],[69.63646,40.82399]],[[69.64934,40.8054],[69.64949,40.80522]],[[69.63397,40.82469],[69.63453,40.82455],[69.63511,40.82451],[69.63627,40.82455],[69.63786,40.82438],[69.64238,40.82292],[69.64615,40.82235],[69.64746,40.82207],[69.64911,40.82163],[69.65105,40.82076]],[[69.64749,40.91324],[69.64684,40.91417],[69.6465,40.91481],[69.64625,40.91557],[69.64622,40.91653],[69.64637,40.91712]],[[69.81296,40.92021],[69.81576,40.92013]],[[69.57054,40.8454],[69.57067,40.84604],[69.57072,40.84734],[69.57176,40.84845],[69.57237,40.84889],[69.57332,40.84932],[69.57466,40.84949],[69.57565,40.8498]],[[69.15128,41.35267],[69.15166,41.35321]],[[69.14857,41.34849],[69.14877,41.34892]],[[69.14394,41.33359],[69.14537,41.3384]],[[69.1335,41.31628],[69.13421,41.31693],[69.13694,41.32018],[69.13729,41.32072]],[[69.1152,41.28842],[69.11667,41.28625],[69.11684,41.28577],[69.11678,41.28489]],[[69.1157,41.27952],[69.11576,41.27997]],[[69.11576,41.27997],[69.11613,41.2818]],[[69.21663,41.25392],[69.23334,41.26167]],[[69.13666,41.32008],[69.13852,41.32238],[69.13892,41.32304],[69.14394,41.33359]],[[69.25176,40.21081],[69.25169,40.21093]],[[69.61727,40.82347],[69.6182,40.82299]],[[69.56516,40.79464],[69.56319,40.79725],[69.56283,40.79802],[69.56263,40.79868]],[[69.56529,40.79471],[69.56338,40.79723],[69.56275,40.79828]],[[69.56203,40.80001],[69.56263,40.79868],[69.56344,40.7973],[69.56584,40.79416]],[[69.62019,40.81785],[69.62149,40.81733]],[[69.61287,40.82058],[69.61567,40.81949],[69.61662,40.8192]],[[69.61422,40.82007],[69.61454,40.81988]],[[69.61267,40.82053],[69.61281,40.82051]],[[69.61268,40.82062],[69.61282,40.82059]],[[69.61564,40.82416],[69.61589,40.82404]],[[69.61716,40.82346],[69.6166,40.82374]],[[69.61608,40.82394],[69.61714,40.82342]],[[69.62181,40.8217],[69.62249,40.82136]],[[69.95061,40.95958],[69.95046,40.95952]],[[69.94068,40.95139],[69.93954,40.9507],[69.93569,40.94873],[69.93388,40.94803],[69.93106,40.9471],[69.92657,40.94591],[69.9221,40.94528],[69.91918,40.94525],[69.91743,40.9451],[69.91678,40.94498],[69.91129,40.94473],[69.90552,40.94435]],[[69.90552,40.94435],[69.90107,40.94405],[69.90039,40.94389],[69.89914,40.94345],[69.89805,40.94275],[69.89762,40.94235],[69.89694,40.94156],[69.8954,40.93944],[69.89451,40.93843],[69.8935,40.93778],[69.89224,40.9373],[69.88818,40.93641],[69.88613,40.9361],[69.88451,40.93618],[69.88079,40.93704]],[[69.86821,40.93738],[69.8679,40.93737]],[[69.83071,40.92355],[69.83017,40.92314]],[[69.83706,40.92862],[69.83568,40.92819],[69.83437,40.92754],[69.83368,40.92693],[69.83312,40.92627],[69.83193,40.92461]],[[69.8267,40.9205],[69.81878,40.91575]],[[69.82123,40.92077],[69.82435,40.9213]],[[69.88079,40.93704],[69.88075,40.93705]],[[69.81878,40.91575],[69.81807,40.9153]],[[69.65851,40.85496],[69.65084,40.85478],[69.63796,40.85459]],[[69.63394,40.85602],[69.63421,40.85581]],[[69.63524,40.85529],[69.63184,40.85705]],[[69.63077,40.85753],[69.63121,40.85736]],[[69.6395,40.85457],[69.63987,40.85461]],[[69.6399,40.8545],[69.64031,40.85459]],[[69.67113,40.83781],[69.6675,40.83757],[69.66671,40.83757],[69.66378,40.83695],[69.66271,40.83663],[69.66206,40.83629],[69.65754,40.83193],[69.65665,40.83111],[69.65606,40.8307],[69.65516,40.83033],[69.65153,40.82906]],[[69.64581,40.82772],[69.64716,40.82772],[69.64798,40.82788],[69.64874,40.82808],[69.65017,40.8286]],[[69.64552,40.834],[69.64526,40.83537],[69.64482,40.83644],[69.64484,40.83688],[69.64506,40.8374],[69.6455,40.8381],[69.64623,40.83876],[69.64719,40.83945],[69.64786,40.83972],[69.64885,40.83993],[69.64988,40.84004],[69.65101,40.84007],[69.65157,40.83997],[69.65226,40.83965],[69.65295,40.83919],[69.65397,40.83827],[69.65467,40.83625],[69.65485,40.83501],[69.65423,40.83162],[69.65396,40.83094],[69.65375,40.83062],[69.65309,40.82996],[69.65272,40.82972],[69.6505,40.82872]],[[69.65153,40.82906],[69.6505,40.82872]],[[69.64259,40.82601],[69.64306,40.8261]],[[69.62908,40.82619],[69.62939,40.82603]],[[69.81184,40.92132],[69.81297,40.92123],[69.8173,40.92114]],[[69.81135,40.92138],[69.81184,40.92132],[69.81737,40.9212]],[[69.80061,40.92413],[69.8012,40.92433],[69.80186,40.92441],[69.80288,40.92425],[69.80435,40.92384]],[[69.80649,40.92156],[69.80782,40.92137],[69.80941,40.92091],[69.81718,40.92067]],[[69.81807,40.9153],[69.81241,40.91175],[69.80978,40.9109],[69.79756,40.90806],[69.796,40.90802],[69.79458,40.90836]],[[69.76966,40.91617],[69.76909,40.91619]],[[69.65605,40.81449],[69.65683,40.81164],[69.65782,40.80861],[69.65874,40.80432]],[[69.65908,40.80757],[69.65713,40.81264],[69.65651,40.81556],[69.6561,40.81673]],[[69.65346,40.7984],[69.6525,40.79841],[69.65174,40.7985],[69.65082,40.79874],[69.64978,40.79889],[69.64898,40.7991],[69.64804,40.79951],[69.64203,40.80613],[69.63921,40.80956],[69.63698,40.81202],[69.6343,40.81543],[69.63362,40.81644],[69.63243,40.8186],[69.63134,40.82016]],[[69.6553,40.8035],[69.65582,40.80151]],[[69.62019,40.81785],[69.62053,40.81765]],[[69.62219,40.82042],[69.62345,40.82016]],[[69.61647,40.82381],[69.61612,40.82399]],[[69.61714,40.82342],[69.62545,40.8192],[69.62697,40.81835],[69.62802,40.81791],[69.62857,40.81776]],[[69.62558,40.82038],[69.62314,40.82158]],[[69.66822,40.90855],[69.66634,40.90998],[69.66557,40.91079],[69.66464,40.91153],[69.66409,40.91179],[69.66365,40.91189],[69.66203,40.91198],[69.66114,40.9123]],[[69.6473,40.93264],[69.646,40.93188],[69.64566,40.93152],[69.6452,40.93077]],[[69.65458,40.93287],[69.65446,40.93224]],[[69.65018,40.92505],[69.65072,40.92579],[69.65104,40.92598],[69.65203,40.92638],[69.65459,40.9276]],[[69.66184,40.90891],[69.65929,40.91081],[69.65837,40.91134],[69.65776,40.91147],[69.6564,40.91148],[69.6555,40.9118]],[[69.65604,40.90238],[69.65575,40.90263],[69.65488,40.90378],[69.64874,40.91119]],[[69.6497,40.9106],[69.65035,40.90998],[69.65539,40.90391],[69.65577,40.90319]],[[69.65245,40.90678],[69.6495,40.91034]],[[69.6555,40.90346],[69.64996,40.91008],[69.6492,40.91079]],[[69.04561,41.09686],[69.04506,41.09616],[69.0442,41.09526],[69.03099,41.08395]],[[69.03775,41.09752],[69.03651,41.0975]],[[69.04953,41.10285],[69.04838,41.10244],[69.04808,41.10228],[69.04773,41.10193]],[[69.07135,41.12812],[69.07223,41.13037]],[[69.24086,41.07243],[69.24091,41.07267]],[[69.04255,41.0938],[69.04424,41.09524],[69.04511,41.09614],[69.04565,41.09685]],[[69.04815,41.10243],[69.04752,41.10228],[69.0471,41.10207],[69.04675,41.10178]],[[69.00441,41.06455],[69.00491,41.0648]],[[69.02703,41.08047],[69.03104,41.08392]],[[69.03639,41.09713],[69.03558,41.09643],[69.03521,41.09596]],[[68.97428,41.04269],[68.97553,41.04435],[68.97635,41.04531],[68.97742,41.04631],[68.97952,41.04791]],[[68.95265,41.02156],[68.95309,41.0221]],[[68.96875,41.02781],[68.96879,41.02671],[68.969,41.0257]],[[68.9694,41.02574],[68.96904,41.02715],[68.96875,41.02781],[68.96863,41.02836],[68.96856,41.02892],[68.96866,41.02953]],[[68.97409,41.04243],[68.97428,41.04269]],[[69.11876,41.17694],[69.11787,41.17627]],[[69.11428,41.1702],[69.11497,41.17085],[69.11523,41.1712],[69.11561,41.17305],[69.11592,41.17402],[69.11691,41.17564],[69.11775,41.17635]],[[69.11712,41.17303],[69.11753,41.1739],[69.11786,41.17507],[69.11813,41.17554],[69.12132,41.17816]],[[69.12074,41.17636],[69.12005,41.17518],[69.11755,41.17327]],[[69.11813,41.17694],[69.11688,41.17596],[69.11636,41.17502]],[[69.11782,41.17632],[69.11872,41.17697]],[[69.11658,41.17584],[69.11696,41.17655],[69.1179,41.17734]],[[69.121,41.17882],[69.11982,41.17865],[69.11866,41.17829],[69.11818,41.17799],[69.11765,41.17753],[69.11678,41.1764]],[[69.11984,41.17784],[69.11933,41.17755],[69.11865,41.17701]],[[69.11621,41.17451],[69.11665,41.17496],[69.11724,41.17541],[69.11842,41.17614],[69.11925,41.17678],[69.12081,41.17823],[69.12133,41.17854],[69.122,41.17876],[69.12254,41.17882],[69.12383,41.17872]],[[69.11933,41.17795],[69.12036,41.17862],[69.12102,41.17878],[69.1219,41.17882]],[[69.11646,41.17539],[69.11692,41.17616],[69.11726,41.17642]],[[69.11789,41.18312],[69.1179,41.18332]],[[69.11796,41.18608],[69.11783,41.18333]],[[69.11796,41.18608],[69.118,41.18527]],[[69.11876,41.19895],[69.11886,41.19817],[69.11942,41.19678],[69.11952,41.19626],[69.11944,41.19349]],[[69.11876,41.19782],[69.11885,41.19673],[69.11856,41.19041],[69.11838,41.18843]],[[69.11647,41.17199],[69.11984,41.17453],[69.12042,41.17511]],[[69.65698,40.9014],[69.64937,40.91056]],[[69.64907,40.91067],[69.64968,40.90976],[69.6546,40.90382],[69.65713,40.90106]],[[69.65553,40.90281],[69.65575,40.90263]],[[69.65915,40.89898],[69.65941,40.89862]],[[69.65664,40.90194],[69.65646,40.90206]],[[69.66552,40.88651],[69.665,40.88767]],[[69.19222,41.24014],[69.19312,41.24008],[69.19388,41.24024],[69.19502,41.2409]],[[69.19149,41.24455],[69.19254,41.24452]],[[69.19324,41.25094],[69.19479,41.24599],[69.19505,41.24539]],[[69.19159,41.24908],[69.19263,41.24556],[69.19328,41.24492],[69.19356,41.24478],[69.19475,41.24448]],[[69.19738,41.24941],[69.19656,41.24849],[69.19586,41.24755],[69.19531,41.24638]],[[69.19484,41.2505],[69.19562,41.24759],[69.19531,41.24638]],[[69.2003,41.24414],[69.20863,41.24939],[69.21334,41.25207]],[[69.21509,41.2531],[69.20871,41.24938],[69.18853,41.23675],[69.1872,41.23564],[69.18005,41.2285]],[[69.59107,41.44614],[69.5894,41.44647],[69.58789,41.44715]],[[69.57643,41.44709],[69.57673,41.44727]],[[69.5813,41.45545],[69.58241,41.45553]],[[69.58137,41.45213],[69.58323,41.45373]],[[69.58187,41.45279],[69.58282,41.45344]],[[69.58449,41.45579],[69.58507,41.4561]],[[69.57847,41.44942],[69.58081,41.45143]],[[69.57852,41.44938],[69.58103,41.45158]],[[69.58462,41.4562],[69.58521,41.45641],[69.5855,41.45666],[69.58582,41.45722]],[[69.58424,41.4547],[69.58492,41.45545],[69.58534,41.45616]],[[69.58618,41.46259],[69.58738,41.46284],[69.58819,41.46355]],[[69.58528,41.45779],[69.58567,41.4579],[69.58643,41.45845]],[[69.58369,41.4579],[69.58578,41.45821],[69.58617,41.45839],[69.58639,41.45859],[69.58681,41.45925]],[[69.58605,41.45816],[69.58559,41.45781],[69.5839,41.4575]],[[69.5948,41.4759],[69.5952,41.47644],[69.59605,41.47824]],[[69.57189,41.45116],[69.57486,41.45164]],[[69.57679,41.45177],[69.57428,41.45147],[69.57236,41.45113]],[[69.59152,41.45124],[69.59152,41.45101]],[[69.59061,41.44914],[69.59015,41.44776]],[[69.57842,41.44805],[69.57888,41.44828],[69.58014,41.44932]],[[69.58806,41.44711],[69.58885,41.44681],[69.59111,41.44635]],[[69.58335,41.44899],[69.58455,41.44817],[69.58513,41.44791]],[[69.58552,41.44781],[69.58477,41.448],[69.58421,41.44823]],[[69.57885,41.44818],[69.57763,41.44758],[69.5759,41.44583]],[[69.58751,41.45855],[69.58829,41.4607]],[[69.26885,41.21128],[69.27131,41.21366],[69.27247,41.21444],[69.27319,41.21476],[69.27487,41.21512],[69.27575,41.21518],[69.27721,41.21515],[69.27892,41.21528],[69.28182,41.21617]],[[69.25565,41.21458],[69.25681,41.21288],[69.25692,41.21245],[69.25683,41.21194],[69.25661,41.21162],[69.25585,41.21089],[69.25371,41.20915],[69.25316,41.20856],[69.25223,41.20722]],[[69.25674,41.21156],[69.25779,41.21286],[69.25798,41.21328],[69.25796,41.21377],[69.25785,41.21404],[69.25555,41.21714]],[[69.25504,41.21556],[69.25641,41.21367],[69.25701,41.21262],[69.25702,41.21215],[69.25688,41.2118],[69.25632,41.21119]],[[69.25843,41.2131],[69.25792,41.21257]],[[69.2554,41.21045],[69.25707,41.21167],[69.25772,41.21184],[69.2588,41.21193]],[[69.2582,41.21342],[69.25846,41.21414],[69.25849,41.2145],[69.25836,41.21513],[69.25815,41.21547]],[[69.259,41.21462],[69.25622,41.21845]],[[69.25449,41.19271],[69.25129,41.19473],[69.25024,41.19573],[69.24947,41.19664]],[[69.25372,41.17406],[69.25562,41.17678],[69.25599,41.17716],[69.25643,41.17741]],[[69.21132,41.17514],[69.21089,41.17566],[69.2104,41.17691],[69.21006,41.17723]],[[69.20987,41.1775],[69.20851,41.17853]],[[69.21259,41.17412],[69.21166,41.17512],[69.21148,41.17557],[69.21153,41.17615],[69.21208,41.17697]],[[69.24671,41.19235],[69.24705,41.19386]],[[69.31154,41.29747],[69.30824,41.29846],[69.30594,41.29856],[69.30377,41.2989],[69.30213,41.29885]],[[69.31347,41.28813],[69.31332,41.28901],[69.31287,41.29029],[69.31282,41.29085],[69.31303,41.29186],[69.31354,41.29258],[69.31393,41.293],[69.31446,41.29336],[69.31566,41.2939],[69.31642,41.29407],[69.31707,41.29414],[69.31821,41.2941]],[[69.24921,41.21391],[69.24821,41.21397],[69.24672,41.21423],[69.24625,41.21441],[69.24586,41.21466]],[[69.24648,41.21403],[69.24589,41.21458]],[[69.2461,41.21434],[69.24644,41.21378],[69.2472,41.20882]],[[69.26895,41.20834],[69.27108,41.20961]],[[69.23386,41.22019],[69.23333,41.21995],[69.233,41.21969],[69.23216,41.21861],[69.23186,41.21834],[69.22947,41.21729]],[[69.24469,41.21271],[69.24433,41.2124],[69.2431,41.21171]],[[69.24281,41.21163],[69.24469,41.21271]],[[69.25152,41.20598],[69.25199,41.2065],[69.25223,41.20722]],[[69.1902,41.23777],[69.20584,41.24753],[69.21513,41.25308]],[[69.30306,41.29479],[69.30495,41.29547],[69.30561,41.29577]],[[69.31307,41.29563],[69.30366,41.29814],[69.30204,41.29847]],[[69.30252,41.29853],[69.30369,41.29841],[69.30994,41.29678]],[[69.30878,41.29557],[69.31051,41.2958],[69.31145,41.29573]],[[69.30374,41.29434],[69.30516,41.29488],[69.30582,41.29503]],[[69.32432,41.29557],[69.32562,41.29531],[69.32591,41.29531],[69.33072,41.29646],[69.33196,41.29689]],[[69.24043,41.2221],[69.23942,41.22211],[69.23895,41.22218],[69.23735,41.22261]],[[69.23789,41.22139],[69.23677,41.22131],[69.2361,41.22109]],[[69.22204,41.25659],[69.23022,41.26042]],[[69.23627,41.26278],[69.2351,41.26247],[69.23402,41.26204],[69.2166,41.25395]],[[69.2176,41.25451],[69.2186,41.25495]],[[69.21593,41.25354],[69.21663,41.25392]],[[69.21548,41.25327],[69.21593,41.25354]],[[69.3671,41.38055],[69.36883,41.37864],[69.37028,41.37746],[69.37138,41.37703]],[[69.36245,41.37483],[69.36367,41.37397]],[[69.37156,41.3705],[69.3706,41.37052]],[[69.32109,41.33957],[69.32131,41.3399],[69.32176,41.34029]],[[69.31523,41.32811],[69.31557,41.32866],[69.31641,41.32956]],[[69.22944,40.21515],[69.23153,40.2157]],[[69.57185,41.45122],[69.57406,41.45156]],[[69.57379,41.45237],[69.57486,41.45218],[69.57614,41.45185]],[[69.57347,41.45193],[69.57465,41.45175],[69.57548,41.45173]],[[69.5735,41.45234],[69.57572,41.45193]],[[69.57411,41.45245],[69.57518,41.45224],[69.57622,41.45184]],[[69.52265,41.41617],[69.52305,41.41626]],[[69.52216,41.41602],[69.51438,41.41351],[69.51183,41.41247]],[[69.51131,41.4122],[69.51228,41.4127],[69.51483,41.41372],[69.52321,41.41636]],[[69.48747,41.40251],[69.48742,41.40248]],[[70.16944,41.01721],[70.16964,41.01741]],[[69.51789,40.93443],[69.51007,40.93887],[69.5082,40.94013]],[[69.6452,40.93077],[69.64446,40.92891],[69.64434,40.92838],[69.64434,40.92804],[69.64508,40.92691],[69.64565,40.92659],[69.64739,40.92622],[69.64898,40.92567],[69.64964,40.92512],[69.64982,40.92478],[69.64982,40.92432]],[[69.64611,40.93293],[69.6452,40.93077]],[[69.65619,40.9327],[69.65599,40.93201],[69.65592,40.93024]],[[69.56426,41.43811],[69.56025,41.43734]],[[70.08174,40.99749],[70.08073,40.99729]],[[69.56098,41.44053],[69.55588,41.43654],[69.54517,41.42862],[69.54309,41.4273],[69.5358,41.42305]],[[69.7144,41.56089],[69.71475,41.5609]],[[69.684,41.54739],[69.67987,41.5451]],[[69.53719,41.42517],[69.5376,41.42567],[69.53813,41.4261],[69.54074,41.42769]],[[69.58042,41.44848],[69.58117,41.44854],[69.58215,41.44847],[69.58449,41.44802],[69.58727,41.44732]],[[69.59269,41.45409],[69.59056,41.44805],[69.59019,41.44762],[69.58977,41.44738],[69.5891,41.44721],[69.58849,41.44723]],[[69.58709,41.44751],[69.58789,41.44715],[69.59113,41.4464]],[[69.58822,41.44708],[69.58908,41.4468],[69.59011,41.44661]],[[69.59123,41.44269],[69.58954,41.44366],[69.58922,41.44405]],[[69.59003,41.44149],[69.59012,41.44212],[69.59005,41.44244],[69.58975,41.443]],[[69.58946,41.44073],[69.58992,41.44228],[69.58975,41.443],[69.58941,41.44354]],[[69.58816,41.447],[69.58875,41.44646],[69.58891,41.44615],[69.58897,41.44474],[69.58941,41.44354],[69.5895,41.44293],[69.58933,41.44192],[69.58882,41.44064]],[[69.58987,41.46706],[69.5875,41.46026],[69.58592,41.45623],[69.58531,41.45515],[69.5841,41.45372],[69.5805,41.45064],[69.57642,41.44699],[69.57584,41.44654],[69.57516,41.44613]],[[69.58368,41.45548],[69.58412,41.45576]],[[69.58337,41.45814],[69.58431,41.4582],[69.5859,41.4585],[69.58644,41.45887],[69.58698,41.45967]],[[69.59051,41.46899],[69.59176,41.47237],[69.59221,41.47313]],[[69.59483,41.47586],[69.59513,41.47624]],[[69.58548,41.45873],[69.58624,41.45888],[69.58663,41.45915]],[[69.59247,41.45414],[69.59078,41.44952],[69.59007,41.44795],[69.58972,41.44757],[69.58902,41.44727],[69.58806,41.44731],[69.58709,41.44751]],[[69.57975,41.4484],[69.58042,41.44848]],[[69.60174,41.48367],[69.6015,41.48335]],[[69.60085,41.48592],[69.60157,41.48658],[69.60258,41.48688],[69.60522,41.48724],[69.60603,41.48761]],[[69.58654,41.46065],[69.58725,41.46111],[69.5876,41.46153]],[[69.73981,41.57219],[69.73784,41.57185],[69.73562,41.57119]],[[69.73389,41.57059],[69.73456,41.57096],[69.73517,41.57148],[69.73726,41.5728],[69.73827,41.57321],[69.73921,41.57344],[69.747,41.57473]],[[69.42124,41.43397],[69.41728,41.43294],[69.41572,41.43242],[69.40822,41.42816],[69.40671,41.42726],[69.40602,41.42677],[69.4053,41.42614],[69.40477,41.42553],[69.4031,41.4234],[69.4011,41.42064],[69.40051,41.4196],[69.40039,41.41817],[69.40024,41.4176],[69.39981,41.41689],[69.39941,41.41651],[69.3947,41.41309],[69.38896,41.40956],[69.38735,41.40838],[69.3848,41.40722]],[[69.52587,41.41737],[69.52565,41.41726]],[[69.52565,41.41726],[69.52447,41.41677],[69.52321,41.41636]],[[69.59051,41.46899],[69.59033,41.46846]],[[69.58735,41.46474],[69.58788,41.46492],[69.5882,41.46511],[69.58851,41.46536],[69.58877,41.46573]],[[69.586,41.46345],[69.58733,41.46365],[69.58786,41.46401],[69.58816,41.46443],[69.58954,41.46732]],[[69.58468,41.45508],[69.58529,41.45584],[69.58582,41.45722],[69.58704,41.4598],[69.58821,41.46321],[69.58859,41.4648],[69.58954,41.46732],[69.58975,41.46776],[69.59027,41.46848]],[[69.58773,41.46221],[69.58722,41.46157]],[[69.58484,41.46204],[69.58615,41.46224],[69.5872,41.46248],[69.58745,41.4626],[69.58796,41.46299],[69.58838,41.46405]],[[69.73107,41.56962],[69.73294,41.57019]],[[69.61919,41.50384],[69.61678,41.50119],[69.61592,41.50004],[69.61517,41.49867],[69.61421,41.49632],[69.61387,41.49582],[69.61334,41.49526]],[[69.59859,41.47987],[69.59886,41.48025]],[[69.59589,41.47793],[69.59661,41.4787]],[[69.60003,41.4813],[69.59953,41.48068],[69.59575,41.47671],[69.59508,41.47613]],[[69.61423,41.50589],[69.61494,41.50608],[69.61622,41.50631],[69.62028,41.50682]],[[69.61747,41.5065],[69.61803,41.50647],[69.61864,41.50654],[69.61934,41.50666],[69.6196,41.50676]],[[67.45082,39.93729],[67.45012,39.93775],[67.44935,39.93884],[67.44891,39.93929]],[[67.49826,39.90725],[67.49837,39.90773]],[[67.58989,40.35023],[67.59272,40.34995]],[[69.30162,41.26545],[69.30254,41.26541],[69.30315,41.2652],[69.30359,41.26494],[69.30444,41.26386]],[[69.24958,41.37416],[69.24944,41.37435]],[[69.24137,41.37741],[69.24169,41.37696],[69.242,41.3767],[69.24872,41.37214],[69.24977,41.37129]],[[69.25056,41.37074],[69.24913,41.37203],[69.24206,41.37686],[69.24141,41.37745]],[[69.24108,41.37783],[69.24211,41.37689],[69.24904,41.37216],[69.25056,41.37074]],[[69.23892,41.37998],[69.23931,41.37944],[69.24058,41.37802],[69.24104,41.37715],[69.24145,41.37666],[69.245,41.37414],[69.24586,41.37356],[69.24692,41.37297]],[[69.24947,41.37269],[69.24899,41.37329],[69.24857,41.37368],[69.24457,41.37666],[69.24376,41.37718],[69.24189,41.37817],[69.24092,41.37896],[69.2403,41.37936]],[[69.22847,41.39449],[69.22825,41.39471]],[[69.23006,41.39291],[69.22945,41.39347]],[[69.23083,41.39188],[69.23047,41.39229]],[[69.25086,41.37049],[69.25056,41.37074]],[[69.25284,41.37119],[69.25069,41.37309],[69.24992,41.37395]],[[69.2533,41.37093],[69.24957,41.37421]],[[69.26971,41.20884],[69.27108,41.20961]],[[69.13522,41.18584],[69.13587,41.18639]],[[69.24689,41.19226],[69.24735,41.19425]],[[69.32023,41.33388],[69.32035,41.33436]],[[69.19095,41.41606],[69.19087,41.41624]],[[69.25416,41.36966],[69.25351,41.37037],[69.25039,41.37324]],[[69.25016,41.37289],[69.25029,41.37237],[69.25087,41.37172]],[[69.11513,41.28543],[69.11594,41.28422],[69.11612,41.28384],[69.11617,41.28336]],[[69.04681,41.09457],[69.04738,41.09421]],[[69.04629,41.09738],[69.05,41.10252],[69.05072,41.10331]],[[69.11245,41.16883],[69.11211,41.1685]],[[69.11061,41.16775],[69.10178,41.16119],[69.10099,41.16036]],[[69.10215,41.16162],[69.10268,41.16214],[69.10387,41.16307],[69.10896,41.16688],[69.11061,41.16778]],[[68.84924,40.21492],[68.84911,40.21322],[68.84926,40.21232],[68.84953,40.21177],[68.84984,40.21135],[68.85042,40.21079],[68.85116,40.21032],[68.85199,40.20999]],[[69.0894,40.23445],[69.08977,40.23474],[69.09039,40.23499],[69.09148,40.23505]],[[68.82843,40.21129],[68.84281,40.20992],[68.84389,40.20973],[68.84661,40.20891],[68.84897,40.20874],[68.84952,40.20881]],[[68.83162,40.21043],[68.83604,40.20819],[68.83874,40.20671]],[[68.83947,40.20597],[68.83159,40.20995],[68.82987,40.21071]],[[68.82987,40.21071],[68.82924,40.21095]],[[68.83095,40.20889],[68.82794,40.21088],[68.82669,40.21122],[68.82557,40.21141]],[[68.84072,40.21039],[68.83996,40.21052],[68.83678,40.21077]],[[68.83675,40.20905],[68.83765,40.20898]],[[69.36421,41.0008],[69.36447,41.00063]],[[69.32092,41.33918],[69.32088,41.33696]],[[69.11803,41.28793],[69.11815,41.28812]],[[69.34886,41.26192],[69.35008,41.26198]],[[69.33951,41.27294],[69.34033,41.27124]],[[69.24043,41.22233],[69.24224,41.2218],[69.24275,41.22156]],[[69.23916,41.22262],[69.23998,41.22221]],[[69.24342,41.22102],[69.24275,41.22156],[69.24198,41.2223],[69.24178,41.22279],[69.24167,41.22355]],[[69.24237,41.22352],[69.24251,41.22243],[69.24296,41.22162],[69.24359,41.22085]],[[69.26077,41.26819],[69.25747,41.2689],[69.25702,41.26893],[69.25651,41.26887],[69.25352,41.26831],[69.25252,41.26779],[69.25188,41.26733],[69.24897,41.26602]],[[69.26556,41.26976],[69.26316,41.26833],[69.26271,41.26817],[69.26169,41.26797],[69.25889,41.26759],[69.25802,41.26752]],[[69.26004,41.26787],[69.26223,41.26815],[69.26278,41.26827],[69.26321,41.26844],[69.26587,41.27009]],[[69.25448,41.2672],[69.25647,41.26747],[69.25863,41.26752],[69.26214,41.26791],[69.26341,41.26833],[69.265,41.26931]],[[69.24506,41.27154],[69.24408,41.27154]],[[69.23633,41.26265],[69.23664,41.2627]],[[69.23296,41.26498],[69.23363,41.26577]],[[69.35566,41.00252],[69.35481,41.00273]],[[69.36418,41.00076],[69.36547,41.00021]],[[69.36255,41.00249],[69.36269,41.00317]],[[69.35694,41.00633],[69.36022,41.00488],[69.36161,41.0042],[69.36234,41.00341],[69.36278,41.00156],[69.36306,41.00117],[69.3637,41.00078],[69.36451,41.00045]],[[69.36219,41.00476],[69.36234,41.00341]],[[69.36135,41.00111],[69.36243,41.00071],[69.36435,41.00019]],[[69.35667,41.24665],[69.35511,41.2456]],[[69.35318,41.24461],[69.35361,41.24477],[69.35511,41.2456]],[[69.2509,41.37176],[69.25041,41.37221]],[[69.25294,41.37088],[69.25024,41.3733]],[[69.23381,41.00809],[69.23275,41.00843],[69.23137,41.00915]],[[69.23209,41.00893],[69.23394,41.00802],[69.23471,41.00757],[69.23526,41.00682],[69.23546,41.00624]],[[69.23665,41.00849],[69.23601,41.00728],[69.23599,41.00689],[69.23608,41.0064]],[[69.23562,41.00521],[69.23526,41.00742],[69.23533,41.01043]],[[69.23538,41.00913],[69.2353,41.00884]],[[69.23447,41.00774],[69.23389,41.00819],[69.23351,41.00867],[69.23341,41.00912],[69.23358,41.01047]],[[69.28366,41.28888],[69.28449,41.28959]],[[69.28577,41.28884],[69.28684,41.28901],[69.28732,41.28917],[69.28799,41.28957]],[[69.28802,41.29068],[69.28819,41.29083]],[[69.24996,41.12098],[69.24998,41.12114]],[[69.24965,41.26587],[69.25163,41.26594],[69.26214,41.26791]],[[69.25129,41.26598],[69.25175,41.26612],[69.26093,41.26778]],[[69.24596,41.26374],[69.24685,41.2636],[69.24763,41.26357],[69.24999,41.26399],[69.25189,41.26461]],[[69.24511,41.26282],[69.24558,41.26286],[69.24654,41.26268]],[[69.23962,41.26344],[69.2429,41.26419],[69.24403,41.26438]],[[69.23816,41.26319],[69.23658,41.2629]],[[69.23659,41.26285],[69.23627,41.26278]],[[69.26198,41.26773],[69.2514,41.26583],[69.25075,41.26579],[69.25018,41.26584]],[[69.26061,41.26698],[69.25977,41.26679]],[[69.11072,41.23496],[69.11016,41.2358]],[[69.06683,41.12335],[69.05917,41.11525],[69.05789,41.11369]],[[69.11822,41.17602],[69.11763,41.17536],[69.11733,41.17375]],[[69.11799,41.18479],[69.11808,41.1855]],[[69.1174,41.17344],[69.11706,41.17278]],[[69.12811,41.30987],[69.13299,41.31568]],[[69.23298,41.21595],[69.23209,41.21715],[69.23193,41.21768],[69.232,41.2181]],[[69.24466,41.17974],[69.24825,41.18278],[69.24901,41.18387],[69.25291,41.18717],[69.25334,41.18742],[69.2545,41.18778],[69.25507,41.18812],[69.25592,41.18939]],[[69.24912,41.18387],[69.25312,41.18723],[69.25404,41.18758],[69.25539,41.18769]],[[69.21301,41.25182],[69.21369,41.25227]],[[69.36016,41.24803],[69.35875,41.24643],[69.3583,41.24611],[69.35726,41.24565],[69.35633,41.24544]],[[69.36218,41.24763],[69.36175,41.24714],[69.36103,41.24656],[69.35774,41.24582]],[[69.3557,41.24526],[69.35543,41.24513],[69.35141,41.24402],[69.34816,41.24341]],[[69.36479,41.25912],[69.36367,41.25846]],[[69.3519,41.25302],[69.35256,41.25334],[69.3528,41.25375],[69.35288,41.25424],[69.35287,41.25451],[69.35267,41.25493],[69.35178,41.25612]],[[69.3435,41.26593],[69.35077,41.25735]],[[69.23005,41.26039],[69.22808,41.25964],[69.22435,41.25791],[69.22337,41.25744],[69.22149,41.25634]],[[69.24156,41.19112],[69.24312,41.1917],[69.24401,41.19191],[69.24452,41.1919],[69.24501,41.19177]],[[69.24062,41.19016],[69.2437,41.19112],[69.2452,41.19182],[69.24573,41.19197],[69.24631,41.19244],[69.24664,41.19293],[69.24738,41.19469]],[[69.24094,41.18573],[69.24245,41.18572],[69.24438,41.18619],[69.24595,41.18734]],[[69.24196,41.18395],[69.24305,41.18489],[69.24328,41.18501]],[[69.24853,41.19804],[69.24832,41.19838]],[[69.23538,41.17901],[69.23515,41.1771],[69.23495,41.17673]],[[69.23559,41.17722],[69.23632,41.17813],[69.23646,41.17848],[69.23651,41.17898]],[[69.24839,41.19792],[69.2478,41.19907],[69.2474,41.20019]],[[69.25851,41.21018],[69.24911,41.2045],[69.24876,41.20411],[69.24841,41.20354],[69.24778,41.2019],[69.24768,41.20122],[69.24784,41.20061]],[[69.20427,41.4076],[69.21366,41.4036]],[[69.19222,41.40453],[69.1924,41.40477]],[[69.2149,41.40296],[69.22301,41.39948],[69.2238,41.39913],[69.22453,41.39871],[69.22506,41.39834],[69.22587,41.39756],[69.22826,41.39481]],[[69.35158,41.24394],[69.35567,41.24507],[69.35774,41.24582]],[[69.35497,41.24489],[69.35568,41.24516]],[[69.36428,41.25048],[69.36438,41.25057]],[[69.35084,41.25059],[69.34821,41.24996]],[[69.34734,41.26141],[69.34767,41.26093],[69.3507,41.25736]],[[69.34766,41.26121],[69.35053,41.2578],[69.35125,41.25675]],[[69.35114,41.26059],[69.35214,41.26045],[69.3545,41.26038]],[[69.31321,41.32191],[69.31231,41.31894]],[[69.31459,41.32485],[69.31475,41.32535]],[[69.32333,41.34228],[69.32452,41.34311]],[[69.30006,41.26512],[69.29866,41.26468],[69.29759,41.26447]],[[69.29758,41.26455],[69.29738,41.26453]],[[69.31744,41.29517],[69.31579,41.29583],[69.30893,41.2981],[69.30763,41.29839]],[[69.31329,41.2955],[69.31381,41.29539]],[[69.31426,41.29517],[69.31906,41.2939],[69.32067,41.2934],[69.32218,41.29317]],[[69.32153,41.29348],[69.32387,41.29274],[69.32507,41.29222],[69.32664,41.29125],[69.3286,41.28976]],[[69.30632,41.29628],[69.3069,41.29637],[69.30774,41.29633]],[[69.29887,41.29636],[69.30323,41.2973],[69.3043,41.29742],[69.30553,41.29737]],[[69.33592,41.30131],[69.3356,41.2989],[69.33537,41.29852],[69.33484,41.29801]],[[69.39369,41.36556],[69.39334,41.36578],[69.39315,41.36599],[69.39275,41.36654],[69.3926,41.36692],[69.39267,41.36742],[69.39305,41.36805]],[[69.38134,41.40501],[69.38104,41.40441],[69.38089,41.40341],[69.38104,41.4027],[69.38163,41.40155]],[[69.30607,41.34316],[69.30786,41.34172],[69.30981,41.33941],[69.31064,41.33781],[69.31123,41.33583],[69.31167,41.33497]],[[69.25143,41.35901],[69.2511,41.35887],[69.2499,41.35781],[69.24957,41.35734]],[[69.24945,41.35957],[69.25086,41.35943],[69.25122,41.35947],[69.25207,41.35977],[69.2529,41.36026],[69.25563,41.36238]],[[69.25587,41.36147],[69.25696,41.36232],[69.25719,41.36263],[69.25733,41.36297],[69.2572,41.36397]],[[69.25682,41.3651],[69.25692,41.3647]],[[69.25399,41.36821],[69.25331,41.36881]],[[69.25031,41.37107],[69.25061,41.37073]],[[69.24898,41.37168],[69.24964,41.37129]],[[69.24957,41.37421],[69.24309,41.38019]],[[69.23206,41.38824],[69.23084,41.38996],[69.23065,41.39044]],[[69.25584,41.36702],[69.26151,41.36313],[69.26357,41.36124]],[[69.24029,41.37907],[69.24106,41.37844],[69.24327,41.37726],[69.24436,41.37661],[69.24828,41.37371],[69.2491,41.37289]],[[69.3209,41.33953],[69.32099,41.34024],[69.32167,41.34189],[69.32251,41.34316]],[[69.32091,41.33919],[69.321,41.33959],[69.32137,41.34025],[69.32183,41.34066],[69.32277,41.34177],[69.32425,41.34313],[69.32467,41.34376]],[[69.68418,41.54749],[69.684,41.54739]],[[69.65546,41.53162],[69.65619,41.53197]],[[69.65658,41.53218],[69.65711,41.53254],[69.66134,41.5349]],[[69.64618,41.52635],[69.64659,41.52663]],[[69.64158,41.52412],[69.64055,41.52381],[69.6397,41.52372],[69.63855,41.52346],[69.63723,41.52288]],[[69.63182,41.52071],[69.63245,41.5213],[69.6331,41.52161],[69.63383,41.52171],[69.63515,41.52158],[69.6358,41.52164]],[[69.28694,41.34912],[69.28555,41.34909],[69.28477,41.34913],[69.28247,41.34944],[69.27845,41.3501],[69.27765,41.35034],[69.27694,41.35066]],[[69.30607,41.34316],[69.30543,41.34362]],[[69.35083,41.26196],[69.35149,41.26212]],[[69.3457,41.26331],[69.34483,41.26396]],[[69.34426,41.2662],[69.34517,41.2649],[69.3453,41.26462],[69.34534,41.26391]],[[69.3455,41.26301],[69.34483,41.26396],[69.34433,41.26452],[69.34366,41.26488],[69.34302,41.26504],[69.34256,41.26506],[69.34194,41.26498],[69.33831,41.26378]],[[69.34135,41.2648],[69.34218,41.26487],[69.34264,41.2648],[69.34309,41.26466],[69.34383,41.26409]],[[69.33913,41.25871],[69.33852,41.2586],[69.33759,41.2586]],[[69.33767,41.25667],[69.33863,41.25736],[69.33899,41.25776],[69.33933,41.25829]],[[69.39597,41.35394],[69.39603,41.35385]],[[69.39479,41.35226],[69.39582,41.35224],[69.39656,41.35215],[69.39763,41.35172]],[[69.39576,41.35204],[69.39684,41.3506],[69.39731,41.35029],[69.39906,41.34956],[69.39952,41.3492]],[[69.39603,41.35385],[69.4024,41.34545],[69.40252,41.34521]],[[69.31154,41.29747],[69.31033,41.29828],[69.3097,41.29904],[69.30953,41.2996]],[[69.31116,41.31669],[69.30686,41.31078],[69.30568,41.30964]],[[69.31208,41.31827],[69.31231,41.31894]],[[69.3058,41.33975],[69.30631,41.33997],[69.307,41.34013]],[[69.32138,41.33986],[69.32176,41.34029],[69.32298,41.34123],[69.32719,41.34514]],[[69.32619,41.34418],[69.32675,41.34462]],[[69.26062,41.18599],[69.26045,41.18732],[69.26014,41.18783],[69.25958,41.18848],[69.25869,41.18939],[69.25811,41.18985],[69.25635,41.19082]],[[69.25629,41.19159],[69.25449,41.19271]],[[69.23409,41.17592],[69.23445,41.17641],[69.23456,41.17681],[69.23487,41.1791]],[[69.23495,41.17673],[69.23464,41.1764]],[[69.23524,40.21533],[69.23373,40.21518],[69.22397,40.21457]],[[69.21591,41.25356],[69.21546,41.25329]],[[69.24653,41.36209],[69.24722,41.36223],[69.24902,41.36291],[69.24964,41.36296],[69.25072,41.36282],[69.25102,41.36292],[69.2517,41.36293],[69.25265,41.36366]],[[69.24505,41.35771],[69.24556,41.36012],[69.2463,41.36126],[69.24673,41.36156],[69.24739,41.36186],[69.24893,41.36218]],[[69.26157,41.35722],[69.26284,41.35743],[69.2635,41.35768]],[[69.2603,41.35202],[69.26143,41.35261],[69.26175,41.35271],[69.26263,41.35276],[69.26362,41.35266]],[[69.25881,41.35595],[69.25994,41.35439],[69.26087,41.35377],[69.26309,41.35276],[69.264,41.35261],[69.26491,41.35271]],[[69.32806,41.34614],[69.32911,41.34824],[69.33086,41.34988]],[[68.76732,40.4871],[68.76596,40.49151]],[[68.73128,40.60528],[68.75369,40.53192],[68.75555,40.52575],[68.75622,40.5232]],[[68.70789,40.26727],[68.70918,40.26815]],[[68.76574,40.49248],[68.76585,40.49213]],[[69.1311,41.18456],[69.13223,41.18537]],[[67.83271,40.10121],[67.83199,40.10114],[67.83091,40.10086],[67.83012,40.10055],[67.82947,40.1002],[67.82862,40.09954],[67.82575,40.09676],[67.82478,40.09608],[67.82367,40.09556],[67.82277,40.09527],[67.82132,40.09504],[67.82009,40.09503],[67.81835,40.09516]],[[68.15062,40.07586],[68.14696,40.07618],[68.11556,40.07829],[68.10746,40.0791],[68.10491,40.07923],[68.09584,40.07926],[68.0934,40.07933],[68.09053,40.07953],[68.08651,40.08008],[68.08318,40.08075],[68.08128,40.08123]],[[67.4566,39.93246],[67.45686,39.93156],[67.45688,39.93104],[67.45678,39.93054],[67.45636,39.92978],[67.45627,39.92921],[67.45662,39.92743]],[[67.45767,39.92903],[67.45748,39.92956]],[[67.73887,40.09104],[67.73912,40.09105]],[[67.83742,40.09938],[67.83878,40.09936],[67.83983,40.09904]],[[68.17377,40.07405],[68.1745,40.07394]],[[67.63508,40.0389],[67.63482,40.0388]],[[68.36177,40.07512],[68.36155,40.07502]],[[68.39131,40.08748],[68.38981,40.08695],[68.36177,40.07512]],[[67.83496,40.10115],[67.83661,40.10091],[67.83768,40.10052],[67.83875,40.09996],[67.84525,40.0957],[67.84757,40.0947],[67.84884,40.09431]],[[67.84006,40.09909],[67.84114,40.09822],[67.84215,40.09763],[67.84297,40.09686],[67.84391,40.09621]],[[68.76075,40.51778],[68.76126,40.51777],[68.76272,40.51799],[68.76378,40.51808],[68.76562,40.5184]],[[68.76188,40.51778],[68.76246,40.51781],[68.76563,40.51834]],[[68.75637,40.5232],[68.75651,40.52277]],[[69.36659,41.25276],[69.3655,41.25155],[69.36341,41.24898]],[[69.36579,41.26002],[69.36229,41.25747],[69.35938,41.25402]],[[69.35731,41.25312],[69.3565,41.25322],[69.35575,41.25355]],[[69.35377,41.25445],[69.35428,41.25426]],[[69.35938,41.25402],[69.35867,41.25344],[69.35789,41.25317],[69.35731,41.25312]],[[69.34833,41.24987],[69.3503,41.25038],[69.35157,41.25086],[69.3528,41.2514],[69.35343,41.2519],[69.35374,41.25242],[69.35381,41.25301],[69.35332,41.25409],[69.35267,41.25493]],[[69.3539,41.25447],[69.35315,41.2548],[69.35287,41.255],[69.35077,41.25735]],[[69.35259,41.26055],[69.35449,41.26046]],[[69.36032,41.30431],[69.36094,41.30242],[69.36155,41.30183],[69.36261,41.30149],[69.363,41.30144],[69.3636,41.30145],[69.36648,41.30181]],[[68.04251,40.5285],[68.04228,40.52767],[68.03779,40.51508]],[[68.04864,40.53792],[68.04615,40.53562],[68.04533,40.53476],[68.04434,40.53325],[68.04363,40.53162],[68.04234,40.52805],[68.0376,40.51457]],[[68.04296,40.5337],[68.04269,40.53292],[68.04263,40.53231],[68.04298,40.53095],[68.04302,40.53037],[68.04255,40.52861]],[[68.76279,40.50221],[68.76574,40.49248]],[[68.76554,40.49339],[68.76415,40.49794]],[[68.76415,40.49794],[68.76438,40.4974],[68.76542,40.49395],[68.76574,40.49248]],[[68.76294,40.5013],[68.7623,40.50339]],[[68.76237,40.50321],[68.76271,40.50247]],[[68.76282,40.50188],[68.76237,40.50321]],[[69.3054,41.29741],[69.30405,41.29765],[69.30343,41.29764],[69.3025,41.2975]],[[69.29915,41.29567],[69.30464,41.29682],[69.30639,41.297],[69.30714,41.29691]],[[69.2932,41.2947],[69.29392,41.29534]],[[67.8366,40.10112],[67.83597,40.10121]],[[67.83485,40.10123],[67.83271,40.10121]],[[70.4484,41.16106],[70.44885,41.16134]],[[67.32178,40.53155],[67.3392,40.52613],[67.34163,40.52548],[67.37561,40.52065]],[[67.32126,40.53172],[67.32178,40.53155]],[[67.96057,40.32258],[67.96355,40.31865],[67.96427,40.31807],[67.96526,40.31776],[67.96665,40.31762],[67.96734,40.31773],[67.968,40.31799],[67.96851,40.31842],[67.96868,40.31867],[67.96901,40.31929],[67.96993,40.32161],[67.97052,40.32343]],[[67.37561,40.52065],[67.37625,40.52056]],[[67.37625,40.52056],[67.38053,40.51991],[67.38208,40.51951],[67.38319,40.51911]],[[69.23398,41.02571],[69.2333,41.02675],[69.23296,41.02752],[69.23275,41.02832],[69.23277,41.02933],[69.24086,41.07243]],[[69.24091,41.07267],[69.24308,41.08469]],[[69.2357,41.01376],[69.23556,41.011]],[[69.23557,41.01829],[69.23573,41.02132],[69.23565,41.02257]],[[69.23563,41.0209],[69.23565,41.02175],[69.2354,41.02293],[69.23517,41.02342],[69.23418,41.0249]],[[69.26283,41.00982],[69.26245,41.00978]],[[69.26245,41.00978],[69.2461,41.00796],[69.24493,41.00761],[69.24389,41.00712],[69.24106,41.00519],[69.24017,41.00483],[69.23968,41.00471],[69.23866,41.00466],[69.23757,41.00487],[69.23663,41.0053],[69.2359,41.00594],[69.23566,41.00639],[69.23547,41.00688],[69.23534,41.00806],[69.23548,41.01279]],[[69.17253,41.21828],[69.17058,41.21372],[69.16973,41.21241],[69.16915,41.21169],[69.1682,41.21073],[69.16653,41.2094],[69.14817,41.19563]],[[69.24998,41.12114],[69.25562,41.15128]],[[69.11704,41.17526],[69.12012,41.1776]],[[69.09199,41.15102],[69.09092,41.14944]],[[69.09224,41.15134],[69.09199,41.15102]],[[69.09208,41.15095],[69.09233,41.1513]],[[69.08462,41.14048],[69.08811,41.14539]],[[69.11387,41.16976],[69.14293,41.19161]],[[69.11319,41.16938],[69.11403,41.16995]],[[67.51637,40.42511],[67.5168,40.4241],[67.52646,40.39322],[67.52682,40.39222],[67.52768,40.39041],[67.52832,40.38936],[67.5299,40.38737]],[[67.54735,40.37759],[67.54556,40.3784]],[[67.55607,40.374],[67.55305,40.37524],[67.54354,40.37938]],[[67.55664,40.37375],[67.5555,40.37435],[67.5469,40.37805],[67.54621,40.3783]],[[67.3834,40.51902],[67.38714,40.5172],[67.40454,40.50834],[67.43145,40.49299],[67.43416,40.49138],[67.43602,40.48992],[67.48173,40.45172],[67.48276,40.45093],[67.5114,40.43111],[67.51246,40.43023],[67.51368,40.42902],[67.51448,40.42811],[67.51553,40.42669],[67.51626,40.42535]],[[69.30178,41.30711],[69.3024,41.30751]],[[69.30568,41.30964],[69.3024,41.30751]],[[69.29856,41.26476],[69.30161,41.26573]],[[69.3038,41.26761],[69.29911,41.26604]],[[69.31203,41.2691],[69.30845,41.26807],[69.30269,41.26614],[69.30181,41.26579]],[[68.70914,40.26819],[68.70784,40.26733]],[[69.35105,41.30577],[69.3498,41.30454]],[[69.34204,41.30196],[69.34225,41.30199]],[[69.35754,41.30168],[69.35668,41.30084]],[[69.35565,41.30585],[69.35491,41.30589],[69.35404,41.30575],[69.35349,41.30545],[69.3491,41.30154]],[[69.0657,41.12218],[69.06616,41.12275]],[[69.0647,41.1211],[69.06421,41.12066],[69.05936,41.11553],[69.05889,41.11494]],[[69.31116,41.31669],[69.3119,41.31782],[69.31208,41.31827]],[[69.3136,41.32204],[69.31388,41.32294]],[[69.31353,41.32202],[69.31381,41.32292]],[[69.31257,41.31957],[69.31308,41.32066],[69.31353,41.32202]],[[69.30904,41.29817],[69.31544,41.29607],[69.31624,41.29575]],[[69.33453,41.29787],[69.33484,41.29801],[69.33549,41.2985],[69.3358,41.29914],[69.33606,41.3012],[69.3362,41.30406]],[[69.31847,41.29473],[69.3191,41.29448]],[[69.31322,41.29799],[69.31364,41.2976],[69.31413,41.29735],[69.31463,41.29722],[69.3156,41.2971],[69.31706,41.2966],[69.31755,41.29639],[69.31856,41.29572],[69.31889,41.29561],[69.32136,41.29552],[69.32201,41.29565],[69.32432,41.29557]],[[69.31239,41.29716],[69.31467,41.29641]],[[69.31306,41.29549],[69.31427,41.29521],[69.32094,41.29339],[69.3217,41.2933]],[[69.32379,41.29276],[69.32321,41.2929]],[[68.76566,40.51481],[68.76616,40.5149]],[[68.84044,40.24577],[68.84586,40.22777]],[[68.84586,40.22777],[68.84573,40.22845],[68.8405,40.24577]],[[68.8271,40.21151],[68.82642,40.21162],[68.82589,40.21178],[68.82512,40.21219],[68.82461,40.21262],[68.82437,40.21293],[68.82406,40.21344],[68.82398,40.21374],[68.8238,40.21551],[68.82392,40.21736],[68.8243,40.21851],[68.82469,40.21915],[68.82541,40.21995],[68.8263,40.22062],[68.82738,40.22123],[68.82808,40.2215],[68.82884,40.2217],[68.82988,40.22187],[68.83119,40.22193],[68.8384,40.22125],[68.83925,40.22122],[68.83992,40.22126],[68.8412,40.22145],[68.84194,40.22169],[68.84297,40.22214],[68.84387,40.2227],[68.84472,40.22343],[68.8454,40.22432],[68.8459,40.22542],[68.846,40.22601],[68.84602,40.22682],[68.84592,40.22762]],[[68.8034,40.21118],[68.80827,40.21245],[68.80956,40.21265],[68.81107,40.21277],[68.8124,40.21277],[68.8188,40.21223],[68.82146,40.21193]],[[68.80266,40.21104],[68.8038,40.21135],[68.80715,40.21248],[68.8089,40.21284],[68.81068,40.21303],[68.81166,40.21306],[68.81383,40.21292],[68.81601,40.21272],[68.81817,40.2124],[68.82314,40.21188]],[[68.82047,40.21205],[68.81978,40.21219]],[[68.83121,40.21133],[68.82947,40.21133],[68.82617,40.21178],[68.82538,40.21209],[68.82465,40.21267],[68.8243,40.21313],[68.82411,40.21363],[68.82391,40.21541],[68.82399,40.21569],[68.82522,40.21705]],[[68.82406,40.21503],[68.82435,40.21446],[68.82499,40.21351],[68.82594,40.21263],[68.82658,40.21222],[68.82756,40.21176],[68.82811,40.21156],[68.82881,40.2114]],[[68.82332,40.21181],[68.8468,40.20959],[68.8497,40.20938],[68.85098,40.20943],[68.85323,40.20965],[68.86262,40.21067]],[[68.84213,40.20487],[68.8401,40.20576],[68.83921,40.20631],[68.83147,40.21027]],[[68.84138,40.21006],[68.83963,40.21012],[68.83092,40.21095],[68.82967,40.21116]],[[68.83206,40.21029],[68.83595,40.20832]],[[68.82527,40.21151],[68.82898,40.21115],[68.83198,40.21047],[68.83251,40.21029],[68.83507,40.20879],[68.83839,40.207],[68.84051,40.20566]],[[68.82909,40.21075],[68.8378,40.20634],[68.83939,40.20578]],[[68.84654,40.20893],[68.84694,40.20882]],[[68.84485,40.20944],[68.84444,40.20951],[68.84385,40.20947],[68.84302,40.20918],[68.84363,40.20932],[68.84395,40.20933],[68.84486,40.2092],[68.84592,40.20889],[68.84631,40.20884],[68.84897,40.2087],[68.84928,40.20874],[68.84999,40.20896]],[[68.84927,40.20963],[68.84423,40.20993]],[[68.84897,40.21182],[68.84833,40.21137],[68.84743,40.2106]],[[68.84616,40.22678],[68.84681,40.22519],[68.85562,40.21206],[68.85615,40.21111],[68.85646,40.21023]],[[68.4964,40.13243],[68.49436,40.13172],[68.49246,40.13069]],[[68.49217,40.1313],[68.49323,40.13174],[68.4964,40.13341]],[[68.39135,40.08725],[68.39185,40.08739]],[[68.39185,40.08739],[68.39366,40.08799],[68.39485,40.08849],[68.46423,40.11948],[68.466,40.12045],[68.47125,40.12384],[68.47204,40.12431],[68.47321,40.12487],[68.47546,40.12567],[68.48982,40.13036]],[[69.232,41.2181],[69.23202,41.21821]],[[69.23786,41.22104],[69.23825,41.22115],[69.23887,41.22122],[69.23931,41.22119],[69.24168,41.22057]],[[69.25792,41.21257],[69.25846,41.21302]],[[68.76735,40.48701],[68.76732,40.4871]],[[68.77142,40.47364],[68.77146,40.47353]],[[68.77886,40.44915],[68.77893,40.44894]],[[68.84592,40.22762],[68.8491,40.21706],[68.8493,40.2161],[68.84924,40.21492]],[[68.82306,40.21319],[68.82317,40.21331]],[[68.82797,40.21121],[68.8273,40.21133]],[[68.8291,40.21132],[68.82826,40.21135],[68.8271,40.21151]],[[68.82677,40.21225],[68.82809,40.21167],[68.82941,40.21138],[68.83023,40.21133]],[[68.82333,40.21186],[68.82955,40.21128],[68.83135,40.21123],[68.83265,40.21111],[68.84083,40.21031],[68.84311,40.20998]],[[68.82961,40.21122],[68.83155,40.21112],[68.84054,40.21026],[68.84172,40.21007]],[[68.83147,40.21027],[68.83079,40.21056],[68.82997,40.21078]],[[68.8432,40.2046],[68.84183,40.20494],[68.83976,40.2058]],[[68.85165,40.20952],[68.84942,40.20943],[68.84475,40.20985]],[[68.8473,40.20876],[68.84901,40.20866],[68.84928,40.20869],[68.84996,40.20894]],[[68.84547,40.20971],[68.84423,40.20993],[68.84351,40.20998]],[[68.0376,40.51457],[68.03752,40.51435]],[[68.84045,40.24594],[68.83383,40.26787]],[[68.83361,40.26845],[68.82708,40.29006]],[[68.81262,40.2761],[68.8136,40.27633],[68.81497,40.27637],[68.81918,40.27687],[68.82002,40.27687],[68.82418,40.27732]],[[68.81432,40.27733],[68.81506,40.27797],[68.81533,40.27837],[68.81554,40.27921],[68.81565,40.28693],[68.81585,40.28853],[68.81592,40.29056]],[[68.81564,40.28304],[68.81605,40.28418],[68.81633,40.28462],[68.81668,40.28492],[68.81893,40.28643]],[[68.81119,40.27519],[68.8264,40.28546],[68.82685,40.28585],[68.82735,40.28671],[68.82745,40.28733],[68.82737,40.28791]],[[68.82711,40.29017],[68.8161,40.32661]],[[68.8273,40.28935],[68.82756,40.28869]],[[68.81578,40.28776],[68.816,40.28831],[68.81665,40.28894],[68.82018,40.29131]],[[68.82446,40.2988],[68.82708,40.29006]],[[68.82708,40.29006],[68.8268,40.29078],[68.82446,40.2988]],[[68.82544,40.29597],[68.82695,40.29101],[68.82711,40.29017]],[[68.82711,40.29017],[68.82756,40.28869]],[[68.82442,40.29893],[68.82426,40.29963]],[[68.82446,40.29902],[68.82544,40.29597]],[[68.80737,40.35109],[68.80894,40.34572],[68.80952,40.34469],[68.81074,40.34327],[68.81132,40.34221]],[[69.33501,41.25538],[69.33554,41.25554],[69.33768,41.25655]],[[69.12351,41.30365],[69.12443,41.30533],[69.1252,41.30644],[69.12811,41.30987]],[[69.25018,41.26584],[69.24895,41.26587],[69.2481,41.26572]],[[69.30873,41.29594],[69.31058,41.2959]],[[69.05334,41.10667],[69.05425,41.10813]],[[68.97423,41.04271],[68.97404,41.04245]],[[68.942,41.01206],[68.94295,41.01255],[68.94473,41.01369],[68.94549,41.01422],[68.94643,41.01501],[68.95176,41.02054],[68.95229,41.02118]],[[69.30372,41.2652],[69.30448,41.26507],[69.30503,41.26505],[69.30555,41.26515],[69.30729,41.26574]],[[69.29922,41.2649],[69.30006,41.26512]],[[69.28044,41.28591],[69.28084,41.28642]],[[69.28059,41.28623],[69.27997,41.28557]],[[69.28057,41.28613],[69.27997,41.28557],[69.27691,41.28219]],[[69.29167,41.29425],[69.29333,41.29538],[69.29461,41.29598]],[[69.2944,41.29568],[69.29497,41.29608]],[[69.29375,41.29179],[69.29679,41.29366]],[[69.28744,41.29029],[69.28879,41.29116],[69.28985,41.29152],[69.29153,41.29196]],[[69.28392,41.28884],[69.28662,41.29017],[69.29016,41.2925],[69.295,41.29606]],[[69.28332,41.28848],[69.28628,41.29008],[69.2906,41.29292],[69.2943,41.2956]],[[69.28346,41.28902],[69.28506,41.28996]],[[69.29617,41.29707],[69.29674,41.2977]],[[69.29674,41.2977],[69.29715,41.29847],[69.29744,41.29972]],[[68.70037,40.70689],[68.70076,40.70626],[68.70284,40.70412],[68.70327,40.70329]],[[68.69769,40.71504],[68.69894,40.71114],[68.70081,40.70488]],[[68.70162,40.70541],[68.70209,40.70514],[68.70313,40.70481],[68.70358,40.70442],[68.70462,40.70312]],[[69.31945,41.27134],[69.31991,41.27164]],[[69.32354,41.27245],[69.32456,41.27235],[69.32557,41.27242],[69.32634,41.27271]],[[69.327,41.27271],[69.32769,41.27316],[69.32818,41.27338]],[[69.32787,41.27324],[69.32913,41.27405]],[[69.33338,41.2789],[69.33411,41.27882],[69.33482,41.27855],[69.3363,41.27721]],[[69.32087,41.27432],[69.32123,41.27481],[69.32146,41.27538],[69.32207,41.27594],[69.32284,41.27632],[69.32375,41.27658],[69.32589,41.27786]],[[69.30632,41.29614],[69.30705,41.29622],[69.30833,41.29625]],[[69.30303,41.29487],[69.30648,41.29607],[69.30701,41.29617],[69.30855,41.29621]],[[69.30456,41.29613],[69.30573,41.29653],[69.30606,41.29655],[69.3086,41.29621]],[[69.30175,41.29605],[69.30321,41.29635]],[[69.29929,41.29511],[69.30225,41.29599],[69.30321,41.29635],[69.30445,41.29655],[69.30605,41.29662]],[[69.29796,41.29437],[69.29827,41.29441],[69.29927,41.29479],[69.30496,41.29653],[69.30537,41.2966]],[[69.29735,41.29501],[69.29814,41.29529],[69.30111,41.29592]],[[69.30147,41.29869],[69.30341,41.29883],[69.30436,41.2988]],[[69.03104,41.08392],[69.04255,41.0938]],[[69.03519,41.09609],[69.03587,41.09681],[69.03621,41.09705],[69.03698,41.09739],[69.03775,41.09752],[69.03902,41.09748],[69.03965,41.09734],[69.04022,41.09712],[69.04116,41.09665],[69.04228,41.09629],[69.04289,41.09622],[69.04379,41.09624]],[[69.04676,41.09451],[69.04777,41.09402],[69.0493,41.09339]],[[69.05195,41.10432],[69.05345,41.10642],[69.05425,41.10813],[69.05634,41.11128],[69.05692,41.11228],[69.05771,41.11334],[69.05904,41.11471]],[[68.96672,41.02308],[68.96641,41.02448],[68.96643,41.02511],[68.96671,41.02586]],[[68.67126,40.81887],[68.666,40.81777],[68.66505,40.81767],[68.6436,40.81983],[68.64262,40.82002],[68.62723,40.82503],[68.62628,40.82524],[68.62545,40.82532],[68.62421,40.82539],[68.62288,40.82536]],[[68.64033,40.82078],[68.64213,40.82013],[68.64318,40.81983],[68.64702,40.81943],[68.64784,40.8194]],[[68.64198,40.86741],[68.64015,40.86757],[68.63778,40.86762]],[[68.66288,40.85479],[68.66204,40.857],[68.65926,40.86532]],[[68.65283,40.88505],[68.6522,40.8873],[68.65208,40.88919],[68.65376,40.90523],[68.65408,40.90647],[68.65453,40.90761],[68.65554,40.90927],[68.66168,40.91724],[68.66338,40.91909],[68.6646,40.92013],[68.66596,40.92113]],[[69.61914,40.82261],[69.62055,40.82205],[69.62404,40.82028]],[[69.62048,40.82316],[69.62098,40.82249],[69.62171,40.82191],[69.62424,40.82032]],[[68.81216,40.33966],[68.81206,40.34]],[[68.82909,40.21075],[68.83001,40.2102],[68.83791,40.20624],[68.83962,40.20569]],[[70.12143,41.03876],[70.13143,41.03856],[70.13367,41.03847],[70.13432,41.03822],[70.13492,41.03778],[70.13617,41.03531],[70.13647,41.0345],[70.13644,41.03415],[70.13618,41.03362],[70.13416,41.03164],[70.13408,41.03131],[70.13421,41.03064],[70.13462,41.03015],[70.13514,41.02981],[70.13793,41.02892],[70.13845,41.02858],[70.13954,41.02765],[70.13994,41.02737],[70.14018,41.02731]],[[69.35075,41.00391],[69.34745,41.00476]],[[69.35134,41.0038],[69.35005,41.00421]],[[69.3605,41.00906],[69.35989,41.00885],[69.35941,41.00848],[69.35907,41.00793],[69.35904,41.00753],[69.35929,41.00579],[69.36001,41.00498]],[[69.37731,41.00417],[69.37805,41.00531],[69.3782,41.00581],[69.37806,41.00622],[69.37775,41.00662],[69.37665,41.00729]],[[70.16362,41.01479],[70.16294,41.0145]],[[70.13394,41.01851],[70.14691,41.02037]],[[70.19091,41.02801],[70.19092,41.02997],[70.1897,41.03578],[70.18971,41.0363],[70.19129,41.04125],[70.19322,41.04469],[70.19359,41.04594],[70.19375,41.04683],[70.19364,41.04737],[70.19333,41.0478],[70.19308,41.04805],[70.19238,41.04839],[70.19157,41.04841],[70.18995,41.04814]],[[70.18588,41.02379],[70.181,41.02267],[70.18016,41.02251],[70.17951,41.02246]],[[70.16518,41.0175],[70.16809,41.01916]],[[69.03615,41.09688],[69.03674,41.09721],[69.03725,41.0974],[69.03857,41.09752]],[[69.03099,41.08395],[69.02043,41.07491],[69.01881,41.07362],[69.01521,41.07131]],[[68.66596,40.92113],[68.6694,40.9236]],[[68.7634,40.94676],[68.76248,40.94677],[68.76118,40.94651],[68.75937,40.94658]],[[68.76168,40.94659],[68.76117,40.94647],[68.76013,40.9465]],[[68.75926,40.94701],[68.76083,40.94702],[68.76438,40.94666]],[[68.74366,40.93992],[68.74199,40.94085]],[[68.68479,40.76164],[68.68477,40.76174]],[[69.08958,40.23477],[69.08992,40.23505]],[[69.0898,40.23452],[69.09047,40.23466],[69.09275,40.23449]],[[68.80945,40.95308],[68.80941,40.95307]],[[68.80442,40.95154],[68.80942,40.95303]],[[68.80941,40.95307],[68.8044,40.95158]],[[68.79042,40.94948],[68.79072,40.94951]],[[68.79623,40.95025],[68.79071,40.94956]],[[68.79072,40.94951],[68.79624,40.9502]],[[69.23548,41.01279],[69.23574,41.02189],[69.23557,41.02301],[69.23534,41.02359],[69.23455,41.02486]],[[68.6575,40.86708],[68.6579,40.86585],[68.65807,40.86556],[68.65883,40.86478],[68.65911,40.86413]],[[69.11812,41.20284],[69.11817,41.20262]],[[69.11817,41.20262],[69.11852,41.20101],[69.1186,41.19982],[69.11796,41.18608]],[[69.1375,41.20049],[69.13642,41.20011]],[[68.74326,40.91934],[68.74264,40.91947]],[[68.67359,40.82303],[68.6727,40.82488],[68.67036,40.8318]],[[68.67519,40.8198],[68.67476,40.82087],[68.67428,40.8217],[68.67009,40.83445],[68.6694,40.83599]],[[68.66994,40.83476],[68.67147,40.83014]],[[68.66846,40.83825],[68.66862,40.83742],[68.66997,40.83325]],[[68.66641,40.84278],[68.66727,40.84031],[68.66772,40.83943],[68.66826,40.83866]],[[68.6584,40.8652],[68.65781,40.86576],[68.65724,40.86738],[68.65722,40.86805],[68.65745,40.86901],[68.65728,40.8697]],[[68.67469,40.81947],[68.6791,40.79445]],[[68.66589,40.92119],[68.66343,40.91926],[68.66201,40.91781],[68.65654,40.91071]],[[68.65919,40.86529],[68.66049,40.86136]],[[68.65944,40.8631],[68.65854,40.86585]],[[68.68477,40.76174],[68.6791,40.79445]],[[69.11957,41.1935],[69.11967,41.19617],[69.11959,41.19658],[69.11922,41.19734]],[[69.11909,41.19764],[69.11982,41.19649],[69.12021,41.1956],[69.12014,41.19347]],[[68.72594,40.91082],[68.72372,40.91001],[68.72059,40.90872]],[[69.12178,41.30013],[69.12203,41.3006],[69.12223,41.30138],[69.12216,41.30164],[69.12178,41.30208]],[[69.12265,41.30159],[69.12278,41.30181]],[[69.12303,41.30223],[69.12309,41.30268]],[[69.11961,41.29669],[69.11964,41.2972],[69.12002,41.29834]],[[69.11796,41.29162],[69.11735,41.28968],[69.11736,41.28953],[69.11775,41.28889],[69.11714,41.2862]],[[69.13299,41.31568],[69.13318,41.3159]],[[69.2493,41.26589],[69.25084,41.26606],[69.25923,41.26758]],[[69.26075,41.26708],[69.2585,41.26661],[69.24597,41.26432]],[[69.265,41.26931],[69.26671,41.2709]],[[69.26671,41.2709],[69.26878,41.27314]],[[69.26878,41.27314],[69.27691,41.28219]],[[69.24838,41.26584],[69.24774,41.26561]],[[69.24555,41.26471],[69.24725,41.26519]],[[69.23848,41.2633],[69.23962,41.26344]],[[69.27701,41.28214],[69.28162,41.28718],[69.28262,41.28802]],[[68.72748,40.91115],[68.72819,40.91114],[68.73212,40.91053]],[[68.74936,40.91859],[68.74655,40.91901],[68.74438,40.91924]],[[69.23334,41.26167],[69.23491,41.26231],[69.23633,41.26265]],[[69.29068,41.29371],[69.29148,41.29414]],[[69.2907,41.29366],[69.29172,41.29435]],[[69.29084,41.29261],[69.29277,41.29399]],[[69.31068,41.2965],[69.30512,41.29801],[69.30374,41.29835],[69.30274,41.29851]],[[68.86062,40.96339],[68.86482,40.96531]],[[68.86085,40.96336],[68.86512,40.9654]],[[68.85316,40.95972],[68.86085,40.96336]],[[68.85355,40.95995],[68.85316,40.95972]],[[68.8463,40.95805],[68.84999,40.95841],[68.85072,40.95866],[68.86062,40.96339]],[[68.84822,40.95759],[68.85072,40.95866]],[[68.88614,40.97541],[68.87472,40.97]],[[68.87472,40.97],[68.87464,40.96997]],[[68.87468,40.96993],[68.87475,40.96997]],[[69.31192,41.33466],[69.31172,41.33499]],[[69.31167,41.33497],[69.31187,41.33464]],[[69.31986,41.3331],[69.32001,41.33349]],[[69.3154,41.3312],[69.31518,41.33127]],[[69.31392,41.33199],[69.31359,41.33235]],[[69.31359,41.33235],[69.31337,41.3326]],[[69.31269,41.33345],[69.31227,41.33399]],[[69.31868,41.33159],[69.31924,41.33212],[69.31945,41.33242],[69.32041,41.33435]],[[69.38615,41.36451],[69.38238,41.36326]],[[69.37082,41.37949],[69.37244,41.37783],[69.37367,41.37641],[69.37455,41.37572]],[[69.38156,41.37073],[69.38324,41.37158],[69.38368,41.37186],[69.38431,41.37264]],[[69.37983,41.36944],[69.38041,41.36874]],[[69.38057,41.36816],[69.38041,41.36874],[69.38045,41.36951],[69.38067,41.36997],[69.38119,41.37049],[69.38156,41.37073],[69.38181,41.37078],[69.38406,41.37099],[69.38452,41.37113],[69.38669,41.37294],[69.38789,41.37362]],[[69.38495,41.3642],[69.38401,41.36382]],[[69.38495,41.3642],[69.38397,41.3639],[69.38335,41.36391],[69.38254,41.36406],[69.38169,41.36454],[69.38146,41.36488],[69.38099,41.36624],[69.38057,41.36816],[69.38,41.3689],[69.37962,41.36926],[69.37904,41.36962],[69.37814,41.36993],[69.37092,41.37091],[69.36696,41.37196],[69.36582,41.3725],[69.36544,41.37277],[69.36511,41.37307],[69.36489,41.3736],[69.36484,41.37413],[69.36508,41.37459],[69.3654,41.37497],[69.36615,41.37538],[69.36697,41.37563],[69.37103,41.37611],[69.37176,41.37629],[69.37224,41.37634],[69.37265,41.37631],[69.3737,41.37603],[69.37628,41.37519]],[[69.36503,41.3721],[69.36632,41.37168],[69.3706,41.37052],[69.37178,41.37039],[69.37284,41.3704]],[[69.36429,41.37775],[69.36431,41.37758],[69.36345,41.37495],[69.36342,41.37458],[69.36375,41.37396],[69.36484,41.3728],[69.36526,41.37248],[69.36623,41.37214],[69.36689,41.37199]],[[69.36683,41.37178],[69.37033,41.37082],[69.37193,41.37047]],[[68.66146,40.85876],[68.66169,40.85728],[68.66214,40.85587],[68.66257,40.85519]],[[68.74371,40.94001],[68.74263,40.94061],[68.74116,40.94109],[68.74004,40.94116],[68.73879,40.9409],[68.73771,40.94038],[68.73709,40.9398],[68.73662,40.93901],[68.7363,40.93753]],[[69.24009,41.2712],[69.23955,41.27067],[69.23874,41.27012]],[[69.22202,41.25662],[69.22472,41.25804],[69.22812,41.25961],[69.23062,41.26059]],[[69.22137,41.25632],[69.22304,41.2574],[69.22444,41.25814],[69.22793,41.25975],[69.23075,41.26067]],[[69.28383,41.28862],[69.28492,41.28914]],[[69.28363,41.28843],[69.28408,41.28868]],[[69.29297,41.29486],[69.2895,41.29275],[69.28588,41.2904],[69.28476,41.28954]],[[69.28647,41.28884],[69.2873,41.28894],[69.28811,41.28933]],[[69.2884,41.28892],[69.28908,41.28913]],[[69.23431,41.26661],[69.23409,41.26562],[69.23426,41.26508]],[[69.23134,41.26087],[69.23199,41.26115],[69.23279,41.26164],[69.23446,41.26242],[69.23528,41.26268],[69.23625,41.26284]],[[69.31524,41.33119],[69.31535,41.33126]],[[69.35509,41.306],[69.35617,41.30572],[69.35662,41.30554],[69.35808,41.30466]],[[69.31257,41.31957],[69.31328,41.32191]],[[69.36624,41.25975],[69.36582,41.25962]],[[69.29738,41.26453],[69.29623,41.26453],[69.29518,41.26468],[69.29424,41.26496],[69.29344,41.26531],[69.29263,41.26581],[69.28709,41.2703],[69.28614,41.27085],[69.28518,41.27119],[69.28464,41.27133],[69.28355,41.27148],[69.28221,41.27146],[69.28124,41.2713],[69.27853,41.2705]],[[69.28162,41.28718],[69.28111,41.28671]],[[69.28659,41.2889],[69.28711,41.28895],[69.28745,41.28905],[69.28799,41.28934]],[[69.2835,41.28898],[69.284,41.28931]],[[69.33392,41.27905],[69.33367,41.27911],[69.33289,41.27907],[69.33239,41.27895],[69.33155,41.27862]],[[69.32249,41.27615],[69.32407,41.2773],[69.327,41.27903]],[[69.33566,41.27604],[69.33334,41.27809],[69.3331,41.27823],[69.33222,41.27848],[69.33167,41.27848],[69.33114,41.27839],[69.33065,41.27819],[69.32085,41.27205],[69.32003,41.27159],[69.31895,41.27112]],[[69.32252,41.27307],[69.32849,41.27664]],[[69.32041,41.27365],[69.32082,41.27417],[69.32129,41.27532],[69.32179,41.27589],[69.32612,41.2787]],[[69.3032,41.26537],[69.30402,41.26543],[69.30518,41.26581]],[[69.30022,41.26517],[69.30128,41.26542],[69.30219,41.2655],[69.30344,41.26532]],[[69.30172,41.26549],[69.30245,41.26554],[69.30339,41.26551]],[[69.31756,41.27176],[69.31802,41.27224],[69.31823,41.27282],[69.31823,41.27332],[69.318,41.27379],[69.31699,41.27493]],[[69.32582,41.27199],[69.32639,41.2719],[69.32695,41.27192],[69.32752,41.27205],[69.32894,41.27289]],[[69.32877,41.2741],[69.32853,41.27385]],[[69.31184,41.26898],[69.31098,41.26865],[69.3028,41.26596],[69.30006,41.26512]],[[69.2943,41.2956],[69.2944,41.29568]],[[69.28337,41.28847],[69.28477,41.28881],[69.28536,41.28886],[69.28781,41.28881],[69.2882,41.28883],[69.28909,41.28904],[69.28991,41.28943],[69.2922,41.29023],[69.29827,41.2942],[69.29904,41.29452],[69.30092,41.29503],[69.30525,41.29651],[69.30605,41.29662],[69.30644,41.29662],[69.31125,41.29584]],[[69.30111,41.29592],[69.30175,41.29605]],[[69.29174,41.29419],[69.29461,41.29598]],[[69.28951,41.29141],[69.29111,41.29168],[69.29166,41.2919]],[[69.30179,41.29947],[69.30098,41.29947],[69.29941,41.2999]],[[69.30496,41.29753],[69.30308,41.29798]],[[69.30436,41.2988],[69.30606,41.2985],[69.30771,41.2985]],[[69.28395,41.28895],[69.28565,41.28992],[69.29319,41.29485]],[[69.28616,41.28961],[69.28716,41.29038],[69.29009,41.29223],[69.2911,41.29312]],[[69.25816,41.21568],[69.25797,41.21604]],[[67.2992,40.53849],[67.30062,40.5381]],[[68.7963,40.95025],[68.79623,40.95025]],[[68.81206,40.34],[68.80863,40.35128]],[[68.76136,40.51771],[68.76246,40.51774],[68.76514,40.51819]],[[68.73268,40.63802],[68.73162,40.63771],[68.72928,40.63723],[68.72779,40.63714]],[[68.66651,40.92103],[68.6697,40.92332]],[[68.68327,40.91559],[68.68215,40.91758],[68.68193,40.91782],[68.68133,40.91821],[68.68015,40.91863]],[[67.2992,40.53849],[67.28988,40.5414],[67.28941,40.54159]],[[67.68784,40.30907],[67.68655,40.30947],[67.68488,40.30981],[67.68304,40.31002],[67.67795,40.31039],[67.6755,40.31081],[67.67218,40.31185],[67.66157,40.31541],[67.66,40.3158],[67.65645,40.31638],[67.65523,40.31673],[67.65458,40.317],[67.65407,40.31726],[67.65309,40.31795],[67.65226,40.31883],[67.65161,40.31991],[67.65072,40.32211],[67.65009,40.32301],[67.64884,40.32415],[67.64751,40.32484],[67.64469,40.32578],[67.64331,40.32634],[67.63865,40.3288],[67.63758,40.32953],[67.63677,40.33044],[67.63376,40.33565],[67.63334,40.33617],[67.63278,40.33672],[67.6319,40.33734],[67.63082,40.33788],[67.6295,40.33827],[67.61375,40.34086]],[[67.68809,40.30898],[67.71615,40.29763],[67.734,40.29032],[67.73572,40.2898]],[[67.73888,40.09108],[67.73475,40.09083],[67.73374,40.09065],[67.73279,40.09039],[67.72859,40.08878],[67.72563,40.08717],[67.72445,40.08664],[67.72185,40.08564],[67.71963,40.08458],[67.7187,40.08427],[67.71757,40.08402]],[[67.85427,40.09406],[67.85407,40.09407]],[[67.58945,40.35027],[67.59191,40.34978],[67.59458,40.34954]],[[67.85267,40.09417],[67.85405,40.0945],[67.85504,40.09455],[67.85817,40.09446],[67.86387,40.09442],[67.86529,40.0945],[67.86764,40.09445],[67.86952,40.09469],[67.87107,40.09503],[67.87315,40.09607]],[[67.86952,40.09469],[67.86843,40.0948],[67.86801,40.09497],[67.86755,40.09533],[67.86718,40.09595]],[[67.30007,40.53832],[67.29205,40.54087],[67.28846,40.54194]],[[67.54914,40.35863],[67.55233,40.35542]],[[69.11493,41.21481],[69.11295,41.23107],[69.11275,41.2318],[69.11244,41.2325],[69.11163,41.23376],[69.11072,41.23496]],[[69.07887,41.13298],[69.08016,41.1343],[69.08323,41.13856]],[[69.04579,41.09663],[69.04533,41.09599],[69.04513,41.09544],[69.045,41.09491],[69.04505,41.09386]],[[69.10192,41.16129],[69.10981,41.16725],[69.11225,41.16875]],[[69.13681,41.18715],[69.13616,41.1866]],[[69.27694,41.35066],[69.27563,41.35142],[69.27454,41.35229],[69.27357,41.35293],[69.27117,41.35436],[69.26988,41.3555]],[[69.4232,41.43445],[69.42167,41.43403],[69.42088,41.43371],[69.41836,41.43294]],[[68.66059,40.86019],[68.66152,40.8577]],[[68.65869,40.86588],[68.65944,40.8631],[68.65981,40.86224],[68.66042,40.86122],[68.66124,40.85883],[68.6616,40.8574],[68.66169,40.85728]],[[69.61548,40.81486],[69.61583,40.81526],[69.61677,40.81689],[69.61726,40.81742],[69.61756,40.81763],[69.6181,40.81778],[69.61866,40.81785],[69.61965,40.81771]],[[69.57738,40.85067],[69.57586,40.84963]],[[69.61533,40.81997],[69.61492,40.82074],[69.61498,40.82145],[69.61519,40.82185],[69.61669,40.82342]],[[69.62328,40.82045],[69.62555,40.81932]],[[69.62856,40.8175],[69.62878,40.81768]],[[69.6212,40.82083],[69.62219,40.82042]],[[69.63577,40.85584],[69.63113,40.8583]],[[69.35557,41.30593],[69.35778,41.30547],[69.3583,41.30524],[69.35871,41.30497],[69.35899,41.30462],[69.35914,41.30395],[69.35904,41.30347],[69.35894,41.30333],[69.35622,41.30015],[69.35503,41.29888]],[[69.35043,41.26062],[69.35286,41.26058]],[[69.34766,41.26129],[69.34812,41.26093],[69.34847,41.26077],[69.34896,41.26066],[69.35122,41.26065]],[[69.3527,41.25518],[69.35348,41.25475],[69.35414,41.2546],[69.35464,41.25457],[69.35553,41.25476],[69.35615,41.25497],[69.35743,41.2556]],[[69.33825,41.27448],[69.33864,41.27353],[69.3384,41.27244],[69.3381,41.27184]],[[69.52323,41.41632],[69.52074,41.41551]],[[69.66722,40.88245],[69.66739,40.8821]],[[69.64937,40.91056],[69.64906,40.91097],[69.64799,40.91205],[69.64718,40.91308],[69.64572,40.91446],[69.64476,40.9151],[69.64275,40.9161],[69.64136,40.9166],[69.63872,40.9172],[69.63094,40.91851]],[[69.56145,40.86256],[69.56391,40.86276],[69.56709,40.86269]],[[69.5631,40.86266],[69.56674,40.86266]],[[69.52728,40.84904],[69.52969,40.84929],[69.53474,40.84939],[69.53897,40.84937],[69.5398,40.84925]],[[69.53847,40.85543],[69.53846,40.85245]],[[69.63931,40.82642],[69.63996,40.82609],[69.64088,40.8258],[69.64131,40.82575],[69.64201,40.8258],[69.64838,40.82797]],[[69.64792,40.91251],[69.64889,40.91135]],[[69.35452,41.2605],[69.34882,41.26075],[69.34828,41.26092],[69.3478,41.2612],[69.34687,41.26203]],[[69.37002,41.37705],[69.37075,41.37705],[69.37147,41.37687],[69.37278,41.37635],[69.37333,41.37619]],[[69.58178,41.45232],[69.58341,41.45371]],[[69.58755,41.46224],[69.58803,41.46274]],[[69.58848,41.44688],[69.58909,41.44667],[69.59109,41.44627]],[[69.37585,40.99517],[69.37601,40.9966],[69.376,40.9971],[69.37557,40.99786],[69.37489,40.99832],[69.37391,40.99855],[69.37002,40.99897],[69.3683,40.99932],[69.35938,41.00161]],[[69.86132,41.59454],[69.86087,41.59431]],[[70.27901,41.07203],[70.27797,41.07164]],[[70.03276,40.97408],[70.03312,40.97447],[70.03372,40.97482],[70.03444,40.97498],[70.03565,40.97506],[70.04389,40.97498]],[[70.04414,40.97822],[70.04027,40.97819],[70.03885,40.97787],[70.03644,40.97783],[70.03582,40.97772],[70.03514,40.97743],[70.0348,40.97714],[70.03414,40.97606],[70.03202,40.97306]],[[70.03642,40.97381],[70.03375,40.97383],[70.03334,40.97374],[70.03278,40.97354],[70.03203,40.97284]],[[70.13823,41.01804],[70.14142,41.01805],[70.14519,41.01892],[70.14588,41.01913],[70.14795,41.02],[70.14969,41.02051]],[[70.14134,41.01867],[70.1475,41.02013]],[[70.16003,41.01337],[70.16181,41.01448],[70.16408,41.01549],[70.16462,41.01564],[70.1675,41.01613],[70.16846,41.01642],[70.16901,41.01672],[70.17339,41.01982]],[[70.12373,41.01643],[70.12181,41.01575]],[[70.12487,41.01742],[70.12896,41.01785]],[[68.65911,40.86528],[68.65982,40.86292],[68.66058,40.86098],[68.66143,40.85847],[68.66169,40.85728]],[[68.6616,40.85783],[68.66143,40.85866],[68.66049,40.86165]],[[68.6601,40.86197],[68.65985,40.86258]],[[69.24653,41.26366],[69.24748,41.26364],[69.24828,41.26372],[69.25067,41.26422]],[[69.21797,41.2546],[69.21962,41.25549],[69.22137,41.25632],[69.22353,41.25762],[69.22445,41.25809],[69.22796,41.25972],[69.23219,41.26119]],[[69.00761,41.06648],[69.01526,41.07127]],[[69.24689,41.2088],[69.24626,41.21345],[69.24589,41.21458]],[[69.27896,41.21349],[69.27842,41.21327],[69.27818,41.21307],[69.27794,41.21262],[69.27792,41.2122],[69.27803,41.21187],[69.27816,41.21171],[69.28019,41.21032]],[[69.25833,41.21378],[69.25843,41.21433]],[[69.19375,41.4084],[69.1939,41.40895]],[[69.2004,41.40914],[69.20421,41.40752]],[[69.14746,41.34526],[69.14807,41.34734],[69.14857,41.34849]],[[69.20628,41.4065],[69.21144,41.40432]],[[69.25293,41.3691],[69.25209,41.36991]],[[69.23305,41.3846],[69.23031,41.3885],[69.23018,41.38898],[69.23023,41.38958]],[[69.23805,41.38135],[69.24034,41.3788]],[[69.14885,41.3489],[69.14969,41.35044],[69.15128,41.35267]],[[68.48982,40.13036],[68.49162,40.13096]],[[69.28533,40.21738],[69.28524,40.21644],[69.2853,40.21586],[69.28578,40.2146],[69.28599,40.21319],[69.28691,40.21126]],[[69.22132,40.2143],[69.22344,40.21443],[69.22506,40.21445],[69.23441,40.21507],[69.23587,40.21532],[69.23722,40.21546]],[[69.25176,40.21081],[69.24991,40.21247],[69.24917,40.21298],[69.24791,40.21356],[69.24591,40.21422]],[[69.22444,40.21423],[69.22535,40.21422],[69.23655,40.21496]],[[69.23585,40.21537],[69.23036,40.2151],[69.22421,40.21468]],[[69.1963,41.24816],[69.19661,41.24837],[69.19692,41.24843],[69.19752,41.24817]],[[69.24698,41.20164],[69.24666,41.20263],[69.24539,41.21152],[69.2454,41.21225]],[[69.20925,41.17786],[69.20823,41.17863]],[[69.19052,41.24564],[69.19211,41.24463],[69.19243,41.24453],[69.19294,41.24446],[69.19437,41.2445]],[[69.12806,41.30989],[69.13293,41.31571]],[[69.30104,41.29866],[69.30252,41.29853],[69.30383,41.29827],[69.31103,41.29637]],[[69.30487,41.29526],[69.30663,41.29592]],[[69.30484,41.29531],[69.30664,41.29599],[69.30697,41.29606]],[[69.30746,41.29615],[69.30673,41.29597],[69.30503,41.29499]],[[69.28332,41.28848],[69.28395,41.28895],[69.29396,41.29545]],[[69.29556,41.29649],[69.29608,41.29698]],[[69.30553,41.29737],[69.30219,41.29833],[69.30142,41.29847],[69.30038,41.2985],[69.2994,41.29822]],[[69.64991,40.92451],[69.64938,40.9232],[69.64864,40.9198],[69.64861,40.91911],[69.64839,40.91776]],[[70.08073,40.99729],[70.07948,40.99712]],[[70.12799,41.01774],[70.12529,41.01713],[70.12404,41.01675],[70.11641,41.01407]],[[70.12775,41.01773],[70.12588,41.01732],[70.12395,41.01678],[70.11641,41.01407]],[[69.66675,40.91551],[69.66743,40.91529],[69.66777,40.91508],[69.67128,40.91167]],[[69.65716,40.91423],[69.66454,40.91577],[69.6654,40.91578],[69.66589,40.9157],[69.66743,40.91534],[69.6678,40.91516],[69.67144,40.91174]],[[69.65177,40.90845],[69.65154,40.90888],[69.65047,40.91021],[69.65038,40.91086],[69.65055,40.91134],[69.65103,40.91185],[69.65136,40.91206],[69.65557,40.91396],[69.65653,40.91419],[69.65789,40.91475],[69.65865,40.9152],[69.6589,40.91555],[69.65982,40.91882]],[[69.65009,40.91054],[69.6503,40.91021]],[[69.6636,40.91029],[69.66395,40.90983],[69.66648,40.90791]],[[69.6485,40.91163],[69.64869,40.91135]],[[69.65215,40.92828],[69.65277,40.92878],[69.65473,40.93359]],[[69.64747,40.91365],[69.64783,40.91458]],[[69.2284,41.39477],[69.23621,41.38607],[69.23689,41.38495],[69.23765,41.38255],[69.23808,41.38162],[69.23855,41.38098],[69.24018,41.37926],[69.24157,41.37823],[69.24406,41.37688],[69.24814,41.3739],[69.24864,41.37344],[69.25077,41.37114],[69.25258,41.36948],[69.25454,41.36798],[69.25721,41.36637],[69.26165,41.36326],[69.26422,41.36087],[69.26663,41.35847],[69.27113,41.35432],[69.27353,41.35289],[69.2745,41.35225],[69.27559,41.35139],[69.27691,41.35062]],[[69.15117,41.35274],[69.15154,41.35326]],[[69.13318,41.3159],[69.13833,41.32196],[69.13931,41.32358],[69.1439,41.33331],[69.1452,41.33765]],[[69.11823,41.20264],[69.11818,41.20284]],[[69.11874,41.19805],[69.11872,41.20039],[69.11841,41.20254]],[[69.23084,41.22799],[69.23209,41.22753],[69.23299,41.22702]],[[69.23709,41.22069],[69.2356,41.22044],[69.23314,41.21966]],[[69.25632,41.20884],[69.25732,41.20919],[69.26205,41.20964],[69.26501,41.20983],[69.26599,41.20998],[69.2667,41.21013],[69.26775,41.21051],[69.26882,41.21125]],[[69.24862,41.20266],[69.24922,41.20333],[69.2506,41.20463],[69.25141,41.20487]],[[69.25308,41.20679],[69.25417,41.20717]],[[69.25352,41.17413],[69.25525,41.17656],[69.25604,41.17724],[69.25643,41.17741]],[[69.1159,41.17168],[69.11635,41.17241]],[[69.20907,41.17799],[69.20851,41.17853],[69.20681,41.17982]],[[70.16545,41.02538],[70.16472,41.02564],[70.16257,41.02595],[70.16181,41.02619],[70.16127,41.02663],[70.16097,41.02746]],[[70.16034,41.01355],[70.16295,41.01457],[70.16503,41.01519],[70.16784,41.01519],[70.17127,41.01504],[70.17287,41.01529],[70.17466,41.01591],[70.17644,41.01753],[70.17719,41.01795],[70.1792,41.0187],[70.1795,41.0188],[70.18005,41.01886],[70.18158,41.01877],[70.18279,41.01889],[70.18321,41.01897],[70.18388,41.01921]],[[70.19329,41.05124],[70.1944,41.05108],[70.19518,41.05086],[70.19684,41.04976],[70.19765,41.04931],[70.19803,41.04877],[70.19818,41.04837],[70.19815,41.04721],[70.19733,41.04509],[70.19705,41.04464],[70.19566,41.04301],[70.19502,41.04194],[70.19483,41.04053],[70.19449,41.03343],[70.19406,41.03168],[70.19342,41.03017],[70.19151,41.02668],[70.18984,41.02495],[70.18925,41.02453],[70.18845,41.0242],[70.18042,41.02245],[70.17991,41.0224],[70.1786,41.02244],[70.17692,41.02264]],[[70.20066,41.05917],[70.208,41.06095],[70.21106,41.06157],[70.21345,41.06243],[70.21588,41.0629],[70.21756,41.06339],[70.21887,41.06417],[70.22009,41.06504],[70.22075,41.0654],[70.22138,41.0657],[70.22288,41.06611],[70.22365,41.0662],[70.22509,41.06616],[70.22595,41.06594],[70.22727,41.0655],[70.22861,41.06486],[70.23029,41.06439],[70.2315,41.06425],[70.23193,41.06429],[70.23249,41.06443],[70.23313,41.06472],[70.23367,41.06509],[70.23412,41.06552],[70.23489,41.06647],[70.2356,41.06708],[70.23595,41.06732],[70.2368,41.06759],[70.24111,41.06798],[70.24181,41.06813],[70.24342,41.06879],[70.24443,41.06942],[70.24589,41.0699],[70.24705,41.07013],[70.24751,41.07017],[70.25116,41.06976],[70.25284,41.06977]],[[70.18626,41.0219],[70.18686,41.02229],[70.18767,41.02268]],[[70.16373,41.01664],[70.16549,41.01715],[70.16636,41.01756]],[[70.16662,41.02094],[70.16663,41.02107]],[[69.25941,41.35831],[69.25999,41.35771],[69.26068,41.35735],[69.26157,41.35722],[69.26266,41.35719]],[[69.24448,41.36157],[69.24585,41.36167],[69.24753,41.36202]],[[69.25315,41.36026],[69.25208,41.35849]],[[69.25956,41.35487],[69.25929,41.35513],[69.25868,41.35542]],[[69.14072,41.32628],[69.14143,41.32783],[69.14163,41.32849]],[[69.648,40.80622],[69.64829,40.80595]],[[69.64452,40.82658],[69.64693,40.82712],[69.65069,40.82767],[69.65151,40.82773],[69.65231,40.82762],[69.65365,40.82707],[69.65541,40.82625],[69.65573,40.82607],[69.65632,40.82553],[69.65655,40.82492],[69.65614,40.8232],[69.65541,40.82085],[69.65548,40.82005],[69.65564,40.81943],[69.65718,40.81442]],[[69.6511,40.91867],[69.6517,40.92121],[69.65226,40.92303],[69.65298,40.92416],[69.65376,40.92513]],[[69.24403,41.26438],[69.24555,41.26471],[69.24747,41.26554],[69.24949,41.26609],[69.25736,41.26751]],[[69.28292,41.28834],[69.28254,41.28809]],[[69.25779,41.26553],[69.25871,41.2662]],[[69.2621,41.26728],[69.26113,41.26711],[69.25972,41.2667],[69.25871,41.2662],[69.25793,41.26556]],[[69.58131,41.45217],[69.58249,41.45321],[69.58301,41.45353]],[[69.58461,41.45613],[69.58507,41.45625],[69.5854,41.45645],[69.58567,41.45681]],[[69.57622,41.45184],[69.57783,41.45173],[69.57831,41.45179],[69.57875,41.45194],[69.58058,41.45325],[69.58241,41.45505],[69.58331,41.45553],[69.58507,41.4561],[69.58544,41.4564],[69.58563,41.45667]],[[69.57824,41.45088],[69.5802,41.45256]],[[69.58052,41.45278],[69.57961,41.45216],[69.57823,41.45095]],[[68.82849,40.21122],[68.83094,40.21045],[68.83174,40.21008],[68.83912,40.20628],[68.83976,40.2058]],[[68.83378,40.21014],[68.83283,40.21028]],[[68.83758,40.20767],[68.83597,40.20831]],[[68.78308,40.43564],[68.78316,40.43515]],[[68.78261,40.43721],[68.78247,40.4379],[68.78006,40.44578],[68.77984,40.44628]],[[68.80863,40.35128],[68.80861,40.35137]],[[68.76596,40.49151],[68.76282,40.50188]],[[68.77146,40.47353],[68.77886,40.44915]],[[68.7715,40.47353],[68.77147,40.47364]],[[68.76738,40.48711],[68.76741,40.48702]],[[69.19119,41.41529],[69.19177,41.41363],[69.19228,41.41264],[69.1929,41.41195],[69.19336,41.41159],[69.19436,41.41101],[69.1954,41.41061],[69.19633,41.41038],[69.19756,41.41019],[69.19862,41.40989],[69.2004,41.40914]],[[69.73614,41.57135],[69.73758,41.57183],[69.7391,41.57207]],[[69.63167,41.52067],[69.6324,41.5213],[69.63285,41.52153]],[[69.63734,41.52223],[69.64019,41.5235]],[[69.67954,41.54497],[69.6822,41.54645],[69.68259,41.5468],[69.68282,41.54728],[69.68286,41.54799],[69.68254,41.54864],[69.68199,41.54918],[69.6811,41.54984],[69.68067,41.55008],[69.68014,41.55024],[69.67951,41.55028],[69.67887,41.55021],[69.67817,41.55003],[69.67608,41.5489],[69.67567,41.5487],[69.67503,41.54852],[69.67435,41.54853],[69.6739,41.54861],[69.6713,41.54945]],[[69.25862,41.36559],[69.25761,41.3663],[69.25466,41.36805],[69.2512,41.37087],[69.25028,41.37198],[69.25015,41.37233],[69.25016,41.37289],[69.24997,41.37368],[69.2494,41.37432]],[[69.23272,41.38437],[69.2301,41.38817],[69.23005,41.38878],[69.23049,41.39042]],[[69.24109,41.3774],[69.24082,41.37784],[69.23892,41.37998],[69.23833,41.38095]],[[69.25358,41.36853],[69.24196,41.37647],[69.24144,41.37695],[69.24104,41.37763]],[[69.61529,40.82193],[69.61572,40.82232],[69.61606,40.82252],[69.61697,40.82275],[69.61789,40.82273],[69.6184,40.82263],[69.61899,40.8224]],[[69.6232,40.8205],[69.61964,40.82226]],[[69.61785,40.82311],[69.6182,40.82299]],[[69.62048,40.82316],[69.62011,40.82365],[69.61961,40.82405]],[[68.76111,40.91748],[68.76411,40.91843],[68.76478,40.91855],[68.76625,40.91855]],[[68.7579,40.91746],[68.75902,40.91712],[68.76046,40.91688]],[[68.73396,40.63831],[68.72666,40.63702]],[[69.56977,40.8443],[69.56911,40.84419],[69.5673,40.84423]],[[69.55657,40.85368],[69.55669,40.85434]],[[69.53524,40.84897],[69.53856,40.84907],[69.53908,40.84917]],[[69.52837,40.84918],[69.53574,40.84937]],[[69.57284,40.84679],[69.57396,40.84796],[69.57586,40.84963]],[[68.76505,40.91886],[68.76431,40.91861],[68.76356,40.91846]],[[68.76003,40.91581],[68.75932,40.91674],[68.75885,40.9171],[68.7583,40.91733]],[[69.63154,41.52121],[69.63201,41.52154],[69.63268,41.52178],[69.63333,41.52185],[69.63407,41.52177]],[[69.38982,41.36588],[69.38495,41.3642]],[[69.42213,41.43417],[69.41867,41.4333]],[[69.37242,41.37044],[69.37372,41.37052]],[[69.56732,41.44393],[69.5739,41.44552],[69.57475,41.44587],[69.57588,41.44651],[69.57747,41.44784]],[[69.57394,41.44568],[69.5736,41.44561]],[[69.58451,41.45793],[69.58584,41.45817],[69.58616,41.45832],[69.58654,41.45869]],[[69.57924,41.45227],[69.57872,41.452],[69.57824,41.45186],[69.57723,41.45175]],[[69.5778,41.451],[69.57824,41.45149],[69.57954,41.45247]],[[70.08544,40.99915],[70.08492,40.99853]],[[70.17419,41.03489],[70.17484,41.03567],[70.17543,41.03682],[70.17584,41.03726],[70.17747,41.03823],[70.17863,41.03867],[70.18165,41.04109],[70.18319,41.04198],[70.18364,41.04236],[70.18404,41.04292],[70.18574,41.04595],[70.18673,41.04707],[70.18718,41.04732],[70.18801,41.04763],[70.19061,41.04813],[70.19142,41.04822],[70.19212,41.04813],[70.19259,41.04786],[70.19308,41.04731],[70.19326,41.04665],[70.19325,41.04588],[70.19286,41.04454],[70.19258,41.044],[70.19203,41.04344],[70.19127,41.04282],[70.1908,41.04224],[70.18953,41.04038],[70.18933,41.03867],[70.18915,41.03808],[70.18811,41.03576],[70.18758,41.03486],[70.18722,41.03364],[70.18732,41.03313],[70.18774,41.03248],[70.18933,41.03146],[70.18956,41.03113],[70.19007,41.02952],[70.19036,41.02887]],[[70.17054,41.01797],[70.1731,41.01975],[70.17395,41.02026]],[[70.16488,41.01767],[70.16519,41.01801],[70.16572,41.01834]],[[70.16459,41.01716],[70.16518,41.01757],[70.16709,41.01865]],[[70.16479,41.01671],[70.16792,41.01663],[70.16854,41.01669]],[[70.12373,41.01643],[70.12611,41.01709]],[[69.63223,40.81889],[69.63499,40.81538],[69.63797,40.81175],[69.64056,40.80933],[69.64203,40.80775],[69.64318,40.80578],[69.6441,40.80475],[69.64627,40.80254],[69.64856,40.80071],[69.65133,40.79933],[69.65273,40.79902],[69.65372,40.79892],[69.65508,40.79908],[69.65596,40.7994],[69.65669,40.79991],[69.65709,40.80054],[69.65726,40.80101]],[[69.52643,40.93196],[69.52611,40.93201]],[[69.26324,41.26897],[69.26145,41.26815],[69.26035,41.26795],[69.25917,41.26763]],[[68.68476,40.76163],[68.68657,40.75113],[68.68972,40.74057]],[[69.64991,40.92451],[69.64839,40.91776],[69.648,40.91564],[69.64737,40.91376]],[[70.12843,41.03164],[70.12923,41.03152]],[[69.17271,41.21858],[69.17411,41.22184],[69.17484,41.22301],[69.17541,41.22375],[69.17964,41.22803]],[[69.26887,41.27308],[69.27701,41.28214]],[[69.28254,41.28809],[69.28179,41.28747],[69.27696,41.28216]],[[69.24166,41.37747],[69.24221,41.37703],[69.24911,41.37233],[69.24955,41.37197],[69.25006,41.37134]],[[69.24097,41.37776],[69.24144,41.37703],[69.24179,41.37666],[69.25122,41.37023]],[[69.25493,41.36744],[69.26112,41.36306],[69.26338,41.36094],[69.26379,41.3606],[69.26434,41.36028]],[[69.25458,41.36776],[69.25481,41.36753],[69.26127,41.36302],[69.26352,41.3609],[69.2646,41.36008]],[[68.8161,40.32661],[68.81216,40.33966]],[[68.78338,40.43444],[68.78347,40.43412]],[[68.78347,40.43412],[68.80029,40.37866]],[[68.78353,40.43411],[68.78343,40.43444]],[[67.30653,40.53082],[67.30777,40.53262],[67.30795,40.53333],[67.30796,40.53398],[67.3076,40.53497],[67.30685,40.53582],[67.30552,40.53652],[67.30487,40.53678]],[[67.30176,40.5378],[67.28594,40.54277]],[[67.54596,40.36224],[67.5479,40.36029],[67.55216,40.35568]],[[68.10004,40.58382],[68.04864,40.53792]],[[68.04318,40.53435],[68.04276,40.5338],[68.04174,40.53296]],[[69.00048,41.06202],[69.00761,41.06648]],[[68.76585,40.49213],[68.76738,40.48711]],[[68.79951,40.30596],[68.80272,40.30689],[68.80537,40.30799],[68.80748,40.30913],[68.8096,40.31057],[68.81128,40.312],[68.8127,40.31348],[68.81406,40.31526],[68.81534,40.31759]],[[69.05387,41.10731],[69.05329,41.10627],[69.05267,41.10559],[69.05143,41.10393],[69.05028,41.10295],[69.0499,41.10249],[69.04629,41.09738]],[[69.04629,41.09738],[69.04566,41.09639],[69.04562,41.09582],[69.04567,41.09551],[69.04605,41.09497],[69.04676,41.09451]],[[69.56033,40.84877],[69.55946,40.84893],[69.55867,40.84918],[69.55791,40.84954],[69.55741,40.84998],[69.55703,40.85074],[69.55672,40.85302],[69.55668,40.85427],[69.55676,40.86016],[69.55682,40.86055],[69.55697,40.86081]],[[69.53868,40.85037],[69.53794,40.8511],[69.5376,40.85179],[69.53747,40.85262],[69.5375,40.85636]],[[69.63159,40.8223],[69.63234,40.82274],[69.63438,40.82355],[69.6352,40.82382],[69.63582,40.82384],[69.63732,40.82375],[69.63818,40.82344],[69.64073,40.82233],[69.64185,40.82196],[69.64247,40.82186]],[[69.63355,40.82331],[69.63456,40.82374],[69.63523,40.82392]],[[69.6469,40.80727],[69.64739,40.80671],[69.6498,40.8051]],[[69.64809,40.82791],[69.64381,40.82647]],[[69.31521,41.29723],[69.31557,41.29719]],[[69.25847,41.26692],[69.26129,41.26744],[69.26228,41.26773],[69.26345,41.26821],[69.26467,41.26904]],[[69.30613,41.29855],[69.3064,41.2985]],[[69.26725,41.20542],[69.26821,41.20589],[69.26927,41.20626],[69.2699,41.20657]],[[68.68226,40.91804],[68.68153,40.9183],[68.6795,40.91879],[68.67873,40.91892],[68.6783,40.91893],[68.67215,40.91856],[68.66381,40.91819],[68.66285,40.9179],[68.66227,40.91756],[68.66173,40.91708],[68.66021,40.91513]],[[68.83879,40.20603],[68.83802,40.2063],[68.82954,40.21056],[68.82794,40.21114]],[[68.82918,40.21081],[68.83245,40.20924],[68.83826,40.20624],[68.83962,40.20569]],[[68.83126,40.21064],[68.83415,40.21035],[68.83723,40.21012]],[[68.83381,40.21029],[68.83126,40.21064]],[[68.83747,40.20921],[68.83481,40.2094],[68.83364,40.20972],[68.83311,40.20996]],[[68.82146,40.21193],[68.82261,40.21172]],[[68.82527,40.21151],[68.82428,40.21151]],[[68.81338,40.28525],[68.81534,40.28354],[68.81548,40.28327],[68.81556,40.28292],[68.81551,40.28055],[68.81557,40.2801]],[[69.59104,41.44942],[69.59177,41.45051],[69.59236,41.45217]],[[69.59134,41.44991],[69.59192,41.45024]],[[69.63791,41.52268],[69.63961,41.52343],[69.64089,41.52389]],[[69.59047,41.44907],[69.59229,41.45417]],[[69.58426,41.45437],[69.58515,41.45553],[69.58557,41.4562]],[[69.76927,41.56928],[69.76961,41.56907]],[[68.39166,40.08761],[68.39131,40.08748]],[[69.25187,40.21067],[69.25176,40.21081]],[[68.83033,40.2112],[68.84117,40.21012]],[[68.83364,40.20972],[68.83457,40.20929],[68.83593,40.20912]],[[68.8338,40.21024],[68.83201,40.21051]],[[68.84207,40.20892],[68.84302,40.20918]],[[68.83378,40.21019],[68.83247,40.21038]],[[68.82331,40.21174],[68.82311,40.21176]],[[68.83767,40.20782],[68.837,40.20806],[68.83597,40.20831]],[[70.133,41.01852],[70.13423,41.01884],[70.14381,41.0202]],[[69.51318,40.93406],[69.51423,40.93269],[69.51508,40.9318]],[[69.53671,40.85784],[69.53675,40.85314],[69.5366,40.85203],[69.53628,40.85154],[69.53594,40.85127]],[[69.66304,40.91076],[69.66335,40.91061]],[[69.66081,40.91252],[69.66264,40.91106],[69.66556,40.90891]],[[69.57164,40.84726],[69.57105,40.84675],[69.57085,40.84647],[69.57066,40.84596]],[[69.5718,40.84704],[69.57097,40.84633],[69.57062,40.84576]],[[69.65474,40.93331],[69.65437,40.93225]],[[68.75611,40.9177],[68.75437,40.91786],[68.74013,40.91978],[68.73809,40.92003],[68.73707,40.92006],[68.73634,40.91987],[68.73575,40.91962],[68.7344,40.91868],[68.73214,40.91574],[68.73196,40.91532],[68.7316,40.91389],[68.7314,40.91347],[68.73067,40.91252],[68.73029,40.91222],[68.72936,40.91167],[68.72866,40.91135],[68.72805,40.91121],[68.72643,40.91106],[68.72605,40.91096],[68.72183,40.9093]],[[69.52611,40.93201],[69.52425,40.93221]],[[68.03332,40.53554],[68.03353,40.53479],[68.03375,40.5344],[68.03431,40.53392],[68.03753,40.53311],[68.03853,40.53232],[68.03889,40.5321],[68.03937,40.53193],[68.03978,40.53187],[68.04052,40.5319],[68.04139,40.53212],[68.04207,40.53243],[68.04242,40.53269],[68.04276,40.53313]],[[68.8404,40.24592],[68.84044,40.24577]],[[69.24956,41.3622],[69.24882,41.36201],[69.24851,41.36184],[69.24816,41.36132],[69.24775,41.3584]],[[69.25965,41.35786],[69.26016,41.35743],[69.26212,41.35659]],[[69.2988,41.34719],[69.30118,41.34569],[69.30241,41.3451],[69.30409,41.34442],[69.30543,41.34362]],[[69.25293,41.37099],[69.24997,41.37368]],[[69.64247,40.82186],[69.64561,40.82132],[69.64686,40.82103],[69.64885,40.82023],[69.64976,40.81966],[69.65031,40.8192],[69.65072,40.81876],[69.65139,40.81767],[69.65259,40.81362],[69.65276,40.81275],[69.65305,40.8105],[69.65334,40.80594],[69.65321,40.80559],[69.65287,40.80515],[69.65213,40.80473],[69.65163,40.8046],[69.65071,40.80463],[69.65026,40.80474],[69.64981,40.80501]],[[69.63676,40.82385],[69.63717,40.82383],[69.63776,40.82368],[69.64035,40.82255],[69.64184,40.82205],[69.64692,40.82113],[69.64881,40.82036],[69.6494,40.82003],[69.64991,40.81967],[69.65066,40.81898],[69.65104,40.81852],[69.65148,40.81762],[69.65226,40.81513],[69.65282,40.81287],[69.65305,40.81128],[69.65344,40.80653],[69.65337,40.80573],[69.65314,40.80536],[69.65273,40.80499],[69.65212,40.80467],[69.65173,40.80457],[69.6511,40.80453],[69.65026,40.80469],[69.64904,40.80544],[69.64717,40.80674],[69.64317,40.8109],[69.64091,40.81335],[69.63862,40.81552],[69.63391,40.81961]],[[69.1185,41.19726],[69.1186,41.19795]],[[69.3019,41.29867],[69.30398,41.29844],[69.30853,41.29729]],[[69.32769,41.27316],[69.32853,41.27385],[69.32906,41.27417]],[[69.24982,41.266],[69.25297,41.26656]],[[69.04513,41.09544],[69.0451,41.09498],[69.04519,41.09466],[69.04533,41.09437],[69.04565,41.09403]],[[69.054,41.10864],[69.05712,41.11307],[69.0585,41.11445]],[[69.12607,41.18123],[69.13102,41.18482],[69.13164,41.18515],[69.1362,41.18695],[69.13693,41.18734],[69.13759,41.1878]],[[69.12099,41.17663],[69.1205,41.17616],[69.11875,41.17488],[69.11815,41.17433],[69.1172,41.17287],[69.11618,41.17167],[69.11351,41.16962]],[[69.11683,41.17242],[69.11825,41.17457],[69.12077,41.17649]],[[69.1174,41.17274],[69.11876,41.17386],[69.11934,41.17424]],[[69.11733,41.17375],[69.11712,41.17324],[69.11653,41.17224],[69.11509,41.17082]],[[69.20592,41.40672],[69.20676,41.4062],[69.20905,41.40528]],[[69.36503,41.24963],[69.36344,41.24861]],[[69.51894,40.93389],[69.52084,40.93275],[69.52165,40.93218],[69.52221,40.93165],[69.52245,40.93105],[69.52252,40.93055],[69.52243,40.93002],[69.52228,40.92965],[69.52206,40.92936],[69.52129,40.92874],[69.51899,40.92742]],[[69.08323,41.13856],[69.08462,41.14048]],[[70.17403,41.02087],[70.17253,41.0199],[70.17064,41.01847],[70.17012,41.01805],[70.16969,41.01756]],[[70.13836,41.02844],[70.13954,41.02765]],[[69.57337,40.8475],[69.57586,40.84963]],[[69.64753,40.80502],[69.6448,40.80833],[69.64189,40.8115],[69.6411,40.81221],[69.64034,40.81312],[69.63884,40.81466],[69.63744,40.81591],[69.636,40.817],[69.63453,40.81836],[69.63313,40.82001],[69.63304,40.82028],[69.63317,40.82086],[69.63373,40.82154],[69.63404,40.82177]],[[69.65313,40.92173],[69.65396,40.92636],[69.65448,40.92744],[69.65536,40.92878],[69.65592,40.93024]],[[69.81074,40.92145],[69.82402,40.92125]],[[69.12099,41.17663],[69.11861,41.17499],[69.11789,41.17421],[69.11662,41.17237]],[[69.91504,41.617],[69.91921,41.6182]],[[69.92455,41.62064],[69.92346,41.62015]],[[69.91386,41.61709],[69.91524,41.61748],[69.91677,41.61763]],[[69.92313,41.61986],[69.92008,41.61845],[69.91925,41.61815]],[[69.9112,41.61558],[69.9107,41.61532]],[[69.00044,41.06206],[68.99303,41.05739],[68.98734,41.05445],[68.98543,41.05331],[68.98441,41.05253],[68.9801,41.04842],[68.97954,41.04799]],[[68.97957,41.04795],[68.98015,41.04839],[68.98327,41.05135]],[[69.28342,40.21944],[69.28435,40.21915]],[[69.28639,40.22084],[69.28588,40.22007],[69.28507,40.2193],[69.2849,40.21881],[69.28512,40.21812],[69.28585,40.21665],[69.28631,40.21596],[69.28642,40.21556]],[[69.28613,40.21907],[69.28587,40.21833],[69.28598,40.21752],[69.28736,40.21439]],[[69.15609,40.21799],[69.15412,40.21825]],[[69.23822,40.21558],[69.23732,40.21547]],[[69.23519,40.21527],[69.23461,40.21524]],[[69.21724,40.2167],[69.21883,40.21704],[69.22229,40.21723],[69.22346,40.21737],[69.22448,40.21758],[69.22503,40.2176],[69.22584,40.2175],[69.22808,40.21678],[69.2293,40.21652],[69.23059,40.21645],[69.2332,40.21659],[69.23399,40.21656],[69.2365,40.21611],[69.24021,40.21578],[69.24111,40.21558]],[[69.2267,40.21678],[69.22839,40.21655],[69.2293,40.21652]],[[69.22041,40.21778],[69.21919,40.21738]],[[69.22402,40.21426],[69.22502,40.21424],[69.23716,40.21505],[69.238,40.21517]],[[69.10196,40.23111],[69.10342,40.23084],[69.10486,40.23073],[69.10573,40.23035]],[[69.26857,40.22105],[69.26835,40.22086]],[[69.26835,40.22086],[69.26379,40.21671],[69.26152,40.21503],[69.25929,40.21401],[69.25813,40.21365]],[[69.24935,40.21955],[69.24992,40.21895],[69.25012,40.21861],[69.25023,40.21761],[69.25097,40.21637]],[[69.25154,40.21113],[69.25052,40.21259]],[[69.26486,40.20185],[69.25588,40.20727],[69.25485,40.20802],[69.25276,40.20988],[69.25188,40.21052],[69.24981,40.21235],[69.24849,40.21315],[69.24762,40.21351],[69.24244,40.2152],[69.24124,40.21548],[69.24024,40.2156],[69.23902,40.21562],[69.23508,40.21537]],[[67.96148,40.29706],[67.96138,40.29677]],[[67.9448,40.2492],[67.94467,40.2486]],[[67.94142,40.23883],[67.94408,40.24653]],[[67.81249,40.09613],[67.81332,40.09582],[67.81458,40.09551],[67.81739,40.0952]],[[67.81739,40.0952],[67.81833,40.09512]],[[67.83795,40.10091],[67.83872,40.10065],[67.83925,40.10038],[67.84593,40.09596],[67.84762,40.0951],[67.84878,40.09465]],[[67.84878,40.09465],[67.84696,40.09546],[67.84554,40.09625],[67.83906,40.10056],[67.83835,40.10085],[67.83751,40.10102]],[[67.84926,40.09447],[67.84878,40.09465]],[[67.84962,40.09438],[67.84926,40.09447]],[[67.83445,40.10117],[67.83628,40.10104],[67.83692,40.10089],[67.8376,40.10061],[67.8388,40.09999],[67.84532,40.09572],[67.84767,40.09472],[67.8486,40.09439],[67.84974,40.09412],[67.85051,40.09406],[67.85525,40.09401]],[[67.84926,40.09447],[67.84758,40.09505],[67.84589,40.09592],[67.83902,40.10044],[67.8384,40.10073]],[[67.85427,40.09406],[67.85525,40.09401]],[[67.57677,40.03009],[67.59225,40.03375],[67.59336,40.03391],[67.5946,40.03394],[67.59551,40.03389],[67.61088,40.03264],[67.61258,40.03275],[67.61537,40.03336]],[[67.64031,40.04976],[67.64051,40.04688],[67.64043,40.04611],[67.64008,40.04493],[67.63919,40.04276],[67.63858,40.0416],[67.63772,40.04056],[67.63651,40.0396],[67.63571,40.03916],[67.63508,40.0389]],[[67.81745,40.09524],[67.81458,40.09555],[67.81372,40.09575],[67.8125,40.09617]],[[67.64041,40.04995],[67.64056,40.0513],[67.64079,40.05217],[67.64136,40.05345],[67.64185,40.05426],[67.64269,40.05532],[67.64337,40.05599],[67.64624,40.05826],[67.64693,40.059],[67.64763,40.06014],[67.65055,40.06585],[67.65127,40.06691],[67.6523,40.06786],[67.65326,40.06844],[67.65492,40.06903],[67.65685,40.06935]],[[67.89688,40.12694],[67.89681,40.12683]],[[67.90082,40.14832],[67.90447,40.14703],[67.90484,40.14697],[67.90585,40.14707],[67.90847,40.14774],[67.90941,40.1482],[67.91005,40.14888]],[[67.89681,40.12683],[67.89332,40.12147],[67.88993,40.11645]],[[67.88557,40.12199],[67.88863,40.12078],[67.89023,40.12029],[67.89069,40.12021],[67.89152,40.12025],[67.89217,40.12047],[67.89265,40.12079],[67.89336,40.12154]],[[67.88942,40.12053],[67.88563,40.12206]],[[67.88573,40.10988],[67.88624,40.11104],[67.88629,40.11145],[67.88622,40.11176],[67.88603,40.11207],[67.8857,40.11244],[67.88543,40.11262],[67.88264,40.11376]],[[67.88591,40.11028],[67.88032,40.10171],[67.87983,40.10108],[67.8795,40.10081],[67.87851,40.1003],[67.87746,40.10007],[67.87203,40.10001]],[[67.5171,40.02022],[67.5147,40.02061],[67.51161,40.02093],[67.50955,40.02093],[67.50312,40.02074],[67.50037,40.02074],[67.48106,40.02218],[67.479,40.02218],[67.47086,40.02194],[67.46547,40.0222]],[[67.85098,40.09421],[67.84962,40.09438]],[[67.73659,40.28955],[67.75898,40.28391],[67.76318,40.28205]],[[67.76342,40.28194],[67.77742,40.27566]],[[68.07984,40.08166],[68.07726,40.08248],[68.0742,40.08366],[68.06468,40.08754],[68.06044,40.08887],[68.05719,40.08967],[68.05276,40.09045],[68.03845,40.09271],[68.03734,40.09283],[68.02641,40.0936],[68.0239,40.09371],[68.02245,40.09371],[68.019,40.0935],[68.00308,40.09184],[68.00012,40.09166],[67.99723,40.0917],[67.99555,40.09181],[67.98907,40.09243],[67.98616,40.09254],[67.97888,40.09222]],[[67.97833,40.09219],[67.97363,40.09201],[67.97052,40.09202],[67.966,40.09237],[67.95992,40.09321],[67.95723,40.09345],[67.95581,40.09355],[67.9534,40.09359],[67.95,40.09352]],[[67.95,40.09352],[67.94957,40.09351]],[[68.69726,40.71618],[68.69749,40.71571]],[[67.73572,40.2898],[67.73659,40.28955]],[[67.94935,40.09257],[67.94977,40.09253]],[[67.96398,40.09174],[67.96694,40.09094],[67.96838,40.09081],[67.97513,40.09113],[67.97854,40.09186]],[[67.97854,40.09186],[67.97881,40.09191]],[[68.80029,40.37866],[68.80032,40.37855]],[[68.79802,40.38616],[68.79818,40.38472],[68.79793,40.38246],[68.7981,40.38145],[68.79885,40.379],[68.79934,40.37773],[68.79977,40.37677],[68.8004,40.37589],[68.80057,40.37555],[68.80285,40.36811],[68.80334,40.36643],[68.80325,40.36496],[68.80337,40.36408],[68.80731,40.35125]],[[68.80013,40.37597],[68.80041,40.37524],[68.80276,40.36758],[68.80319,40.3659]],[[68.79993,40.37655],[68.80049,40.37557],[68.80323,40.3666],[68.80331,40.36575]],[[68.80731,40.35125],[68.80737,40.35109]],[[68.77893,40.44894],[68.78338,40.43444]],[[69.08917,40.23415],[69.08987,40.23462],[69.09068,40.23482],[69.09678,40.23452]],[[69.08396,40.22886],[69.08423,40.22922],[69.09223,40.23743]],[[68.75919,40.51522],[68.75931,40.51503],[68.75977,40.51466],[68.76043,40.5143],[68.7613,40.51415],[68.76191,40.51417],[68.76237,40.51426]],[[68.83752,40.20906],[68.83492,40.2093],[68.83434,40.20941],[68.83364,40.20972]],[[68.82308,40.21161],[68.82148,40.21174]],[[68.81904,40.27685],[68.81945,40.27701],[68.82028,40.27717],[68.8242,40.2776]],[[68.81842,40.27719],[68.81906,40.27736],[68.8217,40.27766]],[[68.82316,40.28327],[68.82248,40.28221],[68.82147,40.28136],[68.82053,40.28078],[68.81946,40.28053],[68.8189,40.28032],[68.81844,40.28003]],[[70.439,41.15436],[70.43937,41.15478],[70.44208,41.15711],[70.44712,41.16034]],[[70.43859,41.15396],[70.4422,41.15699],[70.44764,41.16054],[70.44884,41.1614]],[[70.4395,41.15469],[70.4398,41.15487],[70.44224,41.15697],[70.44761,41.16046],[70.44807,41.16085]],[[69.69215,41.55191],[69.68418,41.54749]],[[69.69914,41.55579],[69.69215,41.55191]],[[69.71085,41.55856],[69.7118,41.55944],[69.71226,41.56]],[[69.6302,41.52129],[69.63092,41.52186],[69.63173,41.52214],[69.6326,41.52216],[69.63304,41.52209],[69.63432,41.52169]],[[68.18953,40.66475],[68.18739,40.6627]],[[68.84144,40.21029],[68.84323,40.21005],[68.84391,40.21006],[68.84475,40.21019]],[[68.80861,40.35137],[68.80037,40.37855]],[[68.65862,40.86586],[68.65795,40.86788]],[[68.73326,40.63818],[68.73185,40.63786],[68.72758,40.6371],[68.72666,40.63702]],[[69.57734,41.4316],[69.57709,41.43227],[69.57707,41.43312],[69.5771,41.43358],[69.57734,41.43409]],[[69.57328,40.84724],[69.5765,40.85005]],[[69.56118,40.84859],[69.55996,40.84888],[69.55936,40.84917],[69.55886,40.84957],[69.55834,40.85031],[69.55716,40.85261],[69.55697,40.85348],[69.5569,40.85464],[69.55713,40.8562],[69.55713,40.85798],[69.55697,40.86042]],[[69.56494,40.8618],[69.56763,40.86197]],[[70.18897,41.02324],[70.18737,41.02202],[70.18577,41.02055]],[[70.18577,41.02055],[70.18518,41.0201]],[[70.12592,41.01748],[70.12475,41.01725],[70.12343,41.01682]],[[70.18905,41.02496],[70.18862,41.02458],[70.18827,41.02439],[70.18705,41.02399],[70.18515,41.02368],[70.1805,41.02262],[70.17954,41.02251],[70.17802,41.0225]],[[70.17738,41.0233],[70.17619,41.02228]],[[70.17414,41.02086],[70.1727,41.01991],[70.17208,41.01937]],[[70.12923,41.03152],[70.12984,41.03144],[70.1302,41.03131]],[[69.56055,40.86143],[69.56414,40.86165],[69.56688,40.86215]],[[69.57359,40.8479],[69.57577,40.84977]],[[69.62563,40.82043],[69.62359,40.82145]],[[69.61809,40.82408],[69.62107,40.82214]],[[69.63298,40.81763],[69.63344,40.81625],[69.63453,40.81475],[69.63679,40.81193]],[[69.30185,41.30709],[69.30248,41.30749]],[[69.2426,41.26383],[69.25859,41.26673],[69.26013,41.26695]],[[69.28304,41.28842],[69.28459,41.28953]],[[70.16887,41.01665],[70.1691,41.01674],[70.17256,41.01908],[70.17472,41.02066],[70.17544,41.02125],[70.17591,41.02186]],[[70.17265,41.01924],[70.17228,41.0189]],[[69.56252,40.86255],[69.56307,40.8626],[69.56693,40.86254]],[[69.52926,40.84942],[69.53254,40.84949]],[[69.64821,40.91598],[69.64941,40.92075],[69.64988,40.92349]],[[69.65547,40.90367],[69.65008,40.91011],[69.64969,40.91043]],[[69.57067,40.84626],[69.57087,40.8467],[69.57156,40.84736]],[[69.6286,40.81782],[69.62817,40.81792],[69.62752,40.8183]],[[69.63305,40.82475],[69.63459,40.82443],[69.63498,40.82442],[69.63531,40.82452]],[[69.52799,40.84907],[69.53889,40.84929]],[[69.57147,40.84639],[69.57188,40.84665],[69.57265,40.84745]],[[69.2108,41.25108],[69.21166,41.25178],[69.21286,41.25257]],[[69.42057,40.98907],[69.41886,40.98923]],[[69.41886,40.98923],[69.41876,40.98923]],[[69.41278,40.98977],[69.4127,40.98978]],[[69.36367,41.00066],[69.36547,41.00021]],[[69.36414,41.25027],[69.36428,41.25048]],[[69.36396,41.24981],[69.36414,41.25027]],[[69.84613,41.58715],[69.84593,41.58709]],[[69.36499,41.25027],[69.36325,41.24857]],[[69.72049,41.56548],[69.70942,41.56064]],[[69.71475,41.5609],[69.71561,41.56095],[69.71614,41.56112],[69.71773,41.5619],[69.72294,41.56405],[69.72448,41.5643],[69.72535,41.56427],[69.72754,41.56386],[69.72809,41.5639],[69.72869,41.56406]],[[69.72517,41.56267],[69.72603,41.56292]],[[69.708,41.56003],[69.70188,41.55731],[69.69914,41.55579]],[[69.76047,41.57472],[69.76175,41.57436]],[[69.55643,40.83052],[69.555,40.83083]],[[69.25779,41.21286],[69.25809,41.21323],[69.25853,41.21412],[69.2586,41.21473],[69.25852,41.21505],[69.25816,41.21568],[69.25616,41.21844]],[[69.50745,40.94051],[69.50842,40.9399],[69.50993,40.93866],[69.51318,40.93406]],[[69.81184,41.57475],[69.80688,41.57271]],[[69.7875,41.56536],[69.78938,41.56569],[69.79061,41.56605],[69.80176,41.57064]],[[69.73127,41.56566],[69.73089,41.56515],[69.73041,41.56481]],[[69.73562,41.57119],[69.73423,41.57052],[69.73372,41.56996],[69.73039,41.56407]],[[69.73562,41.57119],[69.73389,41.57059]],[[69.73655,41.57157],[69.73762,41.57189],[69.73817,41.57195]],[[69.73952,41.57214],[69.73985,41.57226]],[[69.24099,41.24423],[69.24099,41.24372]],[[69.25197,41.36717],[69.24916,41.36491],[69.24892,41.36398],[69.24874,41.36363]],[[69.25218,41.37107],[69.25147,41.37178]],[[69.4167,41.37097],[69.4152,41.37023],[69.41427,41.36994]],[[69.25843,41.19946],[69.26239,41.20265],[69.26407,41.20321],[69.26445,41.20355],[69.26454,41.20377],[69.26444,41.2042],[69.26245,41.20568]],[[69.26954,41.21221],[69.26956,41.21272],[69.26941,41.21309],[69.26841,41.21401]],[[69.26885,41.21129],[69.26934,41.2118],[69.26953,41.21217]],[[69.26882,41.21126],[69.26885,41.21129]],[[69.26882,41.21125],[69.26885,41.21128]],[[69.26953,41.21217],[69.26954,41.21221]],[[69.26363,41.20971],[69.26587,41.20973],[69.26768,41.21011],[69.27448,41.21229],[69.27692,41.21289],[69.28036,41.21391],[69.2813,41.21425]],[[69.27597,41.2139],[69.27451,41.2134]],[[69.27541,41.21378],[69.27744,41.21451]],[[69.2802,41.21107],[69.27943,41.21189],[69.27921,41.21227],[69.27915,41.21263],[69.27919,41.21302],[69.2795,41.21343],[69.27974,41.21362],[69.28036,41.21391]],[[69.26333,41.20296],[69.26383,41.20305],[69.26436,41.2033],[69.26507,41.204],[69.2668,41.20538],[69.26725,41.20542],[69.26796,41.20579],[69.26849,41.20617],[69.26898,41.20635],[69.27007,41.20704],[69.27076,41.20737],[69.27114,41.2077]],[[69.26415,41.2097],[69.26336,41.20959],[69.26291,41.20941],[69.26222,41.20878]],[[69.24784,41.20061],[69.24798,41.20011]],[[69.24527,41.18582],[69.24487,41.18513],[69.24448,41.18475],[69.23368,41.17558],[69.233,41.17533],[69.23116,41.17514],[69.22917,41.17517]],[[69.2554,41.21045],[69.25592,41.21087]],[[69.38786,41.39564],[69.38826,41.39512]],[[70.18632,41.02187],[70.18684,41.0222],[70.18786,41.02269]],[[70.16455,41.01696],[70.16527,41.01715],[70.16628,41.01765]],[[70.16466,41.01739],[70.16507,41.01788],[70.16577,41.0183]],[[70.16418,41.01693],[70.1652,41.01789],[70.16581,41.01825]],[[70.16941,41.01726],[70.17001,41.01807],[70.1703,41.01834],[70.17225,41.0198],[70.174,41.02093]],[[70.13939,41.02997],[70.14211,41.0289],[70.14539,41.02892]],[[70.13489,41.01773],[70.13016,41.01705]],[[70.12289,41.03223],[70.1239,41.0321],[70.1255,41.03224],[70.12816,41.03186],[70.12877,41.03187],[70.12959,41.03178],[70.12999,41.03167],[70.13076,41.03129],[70.13137,41.0311],[70.13318,41.03082],[70.13421,41.03041]],[[70.16937,41.01693],[70.17146,41.01801]],[[69.76307,41.57355],[69.7643,41.57273]],[[69.73591,41.57128],[69.73703,41.57178],[69.73785,41.57236],[69.73929,41.57284]],[[70.19443,41.03408],[70.19439,41.03304]],[[70.16303,41.01632],[70.16418,41.01664],[70.16648,41.01689],[70.16733,41.01708],[70.16807,41.01737],[70.16974,41.01846]],[[70.16572,41.01834],[70.16636,41.01868]],[[70.16631,41.01747],[70.16537,41.01706],[70.16405,41.01673]],[[70.17152,41.01909],[70.17518,41.0212]],[[70.1698,41.01766],[70.17058,41.01834],[70.17192,41.01928]],[[70.14165,41.01821],[70.14266,41.01839],[70.14556,41.01908],[70.14595,41.01923]],[[70.13646,41.01801],[70.14108,41.01865],[70.14702,41.02006]],[[70.12841,41.03157],[70.12922,41.03146]],[[69.6326,41.52216],[69.63168,41.52217],[69.63114,41.52205],[69.63051,41.52173],[69.63004,41.52129]],[[69.35694,41.30537],[69.35739,41.30496],[69.35754,41.30471],[69.35752,41.30416],[69.35743,41.30397],[69.35551,41.3018]],[[69.29461,41.29598],[69.29529,41.29642]],[[69.2873,41.28885],[69.28799,41.28907],[69.28846,41.28932]],[[69.86087,41.59431],[69.84929,41.58835],[69.84613,41.58715]],[[69.80183,41.57067],[69.80688,41.57271]],[[67.55233,40.35542],[67.55169,40.35632],[67.55056,40.35756],[67.54698,40.36137],[67.5463,40.36196]],[[68.68972,40.74057],[68.68977,40.74043]],[[69.62274,40.82051],[69.62304,40.82043]],[[69.63012,40.82126],[69.63054,40.82048],[69.63056,40.81992],[69.63034,40.81937],[69.62996,40.81891],[69.62947,40.81859],[69.62899,40.81838],[69.6283,40.81828]],[[69.61798,40.82258],[69.61885,40.8224],[69.61987,40.8219]],[[69.63171,40.82263],[69.63162,40.82252]],[[69.62884,40.81766],[69.62903,40.81781]],[[69.62258,40.81669],[69.62305,40.81658]],[[69.6495,40.91034],[69.64818,40.91186]],[[69.66809,40.90854],[69.66625,40.90997],[69.66546,40.91088]],[[69.65474,40.93414],[69.65475,40.93219]],[[69.64996,40.9242],[69.64992,40.92293],[69.64873,40.9175],[69.64857,40.91689],[69.64802,40.91553],[69.64787,40.91483]],[[69.65582,40.80151],[69.65577,40.80081],[69.65518,40.80019],[69.65409,40.79998],[69.653,40.79999],[69.65154,40.80051],[69.64969,40.80139],[69.64859,40.80201],[69.64584,40.80483],[69.64372,40.80749],[69.64175,40.80974],[69.6401,40.81115],[69.63861,40.81268],[69.63787,40.81364],[69.63635,40.81541],[69.6348,40.81694],[69.63393,40.81765],[69.63257,40.81929]],[[69.52367,40.93227],[69.52175,40.9326],[69.521,40.93282],[69.52017,40.93321],[69.51543,40.9359],[69.50889,40.93975],[69.50613,40.94122]],[[69.76961,41.56907],[69.77114,41.56837],[69.77267,41.56795]],[[69.74746,41.57481],[69.7507,41.57533],[69.75157,41.57541],[69.75691,41.57538],[69.7578,41.57532],[69.76027,41.57478]],[[69.58759,41.46218],[69.58793,41.46259]],[[69.58714,41.46012],[69.58691,41.45977],[69.5863,41.45942],[69.58195,41.45868]],[[69.58234,41.45667],[69.58392,41.45701],[69.58578,41.45782],[69.58636,41.4583]],[[69.57354,41.45197],[69.57469,41.45179],[69.57576,41.4518]],[[69.58447,41.45478],[69.58468,41.45508]],[[69.58174,41.45235],[69.58371,41.45404],[69.58468,41.45508]],[[69.64003,41.52332],[69.63715,41.52181]],[[68.04235,40.53662],[68.04142,40.53694],[68.03543,40.53818]],[[68.03848,40.53765],[68.04146,40.53704],[68.04193,40.53686]],[[69.23328,41.38454],[69.23045,41.38857],[69.23027,41.38918],[69.23041,41.39014]],[[69.2482,41.37214],[69.24877,41.37175],[69.25118,41.36956],[69.25234,41.36866],[69.25616,41.36601],[69.25759,41.36516],[69.25894,41.36419],[69.25989,41.36365],[69.26066,41.3633],[69.26108,41.36301],[69.26684,41.35761]],[[69.59221,41.47313],[69.59987,41.48123],[69.60041,41.4817]],[[69.57386,41.45201],[69.5748,41.45185],[69.57604,41.45177]],[[69.56133,41.44081],[69.56098,41.44053]],[[69.56297,41.44055],[69.56296,41.44076]],[[69.56924,41.43874],[69.57182,41.43939],[69.57397,41.4395]],[[69.57017,41.439],[69.57397,41.43925]],[[69.56549,41.44356],[69.56624,41.44383],[69.5736,41.44561]],[[69.56731,41.44388],[69.56859,41.44378],[69.57047,41.44346]],[[69.56496,41.44341],[69.5657,41.44373]],[[69.56675,41.4438],[69.56784,41.44395],[69.57399,41.44547],[69.57465,41.44571],[69.57575,41.44629],[69.57727,41.44752]],[[69.57639,41.44721],[69.57689,41.44749]],[[69.57462,41.45161],[69.57646,41.45179]],[[69.59154,41.4496],[69.591,41.44816],[69.59069,41.44767],[69.5902,41.44733],[69.58955,41.44714],[69.58891,41.44715],[69.58806,41.44731]],[[69.58207,41.45473],[69.58158,41.45376],[69.57827,41.45082]],[[69.86321,41.59553],[69.86132,41.59454]],[[69.25735,41.18747],[69.25902,41.18733]],[[69.2569,41.1878],[69.25766,41.18783],[69.25809,41.18773],[69.2595,41.18709],[69.26031,41.18654]],[[69.26222,41.20878],[69.26201,41.20853],[69.26014,41.2069]],[[68.68977,40.74043],[68.70388,40.69485],[68.73128,40.60528]],[[68.72549,40.63124],[68.72629,40.62861],[68.72624,40.62809],[68.72589,40.62756],[68.72793,40.62905],[68.72828,40.62925],[68.7364,40.63072]],[[68.72607,40.63692],[68.72829,40.63742],[68.73385,40.63838]],[[68.73343,40.63831],[68.73237,40.63823],[68.72894,40.63762]],[[68.72173,40.63715],[68.72174,40.63765],[68.7221,40.6381],[68.7225,40.63827],[68.72425,40.63861]],[[68.72471,40.64506],[68.72174,40.6445],[68.7213,40.64432],[68.72083,40.64398],[68.72045,40.64353],[68.7202,40.64269],[68.72025,40.6419],[68.72265,40.63419],[68.72343,40.63286]],[[69.25236,41.18672],[69.25297,41.18711]],[[69.25571,41.1874],[69.25631,41.18769],[69.2569,41.1878]],[[68.749,40.5474],[68.73548,40.59175],[68.69063,40.73803],[68.68998,40.74043]],[[68.73293,40.60023],[68.73282,40.60086],[68.73011,40.60943]],[[68.72985,40.61009],[68.73005,40.60966]],[[69.57699,41.44735],[69.57764,41.44772],[69.57842,41.44805],[69.57975,41.4484]],[[69.58409,41.45479],[69.58556,41.45646]],[[69.63851,41.52235],[69.6409,41.52381]],[[69.57179,41.4513],[69.57486,41.45164]],[[69.57462,41.45161],[69.57225,41.45157],[69.57085,41.45133]],[[69.57818,41.45125],[69.57855,41.45163],[69.57909,41.452],[69.5799,41.45272]],[[69.5736,41.44561],[69.57322,41.44557]],[[70.08492,40.99853],[70.08561,40.99908],[70.08675,40.99944]],[[70.01897,40.97867],[70.01945,40.97884]],[[70.01971,40.97878],[70.01856,40.97853]],[[70.03037,40.98117],[70.01971,40.97878]],[[70.03087,40.98129],[70.03178,40.98149]],[[70.03178,40.98149],[70.03266,40.98169]],[[70.07294,40.99449],[70.07227,40.99419],[70.07057,40.99358]],[[70.07296,40.99444],[70.07058,40.99354],[70.06581,40.9924],[70.05128,40.98915]],[[70.07327,40.99457],[70.07296,40.99444]],[[69.6694,40.9135],[69.67033,40.91272],[69.67136,40.91171]],[[69.5782,40.92635],[69.52643,40.93196]],[[69.38268,41.01181],[69.38178,41.01126],[69.37464,40.99971],[69.37405,40.99918],[69.37352,40.99894],[69.37292,40.99881],[69.37231,40.9988],[69.36964,40.99918],[69.36785,40.99956],[69.36547,41.00021]],[[69.35075,41.00391],[69.35152,41.00377],[69.35336,41.0033],[69.36824,40.9994],[69.37033,40.99899],[69.37394,40.99859]],[[70.13354,41.01876],[70.14115,41.01991]],[[70.12631,41.01748],[70.12454,41.01707],[70.1164,41.01418]],[[70.1625,41.0161],[70.16356,41.01657],[70.16674,41.01833]],[[70.12666,41.01729],[70.12552,41.01688],[70.12373,41.01643]],[[70.16669,41.02106],[70.16675,41.02162]],[[69.6485,40.91163],[69.64692,40.91351],[69.64602,40.91432],[69.64481,40.91521],[69.64287,40.91622],[69.64025,40.91705]],[[69.80871,40.92351],[69.80304,40.92502],[69.80238,40.92499],[69.80138,40.92462]],[[69.579,40.85188],[69.57734,40.85044],[69.57681,40.84983],[69.57357,40.84697],[69.57308,40.84656],[69.57227,40.84604],[69.57148,40.84538]],[[69.57054,40.84448],[69.57097,40.84499]],[[69.57259,40.84864],[69.57353,40.84911],[69.57445,40.84946]],[[69.61952,40.82207],[69.62034,40.8211],[69.62069,40.82082],[69.6223,40.81999],[69.62308,40.81983]],[[69.61669,40.82342],[69.61693,40.82368]],[[69.62128,40.821],[69.62086,40.82123],[69.62069,40.82141]],[[69.6231,40.8205],[69.61964,40.82226]],[[69.62034,40.82121],[69.62075,40.82085],[69.62222,40.82011]],[[69.62026,40.8217],[69.62076,40.82136],[69.62137,40.82106]],[[69.63676,40.82385],[69.63557,40.82391],[69.63506,40.82384],[69.63226,40.82278],[69.63144,40.82233],[69.63104,40.82183],[69.63084,40.82127],[69.63088,40.82087],[69.63137,40.81983],[69.63148,40.81937],[69.63145,40.81898],[69.63129,40.81863],[69.63083,40.81814],[69.63016,40.81782],[69.62954,40.81771],[69.6286,40.81782]],[[69.63246,40.82298],[69.63212,40.82291],[69.63142,40.82254],[69.6309,40.82202],[69.63065,40.82138],[69.63087,40.8201],[69.63084,40.81982],[69.63054,40.81924],[69.63015,40.81886],[69.62953,40.81849],[69.62871,40.81829],[69.6283,40.81828]],[[69.62528,40.81942],[69.6232,40.8205]],[[69.6182,40.82299],[69.61855,40.82283]],[[69.61967,40.82241],[69.62076,40.82201],[69.62398,40.82037]],[[69.63543,40.82402],[69.63469,40.82384],[69.63208,40.82283],[69.63148,40.8225],[69.63111,40.82217],[69.63078,40.8216],[69.63072,40.82129],[69.63093,40.82018],[69.63081,40.81957],[69.63034,40.81895],[69.62896,40.81782]],[[69.63016,40.8177],[69.63083,40.81795],[69.6314,40.81853],[69.63161,40.81907],[69.63156,40.81966],[69.63134,40.82016]],[[69.63134,40.82016],[69.63099,40.82098],[69.63097,40.82127],[69.63104,40.82159],[69.63126,40.82198],[69.63159,40.8223]],[[69.55867,40.84918],[69.55829,40.84937],[69.55771,40.84981],[69.55725,40.85044],[69.55714,40.85088],[69.55687,40.85285],[69.55683,40.85377],[69.55687,40.85847],[69.5568,40.8604]],[[69.55784,40.84906],[69.55827,40.849]],[[69.56714,40.86235],[69.56833,40.86232],[69.56888,40.86222]],[[69.61675,40.81914],[69.62411,40.81625],[69.62497,40.81621],[69.62646,40.81652]],[[69.62704,40.81671],[69.6273,40.81678]],[[69.61533,40.81997],[69.61579,40.8196],[69.61749,40.8188],[69.62371,40.81632],[69.62433,40.81617],[69.62526,40.81617],[69.62606,40.81638],[69.62777,40.81701],[69.62856,40.8175]],[[69.57503,40.84947],[69.57565,40.8498]],[[69.62586,40.81916],[69.625,40.81979]],[[69.52747,40.84909],[69.52867,40.84933],[69.52921,40.84938],[69.53417,40.84948],[69.53553,40.84937]],[[69.53852,40.85534],[69.53847,40.85183]],[[69.64792,40.91251],[69.64683,40.91436],[69.64637,40.9155],[69.64642,40.91625],[69.64659,40.91695]],[[69.57311,40.8472],[69.57376,40.84793],[69.57622,40.85]],[[69.63432,40.82364],[69.63408,40.82348]],[[69.63362,40.81799],[69.63467,40.81628],[69.63724,40.81318],[69.63866,40.81164],[69.63952,40.81098],[69.64344,40.807],[69.64708,40.80262],[69.64809,40.80177],[69.64925,40.80101],[69.65128,40.80007],[69.65225,40.79971],[69.65329,40.79944],[69.65408,40.79941],[69.65484,40.79953],[69.65547,40.7997],[69.65579,40.79987],[69.6564,40.80046],[69.65648,40.80112],[69.65615,40.8025],[69.65566,40.80392],[69.65551,40.80482],[69.65548,40.80563],[69.65462,40.81198],[69.65431,40.81345],[69.65318,40.81635],[69.65284,40.81761],[69.65253,40.81816],[69.65166,40.81936],[69.64986,40.82083],[69.64947,40.82104],[69.64631,40.82167],[69.64174,40.82234],[69.63769,40.82386],[69.63697,40.82397],[69.63543,40.82402]],[[69.64668,40.8213],[69.64867,40.82064],[69.64903,40.82046],[69.65006,40.81977],[69.65043,40.81948],[69.65101,40.81882],[69.65151,40.81811],[69.65175,40.81757],[69.65295,40.81338],[69.65376,40.80745],[69.65459,40.80317],[69.65465,40.80184],[69.65452,40.80153],[69.65398,40.80113],[69.65373,40.80107],[69.65311,40.80107],[69.65195,40.8014],[69.64978,40.80291],[69.64753,40.80502]],[[69.6498,40.8051],[69.65021,40.80484],[69.65054,40.80472],[69.65146,40.80468]],[[69.6447,40.82675],[69.64429,40.82656]],[[69.6329,40.82482],[69.63205,40.82496],[69.6313,40.82516],[69.6295,40.82599],[69.6284,40.82638],[69.6277,40.82643],[69.62719,40.82631],[69.62692,40.82619],[69.6265,40.82583],[69.62621,40.82529],[69.6262,40.82505],[69.62641,40.82455],[69.6285,40.82288],[69.62963,40.82214],[69.63012,40.82126]],[[69.5142,40.93671],[69.49206,40.94944]],[[69.49198,40.94949],[69.46085,40.96745]],[[69.56054,40.86158],[69.56494,40.8618]],[[69.8172,40.92088],[69.81269,40.92099],[69.81122,40.92088]],[[70.08454,40.99838],[70.08351,40.99792],[70.08268,40.99765],[70.08101,40.99737]],[[70.03334,40.97493],[70.03397,40.97534],[70.03464,40.97555],[70.03525,40.97566],[70.03835,40.97538],[70.04533,40.97529]],[[70.07327,40.99457],[70.0781,40.9967],[70.07866,40.99693],[70.07948,40.99712]],[[70.16668,41.02094],[70.16669,41.02106]],[[68.88617,40.97538],[68.89249,40.97837],[68.89876,40.98143],[68.90047,40.98235],[68.90205,40.98341],[68.90805,40.98869]],[[68.90805,40.98869],[68.91442,40.99432],[68.91555,40.99526],[68.91675,40.99614],[68.942,41.01206]],[[68.96209,41.02112],[68.96408,41.02293],[68.96437,41.02328]],[[69.39531,41.35647],[69.39511,41.35577],[69.39511,41.35527],[69.39529,41.35487],[69.39597,41.35394]],[[69.29838,41.34759],[69.29631,41.34885],[69.29496,41.34952],[69.2943,41.34973],[69.29304,41.34994],[69.29208,41.34999],[69.29114,41.3499],[69.28694,41.34912]],[[69.78277,40.91391],[69.77977,40.91536],[69.77892,40.91565],[69.77827,40.91579],[69.77552,40.91596],[69.76966,40.91617]],[[68.11315,40.07831],[68.11705,40.07802]],[[67.99281,40.38522],[67.99206,40.38309]],[[68.76096,40.50893],[68.7612,40.50867],[68.76147,40.50856],[68.76182,40.50851],[68.76223,40.50856],[68.76363,40.50934],[68.76585,40.50976]],[[68.8423,40.20997],[68.84058,40.20996],[68.83435,40.21053],[68.83044,40.21093],[68.82881,40.21125]],[[68.83927,40.20627],[68.83882,40.20661],[68.83108,40.21059],[68.82954,40.21098]],[[68.82696,40.2113],[68.82329,40.21159]],[[68.83576,40.20923],[68.83753,40.20913]],[[68.00671,40.42457],[68.00102,40.41041],[67.99281,40.38522]],[[67.44612,40.02264],[67.44424,40.02264],[67.43823,40.02166],[67.42937,40.02158],[67.42818,40.02152],[67.41752,40.02065],[67.4163,40.02049],[67.41479,40.02007],[67.4134,40.01949],[67.41235,40.0189],[67.41135,40.01807],[67.41061,40.01719],[67.41006,40.01615],[67.4098,40.01496],[67.40984,40.01389],[67.41009,40.01291],[67.41062,40.01188],[67.41201,40.00982],[67.4127,40.00896],[67.41357,40.0082],[67.41451,40.00762],[67.41531,40.00724],[67.41796,40.00644],[67.41945,40.00574],[67.42017,40.00524],[67.42124,40.00416],[67.42194,40.00287],[67.42221,40.00165],[67.42223,40.00103],[67.42186,39.99931],[67.42181,39.99844],[67.42192,39.99772],[67.42229,39.99673],[67.42293,39.99576],[67.42367,39.995],[67.42472,39.99425],[67.4281,39.99236],[67.42969,39.99093],[67.43054,39.99031],[67.43168,39.98971],[67.43306,39.98918],[67.43431,39.98856],[67.43483,39.98821],[67.43566,39.98741]],[[67.87394,40.09623],[67.87287,40.09567],[67.87161,40.09511],[67.8702,40.09471],[67.86918,40.09452],[67.86781,40.09441],[67.85967,40.09413],[67.85469,40.09415]],[[68.08002,40.08072],[68.08218,40.08]],[[68.83976,40.2058],[68.83829,40.20627],[68.83758,40.20665]],[[69.11061,41.23492],[69.11001,41.23577]],[[67.912,40.09369],[67.91169,40.09369]],[[68.03258,40.5355],[68.03279,40.53486],[68.03302,40.53452],[68.0334,40.53421],[68.03403,40.5339],[68.03492,40.53373]],[[68.0427,40.53641],[68.04297,40.53622],[68.04325,40.53576],[68.0434,40.53493]],[[68.03545,40.53823],[68.04128,40.53704],[68.0419,40.5368]],[[67.83692,40.10089],[67.83784,40.10061],[67.83852,40.1003],[67.84511,40.09598],[67.8458,40.0956],[67.84649,40.09535]],[[69.04868,41.10253],[69.04766,41.10228],[69.04724,41.10207],[69.0468,41.10171],[69.04625,41.10108]],[[68.0359,40.53558],[68.03572,40.53478],[68.03569,40.53406],[68.03603,40.53364],[68.03653,40.53339]],[[68.03552,40.53842],[68.0408,40.53735],[68.04183,40.537],[68.04241,40.53666],[68.0427,40.53641]],[[68.81981,40.21224],[68.81915,40.21225]],[[68.67318,40.82414],[68.67266,40.82516],[68.67019,40.8327]],[[68.67142,40.81891],[68.67126,40.81887]],[[68.73009,40.63767],[68.72693,40.63708]],[[68.72816,40.63717],[68.73018,40.63746]],[[67.45632,39.93349],[67.45567,39.93428],[67.45477,39.93501],[67.44946,39.93787]],[[69.19284,41.2439],[69.19349,41.24426],[69.19383,41.24435],[69.19486,41.24445]],[[67.49601,39.92884],[67.49608,39.92993],[67.49641,39.93218],[67.49689,39.93413],[67.49783,39.93676],[67.49876,39.93862],[67.5003,39.94115],[67.50151,39.94275],[67.50475,39.94632],[67.5074,39.94938],[67.50821,39.95036],[67.50946,39.95213],[67.5109,39.95477],[67.51177,39.95672],[67.51257,39.95935]],[[67.30097,40.53799],[67.30639,40.53631],[67.30725,40.53593],[67.30835,40.53523],[67.30886,40.53481],[67.3093,40.53432],[67.30987,40.53349],[67.31025,40.53262],[67.31039,40.53173],[67.3107,40.52047],[67.31065,40.51942],[67.31042,40.51846],[67.31009,40.5177],[67.30972,40.51709],[67.30909,40.51632],[67.3081,40.51545],[67.30704,40.51484],[67.30594,40.51436],[67.3045,40.51396],[67.30372,40.51383],[67.30179,40.51376],[67.29991,40.51403],[67.29924,40.51423],[67.29758,40.51494]],[[69.12074,41.1945],[69.12074,41.19498],[69.12059,41.19533],[69.11982,41.19649]],[[69.11613,41.28297],[69.11678,41.28489],[69.11742,41.28622],[69.11877,41.29011]],[[69.11561,41.27951],[69.11568,41.27996]],[[69.11836,41.28872],[69.1185,41.28892]],[[69.11798,41.28739],[69.11801,41.2877]],[[69.19344,41.40897],[69.19324,41.4099],[69.19183,41.41273],[69.19151,41.4138],[69.19119,41.41529]],[[69.14056,41.32538],[69.14055,41.32619]],[[69.12297,41.30233],[69.12358,41.30409],[69.12422,41.30531],[69.12517,41.30661],[69.12799,41.30992]],[[69.13293,41.31571],[69.13312,41.31594]],[[69.1928,41.24457],[69.19475,41.24448],[69.19555,41.24434]],[[69.19041,41.24606],[69.19136,41.24515],[69.19177,41.24488],[69.19221,41.24466],[69.1928,41.24457]],[[69.19167,41.24489],[69.19136,41.24515]],[[69.08458,41.14051],[69.08041,41.1347],[69.07954,41.13367],[69.07807,41.13241],[69.07092,41.1271],[69.06891,41.12553],[69.06731,41.12389],[69.06453,41.12071],[69.05732,41.1131],[69.0552,41.11027],[69.04561,41.09686]],[[68.82314,40.21188],[68.82333,40.21186]],[[68.82842,40.21113],[68.83154,40.20987],[68.83661,40.20726],[68.83952,40.20588]],[[68.83593,40.20912],[68.83675,40.20905]],[[68.64138,40.22205],[68.64024,40.22126]],[[68.8204,40.21219],[68.82125,40.21226],[68.82196,40.21247],[68.82281,40.21296],[68.82306,40.21319]],[[68.83962,40.20569],[68.8386,40.20582],[68.83798,40.20599],[68.83029,40.20984]],[[68.83945,40.20601],[68.83878,40.20641],[68.83206,40.20984],[68.83024,40.21064],[68.82842,40.21113]],[[68.82311,40.21176],[68.82146,40.21193]],[[68.64149,40.222],[68.70789,40.26727]],[[69.11016,41.2358],[69.10959,41.2366],[69.10944,41.23693],[69.10907,41.23827],[69.10876,41.24354],[69.10884,41.24499],[69.10902,41.24576],[69.11184,41.25463],[69.1157,41.27952]],[[69.19261,41.40533],[69.19375,41.4084]],[[69.14877,41.34892],[69.14961,41.35047],[69.15117,41.35274]],[[68.96635,41.02525],[68.96579,41.02423],[68.96439,41.02291]],[[68.80942,40.95303],[68.80946,40.95304]],[[69.09099,41.14941],[69.09208,41.15095]],[[68.75885,40.9171],[68.75961,40.91684],[68.76042,40.91668],[68.76115,40.91663],[68.7619,40.91673],[68.76954,40.91834],[68.77265,40.91913],[68.77331,40.91936],[68.77853,40.92147],[68.78087,40.9223],[68.78268,40.92283],[68.78325,40.92308],[68.78362,40.9234],[68.78395,40.92392],[68.78442,40.92504],[68.78481,40.92556],[68.78582,40.92648],[68.78719,40.9274]],[[68.7963,40.95021],[68.80223,40.95099],[68.80442,40.95154]],[[67.28867,40.51897],[67.29135,40.51783],[67.29688,40.51525]],[[67.30289,40.51367],[67.30199,40.51365],[67.30045,40.51384],[67.29892,40.51427],[67.28881,40.51891]],[[67.29695,40.51517],[67.29758,40.51494],[67.28867,40.51897]],[[67.28867,40.51897],[67.28776,40.51947]],[[67.28627,40.51783],[67.29053,40.51591],[67.29162,40.5158]],[[67.28507,40.51742],[67.28812,40.51604],[67.28877,40.51584],[67.28938,40.51577]],[[67.30214,40.53768],[67.30265,40.53747]],[[67.27996,40.53985],[67.28093,40.54192],[67.28137,40.54249],[67.2818,40.54282],[67.28225,40.54303],[67.28302,40.54324],[67.28377,40.54331],[67.28464,40.54322],[67.28594,40.54277]],[[67.86529,40.0945],[67.8644,40.09475],[67.86392,40.09499],[67.86345,40.09538],[67.86321,40.0957],[67.86185,40.09706],[67.86102,40.09808]],[[67.86321,40.0957],[67.863,40.09631],[67.86309,40.0974]],[[69.11915,41.29057],[69.1199,41.29184],[69.12018,41.29254]],[[68.65981,40.86246],[68.66036,40.86152]],[[68.66007,40.86176],[68.66032,40.86133],[68.66143,40.85809]],[[68.66143,40.85796],[68.66066,40.86019]],[[68.74013,40.91978],[68.73944,40.91995],[68.73893,40.92027],[68.73838,40.92086]],[[68.65654,40.91071],[68.65546,40.90931],[68.65445,40.90765],[68.65398,40.90648],[68.65368,40.90524],[68.65202,40.88918],[68.652,40.88858],[68.65212,40.88729],[68.65279,40.88503],[68.6733,40.82409],[68.67441,40.82038],[68.67464,40.81946],[68.67575,40.81328],[68.68474,40.76174]],[[67.44319,39.94296],[67.4428,39.94398],[67.44252,39.94427],[67.44178,39.94476]],[[67.56112,40.02179],[67.56182,40.02301],[67.56234,40.02372],[67.56345,40.02499],[67.56495,40.0262],[67.56619,40.02698],[67.56734,40.02755],[67.56906,40.02821],[67.57472,40.02961]],[[68.36155,40.07502],[68.35686,40.07297],[68.35521,40.07233],[68.35287,40.07155],[68.35157,40.0712],[68.34918,40.07064],[68.34727,40.07029],[68.33949,40.06936],[68.33741,40.06902],[68.33422,40.0683],[68.33127,40.06742],[68.33017,40.06703],[68.32702,40.06571],[68.31852,40.06104],[68.31606,40.05989],[68.31345,40.05887],[68.31105,40.05811],[68.30958,40.05771],[68.30748,40.05724],[68.30446,40.05676],[68.28886,40.05512],[68.28513,40.05489],[68.28305,40.05486],[68.28006,40.05493],[68.27619,40.05525],[68.27225,40.05584],[68.26811,40.05676],[68.26552,40.05751],[68.25953,40.05959],[68.25625,40.06057],[68.25435,40.06105],[68.2517,40.06159],[68.24386,40.06313],[68.2402,40.06372],[68.22396,40.06535],[68.22052,40.06581],[68.21771,40.06637],[68.19895,40.07067],[68.19597,40.07126],[68.18028,40.07341],[68.1779,40.07368],[68.17137,40.07425],[68.15869,40.07513],[68.15062,40.07586]],[[67.8125,40.09617],[67.81229,40.09627]],[[67.76318,40.28205],[67.76342,40.28194]],[[68.15496,40.07542],[68.15555,40.07541]],[[68.67002,40.83361],[68.66846,40.83825],[68.66806,40.83914],[68.6679,40.84006],[68.66288,40.85479],[68.66222,40.85557],[68.66183,40.85582],[68.6595,40.85673],[68.65927,40.85699],[68.65911,40.85737],[68.65562,40.86764],[68.65565,40.86808],[68.65578,40.86842],[68.65709,40.86983],[68.65725,40.87032]],[[68.65283,40.88505],[68.67368,40.82315],[68.67469,40.81947]],[[68.64563,40.81957],[68.64699,40.81924],[68.64742,40.81905],[68.64815,40.81853],[68.65065,40.81515]],[[67.44012,39.94565],[67.44229,39.9442],[67.44275,39.94383],[67.44301,39.94339],[67.44381,39.94159],[67.4446,39.94054],[67.44502,39.94012],[67.44603,39.93944],[67.44998,39.93741]],[[69.63078,41.5175],[69.63365,41.52083],[69.63411,41.5211],[69.63656,41.52191]],[[69.63688,41.52206],[69.63656,41.52191]],[[69.24161,41.24612],[69.24155,41.24544],[69.241,41.24446]],[[69.24093,41.24443],[69.24064,41.24601],[69.23901,41.2573],[69.23882,41.2597],[69.23891,41.26157],[69.23927,41.26245],[69.23964,41.26288],[69.24015,41.26322],[69.24143,41.26367]],[[69.53683,40.86739],[69.53864,40.86554],[69.53912,40.8647],[69.53921,40.86381],[69.53909,40.86119]],[[69.53908,40.86085],[69.53909,40.8608]],[[69.53553,40.85099],[69.53594,40.85127],[69.53642,40.85147],[69.53692,40.85198],[69.53729,40.85273],[69.5374,40.85359],[69.53745,40.85637]],[[69.57771,40.85258],[69.58316,40.85026],[69.5858,40.84903],[69.58622,40.84878],[69.59021,40.84533],[69.59547,40.84145],[69.59626,40.84075],[69.59827,40.838],[69.59978,40.83564]],[[69.52603,40.85861],[69.52591,40.85441],[69.52611,40.85395],[69.5267,40.85328]],[[69.62684,40.85885],[69.62629,40.85886]],[[69.62629,40.85886],[69.62413,40.8589],[69.62307,40.85911]],[[69.22873,41.01782],[69.23016,41.01938],[69.23093,41.0198],[69.23234,41.02037],[69.23312,41.02077],[69.23481,41.02223],[69.23506,41.02257],[69.23518,41.02296],[69.23505,41.02362]],[[69.55149,40.86848],[69.55352,40.8701],[69.55481,40.87089]],[[69.59289,40.85691],[69.5934,40.85694]],[[69.58335,40.85515],[69.58999,40.85679],[69.59131,40.85694]],[[69.59257,40.8569],[69.5978,40.85691]],[[69.59835,40.85691],[69.59728,40.85695],[69.59213,40.85691]],[[69.59745,40.85698],[69.59213,40.85694]],[[69.55661,40.84927],[69.55963,40.84828],[69.56013,40.8482]],[[69.54568,40.86471],[69.54709,40.86579],[69.54853,40.86715],[69.55006,40.86832],[69.55286,40.87003],[69.55435,40.87073]],[[69.55566,40.86944],[69.5557,40.8706],[69.55591,40.87131],[69.55716,40.87426]],[[69.56338,40.8484],[69.56541,40.84873],[69.56634,40.84901],[69.56808,40.84999],[69.57129,40.85209],[69.57383,40.85401],[69.57516,40.85443]],[[70.1369,41.01784],[70.12962,41.0168],[70.12885,41.01659],[70.12839,41.01631],[70.12742,41.0155],[70.12539,41.01168],[70.12524,41.01097],[70.12512,41.00978],[70.12467,41.00884],[70.12385,41.00808],[70.12165,41.00688],[70.12067,41.00623],[70.11939,41.00526],[70.11862,41.00454],[70.11795,41.00415],[70.11729,41.00397],[70.11481,41.00367]],[[69.50413,40.86194],[69.50407,40.8625]],[[69.50413,40.86194],[69.50445,40.85934],[69.50477,40.85843],[69.50763,40.85242]],[[69.5572,40.87438],[69.55949,40.88052],[69.56011,40.89064],[69.5628,40.89305],[69.56325,40.89574]],[[69.66873,40.85946],[69.66591,40.85775],[69.66307,40.85621],[69.66122,40.85551],[69.65983,40.85516],[69.65851,40.85496]],[[69.65034,40.85473],[69.63706,40.85457],[69.63623,40.85475],[69.63492,40.85533],[69.6289,40.85841],[69.62804,40.85871],[69.62684,40.85885]],[[69.59131,40.85691],[69.59213,40.85691]],[[69.59131,40.85691],[69.5902,40.85681],[69.58272,40.85497],[69.58191,40.85446],[69.57962,40.85242]],[[69.33313,41.26548],[69.33572,41.26711],[69.33668,41.26798],[69.33717,41.26868],[69.33736,41.26962],[69.33682,41.26882],[69.33611,41.26825],[69.33503,41.268],[69.33401,41.26806],[69.33343,41.26832],[69.33286,41.26868],[69.33233,41.2693],[69.33194,41.27002],[69.33167,41.2703]],[[69.24303,41.38002],[69.24891,41.37468],[69.2494,41.37432]],[[69.3381,41.27184],[69.3375,41.26997],[69.33695,41.2686],[69.33632,41.26804],[69.33395,41.26655],[69.33327,41.26626],[69.33242,41.26612],[69.33137,41.26616],[69.32881,41.26646]],[[69.63656,41.52191],[69.63507,41.52107],[69.63349,41.51948],[69.62236,41.50743],[69.62184,41.50711],[69.62152,41.50699],[69.62028,41.50682]],[[69.34779,41.26193],[69.35016,41.26187],[69.35065,41.26191],[69.35147,41.26217]],[[68.76405,40.92024],[68.76301,40.91945],[68.76019,40.91844],[68.75828,40.91761],[68.75786,40.91754],[68.7572,40.91756],[68.75435,40.91792],[68.74212,40.91955],[68.7416,40.91966],[68.74067,40.91999],[68.73974,40.92061],[68.73908,40.92123],[68.7364,40.92422],[68.73607,40.92472],[68.73566,40.92572],[68.73551,40.92688],[68.73644,40.93948],[68.73666,40.94061],[68.73715,40.94166],[68.73756,40.94222],[68.73988,40.9446],[68.74021,40.94481],[68.74082,40.94505],[68.7439,40.94586]],[[69.3464,41.2626],[69.34691,41.26216],[69.34779,41.26193]],[[69.51131,41.4122],[69.50238,41.40858]],[[69.24482,41.21758],[69.24099,41.24423]],[[69.24753,41.19976],[69.24775,41.19913],[69.24778,41.19867],[69.2477,41.19595],[69.24701,41.19335],[69.24679,41.19159],[69.24679,41.19051],[69.24692,41.18894],[69.24654,41.18804],[69.24565,41.18694],[69.24527,41.18582]],[[69.31991,41.27164],[69.32054,41.27197],[69.33121,41.2786],[69.33215,41.27905],[69.33268,41.27919],[69.33315,41.27925],[69.33406,41.27923],[69.33546,41.27882],[69.33616,41.2783],[69.3367,41.27769],[69.33699,41.27725],[69.34094,41.26909],[69.34161,41.26819],[69.34342,41.26602]],[[69.63688,41.52206],[69.63808,41.5225],[69.64407,41.52524],[69.65384,41.53066],[69.65444,41.53093]],[[69.31103,41.29637],[69.31422,41.29526],[69.32321,41.2929],[69.3245,41.29238],[69.32613,41.2915],[69.33077,41.28805],[69.3318,41.28716],[69.33237,41.28645],[69.33283,41.28559],[69.33315,41.28431],[69.33309,41.28328],[69.33268,41.28207],[69.33199,41.28105],[69.33126,41.28035],[69.33066,41.27991],[69.31552,41.2704],[69.31426,41.26983],[69.29922,41.2649],[69.29833,41.26466],[69.29758,41.26455]],[[69.62247,40.85936],[69.62013,40.8608],[69.61921,40.86107],[69.61825,40.86116],[69.61723,40.86098],[69.61167,40.85891],[69.61058,40.8586],[69.60898,40.85827],[69.60495,40.8573],[69.60375,40.85708],[69.60221,40.85695],[69.59835,40.85691]],[[69.24411,41.22212],[69.24095,41.24421]],[[69.54941,40.86811],[69.55127,40.8696],[69.55497,40.87094],[69.55574,40.87152],[69.55693,40.87371]],[[69.55566,40.86924],[69.55566,40.86944]],[[69.50908,40.89319],[69.50509,40.87737],[69.50433,40.87107],[69.5039,40.86441],[69.50407,40.8625]],[[69.5201,40.84899],[69.52268,40.84892],[69.52578,40.84895],[69.52728,40.84904],[69.52891,40.8494],[69.53102,40.84952],[69.53157,40.84967],[69.53404,40.85062],[69.53503,40.85081],[69.5358,40.85105],[69.53631,40.85106],[69.53735,40.85088],[69.54073,40.84959],[69.54174,40.84936],[69.54364,40.84931]],[[69.52461,40.85818],[69.52463,40.8551],[69.52481,40.85446],[69.52552,40.85389],[69.52625,40.85355],[69.52726,40.85296]],[[69.55657,40.85368],[69.55663,40.85452],[69.55655,40.8554],[69.55656,40.85755],[69.55667,40.86035],[69.5573,40.86155],[69.55768,40.86191],[69.55822,40.86219],[69.55889,40.86234],[69.5615,40.86251],[69.56729,40.8625],[69.56816,40.86247],[69.56879,40.86235],[69.56931,40.86215],[69.56984,40.86182],[69.57019,40.86148],[69.57558,40.85429],[69.57595,40.85383],[69.5766,40.85326],[69.57772,40.85263],[69.57988,40.8518],[69.58406,40.84992],[69.58618,40.84886],[69.59016,40.84543],[69.59381,40.84271]],[[69.53909,40.8608],[69.53893,40.85355],[69.53847,40.85183],[69.53842,40.8508],[69.53854,40.85058]],[[69.52616,40.85612],[69.52617,40.85484],[69.52625,40.85428],[69.52646,40.85381],[69.52695,40.85314]],[[69.52268,40.84892],[69.52375,40.84913],[69.52416,40.84934],[69.52537,40.85054],[69.52591,40.85088],[69.52665,40.85101],[69.52807,40.85105]],[[69.56343,40.85899],[69.56845,40.85898],[69.569,40.85905],[69.56934,40.85923],[69.56988,40.85962],[69.57017,40.86002],[69.57028,40.86062],[69.57022,40.86103],[69.57007,40.86139],[69.56977,40.86175],[69.56952,40.86192],[69.56866,40.86219]],[[69.56211,40.84765],[69.5577,40.84906]],[[69.57962,40.85242],[69.579,40.85188]],[[69.56068,40.84808],[69.5611,40.84795]],[[69.56068,40.84808],[69.55661,40.84933]],[[69.53273,40.85014],[69.53329,40.85072],[69.53351,40.85121],[69.5336,40.85379],[69.5338,40.85492]],[[69.66739,40.8821],[69.67401,40.86674],[69.67423,40.8658],[69.67418,40.86426],[69.67367,40.86315],[69.67324,40.8625],[69.67264,40.86188],[69.67205,40.86145],[69.66873,40.85946]],[[69.58205,40.85489],[69.58127,40.85482],[69.57747,40.85498],[69.57621,40.85478],[69.5757,40.85461]],[[69.59381,40.84271],[69.59591,40.84117],[69.59655,40.84052],[69.59708,40.83984],[69.59981,40.83568],[69.60378,40.82993],[69.60406,40.82966],[69.60499,40.82902],[69.61166,40.82622],[69.61468,40.82471]],[[69.59979,40.83586],[69.59702,40.84005],[69.59637,40.84082],[69.59591,40.84125],[69.59008,40.84558],[69.58637,40.84881],[69.58573,40.84919],[69.58177,40.85109],[69.57899,40.85226],[69.57743,40.853],[69.57641,40.85362],[69.57585,40.8541],[69.57036,40.86136],[69.57003,40.86172],[69.56962,40.86203],[69.5691,40.8623],[69.56809,40.86253],[69.56162,40.86258]],[[69.59131,40.85694],[69.59213,40.85694]],[[69.5978,40.85691],[69.59725,40.85686],[69.59314,40.85684],[69.59257,40.8569]],[[69.59835,40.85691],[69.59661,40.85699],[69.59368,40.85695]],[[69.59265,40.85694],[69.59552,40.85725],[69.59614,40.85749],[69.59683,40.85809],[69.59708,40.8586],[69.59709,40.86317]],[[69.63796,40.85459],[69.63702,40.85463],[69.63596,40.85492],[69.6308,40.85752]],[[69.63748,40.85523],[69.63798,40.85529],[69.6391,40.85516],[69.64008,40.85514]],[[69.24269,41.2581],[69.24845,41.25862]],[[69.25658,41.36963],[69.25717,41.36913],[69.2574,41.36882],[69.25759,41.36793],[69.25755,41.36709],[69.25762,41.36661],[69.25784,41.36625],[69.25843,41.36573]],[[69.63184,40.85705],[69.63545,40.85532],[69.63586,40.85519],[69.63645,40.85512],[69.63682,40.85512],[69.63748,40.85523],[69.64069,40.85622],[69.64141,40.85632],[69.64733,40.85651]],[[69.23642,41.26229],[69.23665,41.26225]],[[69.23334,41.26167],[69.235,41.26225],[69.23556,41.26234],[69.23642,41.26229]],[[69.23665,41.26225],[69.23765,41.26187],[69.23839,41.26124],[69.23871,41.26064],[69.23882,41.2597]],[[69.33167,41.2703],[69.33142,41.27054]],[[69.33167,41.2703],[69.33284,41.26922]],[[69.63856,40.85555],[69.6374,40.85541],[69.63671,40.85551],[69.63577,40.85584]],[[69.50226,41.40853],[69.49335,41.4049]],[[69.50238,41.40858],[69.50226,41.40853]],[[69.24911,41.25867],[69.24495,41.25823]],[[69.53189,40.8498],[69.53279,40.84997],[69.53546,40.85002]],[[69.55566,40.86759],[69.55566,40.86924]],[[69.55566,40.86754],[69.55566,40.86759]],[[69.53908,40.86101],[69.53908,40.86085]],[[69.53909,40.86119],[69.53908,40.86101]],[[69.62307,40.85911],[69.62247,40.85936]],[[69.59233,40.85703],[69.59368,40.85705]],[[69.59368,40.85705],[69.59586,40.85707],[69.59661,40.85699]],[[69.25569,41.26357],[69.25509,41.26313],[69.25468,41.26295],[69.25335,41.26263]],[[69.25569,41.26357],[69.2551,41.26295],[69.2548,41.26237],[69.25476,41.26186],[69.25484,41.26153],[69.25503,41.26121],[69.25562,41.26068],[69.25645,41.26033],[69.25709,41.26021],[69.2582,41.26027],[69.25879,41.26043],[69.25924,41.26063],[69.25995,41.26118],[69.26015,41.26145],[69.26106,41.2629],[69.26121,41.26325],[69.26128,41.2636],[69.26125,41.26445]],[[69.25569,41.26357],[69.25775,41.26577],[69.25846,41.26627],[69.25951,41.2667]],[[69.2551,41.26295],[69.2525,41.26014],[69.25159,41.25932],[69.25109,41.25904],[69.25046,41.25882],[69.24911,41.25867]],[[70.015,40.97779],[70.00458,40.97539],[70.00348,40.9752],[70.00239,40.97492],[70.00177,40.97468]],[[69.24408,41.27154],[69.24235,41.27133],[69.24129,41.27108],[69.23874,41.27012],[69.23591,41.26833],[69.23532,41.26777],[69.23334,41.26536],[69.23315,41.26495],[69.23313,41.26429],[69.23338,41.2637],[69.23379,41.26326],[69.23409,41.2631],[69.23516,41.26279],[69.23611,41.26282]],[[69.23731,41.26921],[69.23557,41.2681],[69.23431,41.26661]],[[69.45417,41.38844],[69.43192,41.37786]],[[69.26351,41.26762],[69.26075,41.26708],[69.25977,41.26679],[69.25856,41.26639],[69.25659,41.26546],[69.24805,41.2639],[69.24693,41.26382],[69.24557,41.264],[69.24466,41.26402],[69.24173,41.26374]],[[69.18758,41.24463],[69.1889,41.24323]],[[69.2584,41.1662],[69.25925,41.17074]],[[69.25757,41.16175],[69.2584,41.1662]],[[69.25929,41.1709],[69.26085,41.17947],[69.26134,41.1815],[69.26154,41.18329],[69.26149,41.1847],[69.26126,41.18576],[69.26091,41.18667],[69.26033,41.18771],[69.25986,41.18836],[69.25794,41.19037],[69.2575,41.19076],[69.25629,41.19159]],[[69.25564,41.1514],[69.25757,41.16175]],[[69.2614,41.18263],[69.26146,41.18364],[69.26123,41.18476],[69.26012,41.18681],[69.25955,41.1874],[69.25852,41.18812],[69.25594,41.18901]],[[69.25923,41.17091],[69.25927,41.17139],[69.25917,41.17265],[69.25993,41.17677],[69.26038,41.179],[69.261,41.18078],[69.26115,41.18099],[69.26134,41.18199]],[[69.25864,41.17332],[69.25982,41.17987],[69.26023,41.18055],[69.26097,41.18128],[69.26138,41.18245]],[[69.26104,41.18051],[69.2599,41.1748],[69.25942,41.17194]],[[69.25905,41.16995],[69.2585,41.16895],[69.25809,41.16683]],[[69.25686,41.1591],[69.25706,41.15963],[69.25793,41.16446],[69.25917,41.17062]],[[69.25158,41.15844],[69.25509,41.15816],[69.25557,41.15819],[69.25634,41.1585],[69.25662,41.15874],[69.25686,41.1591]],[[69.25159,41.15848],[69.25504,41.15821],[69.25561,41.15826],[69.25611,41.15844],[69.25646,41.15868],[69.2567,41.15894],[69.25697,41.1594]],[[69.25321,41.15895],[69.25563,41.15891],[69.2561,41.15896],[69.25658,41.15916],[69.25683,41.15937],[69.25714,41.16001]],[[69.25938,41.17142],[69.2609,41.17947]],[[69.261,41.18078],[69.26134,41.18199]],[[69.26059,41.1812],[69.26113,41.18441],[69.26115,41.1847],[69.26098,41.18526]],[[69.26085,41.18317],[69.26111,41.1843]],[[69.24522,41.26402],[69.24663,41.26393],[69.24754,41.26398],[69.25636,41.26561],[69.25726,41.26586],[69.25839,41.26637],[69.25908,41.26658]],[[69.25726,41.26586],[69.25633,41.26564],[69.24751,41.26402],[69.24692,41.26396],[69.24507,41.26402]],[[69.31352,41.32288],[69.31321,41.32191]],[[69.1761,41.23604],[69.17909,41.23853],[69.18161,41.24075],[69.18512,41.2433],[69.18619,41.24379],[69.18718,41.24391],[69.18761,41.24387],[69.18826,41.24368],[69.1886,41.24349],[69.19008,41.24211]],[[69.19008,41.24211],[69.19094,41.24133],[69.19194,41.24063],[69.19273,41.24047],[69.19412,41.24054],[69.19502,41.2409],[69.20095,41.2446]],[[69.18903,41.24311],[69.18941,41.2427]],[[69.18761,41.24425],[69.18799,41.24388],[69.18842,41.24361]],[[69.36009,41.35923],[69.35824,41.357],[69.35725,41.3561],[69.35618,41.35547],[69.35519,41.35507],[69.35374,41.35473]],[[69.35374,41.35473],[69.35239,41.35461],[69.35098,41.35469],[69.34941,41.35507],[69.34677,41.35582],[69.34552,41.356],[69.34462,41.35603]],[[69.34462,41.35603],[69.34367,41.35596],[69.34257,41.35576],[69.34133,41.35535],[69.33998,41.35473]],[[69.23664,41.2627],[69.24173,41.26374],[69.26082,41.26719],[69.26213,41.2675],[69.26368,41.26818],[69.26437,41.2686],[69.26513,41.26918],[69.2668,41.2708],[69.26887,41.27308]],[[69.26882,41.27312],[69.26675,41.27083],[69.26507,41.26921],[69.26365,41.26821],[69.26211,41.26754],[69.26081,41.26724],[69.25122,41.26559],[69.24612,41.26458],[69.23659,41.26285]],[[69.55564,40.81338],[69.55563,40.81417],[69.55573,40.81488],[69.55646,40.81653]],[[69.55812,40.82379],[69.55837,40.82399],[69.55891,40.8247],[69.56124,40.83208],[69.5617,40.83336],[69.56221,40.83408],[69.56269,40.83452],[69.56313,40.83475],[69.56869,40.83712],[69.56939,40.83765],[69.56982,40.83829]],[[69.55599,40.8187],[69.55631,40.81947],[69.55678,40.8203],[69.55735,40.82097],[69.5581,40.82147],[69.55965,40.82201],[69.56054,40.82245],[69.56092,40.82292],[69.56134,40.82382]],[[69.55542,40.81824],[69.55763,40.82169]],[[69.55678,40.8203],[69.55646,40.81986]],[[69.55592,40.81882],[69.55636,40.81971]],[[69.53657,40.82373],[69.54492,40.82371],[69.5461,40.82363],[69.5466,40.82353],[69.5476,40.82316],[69.55217,40.82073],[69.55255,40.8206],[69.55305,40.82053],[69.55371,40.82062],[69.55421,40.82086],[69.55812,40.82379]],[[69.54359,40.82371],[69.54274,40.82376],[69.53997,40.82372]],[[69.54274,40.82376],[69.54196,40.82382],[69.5393,40.82384],[69.53808,40.82372]],[[69.39452,41.36528],[69.39506,41.36501],[69.39568,41.36446],[69.39597,41.36408],[69.39623,41.36317],[69.39626,41.36261],[69.39511,41.35843],[69.39531,41.35647]],[[69.42446,41.37433],[69.41982,41.37215],[69.41869,41.37168],[69.4137,41.37014]],[[69.38678,41.38609],[69.38695,41.38552],[69.38747,41.38454],[69.38914,41.38264],[69.39216,41.37934],[69.39278,41.37881],[69.39388,41.37811]],[[69.39343,41.36895],[69.39444,41.36996],[69.39602,41.37091],[69.39765,41.37145],[69.39854,41.37161],[69.39927,41.37166],[69.40079,41.37161],[69.40219,41.37132],[69.40295,41.37107],[69.40623,41.36973],[69.40762,41.36935],[69.40843,41.36925],[69.40951,41.36921],[69.4112,41.36941],[69.41506,41.37052],[69.41898,41.37177],[69.42018,41.37227],[69.42849,41.37624]],[[69.40231,41.37116],[69.40146,41.37135],[69.40051,41.37146],[69.39939,41.3715],[69.39866,41.37145],[69.39775,41.37129],[69.39666,41.37098],[69.39525,41.37032]],[[69.40335,41.37085],[69.40233,41.3712],[69.40123,41.37143],[69.40006,41.37154],[69.39905,41.37154],[69.398,41.3714],[69.39693,41.37112],[69.39628,41.3709],[69.39522,41.37036]],[[69.39406,41.36973],[69.39579,41.37102],[69.39644,41.37172],[69.39686,41.37268],[69.39691,41.37483],[69.39682,41.37558],[69.39663,41.37601],[69.39625,41.37651],[69.39563,41.37701],[69.39404,41.37802]],[[69.38448,41.364],[69.38962,41.36575],[69.39074,41.36621],[69.39179,41.36696],[69.39343,41.36895]],[[69.39525,41.37032],[69.39348,41.36889],[69.39163,41.36672],[69.39089,41.36621],[69.38982,41.36575]],[[69.40335,41.37085],[69.40231,41.37116]],[[69.39239,41.3677],[69.39205,41.36737]],[[69.4048,41.37024],[69.40356,41.37076]],[[69.39348,41.36889],[69.3945,41.36986],[69.39522,41.37036]],[[69.42525,41.37469],[69.42189,41.3732],[69.41951,41.37205],[69.41428,41.37032]],[[69.59962,40.82159],[69.59897,40.81995],[69.5987,40.81873],[69.59838,40.81818],[69.59795,40.8177],[69.59653,40.81667],[69.59575,40.81601],[69.59423,40.81421],[69.59355,40.81378],[69.59258,40.81333],[69.58933,40.81231],[69.58843,40.81191],[69.58482,40.8095],[69.58313,40.80859],[69.57988,40.80715],[69.57789,40.80617],[69.57663,40.80544],[69.57613,40.80508],[69.5759,40.80474],[69.57568,40.80399],[69.57579,40.80338],[69.57699,40.80067],[69.57815,40.79775],[69.57839,40.79686],[69.57839,40.79572],[69.57858,40.79505],[69.57902,40.79434],[69.57951,40.7938],[69.58038,40.793],[69.58163,40.79167]],[[69.58748,40.81128],[69.58431,40.80925],[69.58208,40.80814],[69.57945,40.80701],[69.57844,40.80644]],[[69.57877,40.80666],[69.57707,40.80585],[69.576,40.80552],[69.5757,40.80549],[69.57483,40.8055],[69.5743,40.8056],[69.57309,40.80601],[69.57267,40.80608],[69.57183,40.80605],[69.57138,40.80592],[69.56918,40.80483]],[[69.57789,40.80617],[69.57702,40.80577],[69.57437,40.80485]],[[69.5768,40.80569],[69.57603,40.80548],[69.57541,40.80542],[69.57461,40.80549],[69.5743,40.8056]],[[69.58931,40.81226],[69.59119,40.81276],[69.59553,40.81319]],[[69.59552,40.81324],[69.59145,40.81284],[69.59044,40.81264]],[[69.59044,40.81264],[69.5901,40.81249]],[[69.57681,40.84983],[69.57762,40.85033],[69.57803,40.85046],[69.57888,40.85048],[69.57934,40.85037],[69.58175,40.84919]],[[69.58044,40.84983],[69.58178,40.84922]],[[69.58193,40.84936],[69.58104,40.84977],[69.57981,40.85013]],[[69.58198,40.84943],[69.57914,40.85082]],[[69.22888,41.21922],[69.23092,41.21981],[69.23239,41.22],[69.23308,41.22003],[69.23386,41.22019],[69.23971,41.22187],[69.24049,41.22197],[69.24141,41.22186]],[[69.59897,40.81995],[69.59857,40.81872],[69.59803,40.81789],[69.59592,40.81628],[69.59413,40.81426],[69.59361,40.81391],[69.593,40.81371]],[[69.59748,40.81833],[69.598,40.81865],[69.5984,40.81909],[69.59888,40.82045],[69.60055,40.82331],[69.60082,40.82357],[69.60158,40.82395],[69.60255,40.82399],[69.60319,40.82381],[69.60395,40.82349],[69.60431,40.8232],[69.60462,40.82277],[69.60524,40.82149],[69.60554,40.82122],[69.6062,40.82086],[69.60652,40.82076],[69.60728,40.82065],[69.61199,40.82073],[69.61268,40.82062]],[[69.59731,40.81817],[69.59788,40.81846],[69.59849,40.81909],[69.59884,40.82017],[69.5991,40.82069],[69.60058,40.82322],[69.60083,40.82349],[69.60163,40.82384],[69.6021,40.82388],[69.6028,40.82383],[69.60371,40.8235],[69.60412,40.82323],[69.60443,40.82283],[69.60541,40.82096],[69.60609,40.82061],[69.60731,40.82048],[69.61179,40.82061],[69.61267,40.82053]],[[69.58104,40.84977],[69.58059,40.85008]],[[69.58059,40.85008],[69.57979,40.85073],[69.57933,40.85101]],[[69.57918,40.85086],[69.5798,40.85046]],[[69.57938,40.85105],[69.57979,40.85073]],[[69.52474,40.83088],[69.52528,40.82905],[69.52682,40.82496],[69.52689,40.82454],[69.52684,40.82422],[69.52669,40.82384],[69.52643,40.82348],[69.52609,40.82317],[69.52555,40.82284],[69.52024,40.81989],[69.51124,40.81372],[69.51043,40.81348],[69.47503,40.81009]],[[69.52541,40.82885],[69.52447,40.8316],[69.5244,40.83201],[69.5244,40.83246],[69.5247,40.83339],[69.52764,40.83776],[69.52918,40.83987],[69.52986,40.84063],[69.53083,40.8413],[69.53295,40.84234],[69.53584,40.84343],[69.53892,40.84493],[69.53965,40.84511],[69.54049,40.84511],[69.54106,40.84503],[69.54283,40.84459],[69.54584,40.84419],[69.54865,40.84355],[69.54959,40.8434]],[[69.24742,41.26244],[69.24662,41.26264],[69.24626,41.26282],[69.24558,41.26337],[69.24495,41.26372],[69.24453,41.26384],[69.24414,41.2639],[69.24356,41.26387],[69.24225,41.26364]],[[69.24364,41.26393],[69.2425,41.26372],[69.24091,41.26326],[69.24031,41.263],[69.23993,41.26274],[69.23949,41.2623],[69.23929,41.2618],[69.23945,41.26092],[69.23962,41.26066],[69.24011,41.2602],[69.24051,41.26],[69.24127,41.25976],[69.24287,41.25965],[69.24584,41.2599]],[[69.23962,41.26249],[69.23927,41.2621],[69.23914,41.26178]],[[69.23949,41.2623],[69.2392,41.26175]],[[69.5415,40.85507],[69.54077,40.85492],[69.53991,40.85459],[69.53928,40.8541]],[[69.54251,40.85559],[69.5417,40.85554],[69.54045,40.85512],[69.53969,40.85456],[69.53928,40.8541]],[[69.55714,40.83705],[69.55581,40.83705]],[[69.55564,40.83716],[69.55864,40.83698],[69.56007,40.83698],[69.56112,40.83714],[69.56545,40.83714]],[[69.55899,40.83324],[69.55824,40.83318],[69.55776,40.83291],[69.55754,40.83265],[69.55687,40.83109],[69.55671,40.83095],[69.55632,40.83076],[69.55553,40.83074],[69.555,40.83083],[69.55285,40.83146]],[[69.55826,40.84892],[69.55661,40.84944]],[[69.5287,40.85262],[69.52909,40.85354],[69.5294,40.8539],[69.53056,40.85458],[69.53086,40.85488],[69.53112,40.85575]],[[69.52863,40.8521],[69.52914,40.85493],[69.52918,40.85738]],[[69.52748,40.84934],[69.52812,40.84984],[69.52847,40.85033],[69.52861,40.85133],[69.52858,40.85408]],[[69.52667,40.85768],[69.52676,40.85381],[69.52685,40.85348],[69.52726,40.85296],[69.52834,40.85194],[69.5286,40.85152]],[[69.55661,40.84944],[69.55578,40.85013],[69.55561,40.85077],[69.55559,40.85137],[69.55575,40.85292]],[[69.25984,41.36367],[69.2607,41.36301],[69.26595,41.35598],[69.26635,41.35534],[69.26654,41.35459],[69.26622,41.3537],[69.26592,41.35331],[69.26557,41.35303],[69.26491,41.35271]],[[69.55372,40.8501],[69.56068,40.84808]],[[69.55351,40.85016],[69.55208,40.85019],[69.55176,40.85026],[69.55115,40.85052],[69.55083,40.85074]],[[69.55083,40.85074],[69.54987,40.85123],[69.54951,40.85162],[69.54918,40.85226],[69.54915,40.85542]],[[69.53909,40.85914],[69.5391,40.85858],[69.53961,40.85792],[69.54004,40.8576],[69.54079,40.85724],[69.54159,40.85706],[69.54295,40.85701],[69.5437,40.85708]],[[69.55564,40.86396],[69.55598,40.8632],[69.55634,40.86287],[69.55683,40.86268],[69.55736,40.8626],[69.56145,40.86256],[69.56353,40.86281],[69.5649,40.86282],[69.56655,40.86277],[69.56875,40.86247],[69.56935,40.86226],[69.5701,40.86175],[69.57317,40.85776],[69.57429,40.8568],[69.57573,40.85598],[69.57753,40.85534],[69.5786,40.85511],[69.58075,40.85485],[69.58205,40.85489],[69.58335,40.85515]],[[69.53897,40.852],[69.53917,40.85154],[69.53961,40.85101],[69.54014,40.85071],[69.54096,40.85052],[69.54174,40.85059],[69.54231,40.85075],[69.54309,40.85109],[69.54366,40.85122],[69.54533,40.85125]],[[69.55564,40.86396],[69.55566,40.86754]],[[69.60127,40.71438],[69.60063,40.71503],[69.6001,40.7154],[69.59871,40.71625],[69.59639,40.7175],[69.59592,40.71795],[69.59563,40.71842],[69.59469,40.72128],[69.59404,40.72223],[69.59306,40.72335],[69.59251,40.72416],[69.5916,40.72602],[69.58897,40.73575],[69.58873,40.73699],[69.5883,40.74183],[69.58855,40.74265],[69.58953,40.74472],[69.5905,40.74797],[69.59053,40.74877],[69.59018,40.75103],[69.58903,40.754],[69.58872,40.75689],[69.58795,40.76032],[69.5881,40.76121],[69.58975,40.76298],[69.59008,40.76375],[69.59002,40.76426],[69.58929,40.76604],[69.58823,40.76976],[69.58774,40.7708],[69.58559,40.77266],[69.58508,40.77318],[69.58436,40.77442],[69.58413,40.77508],[69.58281,40.77658],[69.58033,40.77804],[69.57822,40.77951],[69.57724,40.78059],[69.57685,40.78197],[69.57143,40.78818],[69.56685,40.79305],[69.56352,40.79736],[69.56147,40.80101],[69.56041,40.80339],[69.55952,40.80472],[69.55927,40.80526],[69.55886,40.8068],[69.55882,40.8076],[69.55865,40.80839],[69.55803,40.80992],[69.55766,40.81071],[69.55716,40.81134],[69.55603,40.81244],[69.5558,40.81284],[69.55519,40.81486],[69.55483,40.81634],[69.55488,40.81705],[69.55568,40.81883],[69.55851,40.82303],[69.56189,40.83355],[69.56242,40.83418],[69.56306,40.83465],[69.56729,40.83643]],[[69.55925,40.8055],[69.55888,40.80877],[69.55857,40.8106],[69.55791,40.8116],[69.55654,40.81286],[69.5562,40.81367],[69.55621,40.81442],[69.55644,40.81509],[69.55667,40.81548],[69.5574,40.81621],[69.55823,40.8181]],[[69.55906,40.80683],[69.55895,40.80866],[69.5587,40.81035],[69.55841,40.81102],[69.55791,40.8116]],[[69.54084,40.85529],[69.5414,40.85553],[69.54218,40.85573],[69.54361,40.85574]],[[69.54987,40.85123],[69.5492,40.85164],[69.54885,40.85218],[69.54882,40.85366]],[[69.54866,40.85542],[69.54861,40.8528],[69.54872,40.85227],[69.54899,40.85187]],[[69.54832,40.85542],[69.54826,40.85302],[69.54836,40.85251],[69.54853,40.85217],[69.54914,40.85157],[69.54987,40.85123]],[[69.54611,40.85674],[69.545,40.85675],[69.54159,40.85706]],[[69.54295,40.85701],[69.54436,40.85707],[69.54487,40.85719],[69.54556,40.85749],[69.54613,40.85761]],[[69.54542,40.85649],[69.54393,40.85686]],[[69.54073,40.84959],[69.53991,40.85011],[69.53955,40.85049],[69.53907,40.85139],[69.53893,40.85311],[69.53903,40.85359],[69.53928,40.8541],[69.54016,40.85531],[69.54064,40.85566],[69.54161,40.85619],[69.54252,40.85634],[69.54483,40.85631]],[[69.57771,40.85258],[69.57636,40.85295],[69.57497,40.853],[69.57414,40.85295],[69.57306,40.85271],[69.57167,40.85213],[69.56688,40.84921],[69.56624,40.84891],[69.56504,40.84857],[69.56381,40.84842],[69.56283,40.8484],[69.55921,40.84884],[69.55814,40.8492],[69.55722,40.84984],[69.5569,40.8502],[69.55662,40.85055],[69.55631,40.85132],[69.55633,40.85261],[69.55627,40.85267],[69.55645,40.85611],[69.55646,40.85973],[69.55667,40.86035]],[[70.33513,41.10333],[70.33648,41.10384],[70.33725,41.10427],[70.33813,41.10498],[70.33853,41.10576],[70.33861,41.10653],[70.33861,41.11044],[70.33868,41.11117],[70.33901,41.11199],[70.3403,41.114],[70.34115,41.11488],[70.34171,41.11531],[70.34619,41.11758],[70.34753,41.11839],[70.34855,41.11912],[70.3517,41.12203],[70.35238,41.12258],[70.35393,41.12348],[70.35588,41.12438],[70.3579,41.12555],[70.35874,41.12582],[70.3597,41.12593],[70.361,41.12577],[70.36381,41.12524],[70.36462,41.12517],[70.3656,41.12526],[70.36823,41.12629]],[[69.31339,41.3322],[69.31365,41.33181]]]}},{"type":"Feature","properties":{"branch":"toshkent","name":"Toshkent MTU","source_color":"darkred","km":2553,"lod":"overview","parts":257},"geometry":{"type":"MultiLineString","coordinates":[[[67.8339,40.1012],[67.8298,40.1003],[67.8218,40.095],[67.8087,40.0973],[67.7873,40.0977],[67.7644,40.0924],[67.7342,40.0907],[67.7003,40.0779],[67.6916,40.0719],[67.6829,40.0722],[67.6757,40.0704],[67.6549,40.069],[67.6513,40.0669],[67.6469,40.059],[67.6419,40.0543],[67.6402,40.0449],[67.6357,40.0391],[67.6255,40.0383],[67.6126,40.0327],[67.5934,40.0339],[67.5768,40.0301]],[[67.8543,40.0941],[67.9548,40.0936],[67.9985,40.0917],[68.0225,40.0937],[68.0373,40.0928],[68.0604,40.0889],[68.088,40.0798],[68.1803,40.0734],[68.2205,40.0658],[68.2439,40.0631],[68.2722,40.0558],[68.2863,40.055],[68.3096,40.0577],[68.3323,40.0678],[68.3552,40.0723],[68.4624,40.1189],[68.4723,40.1247],[68.4905,40.1306]],[[68.4898,40.1304],[68.4732,40.1249],[68.4642,40.1195],[68.3948,40.0885],[68.3406,40.0661],[68.318,40.0581],[68.2801,40.054],[68.2705,40.0551],[68.2615,40.0587],[68.2436,40.0626],[68.22,40.0657],[68.1949,40.0712],[68.1535,40.0756],[68.0843,40.0796],[68.0536,40.0901],[68.0219,40.0932],[67.9984,40.0896],[67.9889,40.0923],[67.9684,40.0908],[67.9581,40.0931],[67.8552,40.094]],[[67.4493,39.9378],[67.4438,39.9417],[67.4411,39.9531],[67.4429,39.9603],[67.4506,39.9638],[67.4513,39.9675],[67.4479,39.9733],[67.438,39.9826],[67.4353,39.9878],[67.4229,39.9958],[67.4207,40.0047],[67.412,40.0098],[67.4098,40.015],[67.4123,40.0189],[67.4175,40.0207],[67.4442,40.0226],[67.5214,40.02],[67.5507,40.0238],[67.5756,40.0299]],[[67.4483,39.9384],[67.4568,39.9325],[67.4596,39.9168],[67.4566,39.9089],[67.4612,39.9016],[67.4574,39.8924],[67.4493,39.8815],[67.4506,39.8785],[67.4583,39.8741],[67.4603,39.8709],[67.4579,39.8629],[67.46,39.8562],[67.4553,39.8486]],[[67.5283,39.9976],[67.515,39.9828],[67.5127,39.976],[67.5118,39.9567],[67.4971,39.9347],[67.4961,39.927],[67.4988,39.9117],[67.4968,39.9029],[67.4821,39.8815],[67.469,39.8684],[67.4612,39.8538],[67.4532,39.8469],[67.3879,39.8116]],[[68.8161,40.3266],[68.8161,40.3197],[68.8135,40.3145],[68.8075,40.3091],[68.7995,40.306]],[[67.9443,40.2478],[67.9496,40.2659],[67.935,40.2759],[67.9123,40.2769],[67.7827,40.2736],[67.759,40.2839],[67.734,40.2903],[67.6873,40.3093],[67.6755,40.3108],[67.6552,40.3167],[67.6488,40.3241],[67.6376,40.3295],[67.6319,40.3373],[67.6135,40.3409]],[[69.2489,41.3718],[69.2412,41.3774]],[[68.8395,40.2059],[68.8284,40.2111]],[[68.8398,40.2058],[68.8299,40.2107]],[[68.7659,40.4921],[68.8161,40.3266]],[[69.1128,41.1692],[69.115,41.1716],[69.118,41.1861]],[[68.7769,40.9479],[68.8022,40.951],[68.8266,40.9578],[68.8478,40.9573],[68.9012,40.9829],[68.9167,40.9962],[68.9458,41.0147],[68.9848,41.0529],[69.0188,41.0736],[69.0442,41.0953],[69.0571,41.1128],[69.0689,41.1255],[69.0798,41.134],[69.095,41.1551],[69.0996,41.159]],[[69.2149,41.403],[69.2251,41.3983],[69.2362,41.3861],[69.2396,41.38],[69.2712,41.3544],[69.2785,41.3501],[69.2957,41.3492],[69.3073,41.3423],[69.3119,41.3347]],[[68.7624,40.5032],[68.687,40.7494],[68.6746,40.8195],[68.6521,40.8873],[68.6542,40.907],[68.6659,40.9212]],[[69.5984,40.8569],[69.5905,40.8569],[69.5827,40.855],[69.5715,40.8454],[69.5696,40.8378],[69.5619,40.8335],[69.5548,40.8166],[69.5635,40.7974],[69.5882,40.7698],[69.5901,40.7637],[69.588,40.7603],[69.5905,40.7488],[69.5883,40.7418],[69.589,40.7358],[69.5956,40.7184],[69.6013,40.7144]],[[69.6326,40.8193],[69.6486,40.802],[69.6552,40.8002],[69.6527,40.8169],[69.6495,40.8207],[69.6355,40.824],[69.6314,40.8223],[69.6305,40.819],[69.6253,40.8161],[69.6158,40.8194]],[[69.6336,40.818],[69.6481,40.8018],[69.6533,40.7994],[69.6558,40.7999],[69.6543,40.8135],[69.6499,40.8208],[69.6351,40.824],[69.6311,40.8222],[69.6286,40.8175],[69.6243,40.8162],[69.6152,40.8202],[69.6176,40.8241],[69.6205,40.8232]],[[69.6505,40.8287],[69.6419,40.8257],[69.6392,40.8264]],[[67.5758,40.0299],[67.5933,40.034],[67.6125,40.0328],[67.6255,40.0384],[67.6351,40.0389],[67.6392,40.0428],[67.6415,40.0539],[67.6528,40.0683],[67.6826,40.0722],[67.6913,40.0719],[67.6988,40.0774],[67.7176,40.084]],[[68.7995,40.306],[68.7484,40.2925],[68.7403,40.2892],[68.5266,40.1436],[68.4916,40.131]],[[67.7176,40.084],[67.7342,40.0907],[67.7651,40.0926],[67.7868,40.0977],[67.8087,40.0974],[67.8218,40.0951],[67.8327,40.1012]],[[68.4909,40.1308],[68.5266,40.1436],[68.7402,40.2892],[68.7484,40.2926],[68.8026,40.3069],[68.8133,40.3143],[68.816,40.3198],[68.8159,40.327],[68.766,40.4915]],[[68.83,40.21],[68.8396,40.2057]],[[68.8297,40.2102],[68.8396,40.2057]],[[68.8398,40.2058],[68.8285,40.2112],[68.8392,40.2063]],[[68.8395,40.2059],[68.8284,40.2111]],[[69.2417,41.2637],[69.2564,41.2654],[69.2822,41.2715],[69.2861,41.2708],[69.2965,41.2645],[69.3148,41.2701],[69.3313,41.2803],[69.3332,41.2843],[69.3318,41.2872],[69.3256,41.2918],[69.311,41.2964]],[[69.1482,41.1956],[69.1687,41.2112],[69.1751,41.2234],[69.1885,41.2368],[69.2166,41.2539],[69.2344,41.2622],[69.2636,41.2682],[69.2829,41.2883]],[[69.3131,41.2955],[69.3007,41.2987],[69.295,41.2961]],[[69.3136,41.2696],[69.3019,41.2657]],[[69.2833,41.2885],[69.2637,41.2682],[69.2333,41.2617]],[[69.2484,41.1979],[69.244,41.2204],[69.2405,41.222],[69.2289,41.2192]],[[68.1835,40.6589],[68.1895,40.6647]],[[69.3345,41.2979],[69.3259,41.2953],[69.3189,41.2956],[69.3132,41.298]],[[69.3665,41.3018],[69.362,41.3017],[69.3595,41.3053],[69.3525,41.3064],[69.3471,41.3021],[69.3412,41.3018],[69.3345,41.2979]],[[68.6694,40.9236],[68.6627,40.9184],[68.6545,40.9076],[68.6522,40.8873],[68.6745,40.8204],[68.6869,40.7501],[68.7627,40.5025]],[[68.6389,40.8676],[68.6437,40.8676],[68.6529,40.8757],[68.656,40.8747],[68.6573,40.8703]],[[68.6589,40.8649],[68.6573,40.8703]],[[69.3363,41.3044],[69.3345,41.2979]],[[69.3508,41.0039],[69.3749,40.9983],[69.3758,40.9952]],[[69.7533,40.9132],[69.7665,40.9161],[69.7755,40.916],[69.7798,40.9154],[69.796,40.908],[69.8098,40.9109],[69.8267,40.9205],[69.8357,40.9282],[69.8679,40.9374],[69.8775,40.9377],[69.8861,40.9361],[69.8922,40.9373],[69.9011,40.9441],[69.9311,40.9471],[69.9528,40.9588],[69.995,40.9699],[70.0024,40.9749],[70.033,40.9818],[70.0393,40.9866],[70.0714,40.9939],[70.1132,41.0129],[70.129,41.0179]],[[69.2493,41.3715],[69.2407,41.3784]],[[68.7995,40.306],[68.8112,40.308],[68.8165,40.3074],[68.8216,40.3045],[68.8244,40.2989]],[[69.0968,40.2345],[69.0895,40.2344],[69.0834,40.2283],[69.0824,40.2248],[69.0791,40.2242]],[[68.7628,40.5019],[68.7658,40.4921]],[[68.8626,40.2107],[68.8488,40.2094],[68.8116,40.2129],[68.8038,40.2114]],[[69.2333,41.2617],[69.2159,41.2535],[69.1879,41.2362],[69.1751,41.2234],[69.1687,41.2112],[69.0968,41.1569],[69.0799,41.134],[69.066,41.1224]],[[69.5655,40.8371],[69.5523,40.8357],[69.5509,40.8332],[69.5529,40.8315]],[[70.3688,41.1265],[70.3646,41.1252],[70.3587,41.1258],[70.3524,41.1226],[70.3403,41.114],[70.3381,41.105],[70.3224,41.0953],[70.3213,41.0907],[70.3251,41.083],[70.3209,41.0761],[70.3105,41.0736],[70.3048,41.076],[70.2983,41.0764],[70.2745,41.0711],[70.263,41.0727],[70.2547,41.0699],[70.247,41.0701],[70.2368,41.0676],[70.2319,41.0643],[70.2229,41.0661],[70.2176,41.0634],[70.1988,41.0587],[70.1972,41.0556],[70.207,41.0432],[70.1974,41.0371],[70.1945,41.0299],[70.1899,41.0244],[70.1828,41.022],[70.1716,41.0235],[70.1546,41.0216]],[[69.066,41.1224],[69.0442,41.0952],[69.0189,41.0736],[68.9849,41.0528],[68.942,41.0121]],[[68.9697,41.0334],[68.9672,41.0268]],[[69.3655,41.0002],[69.374,40.9992],[69.3827,41.0118],[69.3947,41.0082]],[[69.5616,40.8626],[69.5696,40.862],[69.5764,40.8536],[69.5864,40.8488],[69.5964,40.8408],[69.6042,40.8297],[69.6172,40.8235]],[[69.6322,40.8227],[69.6312,40.8184],[69.6286,40.8178],[69.6046,40.8292],[69.5959,40.8411],[69.5862,40.8488],[69.5777,40.8526],[69.5731,40.8527],[69.565,40.8486],[69.5581,40.8492],[69.5563,40.8513],[69.5567,40.8603]],[[69.6238,40.8204],[69.6172,40.8235]],[[69.2593,41.1707],[69.2327,41.0288],[69.2357,41.0226],[69.2366,41.0053],[69.2397,41.0047],[69.2461,41.008],[69.2628,41.0098]],[[69.0996,41.159],[69.1482,41.1956]],[[69.118,41.1853],[69.1147,41.1708],[69.0996,41.159]],[[69.0585,41.1145],[69.0445,41.0956],[69.0416,41.0951]],[[69.1912,41.4153],[69.1935,41.4085]],[[69.1913,41.4154],[69.1939,41.4101],[69.1926,41.4053],[69.1953,41.4095],[69.2004,41.4091]],[[69.1913,41.4154],[69.1948,41.4116],[69.2251,41.3984],[69.2362,41.3861],[69.2402,41.3793],[69.2711,41.3543],[69.2784,41.3501],[69.2956,41.3491],[69.3072,41.3423],[69.3119,41.3346]],[[69.1466,41.3425],[69.1389,41.323],[69.1281,41.3099]],[[68.9672,41.0268],[68.9624,41.0223]],[[69.3508,41.0039],[69.3682,40.9994],[69.383,40.9976],[69.3999,40.9911],[69.4248,40.9882],[69.5219,40.9327],[69.5974,40.9243],[69.6387,40.9172],[69.6448,40.9151],[69.6494,40.9106]],[[69.557,40.8604],[69.5584,40.8621],[69.5619,40.8625]],[[69.5077,40.8522],[69.5043,40.8601],[69.5051,40.8774],[69.5152,40.9225],[69.5225,40.9303],[69.5189,40.9339]],[[69.57,40.8391],[69.5622,40.8341],[69.5589,40.8247],[69.554,40.8207],[69.5461,40.8236],[69.5366,40.8237]],[[69.2394,41.2635],[69.265,41.2693]],[[69.265,41.2693],[69.2585,41.267]],[[69.5714,40.8453],[69.5788,40.8517]],[[69.3137,41.3319],[69.3151,41.3281],[69.3126,41.3196]],[[69.3123,41.3189],[69.315,41.328],[69.3134,41.3322]],[[69.3939,41.3781],[69.387,41.3855],[69.3888,41.3942],[69.3861,41.3993],[69.3816,41.4015],[69.3811,41.4047],[69.3994,41.4165],[69.406,41.4268],[69.4157,41.4324],[69.4212,41.434]],[[69.3131,41.2955],[69.3055,41.2974]],[[69.2961,41.297],[69.2985,41.3045],[69.3062,41.3101],[69.3112,41.3167]],[[69.311,41.2964],[69.3003,41.2988]],[[69.3014,41.2986],[69.298,41.3001],[69.2983,41.3041],[69.3064,41.3102],[69.3112,41.3167]],[[70.0178,40.9696],[70.0306,40.9709],[70.0362,40.9801],[70.0327,40.9817]],[[70.163,41.0269],[70.1667,41.0242],[70.1658,41.0192],[70.1415,41.0102],[70.1397,41.0072]],[[70.0807,40.9973],[70.0887,40.9977]],[[70.1899,41.0481],[70.1924,41.0484],[70.1937,41.0468],[70.1897,41.0363],[70.1907,41.0271],[70.1879,41.0245],[70.1793,41.0225]],[[70.1484,41.0206],[70.1504,41.0216],[70.15,41.024],[70.14,41.0271],[70.1347,41.0246],[70.1301,41.0246]],[[70.1484,41.0206],[70.1546,41.0216]],[[70.1635,41.0438],[70.1555,41.0269],[70.157,41.0255],[70.1658,41.0249],[70.1663,41.0199],[70.1575,41.0192],[70.1469,41.0158],[70.1407,41.013],[70.1393,41.0102]],[[70.1546,41.0216],[70.1716,41.0235],[70.1799,41.0224],[70.1898,41.0249],[70.1941,41.0317],[70.195,41.0417],[70.1981,41.0472],[70.1977,41.0493],[70.1933,41.0512]],[[70.1887,41.0252],[70.1908,41.0274],[70.189,41.0359],[70.1906,41.0397]],[[70.0327,40.9817],[70.0386,40.9863],[70.0502,40.9889]],[[69.1186,41.1971],[69.118,41.1815],[69.1193,41.1798],[69.1241,41.1788],[69.1482,41.1956]],[[69.2407,41.182],[69.2453,41.1858]],[[69.3824,41.3633],[69.3909,41.3662],[69.3967,41.371],[69.4034,41.3708],[69.398,41.3714],[69.3935,41.3689]],[[69.1161,41.2818],[69.1088,41.2435],[69.1094,41.2369],[69.1129,41.2311],[69.1155,41.2103],[69.1186,41.201],[69.118,41.1853]],[[69.3435,41.2659],[69.3346,41.2791],[69.3317,41.2789],[69.3199,41.2716]],[[69.2454,41.2129],[69.2472,41.201]],[[69.2472,41.201],[69.2498,41.1962],[69.261,41.1864],[69.2593,41.1709]],[[69.2485,41.198],[69.2456,41.2125]],[[69.2585,41.2102],[69.2488,41.2041],[69.2485,41.198]],[[69.2485,41.198],[69.2523,41.1942]],[[67.8547,40.0941],[67.8696,40.0946],[67.8779,40.0986],[67.9086,40.1453],[68.0443,40.5332],[68.1895,40.6647]],[[67.8464,40.0955],[67.852,40.0941]],[[69.3435,41.2659],[69.3529,41.255],[69.3565,41.2532],[69.3589,41.2536],[69.3658,41.26]],[[69.3136,41.2696],[69.3199,41.2716]],[[69.201,41.2446],[69.2125,41.2516]],[[69.1157,41.28],[69.1087,41.2435],[69.1091,41.2376],[69.1129,41.2311],[69.1154,41.2104],[69.1185,41.201],[69.118,41.1861]],[[67.8384,40.1007],[67.8496,40.0944]],[[69.5974,40.857],[69.5786,40.8551],[69.5743,40.8568],[69.5693,40.8623],[69.556,40.8632],[69.5557,40.8706],[69.5631,40.8989],[69.5604,40.901],[69.5496,40.9002]],[[69.5687,40.8622],[69.5589,40.8623],[69.557,40.8604]],[[68.6229,40.8254],[68.6431,40.8199],[68.666,40.8178],[68.6721,40.8191],[68.6739,40.8211],[68.6698,40.8344]],[[68.7331,40.5993],[68.7235,40.6367]],[[68.8532,40.9597],[68.846,40.9569],[68.8242,40.9573],[68.799,40.9505],[68.7678,40.9467],[68.7577,40.947]],[[69.2149,41.403],[69.2004,41.4091]],[[69.1909,41.4163],[69.1944,41.4119],[69.2137,41.4036]],[[67.5302,40.3871],[67.5268,40.3922],[67.5168,40.4241],[67.5137,40.429],[67.4817,40.4517],[67.4342,40.4914],[67.3826,40.5193],[67.341,40.5256],[67.2888,40.5418]],[[69.2414,41.2637],[69.2391,41.2622],[69.2388,41.2589],[69.2454,41.2129]],[[69.7222,40.8501],[69.7335,40.8496],[69.7414,40.8471],[69.74,40.8438],[69.733,40.8444],[69.7295,40.8424],[69.7268,40.8343],[69.7366,40.8287],[69.7362,40.8238],[69.7387,40.8209],[69.7394,40.8163],[69.7453,40.809],[69.7451,40.8043],[69.75,40.7939]],[[69.6308,40.8575],[69.637,40.8546],[69.6585,40.855],[69.6726,40.8619],[69.674,40.8667],[69.6636,40.891]],[[69.5752,41.4461],[69.5853,41.4552],[69.5923,41.4731],[69.6331,41.5188],[69.7019,41.5573],[69.7329,41.5702]],[[69.6713,41.5495],[69.6752,41.5485],[69.6801,41.5502],[69.6828,41.5473],[69.6538,41.5307]],[[69.7339,41.5706],[69.7392,41.5734],[69.7578,41.5753],[69.7716,41.5682],[69.7829,41.5653],[69.7894,41.5657],[69.8334,41.5836],[69.8493,41.5883],[69.8833,41.6061],[69.9231,41.6199]],[[69.2643,41.3603],[69.2407,41.3784]],[[69.2503,41.3711],[69.2415,41.3777]],[[69.2414,41.3778],[69.2503,41.3711]],[[69.5232,41.4164],[69.5359,41.4232],[69.5385,41.427]],[[69.5113,41.4122],[69.5268,41.4178],[69.5443,41.428],[69.5613,41.4408]],[[69.7273,41.5683],[69.7339,41.5706]],[[69.5905,41.469],[69.5847,41.4551]],[[69.7566,40.8473],[69.7585,40.8517],[69.7537,40.8535],[69.7435,40.8487],[69.7222,40.8501]],[[69.5984,40.8569],[69.605,40.8573],[69.6188,40.8612],[69.6371,40.8546],[69.6793,40.8562],[69.6967,40.8543],[69.7065,40.8507],[69.7222,40.8501]],[[69.6515,40.8291],[69.6543,40.8314],[69.6572,40.8407],[69.6657,40.8401],[69.6675,40.8378]],[[69.6301,40.8213],[69.6266,40.826],[69.6336,40.8248]],[[69.6242,40.8203],[69.6284,40.8185],[69.6304,40.8196],[69.6262,40.8248],[69.6279,40.8265],[69.6485,40.8225],[69.6546,40.8188]],[[69.6301,40.8213],[69.626,40.8247]],[[69.625,40.8198],[69.6302,40.8178],[69.6313,40.8222],[69.6356,40.8239],[69.6488,40.8204],[69.6527,40.8137],[69.6527,40.805],[69.6503,40.8047],[69.6472,40.8067],[69.6339,40.8196]],[[69.5843,41.4544],[69.5767,41.4473]],[[69.4874,41.4025],[69.5113,41.4122]],[[68.8276,40.2887],[68.8459,40.2278]],[[68.8271,40.2901],[68.8459,40.2278]],[[67.2985,40.5145],[67.3066,40.5146],[67.3107,40.5199],[67.3099,40.5335],[67.3072,40.5359],[67.301,40.538]],[[68.9672,41.0268],[68.9607,41.0212],[68.9543,41.0221],[68.9521,41.0209]],[[69.6313,40.8202],[69.6308,40.8179],[69.6278,40.817]],[[70.1369,41.0178],[70.1541,41.0214]],[[70.1301,41.0246],[70.115,41.0239]],[[70.1887,41.0252],[70.1773,41.0233],[70.1686,41.0165],[70.1502,41.0096],[70.1457,41.0056]],[[70.1402,41.0273],[70.1543,41.0215]],[[70.129,41.0179],[70.1484,41.0206]],[[70.1307,41.0181],[70.1369,41.0178]],[[67.4483,39.9384],[67.4437,39.9426],[67.4431,39.9532],[67.4482,39.9605],[67.5051,39.9759],[67.51,39.979],[67.5283,39.9976]],[[67.4195,39.828],[67.4542,39.8477],[67.4599,39.8559],[67.4579,39.8632],[67.4599,39.872],[67.4573,39.8747],[67.4512,39.8773],[67.4492,39.8806],[67.4611,39.9012],[67.4565,39.9093],[67.4595,39.9168],[67.4569,39.9321],[67.4493,39.9378]],[[67.8366,40.1011],[67.8464,40.0955]],[[67.5421,40.3798],[67.5327,40.3823],[67.465,40.3819],[67.4342,40.388]],[[67.5438,40.3792],[67.5411,40.3794],[67.5393,40.3774],[67.5432,40.3654],[67.5541,40.3535]],[[67.5355,40.3799],[67.5421,40.3798]],[[68.4916,40.131],[68.5056,40.1357]],[[67.4571,39.9313],[67.4552,39.9345],[67.4493,39.9378]],[[67.5747,40.0296],[67.5649,40.0262],[67.5576,40.0173],[67.5283,39.9976]],[[68.8435,40.21],[68.8463,40.211],[68.8492,40.2149]],[[68.8215,40.2119],[68.829,40.2113]],[[68.8396,40.2057],[68.8291,40.2106]],[[69.2298,41.3931],[69.2415,41.3768],[69.2489,41.3718]],[[67.8344,40.1012],[67.8382,40.1006],[67.8485,40.0945],[67.8541,40.0941]],[[67.8366,40.1011],[67.8464,40.0955]],[[69.0968,40.2347],[69.0892,40.2342]],[[69.241,41.2442],[69.2456,41.2125]],[[69.2137,41.4036],[69.2026,41.4083]],[[69.5687,40.8622],[69.5626,40.862]],[[69.5705,40.8445],[69.5698,40.8385],[69.5655,40.8371]],[[69.5705,40.8445],[69.5682,40.8422],[69.5619,40.8417]],[[69.6186,40.8228],[69.6242,40.8203]],[[70.0324,40.9816],[70.018,40.9784]],[[70.0186,40.9785],[70.0316,40.9814]],[[69.2415,41.3777],[69.2503,41.3711]],[[68.942,41.0121],[68.9168,40.9961],[68.9005,40.9824],[68.8532,40.9597]],[[70.0197,40.9788],[70.0304,40.9812]],[[69.0585,41.1145],[69.0656,41.122]],[[69.066,41.1224],[69.0583,41.1141]],[[69.636,40.8164],[69.6496,40.8024],[69.6547,40.8008],[69.6516,40.8184],[69.6492,40.8205],[69.6426,40.8221]],[[69.6498,40.805],[69.6332,40.821]],[[69.6515,40.8291],[69.6561,40.8307],[69.6627,40.8366],[69.6711,40.8378]],[[69.6505,40.8287],[69.6542,40.8316],[69.654,40.8383],[69.651,40.8401],[69.6472,40.8394],[69.6448,40.8369],[69.6455,40.834]],[[69.6313,40.8202],[69.648,40.7995],[69.6535,40.7984]],[[69.6494,40.9106],[69.657,40.9014]],[[69.5232,41.4164],[69.5113,41.4122]],[[69.6004,41.4817],[69.5922,41.4731],[69.5905,41.469]],[[69.6366,41.5219],[69.6222,41.5073],[69.6142,41.5059]],[[69.2414,41.3775],[69.2506,41.3707]],[[69.2506,41.3707],[69.2411,41.3778]],[[68.852,40.21],[68.8495,40.2118],[68.8492,40.2149]],[[68.8299,40.2107],[68.8395,40.206]],[[69.1452,41.3377],[69.1388,41.3226],[69.1235,41.3037]],[[69.3055,41.2974],[69.2989,41.2964]],[[68.7657,40.4925],[68.7628,40.5022]],[[68.7642,40.4979],[68.7655,40.4934]],[[68.7657,40.4925],[68.7642,40.4979]],[[69.3217,41.2933],[69.3131,41.2955]],[[68.8459,40.2276],[68.8454,40.2243],[68.8419,40.2217],[68.8299,40.2219],[68.8254,40.22],[68.8241,40.2134],[68.8291,40.2113]],[[68.8215,40.2119],[68.8111,40.2128],[68.8034,40.2112]],[[68.8431,40.21],[68.8117,40.2131],[68.8027,40.211]],[[68.8405,40.2057],[68.8325,40.2103],[68.8253,40.2115]],[[68.8394,40.2058],[68.8291,40.2107],[68.8396,40.2057]],[[68.8492,40.2149],[68.8459,40.2276]],[[68.8161,40.3266],[68.8271,40.2902]],[[68.8271,40.2901],[68.8245,40.2988]],[[68.8245,40.2988],[68.8271,40.2901]],[[68.8271,40.2902],[68.8245,40.299]],[[68.8113,40.3422],[68.8085,40.347],[68.798,40.3862]],[[68.9523,41.0212],[68.942,41.0121]],[[69.265,41.2693],[69.2806,41.2861]],[[69.295,41.2961],[69.2839,41.2888]],[[69.2943,41.2956],[69.2833,41.2885]],[[70.1402,41.0273],[70.1342,41.0306],[70.1365,41.0345],[70.1343,41.0382],[70.1214,41.0388]],[[69.3763,41.3752],[69.3722,41.3763],[69.367,41.3756],[69.3649,41.3736],[69.367,41.372],[69.379,41.3696],[69.3817,41.3645],[69.3849,41.3642]],[[69.311,41.2964],[69.301,41.2987]],[[69.294,41.2954],[69.2833,41.2885]],[[69.2994,41.2982],[69.3055,41.2974]],[[68.7628,40.5019],[68.766,40.4915]],[[69.2004,41.4091],[69.1934,41.4116],[69.1912,41.4153]],[[69.6196,40.8223],[69.6253,40.8194]],[[70.1904,41.0289],[70.1872,41.0336],[70.1929,41.0445],[70.1921,41.0481],[70.1867,41.0471],[70.1836,41.0424],[70.1742,41.0349]],[[69.6573,40.801],[69.6537,40.7989],[69.6486,40.8007],[69.6322,40.8189]],[[69.2643,41.3603],[69.2549,41.3674]],[[69.6498,40.805],[69.6521,40.8047],[69.6534,40.8065],[69.6498,40.8197],[69.6358,40.8238],[69.6316,40.8223],[69.6313,40.8202]],[[68.8396,40.2057],[68.8292,40.2108]],[[68.7218,40.9093],[68.7303,40.9122],[68.7344,40.9187],[68.7371,40.9201],[68.7561,40.9177]],[[69.634,40.8218],[69.633,40.8203],[69.6345,40.8184],[69.649,40.8036],[69.6537,40.8011],[69.6517,40.8176],[69.6467,40.8213]],[[69.2351,40.2154],[69.2412,40.2155],[69.2485,40.2132],[69.2649,40.2019]],[[67.8488,40.0946],[67.8379,40.1009]],[[67.8375,40.101],[67.8488,40.0946]],[[67.8552,40.094],[67.8486,40.0944],[67.8344,40.1012]],[[67.8384,40.1007],[67.8493,40.0945]],[[69.0968,40.2345],[69.0892,40.2342]],[[69.557,40.8604],[69.5572,40.8526],[69.5612,40.8486]],[[69.7304,41.5641],[69.7356,41.5712]],[[69.2292,41.1752],[69.2337,41.1756],[69.2453,41.1858]],[[70.0197,40.9788],[70.0304,40.9812]],[[70.0513,40.9892],[70.0706,40.9935],[70.0795,40.9971]],[[69.6283,40.8183],[69.6325,40.823]],[[68.8395,40.2059],[68.8284,40.2111]],[[68.8303,40.2098],[68.8396,40.2057]],[[68.8284,40.2111],[68.8394,40.206]],[[68.6573,40.8703],[68.6556,40.8676],[68.6591,40.8574],[68.6629,40.8548],[68.67,40.8336]],[[69.6366,41.5219],[69.6308,41.5175]],[[69.6366,41.5219],[69.6544,41.5309]],[[70.1148,41.0037],[70.118,41.0041],[70.1247,41.0088],[70.1284,41.0163],[70.1369,41.0178]],[[68.7439,40.9459],[68.7399,40.9446],[68.7367,40.9406],[68.7364,40.9242],[68.7421,40.9195],[68.7579,40.9175],[68.764,40.9202]],[[69.2453,41.1858],[69.2475,41.1998]],[[69.6147,40.8247],[69.6041,40.8297],[69.5959,40.8412],[69.5862,40.8489],[69.5766,40.8533],[69.5693,40.8621],[69.5577,40.8619],[69.5566,40.8537]],[[69.5687,40.8622],[69.5702,40.861],[69.5693,40.8592],[69.5634,40.859]],[[69.2388,41.2597],[69.2372,41.2621],[69.2333,41.2617]],[[69.201,41.2446],[69.1936,41.2405],[69.1862,41.2438],[69.1761,41.236]],[[69.4285,41.3762],[69.4109,41.3693],[69.3973,41.3714],[69.3907,41.3662],[69.3845,41.364]],[[69.5816,40.7917],[69.5786,40.795],[69.5759,40.8047],[69.5942,40.8142],[69.5996,40.8216]],[[69.475,40.8101],[69.5112,40.8137],[69.5264,40.8235],[69.5247,40.8309]],[[69.5496,40.8434],[69.5397,40.8451],[69.5308,40.8413],[69.5247,40.8334],[69.5254,40.8289]],[[69.5655,40.8371],[69.5556,40.8372]],[[69.5529,40.8315],[69.5563,40.8308],[69.559,40.8332]]]}},{"type":"Feature","properties":{"branch":"buxoro","name":"Buxoro MTU","source_color":"black","km":2390,"lod":"detail","parts":1389},"geometry":{"type":"MultiLineString","coordinates":[[[65.29775,40.05259],[65.29689,40.05245],[65.29561,40.05196]],[[65.28782,40.05157],[65.29065,40.05158],[65.29238,40.05173]],[[64.08228,39.6499],[64.1069,39.65706]],[[63.88906,39.53688],[63.89106,39.53851]],[[63.90279,39.54835],[63.91328,39.55706]],[[64.36147,39.74283],[64.35954,39.74376]],[[64.31465,39.76447],[64.30428,39.76912]],[[67.22375,39.74159],[67.2236,39.74152]],[[67.38769,39.81157],[67.38575,39.81063],[67.38374,39.80977],[67.36787,39.80375]],[[67.2703,39.76471],[67.26165,39.76239],[67.26044,39.76183],[67.25893,39.76082]],[[63.79372,39.40744],[63.79223,39.40512]],[[63.79338,39.40682],[63.79326,39.40652],[63.79293,39.40335]],[[63.8483,39.49969],[63.85033,39.5029],[63.85152,39.5052],[63.85357,39.50771],[63.85388,39.50804],[63.85442,39.50844],[63.85515,39.50943],[63.85601,39.51134]],[[64.37031,39.73856],[64.36147,39.74283]],[[64.37217,39.73767],[64.37089,39.73829]],[[64.53923,39.71402],[64.5405,39.71508]],[[64.53895,39.71388],[64.53826,39.71328]],[[64.53923,39.71402],[64.53817,39.71312]],[[64.53989,39.71447],[64.54081,39.71536],[64.54116,39.71558]],[[64.56074,39.73167],[64.5613,39.73215]],[[64.55859,39.72984],[64.55093,39.72371],[64.55021,39.72293]],[[64.55974,39.7308],[64.56032,39.73124]],[[66.126,39.91551],[66.12963,39.91577]],[[66.95002,39.68693],[66.95128,39.68707],[66.95361,39.6871],[66.96213,39.68768]],[[67.04463,39.70983],[67.04569,39.70902]],[[67.0814,39.69735],[67.08277,39.6964],[67.08317,39.6962],[67.08392,39.696],[67.08473,39.69602]],[[66.93166,39.68607],[66.93371,39.68591]],[[66.67036,39.71177],[66.67399,39.7103]],[[66.66635,39.7146],[66.66893,39.7126],[66.67009,39.71181]],[[66.61804,39.73875],[66.61611,39.74117],[66.60106,39.76321],[66.59983,39.76497],[66.59877,39.76616],[66.59744,39.76724],[66.59659,39.76778],[66.59511,39.76842],[66.59319,39.76903],[66.58358,39.77151]],[[67.08495,39.69605],[67.08659,39.6963]],[[66.83084,39.69925],[66.83164,39.69907],[66.83738,39.69819],[66.84545,39.69672],[66.84895,39.696]],[[66.84421,39.69695],[66.84468,39.69692]],[[66.75592,39.6953],[66.75671,39.69542],[66.76827,39.69656],[66.76902,39.69658]],[[67.04076,39.71167],[67.04298,39.71007],[67.04411,39.70914]],[[65.27092,40.0815],[65.27567,40.08155],[65.27784,40.08145]],[[65.67835,40.01122],[65.67825,40.01132]],[[65.31099,40.08956],[65.31678,40.08904],[65.32855,40.08814],[65.32973,40.08795],[65.33086,40.08766],[65.33235,40.08708],[65.35137,40.07695],[65.35311,40.0762],[65.35511,40.07563],[65.35688,40.07538],[65.38832,40.07292],[65.39326,40.0729]],[[65.28452,40.0525],[65.28586,40.05259],[65.2953,40.05265],[65.29625,40.05258]],[[64.86206,39.47329],[64.86187,39.4734]],[[64.18052,41.57188],[64.18076,41.57136],[64.18075,41.57085],[64.18056,41.57035],[64.17992,41.5697],[64.17906,41.56919],[64.17813,41.56889],[64.1742,41.56834]],[[65.2898,40.08],[65.28823,40.08027],[65.27925,40.08097],[65.277,40.08131]],[[63.71311,42.15286],[63.71264,42.15293],[63.71143,42.15284]],[[63.54977,42.13357],[63.55266,42.13355],[63.5558,42.13361],[63.55658,42.13368]],[[64.38497,40.9789],[64.38698,40.97947],[64.38776,40.98002]],[[64.01276,41.34036],[64.01257,41.34107],[64.01138,41.34876]],[[66.98801,39.68803],[66.98027,39.68932],[66.97928,39.68937],[66.97802,39.68932],[66.9624,39.68775]],[[66.74864,39.69429],[66.74752,39.69407],[66.73692,39.69301],[66.73583,39.69302],[66.73453,39.69323]],[[63.63986,42.11916],[63.63934,42.11888]],[[63.62758,42.1177],[63.62705,42.11775],[63.61733,42.11777]],[[66.67399,39.7103],[66.67009,39.71181]],[[67.03208,39.71731],[67.03265,39.71693],[67.03372,39.71638]],[[67.01579,39.69387],[67.01523,39.69344],[67.01276,39.69215],[67.01019,39.69054]],[[64.85811,40.03493],[64.85748,40.03451],[64.84806,40.0296],[64.8471,40.02921],[64.84576,40.02855]],[[64.94116,40.06244],[64.9422,40.06257]],[[64.98788,40.06453],[64.97893,40.06412]],[[64.8597,40.03582],[64.84884,40.03016]],[[64.85924,40.03562],[64.85994,40.03601]],[[64.86508,40.03427],[64.85819,40.03433],[64.85695,40.03403],[64.85656,40.0339],[64.84824,40.02958],[64.84685,40.02896],[64.84635,40.02862],[64.84584,40.02814],[64.84122,40.02266],[64.84088,40.02198],[64.84044,40.0206]],[[64.83849,40.02614],[64.83885,40.02655],[64.83965,40.02699],[64.84028,40.02715],[64.84295,40.02746],[64.84417,40.02782],[64.84914,40.03037]],[[64.83986,40.02534],[64.83865,40.02493]],[[65.65361,40.03132],[65.6614,40.02554],[65.66301,40.02458]],[[65.65905,40.02722],[65.65998,40.02661]],[[65.65293,40.032],[65.65398,40.03099],[65.65507,40.03019],[65.65692,40.02846],[65.65754,40.0275],[65.65905,40.02472],[65.65926,40.02422],[65.6593,40.02385],[65.65916,40.02324],[65.65798,40.02174]],[[65.65507,40.03019],[65.65548,40.02967],[65.65563,40.02936],[65.6556,40.02709],[65.65549,40.02679]],[[65.12369,40.2131],[65.10048,40.23088],[65.05547,40.26833],[65.04411,40.278]],[[65.03528,40.28549],[65.0352,40.28557]],[[65.94573,39.90546],[65.94545,39.90424],[65.94531,39.90252]],[[65.64857,40.03518],[65.64231,40.03982],[65.64119,40.04055],[65.63889,40.04197],[65.63815,40.04231],[65.6367,40.04282],[65.63538,40.04356]],[[65.14539,40.19674],[65.14509,40.19697]],[[65.58721,40.04706],[65.58161,40.04767],[65.57792,40.04839]],[[65.56899,40.04403],[65.57086,40.04393],[65.57176,40.04395]],[[65.39326,40.0729],[65.40408,40.07297],[65.40621,40.07289],[65.41576,40.07298],[65.49814,40.07343],[65.50189,40.07336],[65.50309,40.07324],[65.52526,40.07012],[65.56209,40.06487],[65.56871,40.06386],[65.58686,40.06123],[65.58884,40.06087],[65.61429,40.05512],[65.61674,40.0544],[65.61911,40.05347],[65.6209,40.05259],[65.63859,40.04254],[65.64047,40.04137],[65.66707,40.02164],[65.66903,40.01995],[65.67835,40.01141]],[[65.40299,40.07309],[65.40521,40.07297],[65.40864,40.07297]],[[65.24826,40.08119],[65.24878,40.0812]],[[65.30414,40.15499],[65.30356,40.15445],[65.30325,40.15395],[65.30304,40.15334],[65.30303,40.15272],[65.3031,40.15236],[65.30347,40.15163],[65.30434,40.15088],[65.30483,40.15062],[65.30582,40.15032],[65.30654,40.15029],[65.30994,40.15048],[65.31068,40.15044],[65.31139,40.15033],[65.31198,40.15013],[65.31252,40.14985],[65.31288,40.14958],[65.31317,40.14922],[65.3135,40.14874],[65.31363,40.14827],[65.31529,40.14035]],[[65.29643,40.14643],[65.29849,40.14703],[65.29956,40.14747],[65.30359,40.14866],[65.3049,40.14972],[65.30553,40.15]],[[64.5799,39.71976],[64.57314,39.73089],[64.5729,39.73153],[64.57279,39.73214],[64.57287,39.7329],[64.57338,39.73387],[64.57659,39.73753],[64.57711,39.73826],[64.57748,39.73897],[64.57771,39.7398],[64.57774,39.74083],[64.5771,39.74452],[64.57706,39.74542],[64.57732,39.74666],[64.57791,39.74781],[64.57825,39.74822],[64.58201,39.75162],[64.59192,39.75955],[64.59278,39.76031]],[[63.9343,39.5671],[63.9414,39.57058],[63.94793,39.57346],[63.94928,39.57428],[63.95141,39.57576],[63.95422,39.57812],[63.97157,39.59321]],[[64.9065,40.06064],[64.90543,40.06047],[64.8983,40.05875]],[[64.92912,40.06191],[64.91015,40.06102],[64.90852,40.06092],[64.9065,40.06064]],[[64.55034,39.72282],[64.55158,39.72361],[64.5578,39.72853],[64.55818,39.72895],[64.55867,39.72973]],[[65.29376,40.05334],[65.29714,40.0534],[65.29774,40.05336]],[[65.34928,40.08811],[65.35048,40.08825],[65.35212,40.08876]],[[65.34342,40.08981],[65.34473,40.08913],[65.34529,40.08896],[65.34585,40.08888],[65.34663,40.08897],[65.34949,40.08983]],[[65.34241,40.09029],[65.34342,40.09005],[65.34416,40.09007],[65.34741,40.09101]],[[63.71142,42.0596],[63.70719,42.06516],[63.70564,42.06623],[63.70278,42.06713],[63.70183,42.06752],[63.7006,42.06872],[63.7001,42.07015],[63.70025,42.07256],[63.69998,42.07408],[63.69816,42.07551],[63.69519,42.07742],[63.694,42.07882],[63.67464,42.11314],[63.67357,42.11484],[63.67244,42.11596],[63.67162,42.1165],[63.66979,42.11713],[63.66877,42.11734],[63.66772,42.11743],[63.65643,42.11749]],[[63.55232,42.1404],[63.55319,42.14023],[63.5536,42.14025],[63.55412,42.14029],[63.55485,42.1405]],[[63.54944,42.14178],[63.55018,42.14205],[63.55101,42.14223],[63.55159,42.14245],[63.55219,42.14279],[63.55626,42.14585]],[[63.62757,42.1176],[63.62846,42.11766]],[[65.3619,40.08092],[65.35967,40.08115],[65.35866,40.08117],[65.35828,40.0811],[65.35768,40.08088],[65.35708,40.08057],[65.35481,40.07897]],[[65.28554,40.05264],[65.2868,40.05283],[65.29724,40.05289],[65.29932,40.0526]],[[65.03647,40.28438],[65.04441,40.27761]],[[64.97219,40.33894],[64.97123,40.33976]],[[65.31748,40.12943],[65.3175,40.12931]],[[65.03931,40.28393],[65.03744,40.28408],[65.03696,40.2843],[65.03607,40.28489]],[[65.0395,40.28325],[65.03875,40.2833],[65.03814,40.28341],[65.03757,40.28372],[65.03662,40.28451]],[[65.03507,40.28567],[65.01387,40.30363]],[[65.33728,40.09079],[65.33638,40.09043]],[[65.32536,40.08844],[65.31316,40.08944]],[[65.32477,40.08845],[65.32582,40.08841]],[[65.31923,40.10164],[65.31978,40.10208],[65.31994,40.10251],[65.31981,40.10299],[65.31932,40.10397]],[[65.32734,40.10641],[65.3272,40.10689],[65.32713,40.10813]],[[65.32986,40.1043],[65.33039,40.10462],[65.33357,40.10558]],[[65.32485,40.11292],[65.32495,40.11334],[65.32536,40.1138],[65.32601,40.11405]],[[65.32734,40.11665],[65.32549,40.11606],[65.325,40.11577],[65.32467,40.11545],[65.32445,40.11493],[65.3256,40.10918],[65.3257,40.10894],[65.32689,40.10721],[65.32756,40.10581],[65.32776,40.10518],[65.32783,40.10444],[65.32759,40.10397],[65.32726,40.10358],[65.32681,40.10327]],[[65.3175,40.12931],[65.32274,40.10403],[65.32263,40.10332],[65.32227,40.10271],[65.32191,40.10236],[65.32131,40.10197],[65.32089,40.10178]],[[65.24976,40.1142],[65.24954,40.11437]],[[65.33635,40.08779],[65.33603,40.08761],[65.33552,40.0875],[65.33513,40.08747],[65.33469,40.08754]],[[65.38319,40.07393],[65.37686,40.07446]],[[65.27106,40.08138],[65.27207,40.08145],[65.27417,40.08148]],[[65.27871,40.08143],[65.27976,40.0814],[65.28973,40.08063],[65.29098,40.08048]],[[65.29145,40.08045],[65.29247,40.08031]],[[65.29098,40.08048],[65.29145,40.08045]],[[65.30906,40.08825],[65.31116,40.08807],[65.31184,40.0881],[65.31219,40.08821],[65.31326,40.08875]],[[65.30959,40.08967],[65.31099,40.08956]],[[65.27417,40.08148],[65.27713,40.08145],[65.27834,40.08131],[65.32239,40.07788],[65.3238,40.07755],[65.32458,40.07722],[65.32527,40.07689],[65.32611,40.0763]],[[65.32656,40.07589],[65.32744,40.07477],[65.32784,40.07394],[65.32805,40.07284],[65.32795,40.07162],[65.32774,40.07101],[65.321,40.05613],[65.32053,40.0554],[65.32016,40.05497],[65.31902,40.054],[65.31831,40.0536],[65.31752,40.05325],[65.31669,40.053],[65.31582,40.05282],[65.31481,40.05271],[65.2824,40.05248]],[[65.32611,40.0763],[65.32656,40.07589]],[[65.35632,40.07536],[65.3877,40.07291],[65.39058,40.07283],[65.39326,40.0729]],[[65.35613,40.07993],[65.3579,40.08093],[65.35876,40.08113]],[[65.34631,40.0863],[65.34685,40.08589]],[[65.34002,40.09161],[65.34927,40.09434]],[[65.3316,40.08912],[65.33822,40.09108],[65.33942,40.09129],[65.3404,40.09119],[65.34342,40.08981]],[[65.3281,40.08809],[65.3289,40.08804]],[[65.33559,40.08532],[65.33314,40.08644],[65.33182,40.08726]],[[65.34423,40.08044],[65.34373,40.0806],[65.34065,40.08228],[65.33926,40.08273],[65.33881,40.08278],[65.33282,40.08274]],[[65.30989,40.08965],[65.3137,40.0896],[65.31946,40.08914]],[[65.31163,40.08962],[65.31296,40.08979],[65.31381,40.08979],[65.3222,40.08911],[65.323,40.089],[65.32383,40.08876]],[[65.32798,40.10354],[65.32889,40.104],[65.32958,40.10464],[65.33016,40.10502],[65.33178,40.10553]],[[65.33048,40.08802],[65.33277,40.08768]],[[65.33079,40.08797],[65.33188,40.08768],[65.33272,40.08756]],[[65.33822,40.09108],[65.34042,40.09195],[65.34595,40.0936],[65.34717,40.09426],[65.34838,40.09464]],[[65.34105,40.09093],[65.34155,40.09052],[65.34197,40.08983]],[[65.33314,40.08644],[65.33395,40.08593],[65.33539,40.0853]],[[64.24508,41.17069],[64.24396,41.17213],[64.23769,41.179],[64.23542,41.18129]],[[64.38094,40.97347],[64.38957,40.98155]],[[64.37006,40.92218],[64.36609,40.93238],[64.36572,40.9338],[64.36385,40.94515],[64.36386,40.94594],[64.3642,40.94722],[64.36989,40.96001]],[[64.51296,40.77741],[64.51229,40.77819]],[[64.38976,40.98183],[64.3815,40.97409]],[[64.54534,41.47812],[64.54365,41.47823]],[[64.17472,41.57682],[64.18052,41.57188]],[[64.18149,41.57108],[64.18177,41.57151],[64.18197,41.57223],[64.18239,41.57295]],[[64.16338,41.56671],[64.16484,41.56659],[64.1683,41.56703]],[[64.18149,41.57108],[64.18644,41.57547],[64.19379,41.58154]],[[64.16356,41.56671],[64.16401,41.56672],[64.16825,41.56732],[64.1689,41.56747]],[[67.19859,39.73153],[67.19842,39.73146]],[[67.23233,39.74531],[67.23262,39.74544]],[[67.27266,39.76526],[67.26197,39.76239],[67.26108,39.76206],[67.26044,39.76172],[67.25797,39.76014],[67.24257,39.75019]],[[67.04233,39.71211],[67.04355,39.71157],[67.04707,39.70902]],[[67.03782,39.71419],[67.03935,39.71341],[67.03979,39.71306],[67.04052,39.71193],[67.04139,39.71105]],[[67.01775,39.72371],[67.0185,39.72303],[67.02053,39.7218]],[[67.04854,39.70696],[67.04978,39.70585]],[[67.01783,39.69598],[67.01847,39.69624],[67.02034,39.69638]],[[63.80081,39.4181],[63.79323,39.40679]],[[67.25738,39.7591],[67.25654,39.75839],[67.25566,39.75718]],[[67.25581,39.7502],[67.25546,39.75371],[67.25544,39.75423],[67.25553,39.75509],[67.25566,39.75548],[67.25623,39.75653],[67.25649,39.7576],[67.25682,39.75841],[67.25807,39.75992],[67.25892,39.76063]],[[67.07533,39.69478],[67.07126,39.69423],[67.05684,39.69129]],[[67.07555,39.69476],[67.08736,39.69626],[67.08837,39.69641],[67.09126,39.69702],[67.0977,39.69852],[67.10968,39.70235]],[[67.10968,39.70235],[67.10998,39.70245]],[[67.10961,39.70248],[67.10992,39.70258]],[[67.09347,39.69752],[67.09731,39.69836]],[[67.09559,39.69773],[67.09386,39.69745]],[[67.10789,39.70183],[67.10694,39.70158],[67.09761,39.6986],[67.09272,39.69741]],[[67.1226,39.70665],[67.12201,39.70662],[67.11977,39.70683],[67.11632,39.70845]],[[67.19842,39.73146],[67.18813,39.72719],[67.1859,39.72635],[67.15077,39.71538],[67.10997,39.70249]],[[66.98877,39.68789],[66.99128,39.68758],[66.99279,39.68762],[66.99338,39.68769],[66.99459,39.68796],[66.99598,39.68852],[66.9971,39.68922],[66.99782,39.68979],[66.99836,39.69033],[66.99885,39.69094],[66.9999,39.69269],[67.00079,39.69367],[67.00163,39.69432],[67.00227,39.69471],[67.00347,39.6952],[67.00429,39.69544],[67.00591,39.69571],[67.01779,39.69646],[67.0268,39.69734],[67.02912,39.69732],[67.03345,39.69694],[67.03494,39.69666],[67.03562,39.69644],[67.03771,39.69554],[67.04014,39.69479],[67.041,39.69444],[67.04272,39.69352],[67.04431,39.69235],[67.04513,39.69188],[67.04713,39.69107],[67.04858,39.69064],[67.05034,39.69039],[67.05217,39.69031],[67.0531,39.69038],[67.05513,39.69085]],[[67.2236,39.74152],[67.21201,39.7364]],[[67.05686,39.69123],[67.07143,39.69421],[67.07534,39.69474]],[[67.04499,39.70956],[67.04545,39.70928]],[[67.04664,39.70835],[67.04702,39.7078],[67.04719,39.70729]],[[67.24234,39.75001],[67.2426,39.75016]],[[66.6587,39.72018],[66.65755,39.72106]],[[66.65728,39.72113],[66.65557,39.72242]],[[66.6562,39.72192],[66.65666,39.72165]],[[66.67,39.71156],[66.66894,39.71233]],[[66.66722,39.71382],[66.66625,39.71455]],[[66.66882,39.71262],[66.66722,39.71382]],[[66.65881,39.7201],[66.66625,39.71455]],[[67.19861,39.73149],[67.20276,39.73317],[67.2092,39.73512],[67.2119,39.7363]],[[67.19845,39.73142],[67.19861,39.73149]],[[67.01868,39.69687],[67.01922,39.69702],[67.01944,39.69725],[67.01944,39.69849]],[[67.02401,39.69599],[67.02323,39.69645],[67.02265,39.69662],[67.02086,39.69661],[67.01987,39.69652]],[[67.02127,39.6965],[67.02267,39.69528],[67.02314,39.69447]],[[67.02254,39.69707],[67.01857,39.69661],[67.00765,39.69587]],[[67.00633,39.69591],[67.00849,39.69597]],[[67.04582,39.70899],[67.04692,39.70813],[67.04716,39.70787],[67.04782,39.70667],[67.04875,39.70588]],[[67.03994,39.71251],[67.04011,39.7122],[67.04027,39.7107]],[[67.04732,39.70759],[67.04775,39.70701],[67.05034,39.70498]],[[67.05296,39.70473],[67.05374,39.7048]],[[67.03806,39.71403],[67.03855,39.71367],[67.03897,39.71314],[67.03911,39.71282],[67.03924,39.71171]],[[63.7135,42.15283],[63.71145,42.1531]],[[63.70177,42.15085],[63.69545,42.15148]],[[63.55156,42.14053],[63.55264,42.14013],[63.55342,42.13946]],[[63.55099,42.14063],[63.55227,42.1404],[63.55335,42.14044],[63.55405,42.14063],[63.55555,42.14163]],[[63.56483,42.13423],[63.56665,42.1346],[63.5675,42.13485],[63.57139,42.13643]],[[63.54966,42.13361],[63.55029,42.13367],[63.55566,42.13375],[63.55659,42.13385],[63.55739,42.13409]],[[67.05509,39.69089],[67.05352,39.69053],[67.05217,39.69037],[67.05034,39.69042],[67.04859,39.69071],[67.04645,39.69137],[67.04514,39.69193],[67.04432,39.69241],[67.04274,39.69359],[67.04142,39.69437],[67.04024,39.69481],[67.03772,39.69558],[67.03514,39.69666],[67.03372,39.69698],[67.03146,39.69717],[67.02985,39.6974],[67.02914,39.69744],[67.02679,39.69738],[67.02544,39.69729],[67.01777,39.69649],[67.00591,39.69576],[67.00427,39.69548],[67.00344,39.69524],[67.00224,39.69475],[67.00159,39.69436],[67.00074,39.6937],[67.00004,39.69296],[66.99848,39.69073],[66.99777,39.68987],[66.99706,39.68925],[66.99595,39.68856],[66.99508,39.68818],[66.99397,39.68785],[66.99219,39.68761],[66.99055,39.68768],[66.98878,39.68793]],[[67.21201,39.7364],[67.21188,39.73634]],[[67.01895,39.69643],[67.01845,39.69629],[67.01783,39.69598],[67.01744,39.69562],[67.01639,39.69427],[67.01511,39.69345],[67.01402,39.69298],[67.01293,39.6928],[67.01145,39.6923],[67.00884,39.69062],[67.00839,39.69023],[67.00805,39.68972],[67.00794,39.68895],[67.00776,39.68863],[67.00698,39.68789]],[[67.10796,39.70186],[67.10881,39.70208]],[[67.10705,39.70161],[67.10961,39.70248]],[[67.11754,39.70818],[67.11944,39.70713],[67.12036,39.70679]],[[67.09184,39.69719],[67.09126,39.69702]],[[67.09345,39.69736],[67.09502,39.69778]],[[67.09396,39.69761],[67.09622,39.69793]],[[67.07577,39.69311],[67.07571,39.6936],[67.07581,39.69413],[67.07601,39.69434],[67.07642,39.69461],[67.07701,39.69481],[67.08837,39.69628],[67.09335,39.69735],[67.09559,39.69771]],[[65.40408,40.07297],[65.40255,40.07312],[65.40099,40.0731]],[[65.40556,40.07285],[65.40621,40.07289]],[[65.40738,40.07267],[65.40588,40.07263],[65.4052,40.07242],[65.40469,40.07198],[65.40357,40.07053],[65.40316,40.07024],[65.3985,40.07026]],[[65.39253,40.07285],[65.40509,40.07291]],[[65.40365,40.07301],[65.40023,40.07299]],[[65.38956,40.07276],[65.40385,40.07283]],[[65.39066,40.07322],[65.39164,40.07328],[65.39405,40.0733]],[[65.38608,40.07317],[65.38522,40.07334],[65.38269,40.07446],[65.37882,40.07479],[65.37836,40.0749],[65.37652,40.07576],[65.37595,40.07617],[65.37483,40.07673],[65.3736,40.07702],[65.37266,40.07734],[65.37189,40.07747],[65.36638,40.07793]],[[65.38496,40.07297],[65.38411,40.07289],[65.38304,40.07241],[65.38261,40.07178],[65.38242,40.07116]],[[65.3893,40.07289],[65.39009,40.07283]],[[65.38782,40.07297],[65.38827,40.07299],[65.38914,40.07314],[65.39165,40.07324]],[[65.41989,40.06936],[65.42044,40.06892],[65.4207,40.0685],[65.4208,40.06818],[65.42031,40.06254],[65.42022,40.06218],[65.41976,40.06169],[65.41913,40.06128],[65.41075,40.05679],[65.41026,40.0566],[65.39643,40.05655]],[[65.40668,40.0729],[65.40733,40.07285]],[[65.36281,40.07469],[65.36441,40.07462],[65.36515,40.07452],[65.36806,40.07319],[65.36873,40.07301],[65.36913,40.07294],[65.37354,40.07259]],[[65.35963,40.08097],[65.3607,40.08075],[65.36363,40.08051]],[[65.33023,40.10222],[65.33116,40.10274],[65.33333,40.1033],[65.3383,40.10484]],[[65.40275,40.07273],[65.4016,40.07252],[65.40062,40.07249],[65.3921,40.07244],[65.39132,40.07247],[65.39061,40.07261]],[[65.29295,40.08022],[65.29226,40.08024]],[[67.10992,39.70258],[67.12739,39.70824],[67.12826,39.7086],[67.1288,39.70904],[67.12915,39.70943],[67.12959,39.71015],[67.1296,39.71074],[67.12949,39.71118],[67.1269,39.71734],[67.12633,39.71894],[67.12654,39.71979],[67.12703,39.72033],[67.12748,39.72059],[67.12922,39.72114]],[[67.07532,39.69485],[67.07552,39.69487]],[[67.07534,39.69474],[67.07555,39.69476]],[[65.19059,40.1607],[65.19067,40.16172]],[[65.63441,40.04403],[65.63612,40.04302],[65.63689,40.04274]],[[65.64538,40.03664],[65.63981,40.03923]],[[65.30545,40.15593],[65.30589,40.15631],[65.30643,40.15716],[65.30769,40.15812],[65.30828,40.15846],[65.30866,40.15861],[65.3096,40.15879],[65.31165,40.15911]],[[65.29617,40.14722],[65.29934,40.14819],[65.3002,40.14874],[65.30156,40.14914],[65.30232,40.1493],[65.30345,40.14939],[65.306,40.15013],[65.3073,40.15033]],[[65.32609,40.10165],[65.32662,40.10137],[65.32728,40.10131],[65.32873,40.10169]],[[65.32124,40.10186],[65.32273,40.10236]],[[65.33175,40.10577],[65.33024,40.10529],[65.32977,40.10495],[65.3293,40.10438]],[[65.32718,40.10331],[65.32793,40.10368],[65.32833,40.104],[65.32919,40.10564]],[[65.3294,40.10556],[65.32876,40.10426],[65.32809,40.10369],[65.32751,40.10345]],[[67.41948,39.82797],[67.41191,39.8237],[67.38783,39.81163]],[[67.36768,39.80363],[67.3679,39.80371]],[[65.32648,40.08836],[65.32812,40.08823],[65.33013,40.08795],[65.33183,40.08738],[65.34049,40.08277],[65.34223,40.08215],[65.34943,40.07835],[65.3507,40.0779],[65.35169,40.0778],[65.35215,40.07783],[65.35296,40.07799],[65.35366,40.0783],[65.35777,40.08071],[65.35856,40.08098],[65.35918,40.08101],[65.36356,40.08065]],[[65.33817,40.08236],[65.33926,40.08239]],[[64.89564,40.05811],[64.88399,40.05529],[64.88178,40.05465],[64.87645,40.05296],[64.87462,40.05221],[64.87261,40.05095],[64.87121,40.04975],[64.87043,40.04891],[64.86934,40.04692],[64.86781,40.04256],[64.8669,40.04103],[64.86571,40.03963],[64.8641,40.03821],[64.86246,40.03728]],[[65.32708,40.10694],[65.32683,40.1077],[65.32696,40.10835],[65.32733,40.10883],[65.3278,40.10912],[65.32906,40.10954]],[[65.32689,40.10721],[65.32772,40.10564]],[[65.34975,40.07747],[65.34859,40.07798],[65.34426,40.07835]],[[65.35027,40.07718],[65.34426,40.08049]],[[65.32703,40.08831],[65.32809,40.08827],[65.32897,40.08836],[65.3316,40.08912]],[[65.32809,40.08827],[65.33367,40.08777],[65.33469,40.08754],[65.33527,40.08729],[65.33579,40.08682],[65.33605,40.08631],[65.33624,40.0857]],[[65.3447,40.08025],[65.34358,40.08074],[65.33822,40.08372],[65.33773,40.08407]],[[64.84696,40.029],[64.84671,40.02873],[64.84637,40.02805],[64.84637,40.02746],[64.84671,40.02683],[64.84761,40.02592]],[[65.60197,40.04659],[65.60103,40.04655],[65.60037,40.04641],[65.59472,40.04411],[65.59419,40.04394],[65.5932,40.04378],[65.58499,40.0434],[65.58346,40.04339],[65.57654,40.04368],[65.57027,40.04386],[65.56757,40.04378],[65.5628,40.04352],[65.55568,40.04304],[65.55005,40.04282]],[[67.24232,39.75004],[67.24072,39.74906],[67.2326,39.74547]],[[65.66234,40.02401],[65.65905,40.02722],[65.65507,40.03019]],[[65.65286,40.03214],[65.65335,40.03167]],[[65.14509,40.19697],[65.12752,40.21023]],[[65.04491,40.27725],[65.04832,40.27433]],[[64.11357,40.03037],[64.11346,40.03069]],[[65.27784,40.08145],[65.27871,40.08143]],[[65.29386,40.08002],[65.29217,40.08009],[65.2901,40.07999],[65.28816,40.08003],[65.27872,40.08076],[65.2781,40.08087],[65.27687,40.08126],[65.27584,40.08142]],[[65.29522,40.08011],[65.29295,40.08022],[65.27713,40.08145]],[[65.23641,40.07636],[65.23644,40.07531],[65.23666,40.07467],[65.2369,40.07436],[65.23746,40.07395],[65.23825,40.07369],[65.23899,40.07364],[65.25336,40.07373],[65.25545,40.07409],[65.25639,40.07417]],[[65.08831,40.07734],[65.08901,40.07749]],[[65.08808,40.07739],[65.10154,40.07895],[65.10243,40.07901]],[[65.10201,40.07939],[65.09798,40.07889],[65.09619,40.07833]],[[65.31205,40.08965],[65.31382,40.08969],[65.32269,40.08898],[65.32474,40.08855],[65.32711,40.08826]],[[65.30849,40.0885],[65.31143,40.08827],[65.31203,40.0883],[65.31364,40.08891],[65.3144,40.08908],[65.31506,40.08912],[65.31678,40.08904]],[[65.32012,40.10162],[65.31904,40.10146],[65.30905,40.09943],[65.30845,40.09925]],[[65.29145,40.08045],[65.2929,40.08042],[65.29413,40.08055],[65.29488,40.0807]],[[65.31222,40.05273],[65.3107,40.05277],[65.30234,40.05269]],[[65.29792,40.05436],[65.29808,40.05392],[65.29836,40.05349],[65.29926,40.05291]],[[64.84633,40.02881],[64.84577,40.02848]],[[64.9413,40.06252],[64.95635,40.06321],[64.95785,40.0632]],[[64.84417,40.02782],[64.84096,40.02604],[64.83425,40.02166],[64.83274,40.02056],[64.83024,40.01847]],[[65.39111,40.07257],[65.39174,40.07251],[65.4011,40.07258],[65.4019,40.07259],[65.40244,40.07268]],[[65.33254,40.08803],[65.33315,40.08799]],[[65.31893,40.10149],[65.31982,40.10196],[65.32003,40.10229]],[[65.3371,40.0836],[65.33798,40.08326]],[[65.34943,40.07835],[65.35062,40.07781],[65.35117,40.07767],[65.35208,40.07761],[65.35292,40.07771],[65.35382,40.07799],[65.35506,40.07869],[65.35571,40.07892],[65.35741,40.07897]],[[66.91469,39.68731],[66.91528,39.68736],[66.91605,39.68733],[66.92302,39.68661]],[[66.93359,39.68566],[66.93264,39.68587],[66.92068,39.68711],[66.91901,39.68718]],[[66.93414,39.68551],[66.93262,39.68579],[66.92035,39.68707],[66.91748,39.68727]],[[66.91582,39.6874],[66.915,39.68737],[66.91421,39.6872],[66.91376,39.68703],[66.91346,39.68678],[66.91303,39.68627],[66.91285,39.68557],[66.91536,39.67649],[66.91527,39.67591],[66.91412,39.67389],[66.91399,39.67348],[66.91384,39.66277],[66.9129,39.65697],[66.91294,39.65592],[66.91317,39.65525],[66.91366,39.6543],[66.91407,39.65373],[66.91459,39.65321],[66.92051,39.64856],[66.92396,39.64521],[66.92669,39.64323],[66.92733,39.64243],[66.9281,39.64104],[66.92851,39.64074],[66.92921,39.64052],[66.93007,39.64039],[66.93468,39.6403],[66.93575,39.64041],[66.93824,39.64035]],[[66.94468,39.68558],[66.94603,39.68624],[66.94656,39.68643]],[[65.24954,40.11437],[65.23085,40.12803],[65.1922,40.15609],[65.19158,40.15673],[65.19112,40.15739],[65.19078,40.15814],[65.19056,40.15893],[65.19051,40.15982],[65.19059,40.1607]],[[65.35433,40.07869],[65.35493,40.07919],[65.35516,40.07949],[65.35805,40.08382]],[[65.32718,40.10534],[65.3267,40.10736],[65.3256,40.10897],[65.32556,40.10952]],[[66.74508,39.69542],[66.74451,39.69553],[66.74407,39.69554],[66.74173,39.69532]],[[66.74849,39.69469],[66.74775,39.69476],[66.74617,39.69506],[66.74519,39.69517],[66.74403,39.69517],[66.74179,39.69497]],[[66.74463,39.69522],[66.74419,39.69527],[66.74281,39.69517],[66.74097,39.69494]],[[66.7351,39.69331],[66.73599,39.69325],[66.73752,39.6933],[66.74844,39.69437]],[[66.72607,39.69423],[66.72832,39.69367],[66.72993,39.69347],[66.73522,39.69345]],[[66.73299,39.69331],[66.73372,39.69336]],[[66.79593,39.66808],[66.79545,39.66756],[66.79485,39.6673],[66.79159,39.66681]],[[66.7965,39.67513],[66.79648,39.67567]],[[66.91282,39.6884],[66.91553,39.68782],[66.91705,39.68742],[66.91869,39.68716]],[[66.91877,39.68896],[66.92074,39.68759],[66.92119,39.68738],[66.92187,39.68726]],[[66.92108,39.6869],[66.9169,39.68733]],[[67.00934,39.69044],[67.01144,39.69169]],[[66.96213,39.68768],[66.96241,39.68771]],[[66.919,39.68726],[66.92101,39.68713],[66.93411,39.68573]],[[65.34335,40.08978],[65.34359,40.08954],[65.34396,40.08842]],[[65.34426,40.08049],[65.33773,40.08407],[65.33737,40.08434],[65.33594,40.08513],[65.33227,40.08706],[65.33169,40.08731],[65.33,40.08783],[65.32806,40.08818]],[[65.32747,40.08832],[65.32535,40.08848]],[[64.95834,40.06322],[64.92926,40.06192]],[[64.85819,40.03433],[64.85887,40.03448],[64.86044,40.03526]],[[64.84615,40.02882],[64.84485,40.02843],[64.84412,40.02831],[64.84334,40.02828]],[[67.00439,39.69541],[67.00575,39.69565],[67.00872,39.69584]],[[65.7708,39.95436],[65.77045,39.95449]],[[65.29587,40.05419],[65.2969,40.05409],[65.29896,40.05304]],[[65.2953,40.08081],[65.29663,40.08137],[65.29793,40.08223],[65.29856,40.08293],[65.30159,40.08687],[65.30221,40.08758],[65.30292,40.08817],[65.30351,40.08859],[65.30458,40.08912],[65.30572,40.08946]],[[65.06004,40.07359],[65.03447,40.0675],[65.03137,40.06685],[65.02876,40.06643],[65.02469,40.06617],[64.98838,40.06455]],[[65.22627,40.08088],[65.24826,40.08119]],[[65.31274,40.05269],[65.30234,40.05269],[65.3018,40.05263]],[[66.27539,39.60766],[66.27715,39.61106]],[[67.00658,39.6958],[67.00755,39.69582]],[[65.27114,40.08093],[65.27077,40.08081]],[[65.2767,40.08136],[65.27447,40.08144]],[[65.33124,40.08785],[65.33222,40.08748],[65.33281,40.08737]],[[65.3317,40.08764],[65.33209,40.08743],[65.33279,40.08726]],[[65.29818,40.05278],[65.29704,40.05302],[65.2893,40.05297],[65.2876,40.05284]],[[65.33714,40.10622],[65.33564,40.10573],[65.33334,40.10511],[65.32167,40.10168],[65.32092,40.10141],[65.3199,40.10144],[65.31942,40.10139],[65.31032,40.09949],[65.30896,40.09936]],[[64.46891,39.74873],[64.46848,39.74886],[64.4607,39.75219],[64.45978,39.75265]],[[64.45317,39.75483],[64.45493,39.75462]],[[65.30053,40.0526],[65.29972,40.05271],[65.29865,40.05317],[65.29805,40.05333],[65.29283,40.05333]],[[66.75522,39.69542],[66.75641,39.6957],[66.76842,39.69687],[66.76924,39.69682]],[[66.65823,39.72048],[66.67028,39.71147]],[[66.66035,39.72262],[66.66013,39.72052],[66.66021,39.71975],[66.66053,39.71918],[66.66123,39.71846]],[[66.66015,39.72234],[66.66017,39.72161],[66.66002,39.71983],[66.66014,39.71946],[66.66052,39.719]],[[64.39024,40.98219],[64.38899,40.98067],[64.38278,40.97488],[64.38167,40.97407]],[[64.24377,41.17212],[64.24236,41.17348],[64.23741,41.17894],[64.23686,41.17971]],[[63.99752,39.61361],[64.00773,39.62141],[64.00976,39.62285],[64.01113,39.62369],[64.01282,39.62453],[64.03113,39.63262],[64.04077,39.63761],[64.04296,39.63842],[64.04461,39.63894],[64.07129,39.64673]],[[64.60945,39.62992],[64.6098,39.62939],[64.61373,39.6219],[64.61393,39.62141]],[[64.65082,39.55199],[64.64769,39.55771]],[[64.71571,39.50649],[64.71613,39.50633],[64.71813,39.50515],[64.72082,39.50427]],[[64.64057,39.57103],[64.63313,39.58474],[64.62606,39.59798],[64.61393,39.62141],[64.59977,39.64832],[64.59895,39.65003],[64.59834,39.6515]],[[65.77061,39.95464],[65.74143,39.96497],[65.73111,39.96869],[65.72828,39.96997],[65.72529,39.9717],[65.72361,39.97292],[65.69083,40.00005],[65.67848,40.0113]],[[65.65754,40.0275],[65.65797,40.02689],[65.65855,40.02629],[65.6614,40.02419],[65.66192,40.02387],[65.66321,40.0233],[65.66384,40.02293],[65.667,40.02134]],[[65.6654,40.02274],[65.66261,40.02481]],[[64.09992,40.07132],[64.09978,40.07175]],[[65.65335,40.03167],[65.65407,40.03105],[65.66186,40.02525]],[[65.65335,40.03167],[65.64857,40.03518],[65.64816,40.0354],[65.63049,40.04163],[65.60197,40.04659]],[[65.65328,40.03183],[65.653,40.0321]],[[65.66261,40.02481],[65.65363,40.03157]],[[64.8158,39.49906],[64.81545,39.49925]],[[64.92588,39.43702],[64.90106,39.45128],[64.86206,39.47329]],[[66.26666,39.8751],[66.2653,39.87615],[66.25893,39.8815]],[[66.29285,39.86387],[66.2919,39.86425]],[[66.27286,39.87062],[66.26666,39.8751]],[[66.33688,39.82305],[66.32481,39.82882],[66.32373,39.82928],[66.30148,39.83762],[66.29997,39.83835],[66.29849,39.83933],[66.29749,39.84023],[66.29672,39.84117],[66.296,39.84233],[66.29555,39.84343],[66.29527,39.84464],[66.29331,39.85763]],[[65.60197,40.04659],[65.60141,40.04669],[65.58644,40.04702],[65.58273,40.0474],[65.58131,40.04729],[65.58088,40.0472],[65.58044,40.04702],[65.5801,40.04664],[65.57994,40.04483],[65.57981,40.04447],[65.57965,40.04427],[65.57914,40.04398],[65.5789,40.04392],[65.57732,40.04386]],[[64.5567,39.73169],[64.55688,39.73142],[64.5571,39.73077],[64.55712,39.73007],[64.55701,39.72958],[64.55679,39.72915],[64.55602,39.72826]],[[64.55053,39.7232],[64.55094,39.72346],[64.55744,39.7286],[64.55853,39.72969]],[[64.5498,39.72243],[64.55119,39.723],[64.55176,39.72333],[64.5577,39.72805],[64.5582,39.72857],[64.55854,39.7292]],[[64.55104,39.72299],[64.55173,39.72346],[64.55756,39.72808],[64.5582,39.72875]],[[64.55083,39.72416],[64.5516,39.72475]],[[66.27327,39.87037],[66.27286,39.87062]],[[66.19368,39.92341],[66.19318,39.92327]],[[66.14503,39.91871],[66.14473,39.91859]],[[65.9214,39.91747],[65.91985,39.91811],[65.91844,39.91835]],[[65.92557,39.91641],[65.92012,39.9176]],[[65.93241,39.91517],[65.9319,39.91527],[65.93104,39.91562],[65.93042,39.91578]],[[65.92075,39.91741],[65.93161,39.915]],[[65.93071,39.91541],[65.93215,39.91518],[65.93361,39.91509],[65.93615,39.91446]],[[65.91803,39.91822],[65.93098,39.91535],[65.93185,39.91511]],[[65.93246,39.91489],[65.93113,39.91508],[65.92183,39.91709],[65.91917,39.91787]],[[64.93832,39.42986],[64.92945,39.43501],[64.92883,39.43531]],[[64.92833,39.43559],[64.92891,39.4352],[64.93724,39.43041],[64.9378,39.43015]],[[64.57416,39.72897],[64.57472,39.72778],[64.57542,39.72664]],[[64.57323,39.73046],[64.57372,39.7298]],[[64.56716,39.73313],[64.56778,39.73316],[64.56876,39.733],[64.57057,39.73259],[64.57144,39.73224]],[[64.56721,39.73332],[64.56521,39.73318],[64.56372,39.73297]],[[64.56039,39.73188],[64.56262,39.73442],[64.56396,39.73543],[64.56629,39.73753]],[[64.56027,39.73165],[64.56159,39.73259],[64.56304,39.73386],[64.56904,39.7394],[64.56967,39.74012]],[[64.56318,39.73425],[64.57054,39.74109],[64.57103,39.74146]],[[64.57204,39.74187],[64.571,39.74125],[64.56956,39.73991]],[[64.57203,39.74255],[64.57084,39.7412],[64.56974,39.74014],[64.5692,39.73945],[64.56252,39.73335],[64.55985,39.73107],[64.55787,39.72912],[64.55036,39.72308]],[[64.5629,39.73263],[64.56241,39.73247],[64.56162,39.73207],[64.56109,39.73175],[64.56012,39.73098],[64.55954,39.73038],[64.55924,39.72952]],[[64.55894,39.73011],[64.55928,39.73052]],[[64.5579,39.72969],[64.55849,39.73013]],[[66.24349,39.9079],[66.24104,39.91383],[66.24043,39.91474],[66.23969,39.91563],[66.23309,39.92089],[66.23192,39.92163],[66.22991,39.92256],[66.22898,39.92292],[66.22762,39.9233],[66.22554,39.92369],[66.22363,39.92397]],[[66.29331,39.85763],[66.2931,39.85907],[66.29272,39.86017],[66.29245,39.86065],[66.29182,39.86141]],[[66.42408,39.74761],[66.42297,39.74668],[66.42257,39.74625],[66.42185,39.74526]],[[66.40957,39.73791],[66.40921,39.73782]],[[66.39926,39.74078],[66.39957,39.74027],[66.40033,39.7393],[66.40126,39.73843],[66.40233,39.73715]],[[66.40315,39.73773],[66.40259,39.73794],[66.40119,39.7387],[66.40017,39.7396],[66.39415,39.74789],[66.39374,39.74882],[66.39355,39.74976],[66.39342,39.75404]],[[66.39803,39.74273],[66.39661,39.74497]],[[66.39354,39.75571],[66.39358,39.75055],[66.39377,39.74911],[66.39392,39.74864],[66.39415,39.74804],[66.39802,39.74274],[66.39861,39.74176]],[[66.39358,39.75049],[66.39397,39.74891],[66.39608,39.74629]],[[66.49448,39.77823],[66.493,39.77566],[66.49172,39.77378],[66.49128,39.77325],[66.48998,39.77186],[66.4833,39.76607]],[[66.47807,39.76157],[66.47433,39.75754],[66.47226,39.75547],[66.4715,39.75488],[66.47098,39.75457],[66.47027,39.75423],[66.46822,39.75368],[66.46452,39.75339],[66.46214,39.75287],[66.45431,39.74944],[66.45309,39.74897],[66.4522,39.74876],[66.45067,39.74856],[66.44988,39.74853],[66.44826,39.7487],[66.44253,39.75058],[66.44134,39.75081],[66.43953,39.75095],[66.43887,39.75093],[66.43785,39.75085],[66.42718,39.74902],[66.42619,39.74869],[66.42514,39.74822],[66.42408,39.74761]],[[66.4833,39.76607],[66.47807,39.76157]],[[66.39312,39.78229],[66.39285,39.78334],[66.39248,39.78427],[66.3918,39.78539],[66.39117,39.78623],[66.39029,39.78714],[66.37538,39.79925],[66.37457,39.8],[66.37116,39.80466],[66.37032,39.80548],[66.36901,39.80646],[66.36826,39.80692],[66.36536,39.80829],[66.36396,39.80907],[66.36126,39.81077],[66.35861,39.81256],[66.35669,39.81363],[66.33688,39.82305]],[[66.39342,39.75404],[66.39322,39.78138],[66.39312,39.78229]],[[63.68022,39.62705],[63.68197,39.62761]],[[63.97157,39.59321],[63.97555,39.59657],[63.97834,39.59871]],[[67.29353,39.77221],[67.29292,39.77193]],[[67.24257,39.75019],[67.24232,39.75004]],[[67.36787,39.80375],[67.36765,39.80367]],[[63.91328,39.55706],[63.91649,39.55978],[63.91828,39.56089],[63.92031,39.56193],[63.92315,39.56307],[63.93269,39.56639],[63.9343,39.5671]],[[63.85816,39.51115],[63.86445,39.5164]],[[63.85223,39.50559],[63.85462,39.50831],[63.85779,39.51085]],[[63.60893,39.5934],[63.60801,39.59343],[63.60665,39.59365],[63.53399,39.60931],[63.53209,39.60949],[63.51657,39.60964]],[[63.74603,39.32733],[63.76458,39.3593]],[[63.73239,39.31083],[63.73308,39.31143]],[[63.4726,39.61335],[63.47129,39.61356],[63.47051,39.61356],[63.4692,39.61337]],[[63.47041,39.61336],[63.47204,39.61336]],[[63.48191,39.61171],[63.48127,39.61179],[63.48064,39.612],[63.47892,39.61318],[63.47809,39.61353],[63.47752,39.61359],[63.47603,39.61359]],[[63.51582,39.60965],[63.50368,39.60977],[63.48455,39.6116],[63.4826,39.6117],[63.47795,39.61175],[63.47733,39.61186],[63.47683,39.61203],[63.47532,39.61306],[63.4746,39.6133],[63.46582,39.61339]],[[63.49394,39.6107],[63.49339,39.6107],[63.48305,39.61168]],[[63.80813,39.43015],[63.84679,39.49636]],[[63.79404,39.40772],[63.7948,39.40813],[63.79535,39.40825],[63.79588,39.40827],[63.80105,39.4074]],[[64.44931,39.76043],[64.45306,39.75751],[64.45367,39.75691]],[[63.85779,39.51085],[63.85816,39.51115]],[[63.80795,39.42983],[63.80813,39.43015]],[[64.45811,39.75347],[64.45625,39.75431],[64.45522,39.75485],[64.44835,39.7589]],[[64.45811,39.75347],[64.45677,39.7542],[64.45541,39.75514],[64.45464,39.75582],[64.45337,39.75718],[64.44926,39.76041]],[[64.45833,39.75393],[64.45771,39.7544],[64.45732,39.75485],[64.45666,39.75663]],[[63.85084,39.5034],[63.84501,39.49341]],[[63.84656,39.49565],[63.84997,39.50147],[63.85022,39.50218]],[[63.85034,39.50249],[63.85012,39.50195],[63.84333,39.49022]],[[63.84467,39.49283],[63.84495,39.49343],[63.84816,39.49896]],[[63.84447,39.49264],[63.84479,39.49359],[63.84537,39.49459]],[[63.84357,39.49102],[63.84501,39.49341]],[[63.19748,40.67022],[63.19807,40.67001]],[[63.22543,40.65985],[63.2248,40.66018],[63.21403,40.66421]],[[63.62309,40.50967],[63.62146,40.51029]],[[62.88184,40.79397],[62.88266,40.79351],[62.89515,40.78801],[62.89627,40.78762]],[[64.47179,39.74765],[64.47277,39.74731],[64.47538,39.74721]],[[64.35954,39.74376],[64.35874,39.74411],[64.35535,39.74583],[64.34132,39.75252],[64.32603,39.75935],[64.32122,39.76158],[64.31932,39.76236],[64.31573,39.76398]],[[64.69264,39.91379],[64.6905,39.91183]],[[64.76413,39.97578],[64.76468,39.9762]],[[64.01144,41.34871],[64.01264,41.34103],[64.01286,41.34032]],[[64.01092,41.35162],[64.01104,41.35131]],[[64.01134,41.34936],[64.01118,41.35031]],[[64.17787,41.57647],[64.1775,41.57606],[64.17733,41.5757],[64.17727,41.57502],[64.17781,41.5742]],[[64.18498,41.57199],[64.18595,41.57214],[64.18666,41.57237],[64.18716,41.57271],[64.18845,41.57363],[64.19267,41.57738]],[[64.18031,41.57003],[64.18149,41.57108],[64.18219,41.57158],[64.18327,41.57194],[64.18424,41.57202],[64.1887,41.57177],[64.18955,41.57186],[64.18995,41.57204],[64.19046,41.57236],[64.19317,41.57465],[64.19399,41.57508],[64.19507,41.57546],[64.19662,41.57565],[64.19754,41.5759],[64.19828,41.57633],[64.20398,41.58133],[64.20462,41.58179]],[[64.16389,41.56668],[64.16516,41.56674],[64.16804,41.56716],[64.16852,41.56725],[64.1694,41.56753]],[[64.54358,41.49488],[64.54294,41.49586],[64.54238,41.49624],[64.54168,41.49648],[64.5409,41.49664],[64.53928,41.49666],[64.53786,41.49658]],[[64.54667,41.47744],[64.5439,41.47809]],[[64.49182,39.73596],[64.49034,39.73692],[64.48996,39.73739],[64.48925,39.73862],[64.48881,39.73905],[64.48483,39.74158],[64.48335,39.74245],[64.48153,39.74334],[64.47577,39.74582]],[[64.49186,39.736],[64.49039,39.73698],[64.48988,39.73765]],[[64.51467,39.72968],[64.51263,39.73017],[64.50406,39.73164],[64.50073,39.7323],[64.49908,39.73283],[64.4977,39.73348],[64.49537,39.73488],[64.4841,39.74208],[64.48238,39.743],[64.47997,39.74407]],[[64.47975,39.7442],[64.48605,39.74155],[64.48782,39.74068]],[[64.56225,39.73266],[64.56323,39.73294],[64.56743,39.73314],[64.56829,39.73304],[64.57041,39.73257]],[[64.56568,39.73314],[64.56459,39.73301]],[[64.5627,39.73456],[64.56191,39.73368]],[[64.56081,39.73165],[64.56212,39.73233]],[[64.55059,39.72351],[64.55104,39.72403],[64.55794,39.72951],[64.55991,39.73118]],[[64.55924,39.72952],[64.55893,39.72851],[64.55902,39.72788],[64.55917,39.72756],[64.56055,39.72645],[64.56104,39.72565],[64.56111,39.72514],[64.56107,39.72487],[64.56094,39.72451],[64.56054,39.72402]],[[64.55949,39.73057],[64.56074,39.73167]],[[64.55053,39.72324],[64.5509,39.72362],[64.55831,39.72953]],[[64.54166,39.71684],[64.54107,39.71642],[64.54019,39.716],[64.53896,39.71558],[64.53755,39.71535],[64.53615,39.71534],[64.53481,39.71548],[64.53406,39.71565],[64.53313,39.71596],[64.53171,39.71669],[64.53068,39.71753],[64.52158,39.72728],[64.52097,39.72776],[64.51983,39.72848],[64.51827,39.72912],[64.5167,39.72945],[64.51544,39.72954],[64.51488,39.72964]],[[64.54629,39.72096],[64.54527,39.72012],[64.54426,39.71897],[64.54318,39.71806]],[[64.54652,39.72065],[64.54166,39.71684]],[[64.53992,39.71495],[64.54776,39.72092],[64.54942,39.72243],[64.55049,39.72359]],[[64.546,39.72028],[64.54435,39.71906]],[[64.55051,39.72331],[64.55093,39.7238],[64.55896,39.73021]],[[64.55075,39.72318],[64.55093,39.7234],[64.55763,39.7287],[64.55862,39.72975]],[[64.55072,39.72283],[64.55157,39.72326],[64.5576,39.72805],[64.55796,39.72838],[64.55838,39.72895]],[[64.5353,39.71161],[64.5339,39.71062],[64.53263,39.70985]],[[64.5353,39.71161],[64.53456,39.71115]],[[64.53416,39.71152],[64.53485,39.71199]],[[64.53771,39.7136],[64.53832,39.71415]],[[64.53704,39.713],[64.53764,39.71354]],[[64.54278,39.71767],[64.54211,39.7172]],[[64.54308,39.71798],[64.54188,39.71729],[64.54128,39.71674]],[[64.51242,39.70625],[64.51274,39.70622]],[[64.61448,39.68173],[64.62358,39.67271],[64.62594,39.67046],[64.6297,39.66886],[64.6304,39.66868],[64.63132,39.66863],[64.63244,39.66871],[64.6333,39.66902],[64.63674,39.67067],[64.63768,39.67092],[64.63851,39.67099],[64.64184,39.6706],[64.64815,39.66967]],[[64.71673,39.50624],[64.72134,39.50492],[64.72233,39.50457],[64.73448,39.50159],[64.73621,39.50146],[64.73873,39.50166],[64.74053,39.50167]],[[64.75781,39.50191],[64.73732,39.50171],[64.73604,39.50179],[64.73412,39.50202],[64.73328,39.50218],[64.71404,39.50689],[64.71345,39.50694],[64.71275,39.50685],[64.71098,39.50618],[64.71063,39.5061],[64.70932,39.50608]],[[64.49643,39.70733],[64.49737,39.70741]],[[64.79831,39.50235],[64.79604,39.50242],[64.78549,39.50232]],[[64.53989,39.71447],[64.53791,39.71292]],[[64.55086,39.72307],[64.5516,39.72343],[64.55757,39.72816],[64.55838,39.72895],[64.55902,39.72997]],[[64.55094,39.72404],[64.54951,39.72268],[64.5474,39.72104],[64.54648,39.7205]],[[64.58025,39.71907],[64.57309,39.73085],[64.57219,39.73185],[64.5715,39.73238],[64.57028,39.73307],[64.56898,39.73352],[64.56758,39.73378],[64.56605,39.73385],[64.56442,39.73362],[64.56331,39.73328],[64.56237,39.73288],[64.56084,39.7319]],[[64.45171,39.74084],[64.45269,39.74103],[64.45491,39.74098],[64.45605,39.74078],[64.45682,39.74085],[64.46145,39.74224]],[[63.97834,39.59871],[63.98262,39.60203]],[[63.46877,39.61337],[63.46581,39.61344]],[[63.46581,39.61335],[63.46853,39.61337]],[[63.468,39.61334],[63.46581,39.6133]],[[63.48359,39.61178],[63.48215,39.61171]],[[63.48327,39.61167],[63.48413,39.61168],[63.49401,39.61074],[63.49445,39.61065]],[[63.68006,39.62707],[63.6797,39.62694]],[[63.6797,39.62694],[63.62886,39.60537],[63.62738,39.60455],[63.61333,39.59459],[63.6122,39.594],[63.61062,39.59353],[63.61005,39.59343],[63.60921,39.5934]],[[64.1069,39.65706],[64.1082,39.65741]],[[64.02568,39.6319],[64.02819,39.63262],[64.03154,39.63384],[64.03495,39.63519],[64.04075,39.63767],[64.0427,39.63839],[64.04885,39.64025],[64.05704,39.64258]],[[64.39544,39.72708],[64.39497,39.72724]],[[64.35377,39.72046],[64.35426,39.72048]],[[64.37254,39.73752],[64.37217,39.73767]],[[64.48341,39.70689],[64.48249,39.70681]],[[64.51242,39.70631],[64.5039,39.70721],[64.50021,39.70744],[64.49849,39.70745],[64.48341,39.70689]],[[64.49583,39.7073],[64.49495,39.70722],[64.48243,39.70676],[64.48177,39.70679]],[[63.51657,39.60964],[63.51582,39.60965]],[[63.60921,39.5934],[63.60893,39.5934]],[[64.65678,39.84621],[64.65763,39.84727],[64.65871,39.84775],[64.6597,39.84787],[64.66756,39.84696]],[[64.38044,40.97311],[64.38167,40.97407],[64.38907,40.98101],[64.39014,40.98217]],[[64.3748,40.91334],[64.37087,40.9205],[64.37006,40.92218]],[[64.40316,40.87306],[64.40265,40.87367],[64.3969,40.88238],[64.3966,40.88293]],[[64.73636,40.53801],[64.73689,40.53741],[64.74467,40.53084],[64.74703,40.52908]],[[64.38507,41.52815],[64.39501,41.52952],[64.39984,41.53005],[64.40298,41.52995],[64.40638,41.52946],[64.41099,41.52775],[64.41353,41.5273],[64.41531,41.52723],[64.41945,41.52749],[64.42192,41.5274],[64.42896,41.52642],[64.43122,41.52627],[64.43327,41.52667],[64.43739,41.52801],[64.44147,41.5286],[64.44306,41.52916],[64.44557,41.53066],[64.44733,41.53124],[64.45123,41.53146],[64.45572,41.53245],[64.45706,41.5326],[64.45888,41.53247],[64.46135,41.53182],[64.4627,41.53165],[64.46395,41.53178],[64.46771,41.53244],[64.47085,41.53248],[64.4807,41.53148],[64.48149,41.53126],[64.48429,41.52994],[64.48617,41.52945],[64.4872,41.52941]],[[66.65033,39.7264],[66.64942,39.727],[66.64828,39.7276],[66.64612,39.72865],[66.64312,39.7297],[66.6408,39.73028],[66.63165,39.73182],[66.62848,39.73259],[66.6259,39.73349],[66.62433,39.73422],[66.62161,39.7358],[66.61951,39.73736],[66.61804,39.73875]],[[66.65281,39.724],[66.65522,39.72261],[66.65596,39.7221]],[[66.8431,39.69715],[66.84046,39.69718],[66.83402,39.69837]],[[66.83655,39.69722],[66.84119,39.69643],[66.84224,39.69648]],[[66.85106,39.69579],[66.83665,39.69844],[66.82424,39.70029],[66.80773,39.70257],[66.80129,39.70336],[66.79955,39.70345],[66.79824,39.70338],[66.79764,39.70327],[66.7963,39.70296],[66.7929,39.70182]],[[66.79311,39.70169],[66.79666,39.70289],[66.79788,39.70319],[66.7999,39.70337],[66.80164,39.70327],[66.82423,39.70024],[66.83317,39.69891],[66.83819,39.69811],[66.85144,39.69568]],[[66.83993,39.69508],[66.84064,39.69578],[66.84101,39.69599],[66.84301,39.69659]],[[66.84059,39.69698],[66.84435,39.69687],[66.84542,39.69668]],[[66.55493,39.7778],[66.55458,39.77782]],[[66.58296,39.7715],[66.5661,39.77596],[66.56193,39.7768],[66.55906,39.77728],[66.55493,39.7778]],[[66.57663,39.77337],[66.57648,39.7734]],[[66.65557,39.72242],[66.65171,39.72536],[66.64961,39.7268],[66.64826,39.72756],[66.64711,39.7281],[66.64525,39.72889],[66.6434,39.72956],[66.64101,39.73018],[66.62177,39.73353],[66.62114,39.73371],[66.62042,39.73401],[66.61907,39.73477],[66.61853,39.73519],[66.61788,39.73591],[66.6176,39.73627],[66.61714,39.73709],[66.61697,39.73748],[66.61629,39.74041],[66.61578,39.74154],[66.60094,39.76324],[66.60008,39.76448],[66.599,39.76581],[66.5975,39.76699],[66.59673,39.7675],[66.59534,39.76814],[66.59295,39.76888],[66.58347,39.77136]],[[66.65799,39.72054],[66.65613,39.72191],[66.65557,39.72242]],[[66.91544,39.68744],[66.91436,39.6876]],[[65.91977,39.91768],[65.91538,39.91865],[65.91469,39.91873],[65.91411,39.91868],[65.91334,39.91842],[65.91302,39.91821],[65.91255,39.91771],[65.91234,39.91727],[65.91126,39.91381],[65.90769,39.90215],[65.90689,39.89929],[65.90688,39.8988],[65.90702,39.89843],[65.90758,39.89783],[65.90827,39.89752],[65.90969,39.89702]],[[65.91857,39.91806],[65.91922,39.91795]],[[65.90689,39.89902],[65.907,39.89862],[65.90726,39.89825],[65.90748,39.89802],[65.90819,39.89762],[65.90998,39.89703],[65.91353,39.89629]],[[65.90754,39.90054],[65.90968,39.90001]],[[65.90783,39.90259],[65.90776,39.90199],[65.9078,39.90142],[65.90813,39.90083],[65.90835,39.90063],[65.90903,39.90024],[65.91154,39.89935]],[[65.90977,39.89998],[65.91137,39.89946]],[[65.94574,39.90393],[65.94583,39.90345],[65.9458,39.90293]],[[65.95184,39.90591],[65.94891,39.90638]],[[66.77142,39.69681],[66.77463,39.69714]],[[66.77002,39.69667],[66.77208,39.69682]],[[66.74497,39.69548],[66.74458,39.69557],[66.74407,39.69559],[66.74173,39.69538]],[[66.74847,39.69396],[66.74722,39.69398],[66.74503,39.69375]],[[66.74012,39.69535],[66.74068,39.6956],[66.74376,39.69583],[66.74619,39.6951],[66.74849,39.69469],[66.74957,39.69462]],[[66.74519,39.69517],[66.74402,39.69522],[66.7402,39.69483]],[[66.73372,39.69336],[66.73029,39.69337],[66.72885,39.69351],[66.728,39.69368],[66.71114,39.69814]],[[66.71114,39.69814],[66.70942,39.69857]],[[66.7351,39.69319],[66.7359,39.69309],[66.73782,39.69317],[66.74778,39.69415],[66.74853,39.69433]],[[66.73299,39.69331],[66.73722,39.69333],[66.77852,39.69742],[66.78008,39.69767],[66.78277,39.6983],[66.79228,39.70141]],[[66.79229,39.70161],[66.78349,39.69856],[66.78115,39.69795],[66.77836,39.69745],[66.73779,39.69348],[66.73372,39.69336]],[[66.75413,39.69507],[66.75503,39.69522],[66.76957,39.69664],[66.77078,39.69669]],[[66.79228,39.70141],[66.79311,39.70169]],[[66.74981,39.6947],[66.7512,39.69485]],[[66.75258,39.69497],[66.7519,39.69486]],[[66.75337,39.69491],[66.75507,39.69492]],[[66.75296,39.69502],[66.75503,39.69522]],[[66.70942,39.69857],[66.69607,39.70212]],[[65.40333,40.07285],[65.39512,40.07276],[65.3919,40.07279]],[[65.39072,40.07266],[65.40266,40.07275]],[[66.24932,39.88785],[66.24948,39.8863],[66.24941,39.8857]],[[66.25052,39.89508],[66.25113,39.89509],[66.25329,39.89494]],[[66.25849,39.88187],[66.2515,39.88793],[66.2499,39.88968],[66.24933,39.89065],[66.24883,39.89188],[66.24863,39.89263],[66.24831,39.8952],[66.24792,39.89683],[66.24362,39.90756]],[[66.25817,39.87116],[66.2517,39.87045]],[[66.93585,39.68528],[66.9402,39.68482],[66.94103,39.68479],[66.94225,39.68489],[66.94376,39.68519],[66.94716,39.68647],[66.94848,39.68674]],[[66.93509,39.68536],[66.93585,39.68528]],[[66.76699,39.69621],[66.76873,39.69633],[66.76999,39.69657]],[[66.42584,39.56382],[66.42833,39.56557],[66.4322,39.56793]],[[64.53402,39.71119],[64.53924,39.71528]],[[64.53456,39.71185],[64.53817,39.71467]],[[64.5397,39.71556],[64.53752,39.71427],[64.53483,39.71211]],[[64.54346,39.71001],[64.54283,39.71073],[64.54243,39.71105],[64.54056,39.71235],[64.5399,39.71258],[64.53903,39.71265],[64.53824,39.71255],[64.53564,39.71157]],[[64.54283,39.71073],[64.54212,39.71155],[64.54145,39.71208],[64.54085,39.71239],[64.54014,39.71261],[64.53921,39.71272],[64.5386,39.71269],[64.53778,39.71249],[64.53665,39.71201]],[[64.54166,39.71684],[64.54028,39.7157]],[[64.54694,39.7202],[64.54044,39.71528],[64.53934,39.71458],[64.53708,39.71285],[64.53564,39.71189]],[[64.53634,39.71244],[64.54203,39.7169],[64.54686,39.72055]],[[64.58025,39.71907],[64.5799,39.71976]],[[64.57843,39.72195],[64.57886,39.72123],[64.57901,39.72082],[64.57889,39.71932],[64.57896,39.71903],[64.57926,39.71858]],[[64.75036,39.50127],[64.75333,39.50131],[64.75677,39.50189]],[[64.53855,39.71347],[64.53667,39.71214],[64.53493,39.7112]],[[66.24412,39.90578],[66.24507,39.903],[66.24553,39.9022]],[[66.24802,39.8964],[66.24426,39.90557],[66.24395,39.90675]],[[66.24442,39.89237],[66.24606,39.89142],[66.24833,39.89037],[66.24876,39.88994],[66.24894,39.88951]],[[67.04102,39.71141],[67.04467,39.70857]],[[67.03828,39.71396],[67.03918,39.7133],[67.03994,39.71251],[67.04022,39.71071]],[[64.56833,39.72186],[64.56835,39.72117],[64.56863,39.72016],[64.56856,39.7191]],[[64.56863,39.71909],[64.56871,39.71987],[64.56856,39.72045]],[[64.54547,39.71968],[64.54718,39.72089]],[[64.5353,39.71161],[64.53634,39.71244],[64.53737,39.71313],[64.54462,39.71874],[64.5477,39.721]],[[64.60511,39.69418],[64.60364,39.69503],[64.60254,39.69516],[64.60159,39.69494],[64.60119,39.69468],[64.59839,39.69223]],[[64.53771,39.7136],[64.54295,39.71772],[64.54606,39.72005],[64.54963,39.72233],[64.55036,39.72308],[64.55741,39.72865],[64.55884,39.73001]],[[64.55009,39.72379],[64.55104,39.72466]],[[64.75876,40.53252],[64.75738,40.53168],[64.75583,40.53049]],[[65.94531,39.90125],[65.94574,39.90553],[65.94691,39.91025],[65.94681,39.91096],[65.94661,39.91131],[65.94601,39.9118],[65.94498,39.91216],[65.93079,39.91525]],[[65.91122,39.89986],[65.90933,39.90031],[65.9086,39.90065],[65.90832,39.90086],[65.90791,39.90144],[65.90781,39.90176],[65.90779,39.90225]],[[65.9457,39.90512],[65.94568,39.90396],[65.94551,39.90319]],[[66.20273,39.86938],[66.20233,39.86945]],[[65.92897,39.91383],[65.92936,39.91382],[65.9303,39.91404]],[[65.93337,39.91469],[65.93187,39.9147],[65.93131,39.91458],[65.92989,39.91375],[65.92879,39.91273]],[[63.85517,39.50898],[63.85785,39.51128],[63.85891,39.51256],[63.86148,39.51456],[63.86301,39.51628],[63.87017,39.5219],[63.87199,39.52405],[63.87327,39.5254],[63.87497,39.52677],[63.87563,39.52716],[63.88342,39.53301]],[[63.87956,39.52873],[63.88203,39.53096],[63.88715,39.53525]],[[63.87958,39.53049],[63.87618,39.52789],[63.87441,39.52665],[63.8741,39.52638],[63.87327,39.5254]],[[63.84819,39.49764],[63.84718,39.49574],[63.84688,39.49537],[63.84645,39.49507],[63.84617,39.49478],[63.84519,39.49345]],[[63.84522,39.49442],[63.8446,39.49327],[63.8445,39.49283]],[[63.9794,39.59952],[63.97725,39.59812],[63.97662,39.59782],[63.97553,39.59758],[63.97466,39.59758],[63.97402,39.59769],[63.97336,39.59789],[63.96908,39.60014],[63.96811,39.60072],[63.96772,39.60108],[63.96741,39.60143],[63.96707,39.60229],[63.96595,39.61289],[63.96585,39.61333],[63.96547,39.61402],[63.96468,39.61472],[63.96393,39.61509],[63.96236,39.6154],[63.95054,39.61646],[63.84685,39.62064],[63.73965,39.62486],[63.73756,39.62496],[63.70052,39.62765],[63.68543,39.62799],[63.68369,39.62789],[63.68238,39.62772],[63.68006,39.62707]],[[66.75464,39.69552],[66.75564,39.69584],[66.75752,39.69603]],[[66.75899,39.69611],[66.75576,39.69578],[66.75464,39.69552],[66.75341,39.69511],[66.75258,39.69497]],[[66.74868,39.69406],[66.74722,39.69398]],[[66.73614,39.69354],[66.73435,39.69345]],[[66.7271,39.69395],[66.72806,39.69385],[66.73179,39.69394]],[[66.72122,39.69538],[66.72217,39.69514]],[[66.84643,39.66276],[66.84524,39.66023],[66.84504,39.65996],[66.84435,39.65947],[66.84349,39.65926],[66.84019,39.65917],[66.8374,39.6589],[66.83633,39.65891],[66.83573,39.65907],[66.83442,39.65967],[66.83371,39.66028],[66.83311,39.6606],[66.82941,39.662],[66.82847,39.66225],[66.81743,39.66207],[66.81624,39.66174],[66.81522,39.66162],[66.81422,39.66122],[66.81369,39.66113],[66.81306,39.66116],[66.81125,39.66147],[66.8105,39.66168],[66.80359,39.66413],[66.8018,39.66519],[66.79779,39.66838],[66.7974,39.66898],[66.7969,39.67032],[66.79651,39.67247],[66.7965,39.67513]],[[66.75057,39.69469],[66.7377,39.69342],[66.73466,39.69335]],[[66.7707,39.69675],[66.77012,39.69673],[66.76879,39.69692],[66.76826,39.6969],[66.75632,39.69574],[66.75578,39.69563],[66.75488,39.6953],[66.75411,39.69513]],[[66.75432,39.695],[66.75569,39.69501],[66.76636,39.69604],[66.76757,39.69622]],[[66.7969,39.67032],[66.79693,39.66974],[66.79669,39.66904],[66.7961,39.66828],[66.79562,39.66782],[66.79523,39.66757],[66.79449,39.66736],[66.79166,39.667]],[[66.82319,39.65501],[66.81396,39.66016],[66.80988,39.6619]],[[66.7916,39.66675],[66.79349,39.667],[66.79416,39.66717]],[[66.79648,39.67567],[66.79633,39.67663],[66.79594,39.67747],[66.79546,39.67803],[66.79278,39.68042],[66.79118,39.68246],[66.78975,39.68381],[66.78609,39.68703],[66.77838,39.69339],[66.77633,39.69477],[66.77585,39.69499],[66.77341,39.69571],[66.7722,39.69592],[66.76981,39.69616],[66.76787,39.69625]],[[66.74978,39.69464],[66.75158,39.69479]],[[66.75258,39.69497],[66.75087,39.69487],[66.74923,39.69503],[66.74784,39.69525]],[[66.75001,39.69451],[66.75394,39.69492]],[[66.75293,39.69486],[66.75094,39.69468]],[[66.75183,39.69481],[66.75364,39.69509]],[[67.12649,39.71963],[67.12708,39.71994],[67.12764,39.7201]],[[66.93359,39.68566],[66.9326,39.68583],[66.92065,39.68707],[66.92005,39.68709]],[[66.91794,39.68731],[66.91869,39.68716],[66.919,39.68726],[66.9207,39.6872],[66.93149,39.6861],[66.93238,39.68594]],[[66.91938,39.68726],[66.9212,39.68731],[66.92374,39.687]],[[66.91955,39.68712],[66.92108,39.6869]],[[66.92088,39.68675],[66.92218,39.6867]],[[66.9183,39.6871],[66.91928,39.68689],[66.92037,39.68647]],[[66.93463,39.68545],[66.93359,39.68566]],[[66.9169,39.68733],[66.88932,39.6902]],[[66.9169,39.68733],[66.91598,39.68738]],[[66.9624,39.68775],[66.96223,39.68773]],[[63.64147,42.11759],[63.61809,42.1177],[63.61469,42.11788],[63.61384,42.11809],[63.61304,42.11842]],[[66.91435,39.68014],[66.91321,39.68371],[66.91291,39.68427],[66.91271,39.68447],[66.91235,39.68468],[66.91177,39.68485],[66.91108,39.68488],[66.91043,39.68475],[66.90995,39.68452],[66.90964,39.68413],[66.90946,39.68371],[66.90937,39.68224]],[[66.91445,39.67451],[66.91347,39.67293],[66.91302,39.6725],[66.91273,39.67233],[66.91214,39.67213],[66.9099,39.67192],[66.90954,39.67182],[66.90896,39.67146],[66.90864,39.67102],[66.90864,39.67083]],[[66.93451,39.68536],[66.93531,39.68525]],[[66.93585,39.68528],[66.93679,39.68522]],[[66.94563,39.68605],[66.94595,39.68627],[66.94605,39.6865],[66.94569,39.68813]],[[66.98878,39.68793],[66.98801,39.68803]],[[67.2773,39.76727],[67.27771,39.76751],[67.2792,39.76792]],[[67.27819,39.76822],[67.2773,39.76727],[67.27626,39.76642],[67.27571,39.76619],[67.27043,39.76474]],[[67.2647,39.76295],[67.26762,39.76367],[67.27083,39.76463]],[[67.25731,39.75965],[67.25797,39.76014]],[[67.25877,39.76071],[67.25799,39.76027]],[[67.25631,39.75677],[67.25626,39.75621],[67.25635,39.75517],[67.2568,39.75152]],[[67.29352,39.77205],[67.35448,39.79857]],[[67.29305,39.77185],[67.29352,39.77205]],[[66.75489,39.69504],[66.75567,39.69506],[66.76708,39.69617]],[[66.7929,39.70182],[66.79229,39.70161]],[[66.83183,39.69904],[66.83305,39.69877],[66.84147,39.69737],[66.84264,39.69724]],[[66.76935,39.69645],[66.75489,39.69504],[66.75234,39.69485]],[[63.89256,42.25869],[63.89474,42.26211],[63.90182,42.27151]],[[63.89615,42.26138],[63.89117,42.2537]],[[63.54644,42.1994],[63.54159,42.20124],[63.53457,42.20317],[63.53254,42.20365],[63.53182,42.20371],[63.51941,42.20236],[63.51324,42.20031],[63.51267,42.2002],[63.50884,42.20019],[63.50779,42.2001],[63.50725,42.19993],[63.50537,42.19909],[63.48437,42.18844],[63.4831,42.18742],[63.48187,42.18613],[63.47781,42.18039],[63.47715,42.17823],[63.47708,42.17659],[63.47876,42.15312],[63.47901,42.15016],[63.47941,42.1488],[63.48013,42.14743],[63.48814,42.13829],[63.49179,42.13442],[63.49323,42.13335],[63.49517,42.13239],[63.49768,42.13173],[63.49919,42.13151],[63.50037,42.13144],[63.50162,42.13145],[63.50307,42.13161],[63.5079,42.13253],[63.50856,42.13277],[63.5122,42.13439],[63.51268,42.13449],[63.51346,42.13451],[63.5147,42.13428],[63.51724,42.13338],[63.51819,42.13317],[63.54775,42.13357]],[[63.51123,42.20019],[63.51266,42.20027],[63.5132,42.20037],[63.51676,42.20155],[63.5177,42.20178]],[[63.5177,42.20178],[63.51867,42.20218],[63.52432,42.20406]],[[67.10966,39.70239],[67.09768,39.69855],[67.09184,39.69719],[67.08784,39.69636],[67.07552,39.6948]],[[67.07935,39.6957],[67.0818,39.69602],[67.08383,39.69591]],[[67.07552,39.69487],[67.08775,39.6964],[67.0889,39.69662],[67.08972,39.69689],[67.09358,39.69765]],[[67.2426,39.75016],[67.25731,39.75965]],[[67.2736,39.76547],[67.27266,39.76526]],[[67.25806,39.76],[67.25904,39.76071]],[[67.23231,39.74535],[67.22375,39.74159]],[[67.38772,39.81152],[67.38785,39.81159]],[[67.35458,39.79861],[67.35689,39.79956],[67.36768,39.80363]],[[67.35445,39.7986],[67.29904,39.7745],[67.29353,39.77221]],[[67.36765,39.80367],[67.35688,39.79959],[67.35455,39.79864]],[[67.35448,39.79857],[67.35458,39.79861]],[[63.66546,42.11739],[63.64556,42.11749]],[[63.71183,42.15344],[63.7135,42.15283],[63.71472,42.1528],[63.71726,42.15254],[63.718,42.15223],[63.71858,42.15189],[63.71906,42.15078],[63.7192,42.14973],[63.71945,42.14941],[63.71988,42.14905],[63.72051,42.14875],[63.72149,42.14854],[63.71925,42.14895],[63.71784,42.14936],[63.71711,42.14948],[63.71568,42.14954],[63.71144,42.15006],[63.71048,42.15024],[63.70397,42.15087]],[[63.54733,42.13985],[63.54863,42.14115],[63.54897,42.14228],[63.54936,42.14287],[63.55185,42.14466]],[[63.61138,42.11835],[63.61422,42.11786],[63.61503,42.11777],[63.61645,42.11777]],[[63.61756,42.1177],[63.62078,42.11749],[63.62565,42.11751]],[[63.89031,42.26035],[63.89001,42.25984],[63.88988,42.25925],[63.88993,42.25876],[63.89011,42.25833],[63.8916,42.25665]],[[63.89079,42.25755],[63.89091,42.25571]],[[63.54757,42.14385],[63.54854,42.14461]],[[63.55625,42.14357],[63.55694,42.14393],[63.55884,42.14529]],[[63.54477,42.13544],[63.54484,42.13576],[63.54505,42.13606],[63.54529,42.13626],[63.54588,42.13649],[63.55043,42.1365],[63.55078,42.13644],[63.55156,42.13612],[63.55265,42.13515],[63.55324,42.13447],[63.55367,42.13417],[63.5541,42.13398],[63.55467,42.13386],[63.55556,42.13382]],[[62.46399,41.75103],[62.46465,41.75108],[62.4676,41.75157],[62.47145,41.75231]],[[63.51748,42.20173],[63.51795,42.20189]],[[63.55101,42.14223],[63.55216,42.14245],[63.55271,42.14265],[63.55546,42.14451]],[[63.71543,42.14915],[63.71439,42.14916],[63.70318,42.15032],[63.70266,42.15028],[63.70122,42.14996]],[[63.71906,42.15078],[63.71894,42.15477],[63.71876,42.15539],[63.71833,42.15588],[63.7178,42.15614],[63.71708,42.15627],[63.70988,42.15701]],[[63.73445,42.14717],[63.73317,42.14736],[63.72483,42.14825],[63.72377,42.14828]],[[63.73488,42.14704],[63.73376,42.1471],[63.72558,42.14798],[63.72481,42.14811]],[[63.72432,42.14816],[63.72546,42.14794],[63.73387,42.14704],[63.73535,42.14699]],[[63.72483,42.14825],[63.72673,42.14811],[63.73399,42.14732],[63.73515,42.14711]],[[63.89256,42.25869],[63.89217,42.25816],[63.8919,42.2576],[63.89154,42.25646],[63.89143,42.25493],[63.89117,42.2537],[63.88811,42.24858],[63.88262,42.23994],[63.88176,42.23829],[63.88107,42.23486],[63.88039,42.23371],[63.87936,42.23282],[63.87193,42.22999],[63.87066,42.22925],[63.86888,42.22774],[63.84784,42.20882],[63.84739,42.20853]],[[63.44005,41.96878],[63.43984,41.9703],[63.43988,41.97062],[63.44022,41.97104]],[[63.43895,41.97026],[63.44022,41.97104],[63.44105,41.97166]],[[64.3815,40.97409],[64.37458,40.96761]],[[64.36989,40.96001],[64.37153,40.9638],[64.37281,40.96578],[64.37458,40.96761]],[[64.01132,41.34987],[64.01137,41.34804],[64.0125,41.34112],[64.0126,41.34067],[64.0133,41.33922]],[[64.2367,41.17997],[64.24448,41.17147]],[[63.82249,41.1828],[63.83044,41.18136],[63.83181,41.18104],[63.82189,41.18285]],[[62.50492,40.95889],[62.63023,40.90426],[62.85627,40.80526],[62.89627,40.78762],[62.90664,40.78298],[62.97126,40.75455],[63.13837,40.69248],[63.19748,40.67022]],[[64.38132,40.97375],[64.3797,40.97227]],[[63.64871,42.11753],[63.65117,42.11772],[63.65529,42.1177]],[[63.65057,42.11768],[63.65524,42.11765]],[[63.73013,42.02526],[63.72806,42.02925],[63.71698,42.05166],[63.71142,42.0596]],[[63.73698,42.01239],[63.73688,42.0128],[63.73633,42.01396]],[[63.7384,42.00862],[63.73492,42.01565]],[[63.73713,42.01118],[63.73697,42.01187],[63.73696,42.01303],[63.73539,42.01629]],[[63.5147,42.13428],[63.50999,42.13634],[63.50939,42.13655],[63.50266,42.1367],[63.50207,42.13691],[63.50178,42.13716],[63.50161,42.13746],[63.50157,42.13778]],[[63.50498,42.13663],[63.50413,42.13684],[63.50368,42.13715],[63.5034,42.13754],[63.50331,42.13799],[63.50334,42.14072]],[[63.5017,42.14152],[63.50157,42.13778]],[[63.54775,42.13357],[63.54647,42.13371],[63.54551,42.13411],[63.54516,42.13444],[63.54492,42.13477],[63.54477,42.13544],[63.54479,42.13708],[63.54495,42.13752],[63.54524,42.13794],[63.54733,42.13985],[63.54779,42.14058],[63.54786,42.14111],[63.54728,42.14286],[63.54735,42.14333],[63.54774,42.14408],[63.54907,42.14509]],[[63.54775,42.13357],[63.55068,42.13373],[63.55525,42.13379],[63.55619,42.13388],[63.55739,42.13409],[63.55814,42.13414],[63.56029,42.13409],[63.5621,42.1339],[63.56299,42.13392],[63.56547,42.1343],[63.57011,42.1353],[63.57849,42.13883],[63.58054,42.13937],[63.58792,42.14097],[63.58937,42.14148],[63.60078,42.14696],[63.60169,42.1472],[63.60245,42.14724],[63.60315,42.14718],[63.60393,42.14699],[63.60475,42.14658],[63.60952,42.14348],[63.61009,42.1429],[63.61048,42.14193],[63.61048,42.14131],[63.60467,42.12605],[63.60488,42.12498],[63.60549,42.1242],[63.61304,42.11842]],[[63.54758,42.14009],[63.54854,42.14058],[63.5489,42.14067],[63.54965,42.14073],[63.55141,42.14064],[63.55224,42.14078],[63.55285,42.14107],[63.55875,42.14541]],[[63.54773,42.14166],[63.5477,42.14216],[63.54781,42.14256],[63.54826,42.14315],[63.55018,42.14452],[63.55127,42.14502],[63.55238,42.14585]],[[63.71177,42.14122],[63.71095,42.14028],[63.70931,42.13901],[63.70735,42.13802],[63.7049,42.13726],[63.70212,42.13691],[63.69945,42.13701],[63.68303,42.13876],[63.68033,42.13875],[63.67799,42.13847],[63.66502,42.13592],[63.66349,42.13551],[63.66252,42.13508],[63.65663,42.13151],[63.64282,42.12141],[63.63986,42.11916]],[[63.66118,42.11736],[63.65131,42.11742]],[[63.6508,42.11746],[63.65179,42.11737],[63.6607,42.11732],[63.66168,42.11741]],[[63.67464,42.11314],[63.67378,42.11431],[63.67286,42.11522],[63.67203,42.11583],[63.67078,42.11649],[63.66974,42.11688],[63.66804,42.11729],[63.66637,42.11743]],[[63.63143,42.11753],[63.63027,42.11759]],[[63.61422,42.11786],[63.61326,42.11811],[63.61214,42.11831],[63.61145,42.11852],[63.60728,42.12161]],[[63.9361,41.59898],[63.93656,41.60718],[63.93648,41.60878]],[[63.73493,42.01521],[63.73463,42.01568],[63.73014,42.0248],[63.72967,42.02603]],[[63.61415,42.11787],[63.61314,42.11794],[63.61176,42.11813]],[[63.54853,42.13359],[63.55266,42.1336],[63.5575,42.13372]],[[61.30992,41.36769],[61.36631,41.38896],[61.50104,41.43953],[61.57441,41.46695],[61.57637,41.46761],[61.59498,41.47386],[61.6304,41.48366],[61.65381,41.48694],[61.65596,41.48741],[61.65731,41.48796],[61.65859,41.48857],[61.65985,41.48941],[61.6621,41.4911],[61.66319,41.49182],[61.66438,41.49237],[61.66577,41.49283],[61.75943,41.51895],[61.79126,41.53028],[61.82202,41.5411],[61.82437,41.5421],[61.82621,41.54319],[61.85434,41.56397],[61.86514,41.57158],[61.86695,41.57242],[61.89838,41.58359],[62.08648,41.64408],[62.16112,41.66814],[62.23208,41.69187],[62.33511,41.72364],[62.34539,41.72811],[62.34705,41.72879],[62.34945,41.72957],[62.35064,41.72981],[62.35754,41.7308],[62.36817,41.73211],[62.38011,41.73391],[62.38993,41.73515],[62.42362,41.74247],[62.4477,41.74752],[62.45346,41.7488],[62.49446,41.75755],[62.52258,41.76052],[62.55255,41.76514],[62.61284,41.77396],[62.6498,41.77525],[62.66963,41.77947],[62.67591,41.78072],[62.69133,41.78235],[62.69553,41.78286],[62.70289,41.7836],[62.71652,41.7855],[62.73234,41.7885],[62.73371,41.7885],[62.73579,41.78872],[62.77549,41.79165],[62.78096,41.79244],[62.85012,41.80659],[62.89067,41.81516],[62.90721,41.81858],[62.92233,41.82043],[62.93512,41.82172],[62.99659,41.82883],[63.01514,41.83084],[63.10986,41.84151],[63.12353,41.84304],[63.1322,41.84393],[63.13914,41.84385],[63.16197,41.84326],[63.17477,41.8432],[63.17728,41.84351],[63.19317,41.84732],[63.19582,41.84841],[63.20963,41.85633],[63.21196,41.85759],[63.21469,41.85831],[63.26992,41.86868],[63.27883,41.87076],[63.28169,41.87181],[63.33579,41.90851],[63.3657,41.927],[63.379,41.93492],[63.39266,41.94241],[63.3964,41.94458],[63.41078,41.95339],[63.43604,41.9686],[63.44879,41.97646],[63.45671,41.98265],[63.46896,41.99172],[63.47084,41.99298],[63.47204,41.99363],[63.47333,41.99413],[63.54341,42.01647],[63.56694,42.02364],[63.63561,42.03023],[63.65327,42.03186],[63.70618,42.03199],[63.71983,42.03187],[63.72178,42.03177],[63.72261,42.03162],[63.72463,42.03102],[63.72549,42.03064],[63.72636,42.03012],[63.72721,42.0295],[63.72774,42.029],[63.72819,42.02853],[63.72886,42.02754],[63.7317,42.02234],[63.73492,42.01565],[63.73557,42.01408],[63.76286,41.95866],[63.79774,41.89848],[63.80733,41.88178],[63.81275,41.87207],[63.81832,41.86164],[63.81869,41.86109],[63.83352,41.83318],[63.84967,41.80351],[63.8548,41.79342],[63.87406,41.76257],[63.87513,41.76062],[63.87524,41.75908],[63.87497,41.75528],[63.87533,41.75373],[63.88371,41.74009],[63.89199,41.7273],[63.90031,41.71054],[63.90055,41.70964],[63.90146,41.70296],[63.90172,41.7019],[63.90206,41.70112],[63.90257,41.70036],[63.90338,41.69943],[63.90662,41.69613],[63.90719,41.69523],[63.90901,41.69075],[63.90989,41.68924],[63.9178,41.67674],[63.91832,41.67539],[63.91907,41.67299],[63.91968,41.67177],[63.92048,41.67045],[63.92482,41.66395],[63.92538,41.663],[63.92592,41.66184],[63.92635,41.66081],[63.93687,41.62957],[63.93715,41.6284],[63.93725,41.62749],[63.93602,41.59841],[63.93372,41.553],[63.92886,41.50198],[63.92596,41.47021],[63.92343,41.45194],[63.92344,41.45119],[63.92406,41.44943],[63.92676,41.44369],[63.92715,41.44264],[63.92829,41.43546],[63.92855,41.43422],[63.92878,41.43354],[63.92935,41.43274],[63.93062,41.43183],[63.95293,41.41826],[63.95407,41.4174],[64.00979,41.35331],[64.01054,41.35237],[64.01092,41.35162]],[[63.88507,40.31354],[63.88569,40.31314],[63.89618,40.30479],[63.89702,40.30411],[63.89741,40.3037]],[[63.8966,40.30445],[63.89608,40.30497],[63.88678,40.31237],[63.8861,40.31281]],[[63.19807,40.67001],[63.3024,40.63091],[63.38167,40.60105],[63.64781,40.50038],[63.65348,40.49744],[63.65991,40.49285],[63.68873,40.46984],[63.71429,40.44964]],[[63.21051,40.66536],[63.21153,40.66505],[63.21417,40.66408],[63.22602,40.65963],[63.22661,40.65935]],[[63.81869,41.86109],[63.81434,41.86914]],[[63.64934,42.11758],[63.663,42.11745]],[[64.08265,40.12315],[64.08254,40.12346]],[[63.6368,40.50455],[63.63605,40.50477],[63.63125,40.50658],[63.62309,40.50967],[63.62246,40.50998]],[[63.61996,42.11764],[63.62049,42.11758],[63.62722,42.1176]],[[63.86445,39.5164],[63.87028,39.52126],[63.87956,39.52873]],[[63.89106,39.53851],[63.90279,39.54835]],[[63.84679,39.49636],[63.85053,39.5028],[63.8511,39.5039],[63.85223,39.50559]],[[63.8496,39.50175],[63.84919,39.50075]],[[63.8476,39.49997],[63.84826,39.50102],[63.84862,39.50133],[63.84941,39.50169],[63.84989,39.5022]],[[63.79668,39.41183],[63.8006,39.41771],[63.80492,39.42466],[63.80795,39.42983]],[[63.76458,39.3593],[63.78636,39.39646],[63.7892,39.40046],[63.79063,39.40292],[63.79668,39.41183]],[[63.79474,39.40838],[63.79751,39.41232]],[[63.79452,39.40872],[63.79506,39.40966],[63.79974,39.41651]],[[63.73308,39.31143],[63.7389,39.31636],[63.74045,39.31812],[63.74229,39.32094],[63.74603,39.32733]],[[63.70104,42.15097],[63.69995,42.15117],[63.69461,42.15173]],[[63.72273,42.1484],[63.71617,42.14914],[63.71503,42.1494],[63.70265,42.15067],[63.70104,42.15097],[63.69463,42.15163]],[[63.70291,42.15045],[63.72273,42.1484]],[[63.73555,42.14702],[63.7342,42.14735],[63.73351,42.14745],[63.72682,42.14816],[63.72584,42.14819]],[[63.72432,42.14821],[63.7262,42.14806],[63.73497,42.14708]],[[63.70202,42.1508],[63.70132,42.15078],[63.70053,42.15065],[63.69914,42.15072],[63.69678,42.15099]],[[63.61924,42.11765],[63.62028,42.11755],[63.62565,42.11751],[63.62667,42.11757]],[[64.66213,39.86153],[64.64957,39.82561],[64.64814,39.82235],[64.64634,39.81911],[64.64513,39.81737],[64.62905,39.79576],[64.61952,39.783],[64.61806,39.7812],[64.6166,39.77962],[64.61509,39.77813],[64.61253,39.77592],[64.59278,39.76031]],[[64.44476,39.75083],[64.44578,39.75026],[64.44626,39.75009],[64.44675,39.74999],[64.44754,39.75002],[64.4487,39.75033],[64.45012,39.75087],[64.45254,39.75166],[64.45373,39.75188],[64.45738,39.75299],[64.45837,39.7531],[64.45882,39.75304],[64.45927,39.75287]],[[62.46573,41.7514],[62.46653,41.75171],[62.47459,41.75339],[62.47587,41.75356]],[[64.09995,40.07121],[64.09992,40.07132]],[[62.18007,41.09939],[62.2311,41.07744],[62.3165,41.04059],[62.50492,40.95889]],[[64.18935,39.68104],[64.19984,39.68408]],[[64.37089,39.73829],[64.37031,39.73856]],[[64.55063,39.72298],[64.5516,39.7235],[64.55794,39.7285]],[[64.5429,39.71778],[64.54373,39.71835],[64.54767,39.72143],[64.55788,39.72954],[64.56027,39.73165],[64.58054,39.75043],[64.5839,39.75325],[64.59238,39.76]],[[64.48523,39.74189],[64.48734,39.74062],[64.48886,39.74017],[64.49066,39.7393]],[[64.48439,39.74185],[64.48536,39.74077],[64.48599,39.7403],[64.48673,39.73949],[64.48716,39.73889],[64.48784,39.73739]],[[64.56234,39.73299],[64.56337,39.73381],[64.56861,39.73866],[64.56922,39.73931],[64.56966,39.73994]],[[64.54954,39.72341],[64.55009,39.72379],[64.55083,39.72416]],[[64.55085,39.72404],[64.5579,39.72969]],[[64.55884,39.73001],[64.55973,39.73088],[64.56308,39.73372],[64.56869,39.73889],[64.5692,39.73945]],[[64.5475,39.72093],[64.54945,39.72238],[64.55048,39.72335]],[[64.56082,39.7318],[64.56131,39.7323]],[[64.5579,39.72969],[64.56,39.73148]],[[64.59281,39.67478],[64.59196,39.67848]],[[64.54049,39.71484],[64.53997,39.71427],[64.53899,39.71351],[64.53737,39.71249]],[[64.53832,39.71305],[64.53894,39.71331],[64.54,39.71414],[64.54106,39.71544],[64.54251,39.71633]],[[64.53843,39.71297],[64.53757,39.71261],[64.53709,39.71227]],[[64.5407,39.71507],[64.54154,39.7157],[64.54291,39.7165],[64.54311,39.71671]],[[64.53961,39.71391],[64.54011,39.71433],[64.54091,39.71538],[64.54268,39.71667]],[[64.54422,39.71005],[64.54183,39.71185]],[[64.54186,39.7161],[64.54336,39.71729]],[[64.54435,39.71005],[64.54186,39.71189]],[[64.5799,39.71976],[64.58067,39.71847],[64.58147,39.71669],[64.58351,39.71037],[64.58389,39.70965],[64.58445,39.70912],[64.58792,39.70674],[64.58951,39.70464],[64.59279,39.70224]],[[64.27121,39.78344],[64.24594,39.79392],[64.22259,39.80377],[64.219,39.80588],[64.21463,39.80914],[64.21297,39.81021],[64.21127,39.81115],[64.20763,39.81259],[64.19683,39.81484],[64.19232,39.81675],[64.18721,39.81975],[64.18347,39.82357],[64.18065,39.82753],[64.17679,39.83861],[64.17572,39.84254],[64.17268,39.85147],[64.16964,39.86074],[64.16814,39.86567],[64.16581,39.8717],[64.15985,39.8903],[64.14355,39.94006],[64.11357,40.03037]],[[63.66223,42.11746],[63.6609,42.1177],[63.66029,42.11773]],[[63.66322,42.1174],[63.66606,42.11702]],[[63.64162,42.11758],[63.64147,42.11759]],[[63.65643,42.11749],[63.64162,42.11758]],[[63.63934,42.11888],[63.63859,42.11849],[63.63758,42.11814],[63.63551,42.1177],[63.62947,42.11765]],[[63.61615,42.11775],[63.61019,42.11773],[63.60828,42.11762],[63.60542,42.11707],[63.60247,42.11677],[63.60105,42.11639]],[[63.60247,42.11677],[63.60299,42.11698],[63.60348,42.11736],[63.60457,42.11875],[63.60563,42.1198],[63.60627,42.12031]],[[63.60462,42.1188],[63.60647,42.1201]],[[63.73537,42.01474],[63.73512,42.01553],[63.73417,42.01756]],[[63.6498,42.11747],[63.64871,42.11753]],[[63.6179,42.1178],[63.61576,42.11781]],[[63.55068,42.13373],[63.55178,42.1339],[63.55266,42.13395]],[[63.55265,42.13515],[63.55159,42.13642],[63.55106,42.13676],[63.55045,42.13699],[63.55,42.13705],[63.54579,42.13708]],[[64.17521,41.57639],[64.17562,41.57619],[64.17629,41.57604],[64.17697,41.57607],[64.17761,41.57631],[64.17787,41.57647],[64.1793,41.57781]],[[64.1858,41.57194],[64.18653,41.57215],[64.18698,41.57245]],[[64.18911,41.57248],[64.18876,41.57219],[64.1878,41.57182]],[[63.93723,41.60784],[63.93673,41.60857],[63.93663,41.60927]],[[63.95282,41.24213],[63.95317,41.24306],[63.95447,41.2459],[63.95491,41.24663]],[[63.61557,42.11771],[63.61809,42.1177]],[[63.63027,42.11759],[63.61924,42.11765],[63.61863,42.1177]],[[63.63566,42.11751],[63.62793,42.11756],[63.62492,42.1174],[63.6236,42.11748]],[[64.01312,41.33961],[64.01355,41.33833],[64.01363,41.3379],[64.01354,41.33716],[64.01332,41.33669],[64.00167,41.32143],[63.99807,41.31615],[63.9973,41.31519],[63.9963,41.31421],[63.99488,41.31316],[63.99311,41.31209],[63.9847,41.30734],[63.98353,41.30652],[63.98264,41.30537],[63.9821,41.304],[63.98204,41.30283],[63.98221,41.30132],[63.98266,41.29888],[63.98257,41.2978],[63.98232,41.29689],[63.98198,41.29624],[63.98127,41.29542],[63.97521,41.28905],[63.97435,41.28792],[63.97374,41.2868],[63.97335,41.2856],[63.97154,41.27328],[63.97127,41.27224],[63.97082,41.27109],[63.96244,41.25465],[63.96203,41.25404],[63.96125,41.25332],[63.95737,41.25076],[63.95651,41.24992],[63.95621,41.24944],[63.95221,41.24078],[63.95183,41.23902],[63.95143,41.2385],[63.94753,41.23537],[63.94541,41.23258],[63.94506,41.23227],[63.94364,41.23141],[63.93148,41.22653],[63.93045,41.22628],[63.92983,41.2262],[63.92506,41.22584],[63.92328,41.22542],[63.89079,41.21062],[63.89037,41.21035],[63.87618,41.19852],[63.87429,41.1976],[63.85999,41.19204],[63.84068,41.18432],[63.83998,41.18395],[63.83951,41.18361],[63.83735,41.18161],[63.83679,41.18123],[63.83606,41.18093],[63.83549,41.18078],[63.83431,41.18066],[63.83375,41.18071],[63.82806,41.18168]],[[63.93602,41.59841],[63.9361,41.59898],[63.9365,41.60796]],[[63.93661,41.60652],[63.93666,41.60776],[63.93659,41.60855],[63.93672,41.61133],[63.9369,41.61242]],[[63.70118,42.15088],[63.70027,42.15091],[63.69723,42.15123]],[[64.16186,41.56661],[64.16338,41.56671],[64.16981,41.56759],[64.17656,41.56864],[64.17763,41.56874],[64.17844,41.56877],[64.17986,41.56856],[64.18126,41.56806]],[[64.6624,39.86226],[64.66213,39.86153]],[[64.4704,39.74819],[64.46934,39.74859],[64.45882,39.75311],[64.45745,39.75376]],[[64.08552,40.11455],[64.08538,40.11495]],[[64.56253,39.73343],[64.57004,39.74046]],[[64.56162,39.73249],[64.56333,39.73365],[64.56867,39.73859],[64.56905,39.739],[64.56966,39.73994],[64.57007,39.74042]],[[64.59238,39.76],[64.5917,39.75953],[64.58188,39.75169],[64.57772,39.74792],[64.55871,39.73031],[64.54652,39.72065]],[[64.57023,39.74057],[64.57067,39.74105]],[[64.57152,39.74198],[64.57233,39.74274],[64.57272,39.74299],[64.57337,39.74323],[64.57409,39.74335],[64.57497,39.7433],[64.5758,39.74305],[64.57663,39.74267],[64.57729,39.74208],[64.57747,39.74174],[64.57765,39.74105],[64.57769,39.7403],[64.57761,39.73963],[64.57735,39.73882],[64.57676,39.73782],[64.57583,39.73667]],[[64.57411,39.72904],[64.57378,39.72971]],[[64.57396,39.7294],[64.57437,39.72884]],[[64.55121,39.72438],[64.5516,39.72475],[64.55776,39.72958]],[[64.55915,39.72919],[64.55933,39.72957],[64.55958,39.72979]],[[64.55034,39.72312],[64.55059,39.72351],[64.55098,39.72391],[64.55806,39.72952],[64.55971,39.73101],[64.5603,39.73146]],[[64.55192,39.72481],[64.55141,39.72448]],[[64.55948,39.73072],[64.56008,39.73119]],[[64.09713,40.07969],[64.0968,40.08047],[64.09531,40.08485],[64.09319,40.09125],[64.09312,40.09172]],[[64.09971,40.07195],[64.08552,40.11455]],[[64.44835,39.7589],[64.44749,39.7595]],[[64.46233,39.75218],[64.45833,39.75393],[64.45773,39.75431],[64.4573,39.75478],[64.45655,39.75676]],[[64.4632,39.75181],[64.46252,39.75226],[64.46226,39.75264],[64.46212,39.75301]],[[64.45882,39.75311],[64.46068,39.75214],[64.46748,39.74921],[64.46848,39.74886]],[[64.5613,39.73215],[64.56244,39.73286],[64.56345,39.73328],[64.56472,39.73363],[64.5662,39.7338],[64.56759,39.73375],[64.56895,39.7335],[64.57025,39.73305],[64.57116,39.73256],[64.57214,39.73183],[64.57303,39.73078],[64.57843,39.72195],[64.57894,39.72123]],[[64.57343,39.73029],[64.57314,39.73089]],[[64.5602,39.73121],[64.56072,39.73172]],[[64.54694,39.7202],[64.54765,39.72084]],[[64.53554,39.71188],[64.53624,39.71236]],[[64.53886,39.7143],[64.54868,39.72176]],[[64.57615,39.69039],[64.57407,39.69587],[64.57387,39.69707],[64.57392,39.69783],[64.57421,39.69863],[64.57474,39.69945],[64.58218,39.70788],[64.58254,39.70861],[64.58288,39.7099],[64.58232,39.71347],[64.58198,39.71507]],[[64.57961,39.72023],[64.57926,39.72095],[64.57488,39.72813],[64.57446,39.72871]],[[64.54652,39.72065],[64.53435,39.71105],[64.53301,39.7102],[64.53153,39.70937],[64.52959,39.70847],[64.52432,39.70654],[64.52257,39.70606],[64.52086,39.70579],[64.51865,39.70573],[64.51274,39.70628]],[[64.55944,39.73104],[64.56039,39.73188]],[[64.57388,39.72942],[64.5736,39.72978],[64.57309,39.73014],[64.57234,39.73035],[64.57134,39.73045],[64.57053,39.73036],[64.57019,39.73024],[64.56983,39.72997],[64.5695,39.72953],[64.5691,39.72871],[64.56902,39.72836],[64.56799,39.71868]],[[64.59278,39.76031],[64.59238,39.76]],[[64.56242,39.73339],[64.57124,39.74166]],[[64.08187,39.64979],[64.08228,39.6499]],[[64.1705,39.67555],[64.18935,39.68104]],[[64.09978,40.07175],[64.09971,40.07195]],[[65.29382,40.08016],[65.29443,40.08007]],[[65.2926,40.0803],[65.29343,40.08019]],[[64.39497,39.72724],[64.39038,39.72901],[64.37254,39.73752]],[[65.27784,40.08145],[65.35632,40.07536]],[[66.2517,39.87045],[66.25106,39.87038]],[[64.52989,39.70889],[64.53209,39.70995],[64.53305,39.71057],[64.53846,39.71484]],[[64.54106,39.71636],[64.53967,39.71554],[64.53725,39.71431],[64.53627,39.71358],[64.53456,39.71185],[64.53301,39.71059],[64.53204,39.70999],[64.52987,39.70892]],[[64.53483,39.71191],[64.53876,39.715]],[[64.53669,39.71267],[64.54207,39.71686],[64.54729,39.72081]],[[64.4557,39.745],[64.45643,39.74366],[64.45712,39.74322]],[[64.45555,39.74498],[64.45615,39.74386],[64.45668,39.74344],[64.45712,39.74322]],[[64.44938,39.74151],[64.45474,39.74316],[64.45579,39.74343],[64.45664,39.74336],[64.45983,39.74224],[64.46025,39.74216],[64.46061,39.74212],[64.46111,39.74218],[64.46226,39.7425]],[[64.45319,39.75461],[64.45183,39.7543],[64.45077,39.75427],[64.45001,39.75451],[64.44846,39.75541]],[[64.44456,39.75239],[64.44545,39.75216],[64.44642,39.75222],[64.4493,39.75315],[64.45049,39.75361],[64.45373,39.75456],[64.45486,39.75458],[64.4556,39.7544],[64.45703,39.75389]],[[64.45013,39.76084],[64.45388,39.75771],[64.45439,39.75702],[64.4549,39.75586],[64.45539,39.75525],[64.45605,39.75468]],[[64.43573,39.7131],[64.43008,39.71434],[64.42777,39.71505],[64.42505,39.71612],[64.41889,39.719],[64.41704,39.71976],[64.41438,39.72056],[64.40954,39.72166]],[[64.43573,39.7131],[64.46088,39.70735],[64.4646,39.70664],[64.46629,39.70646],[64.46789,39.70636],[64.46959,39.70635],[64.49943,39.70741],[64.50087,39.70737],[64.50424,39.7071],[64.51242,39.70625]],[[64.49309,39.7071],[64.48321,39.70674],[64.48243,39.70676]],[[64.48341,39.70689],[64.46905,39.70637],[64.46764,39.7064],[64.46457,39.70667],[64.46203,39.70715],[64.43137,39.71414],[64.42989,39.71448],[64.42846,39.71491],[64.42579,39.71588],[64.41899,39.71905],[64.41715,39.71981],[64.41576,39.7203],[64.41187,39.72145],[64.41034,39.72206],[64.39544,39.72708]],[[65.06057,40.07371],[65.06004,40.07359]],[[66.2919,39.86425],[66.28378,39.86753],[66.28008,39.86886],[66.27654,39.8698],[66.27385,39.87036],[66.27191,39.87068],[66.27045,39.87088],[66.26714,39.87121],[66.26419,39.87134],[66.25943,39.87126]],[[65.22603,40.08088],[65.22627,40.08088]],[[65.58001,40.04574],[65.5799,40.04659],[65.57997,40.04709],[65.58028,40.04746],[65.58082,40.0477],[65.58161,40.04767],[65.58249,40.04751],[65.58653,40.04708],[65.58967,40.04694]],[[65.37671,40.07496],[65.37731,40.07485],[65.37881,40.07434],[65.38276,40.074],[65.38381,40.07387],[65.38448,40.07368]],[[64.8983,40.05875],[64.89742,40.05854]],[[64.47219,39.74748],[64.47975,39.7442],[64.48083,39.74396]],[[64.47148,39.74695],[64.47355,39.7466],[64.47554,39.74593],[64.4765,39.7454],[64.47693,39.74503],[64.47744,39.74425],[64.4777,39.74375],[64.47787,39.74271]],[[64.47263,39.74723],[64.47519,39.74606]],[[64.45758,39.74376],[64.461,39.74256],[64.46157,39.74246],[64.46226,39.7425],[64.46558,39.74348],[64.46619,39.74376],[64.46654,39.74402],[64.46683,39.74439],[64.46773,39.74662],[64.46822,39.74708],[64.46879,39.74737],[64.47031,39.74766],[64.47096,39.74766],[64.47238,39.74725],[64.47329,39.74689]],[[64.46076,39.75465],[64.46138,39.75301],[64.46192,39.75241],[64.46233,39.75218],[64.46477,39.75112],[64.46755,39.74963]],[[64.48964,39.73801],[64.49022,39.73729],[64.49335,39.7353]],[[64.48277,39.74274],[64.48362,39.74214],[64.48412,39.74155],[64.4843,39.74099],[64.48418,39.73987],[64.4843,39.73936],[64.48594,39.7365],[64.48732,39.73443],[64.48779,39.73401],[64.49007,39.73261],[64.49118,39.73162],[64.49218,39.73107]],[[64.47997,39.74407],[64.47974,39.74416]],[[64.47974,39.74416],[64.47871,39.7446]],[[64.46528,39.74628],[64.46637,39.74551],[64.46672,39.74518],[64.46682,39.74495],[64.46676,39.74441],[64.46619,39.74376]],[[64.45437,39.75468],[64.45372,39.75468],[64.4523,39.75451],[64.45152,39.75462],[64.45097,39.75483],[64.44808,39.75653]],[[64.45813,39.75342],[64.45703,39.75389],[64.45486,39.75454]],[[64.45861,39.75327],[64.46066,39.75259],[64.46755,39.74963],[64.46924,39.74874],[64.47179,39.74765],[64.47244,39.74731]],[[63.84648,39.49601],[63.84634,39.4959],[63.8449,39.49346],[63.84416,39.49197]],[[64.71398,39.51091],[64.68913,39.52361],[64.66229,39.53766],[64.65886,39.5403],[64.65611,39.54308],[64.65442,39.54584]],[[64.86187,39.4734],[64.8158,39.49906]],[[64.79759,39.50234],[64.79671,39.50228],[64.78695,39.5022],[64.78623,39.50224]],[[64.79636,39.50242],[64.79572,39.50246],[64.78627,39.50238],[64.78492,39.50227]],[[63.99028,39.60796],[63.99752,39.61361]],[[64.83433,40.03546],[64.83284,40.03198],[64.8328,40.03117],[64.83303,40.0306],[64.83344,40.03012],[64.83673,40.02771],[64.83769,40.02733],[64.83846,40.02727],[64.84362,40.02776],[64.84434,40.02795],[64.84517,40.02831]],[[64.8587,40.03524],[64.8471,40.02921]],[[64.85748,40.03451],[64.85609,40.03366]],[[64.95864,40.06323],[64.95834,40.06322]],[[64.8587,40.03524],[64.85911,40.03551]],[[64.86246,40.03728],[64.8597,40.03582]],[[64.86032,40.03531],[64.85877,40.03445]],[[64.83965,40.02699],[64.83898,40.02685],[64.83733,40.02673],[64.83682,40.02661],[64.83609,40.02623],[64.83545,40.02569],[64.8352,40.0252],[64.83489,40.02414],[64.83449,40.02367]],[[64.8597,40.03582],[64.8577,40.03486],[64.84914,40.03037],[64.84884,40.03016],[64.84331,40.02725],[64.84068,40.02577],[64.83798,40.02399],[64.83493,40.02171],[64.82861,40.0164]],[[64.89742,40.05854],[64.89564,40.05811],[64.89312,40.05736],[64.88851,40.05567],[64.8839,40.0534],[64.8822,40.05241],[64.87911,40.05039],[64.87656,40.04836],[64.86931,40.04186],[64.8678,40.04059],[64.86494,40.03859],[64.86355,40.03775],[64.8587,40.03524]],[[66.95002,39.68697],[66.94848,39.68678]],[[67.01248,39.69266],[67.01367,39.69326]],[[66.8464,39.69653],[66.84566,39.69654],[66.84516,39.69638]],[[64.84472,40.0284],[64.84506,40.02852],[64.84755,40.02981]],[[64.74599,40.52989],[64.73636,40.53801],[64.73501,40.53924]],[[65.33141,40.0881],[65.33254,40.08803],[65.33322,40.08785]],[[65.31099,40.08956],[65.31407,40.08946],[65.31944,40.08902]],[[65.32063,40.10134],[65.32157,40.10124],[65.32326,40.10166]],[[65.32661,40.10641],[65.32667,40.10722],[65.32653,40.10763]],[[65.28649,40.05062],[65.29045,40.05061],[65.29141,40.05068]],[[65.33605,40.08631],[65.33593,40.08678],[65.33608,40.08743],[65.33629,40.08773],[65.33703,40.08831]],[[65.33152,40.08774],[65.3321,40.08746],[65.3328,40.08732]],[[65.33869,40.08299],[65.33818,40.08328],[65.33768,40.08377],[65.33729,40.08403],[65.33658,40.08434],[65.33619,40.08439],[65.33271,40.08437]],[[65.28754,40.05062],[65.28696,40.05067],[65.28469,40.05068]],[[65.27106,40.08138],[65.27055,40.08132]],[[65.32156,40.10196],[65.32197,40.10217],[65.3236,40.10353]],[[65.1989,40.08051],[65.18871,40.08038]],[[65.27751,40.08148],[65.27661,40.08148]],[[65.31481,40.1004],[65.31391,40.10012],[65.31166,40.09977]],[[65.34811,40.07836],[65.34735,40.07864],[65.34696,40.0787],[65.34346,40.07895]],[[65.29487,40.05249],[65.29345,40.05236],[65.28693,40.05233],[65.286,40.05237],[65.2853,40.05248]],[[65.28843,40.05292],[65.28396,40.05295]],[[64.74797,40.52837],[64.74726,40.52898]],[[64.5058,40.78446],[64.50613,40.78406],[64.51225,40.77802],[64.51276,40.77761]],[[64.38728,40.97965],[64.38583,40.97843]],[[64.38976,40.98183],[64.38201,40.97464],[64.3815,40.97409]],[[64.01294,41.34005],[64.01269,41.34119],[64.01137,41.34915]],[[64.59315,41.232],[64.59392,41.23109]],[[64.73534,40.53889],[64.72908,40.54412]],[[64.74107,40.53281],[64.73746,40.53584],[64.73681,40.53648]],[[64.62177,39.67552],[64.61542,39.68129],[64.61434,39.68198],[64.6136,39.6822],[64.61254,39.68263],[64.60985,39.68477],[64.60659,39.68756]],[[63.88072,39.53101],[63.881,39.53145],[63.88121,39.53207],[63.8814,39.53229],[63.88295,39.5334]],[[64.5929,39.67443],[64.59281,39.67478]],[[63.88715,39.53525],[63.88906,39.53688]],[[63.98262,39.60203],[63.99028,39.60796]],[[64.52994,39.70881],[64.53163,39.70963],[64.53284,39.71032],[64.53441,39.71164]],[[64.53339,39.71066],[64.53405,39.71134]],[[64.59475,39.66635],[64.59415,39.66888]],[[64.64195,39.67058],[64.65089,39.66409],[64.6513,39.66371],[64.6533,39.66118],[64.65381,39.66029],[64.65396,39.65855],[64.65192,39.65396]],[[64.64529,39.5622],[64.64141,39.56945]],[[64.64141,39.56945],[64.64057,39.57103]],[[64.64769,39.55771],[64.64529,39.5622]],[[64.51274,39.70628],[64.51242,39.70631]],[[64.78532,39.98851],[64.75803,39.97212],[64.75299,39.96901],[64.75141,39.9677],[64.7493,39.96582],[64.68281,39.9047],[64.68073,39.90252],[64.67951,39.90113],[64.67601,39.89642],[64.67314,39.8918],[64.67124,39.88762],[64.6624,39.86226]],[[64.53001,39.70874],[64.5315,39.70946],[64.53296,39.71028],[64.53402,39.71119],[64.53947,39.71541]],[[64.54212,39.71155],[64.54088,39.7126],[64.54055,39.71301],[64.54029,39.71383],[64.54034,39.71436],[64.54049,39.71474]],[[64.53907,39.71438],[64.54055,39.7152]],[[64.5427,39.71594],[64.54331,39.71701],[64.54388,39.71768],[64.54694,39.7202]],[[64.54201,39.71737],[64.54322,39.71848],[64.54347,39.71884]],[[64.51274,39.70622],[64.51864,39.70567],[64.52087,39.70573],[64.52184,39.70585],[64.5233,39.70617],[64.52539,39.70684],[64.52962,39.70842],[64.53195,39.70953],[64.53456,39.71115],[64.53771,39.7136]],[[64.59169,39.67962],[64.58787,39.69613],[64.58198,39.71507],[64.58106,39.71753],[64.58025,39.71907]],[[64.58211,39.7143],[64.58189,39.71487]],[[64.59196,39.67848],[64.59169,39.67962]],[[64.59415,39.66888],[64.5929,39.67443]],[[64.65442,39.54584],[64.65082,39.55199]],[[64.5503,39.72344],[64.54745,39.72117],[64.54608,39.72024]],[[64.69212,39.91324],[64.69264,39.91379],[64.69899,39.91964],[64.69955,39.92007]],[[64.76403,39.97581],[64.77338,39.98144],[64.77619,39.9831],[64.77695,39.98346]],[[64.82091,40.01004],[64.81796,40.00797],[64.7857,39.98873]],[[64.51488,39.72964],[64.51467,39.72968]],[[64.55083,39.7231],[64.55149,39.72349],[64.55789,39.72854],[64.5583,39.72904],[64.55852,39.72949]],[[65.66393,40.02217],[65.66476,40.02125],[65.66594,40.02056]],[[66.13986,39.91697],[66.13892,39.91672],[66.13671,39.91631],[66.13317,39.91601],[66.12861,39.91575]],[[67.3679,39.80371],[67.38375,39.80973],[67.38509,39.81028],[67.38772,39.81152]],[[64.40954,39.72166],[64.39748,39.72417],[64.3958,39.72446],[64.39294,39.72476],[64.39082,39.72482],[64.38815,39.72468],[64.3868,39.72451],[64.37006,39.72184]],[[64.28019,39.70738],[64.31382,39.71708],[64.31665,39.71775],[64.31938,39.71813],[64.35377,39.72046]],[[65.40864,40.07297],[65.41765,40.07306]],[[65.3869,40.07305],[65.38569,40.07326],[65.38506,40.07356],[65.38455,40.07414],[65.38441,40.07457]],[[65.37589,40.07502],[65.37467,40.07485],[65.37368,40.07493]],[[65.37968,40.07836],[65.37611,40.07865]],[[65.38834,40.07306],[65.38734,40.07306],[65.38579,40.0733],[65.38514,40.0736],[65.38473,40.074],[65.38441,40.07457],[65.38401,40.07596],[65.38383,40.07631],[65.38345,40.07671],[65.38147,40.07803],[65.38074,40.07827],[65.37625,40.0787],[65.3752,40.07885]],[[65.37625,40.0787],[65.37229,40.07886],[65.37064,40.07918]],[[65.94562,39.90496],[65.94525,39.904],[65.94499,39.90202]],[[66.55455,39.77793],[66.55119,39.77819],[66.54871,39.77829],[66.54504,39.77832],[66.5291,39.77815],[66.52644,39.77825],[66.52212,39.77877],[66.50435,39.78207]],[[67.01065,39.69083],[67.01292,39.69224]],[[66.94848,39.68678],[66.94715,39.6865],[66.94376,39.68523],[66.94224,39.68493],[66.94067,39.68484],[66.93679,39.68522]],[[64.16911,41.56767],[64.15907,41.56624],[64.15578,41.56633],[64.15168,41.56733],[64.13908,41.57016],[64.04724,41.5943],[64.02803,41.59901],[64.02338,41.59905],[64.0208,41.59957],[64.01771,41.60072],[64.01308,41.60342],[64.0081,41.60599],[63.99929,41.60886],[63.99055,41.61022],[63.94408,41.61662],[63.94249,41.61653],[63.94027,41.61596],[63.93849,41.61488],[63.93728,41.61347],[63.93676,41.61222],[63.93651,41.60822]],[[63.93659,41.60963],[63.9365,41.60916]],[[63.93656,41.60718],[63.93659,41.60855]],[[63.93608,41.60005],[63.93605,41.60064],[63.93637,41.60794],[63.93646,41.60851]],[[63.73557,42.01408],[63.73493,42.01521],[63.73494,42.01536],[63.72984,42.02571]],[[63.54827,42.14076],[63.55087,42.14303]],[[63.55513,42.13382],[63.55121,42.13381]],[[63.62977,42.11769],[63.61733,42.11777]],[[65.32317,40.1018],[65.32181,40.10141],[65.32143,40.10136],[65.32086,40.10133],[65.3201,40.10143]],[[65.27056,40.08149],[65.27092,40.0815]],[[65.24878,40.0812],[65.27056,40.08149]],[[65.18871,40.08038],[65.18842,40.08038]],[[65.27417,40.08148],[65.27312,40.08153]],[[65.32942,40.08849],[65.33774,40.09093]],[[65.33735,40.09085],[65.33665,40.09071],[65.32996,40.08869]],[[65.34686,40.09353],[65.34612,40.09324],[65.34188,40.09195],[65.34016,40.09163]],[[65.35755,40.08059],[65.3583,40.08085],[65.35894,40.08087]],[[65.34384,40.07928],[65.34574,40.07879]],[[65.12752,40.21023],[65.12369,40.2131]],[[63.54896,42.13361],[63.55506,42.13369],[63.55566,42.13375]],[[65.34031,40.09169],[65.34144,40.09211],[65.3453,40.09326],[65.3468,40.0936]],[[65.35635,40.07911],[65.35561,40.07899],[65.35527,40.07887],[65.35452,40.07837]],[[64.18239,41.57295],[64.18891,41.57842]],[[64.181,41.57065],[64.18136,41.57142],[64.18201,41.57565],[64.1824,41.5763],[64.1844,41.57803],[64.18497,41.57883],[64.18571,41.57957]],[[65.94534,39.90427],[65.94514,39.90369],[65.94487,39.90108]],[[64.01104,41.35131],[64.01283,41.3408],[64.01299,41.3401],[64.01351,41.33874],[64.01413,41.33781],[64.01909,41.3319],[64.0336,41.31391],[64.03402,41.31329],[64.03448,41.31247],[64.04227,41.29374],[64.04347,41.29232],[64.04587,41.2909],[64.08896,41.26987],[64.09153,41.26794],[64.09308,41.26729],[64.10115,41.26613],[64.10372,41.2651],[64.16604,41.24845],[64.16827,41.24729],[64.17084,41.24523],[64.17342,41.24355],[64.17768,41.24166],[64.17859,41.24055],[64.17893,41.23982],[64.17903,41.23882],[64.17854,41.23758],[64.17742,41.23629],[64.17678,41.23538],[64.17621,41.23429],[64.17581,41.23228],[64.17617,41.2308],[64.17689,41.22933],[64.17828,41.22786],[64.18512,41.22263],[64.18614,41.22154],[64.18659,41.22072],[64.1872,41.21894],[64.18822,41.21726],[64.18955,41.21605],[64.19092,41.21533],[64.19275,41.21469],[64.20645,41.21184],[64.20864,41.211],[64.21267,41.20876],[64.2143,41.20761],[64.22077,41.20097],[64.22146,41.19999],[64.22175,41.19938],[64.22257,41.19691],[64.22294,41.1963],[64.22362,41.1956],[64.22481,41.19464],[64.22643,41.1935],[64.22715,41.1928],[64.23017,41.18734],[64.23346,41.18344],[64.2477,41.16787],[64.24974,41.1661],[64.25918,41.15868],[64.26542,41.15388],[64.27143,41.14845],[64.2752,41.14419],[64.28104,41.13591],[64.28344,41.13333],[64.28636,41.13191],[64.28859,41.13036],[64.291,41.12803],[64.29289,41.1257],[64.29477,41.12441],[64.30147,41.1204],[64.30713,41.11626],[64.31091,41.11135],[64.34314,41.05993],[64.3485,41.05195],[64.34988,41.05092],[64.35177,41.05001],[64.35383,41.04962],[64.35571,41.04988],[64.36001,41.05079],[64.36258,41.05079],[64.36533,41.05014],[64.36739,41.04872],[64.37134,41.04432],[64.37357,41.04134],[64.37747,41.03193],[64.37776,41.03082],[64.37776,41.0297],[64.37699,41.02609],[64.37693,41.02499],[64.37704,41.02408],[64.37747,41.02256],[64.38277,41.00761],[64.38369,41.00614],[64.38476,41.00488],[64.38999,41.00108],[64.39082,41.00012],[64.39247,40.99794],[64.39289,40.99702],[64.3931,40.99618],[64.39376,40.98927]],[[65.31201,40.08953],[65.31277,40.08941]],[[65.33142,40.08816],[65.33219,40.08805]],[[65.34061,40.08279],[65.34181,40.0823]],[[65.65354,40.03152],[65.6623,40.02501]],[[65.33561,40.10404],[65.33606,40.10425],[65.33682,40.1048],[65.34262,40.10654],[65.3433,40.10664],[65.34464,40.10704]],[[65.1989,40.08051],[65.22603,40.08088]],[[66.96241,39.68771],[66.97881,39.68932],[66.98027,39.68927],[66.98801,39.68799]],[[66.88932,39.6902],[66.8721,39.69203],[66.85106,39.69579]],[[67.25819,39.76023],[67.26075,39.76176],[67.26175,39.7622],[67.2647,39.76295],[67.27134,39.76477],[67.27198,39.76491],[67.27303,39.76503]],[[66.58358,39.77151],[66.58307,39.77164]],[[66.58307,39.77164],[66.57663,39.77337]],[[66.65507,39.72291],[66.65698,39.72141],[66.66023,39.71912],[66.66838,39.71302],[66.66931,39.7122]],[[65.03528,40.28549],[65.04411,40.278]],[[65.0352,40.28557],[65.03507,40.28567]],[[66.66773,39.71329],[66.67306,39.70932],[66.67471,39.7082],[66.67625,39.70745],[66.67795,39.70683],[66.72142,39.69533],[66.72235,39.69515]],[[65.03477,40.28593],[65.03296,40.28755]],[[65.03582,40.2851],[65.03446,40.28626]],[[65.03362,40.28713],[65.03296,40.28755],[65.0325,40.28798],[65.03214,40.28863],[65.03204,40.28927],[65.03224,40.29001],[65.03402,40.2949],[65.03409,40.29549],[65.0338,40.29635],[65.03352,40.2968],[65.03307,40.29726],[65.02511,40.30454]],[[65.01387,40.30363],[65.00419,40.3118]],[[64.35426,39.72048],[64.367,39.72139],[64.37006,39.72184]],[[65.03669,40.28409],[65.04397,40.27791]],[[65.03602,40.28486],[65.037,40.28376],[65.04337,40.27834],[65.04537,40.27694]],[[65.04461,40.27759],[65.03772,40.28336],[65.03731,40.28378]],[[66.72939,39.69401],[66.72806,39.69385]],[[65.03498,40.29763],[65.03553,40.29879],[65.0366,40.3],[65.03704,40.30119]],[[65.0353,40.29839],[65.03665,40.30222]],[[66.66123,39.71846],[66.66385,39.71648]],[[66.93411,39.68573],[66.93479,39.68565],[66.93654,39.68573],[66.93869,39.68558]],[[67.10997,39.70249],[67.10966,39.70239]],[[67.07552,39.6948],[67.07533,39.69478]],[[67.0103,39.69183],[67.01142,39.69294]],[[66.749,39.69447],[66.74725,39.6942],[66.73731,39.69324],[66.73581,39.69319],[66.73417,39.69331]],[[64.30428,39.76912],[64.30395,39.76927]],[[64.53961,39.71391],[64.53896,39.71339],[64.53789,39.71285]],[[64.5398,39.71462],[64.54118,39.71567]],[[64.58792,39.70674],[64.60041,39.69797],[64.60204,39.69675],[64.60586,39.69353],[64.60613,39.69319],[64.60628,39.69282],[64.60635,39.69205],[64.60536,39.68986]],[[64.57982,39.7199],[64.57933,39.72106],[64.57768,39.72381],[64.57546,39.72742],[64.57474,39.72834]],[[64.56144,39.73241],[64.56187,39.73285]],[[67.2326,39.74547],[67.23231,39.74535]],[[67.21188,39.73634],[67.20917,39.73516],[67.20274,39.73321],[67.19859,39.73153]],[[64.74744,40.52873],[64.74848,40.52802],[64.74921,40.52777],[64.75015,40.52765],[64.75067,40.52766],[64.7514,40.52782],[64.75211,40.52818],[64.75887,40.53235]],[[64.74657,40.52941],[64.74845,40.52776]],[[67.05513,39.69085],[67.05686,39.69123]],[[67.04651,39.70853],[67.04685,39.70835],[67.04752,39.7078]],[[67.01372,39.69324],[67.01292,39.69286]],[[66.7697,39.69678],[66.76871,39.69683],[66.76805,39.69679],[66.75623,39.69563],[66.75532,39.69541]],[[66.73341,39.69331],[66.73568,39.69314],[66.73712,39.69318],[66.74751,39.69418],[66.75058,39.69464]],[[66.75543,39.69525],[66.75664,39.69547],[66.76827,39.69661],[66.76957,39.69664]],[[66.76958,39.69673],[66.76899,39.69678],[66.76799,39.69673],[66.75634,39.69558],[66.75575,39.69548]],[[66.74534,39.69536],[66.74417,39.69549],[66.74174,39.69527]],[[66.91272,39.68787],[66.91883,39.6872]],[[66.66068,39.71903],[66.66035,39.71991],[66.66021,39.72053],[66.6604,39.72236]],[[64.59834,39.6515],[64.59781,39.65337],[64.59475,39.66635]],[[64.5443,39.71004],[64.54147,39.71214]],[[64.55072,39.7231],[64.55779,39.72859],[64.55831,39.72926]],[[64.60659,39.68756],[64.60639,39.68774]],[[64.5613,39.73215],[64.56207,39.73278]],[[64.53934,39.71458],[64.54824,39.72134]],[[64.45926,39.75293],[64.45978,39.75265],[64.46934,39.74859]],[[64.47871,39.7446],[64.45811,39.75347]],[[64.27194,39.78313],[64.27121,39.78344]],[[65.67835,40.01141],[65.67848,40.0113]],[[65.39117,40.07265],[65.39162,40.07261],[65.40181,40.07266],[65.40233,40.07271]],[[65.3877,40.07291],[65.38914,40.07278],[65.39039,40.07283]],[[63.79359,39.40716],[63.7939,39.40758],[63.79611,39.40954],[63.79651,39.41002],[63.79785,39.41099],[63.7987,39.41134]],[[64.7857,39.98873],[64.78532,39.98851]],[[65.33531,40.08771],[65.33465,40.08779],[65.33404,40.08779]],[[65.33005,40.08861],[65.33677,40.09059]],[[65.29739,40.05259],[65.29516,40.05243]],[[64.19984,39.68408],[64.20165,39.6845]],[[64.11346,40.03069],[64.09995,40.07121]],[[64.08538,40.11495],[64.08265,40.12315]],[[63.85328,39.50734],[63.85517,39.50898]],[[66.22363,39.92397],[66.20762,39.92633],[66.20682,39.92641],[66.20516,39.92644],[66.2029,39.92626],[66.20026,39.92568],[66.19634,39.92428],[66.19368,39.92341]],[[66.14473,39.91859],[66.14249,39.91774]],[[64.84782,40.02938],[64.84643,40.02885]],[[65.33273,40.08761],[65.33214,40.08767],[65.33127,40.0879]],[[65.65929,40.027],[65.6612,40.02555]],[[64.74557,40.53031],[64.74521,40.53069],[64.73706,40.53758],[64.73651,40.53796]],[[64.1694,41.56753],[64.16809,41.56723],[64.16448,41.56669]],[[64.20165,39.6845],[64.25782,39.70092],[64.28019,39.70738]],[[65.32681,40.10327],[65.32402,40.10243],[65.30459,40.09848],[65.30363,40.09815],[65.30295,40.09781],[65.30217,40.09718],[65.30148,40.09619],[65.30113,40.09531],[65.30108,40.09433],[65.30135,40.09325],[65.30167,40.09263],[65.30209,40.09206],[65.3029,40.09132],[65.30403,40.09063],[65.30549,40.09017],[65.30684,40.08996],[65.31056,40.08964]],[[65.33085,40.08799],[65.33128,40.08801],[65.3345,40.08776],[65.3353,40.08765]],[[65.09713,40.07863],[65.10237,40.07924]],[[63.84961,39.50134],[63.84919,39.50075],[63.84816,39.49896]],[[67.05684,39.69129],[67.05509,39.69089]],[[64.54824,39.72134],[64.54877,39.72174]],[[64.56067,39.73154],[64.56012,39.73098]],[[64.45671,39.75402],[64.4557,39.75443],[64.45375,39.7549],[64.45172,39.75606]],[[65.00419,40.3118],[64.97219,40.33894]],[[65.03521,40.30259],[65.0344,40.30028],[65.03454,40.29952],[65.03506,40.29851],[65.03503,40.29781],[65.03402,40.2949]],[[64.7347,40.53943],[64.73543,40.53855],[64.73608,40.53728],[64.73645,40.53679],[64.74112,40.53285]],[[64.71613,39.50633],[64.71761,39.5056],[64.71978,39.50502]],[[64.1082,39.65741],[64.1705,39.67555]],[[65.66321,40.0233],[65.66272,40.02369],[65.66236,40.02415],[65.6616,40.02488],[65.66016,40.02613]],[[64.82116,40.01023],[64.82091,40.01004]],[[64.31573,39.76398],[64.31465,39.76447]],[[64.60628,39.69237],[64.60613,39.69306],[64.60526,39.69407]],[[64.49537,39.73488],[64.49754,39.7335],[64.49816,39.733],[64.49836,39.7327],[64.49848,39.73227],[64.49847,39.73189],[64.49834,39.73156],[64.49808,39.73112],[64.49734,39.73033],[64.49705,39.72973],[64.49639,39.72791],[64.49613,39.72751],[64.49398,39.72449],[64.49354,39.72406],[64.4929,39.72379],[64.49211,39.72374],[64.49163,39.72387],[64.49013,39.72461]],[[64.97123,40.33976],[64.96404,40.34589],[64.71775,40.55379],[64.71449,40.55731],[64.68806,40.589],[64.68514,40.5933],[64.68256,40.59812],[64.67415,40.61676],[64.67244,40.62001],[64.67055,40.62275],[64.64085,40.65792],[64.63879,40.66],[64.62437,40.6686],[64.62248,40.66951],[64.62042,40.67003],[64.61441,40.67068],[64.61235,40.67133],[64.60995,40.67263],[64.60772,40.67472],[64.57732,40.7094],[64.56001,40.72933],[64.55193,40.73926],[64.51018,40.78012],[64.46276,40.8271],[64.46147,40.82817],[64.45978,40.82899],[64.44924,40.83276],[64.44766,40.83347],[64.44657,40.83423],[64.4454,40.83519],[64.42069,40.85614],[64.41959,40.85687],[64.41855,40.85731],[64.4161,40.85798],[64.41452,40.85853],[64.41309,40.8593],[64.41206,40.86008],[64.4113,40.86083],[64.41066,40.86171],[64.39618,40.8835],[64.39545,40.8842],[64.39395,40.88534],[64.39301,40.88616],[64.38981,40.8901],[64.38889,40.89149],[64.3871,40.89464],[64.38606,40.89609],[64.3842,40.89825],[64.38381,40.89888],[64.38343,40.8996],[64.38076,40.90601],[64.37993,40.90761],[64.37933,40.90834],[64.37593,40.9118],[64.37523,40.91266],[64.3748,40.91334]],[[64.39376,40.98927],[64.39376,40.98824],[64.39361,40.98733],[64.39297,40.98552],[64.39259,40.98487],[64.39164,40.98363],[64.38976,40.98183]],[[64.21106,41.22443],[64.20843,41.22073],[64.20778,41.21954],[64.20773,41.21822],[64.20827,41.217],[64.21388,41.20892],[64.21468,41.20802],[64.21785,41.20526],[64.22078,41.20208],[64.22396,41.19882],[64.22493,41.19765],[64.22975,41.19037],[64.23408,41.18297],[64.23583,41.18093]],[[64.59731,41.22684],[64.59705,41.22766],[64.59659,41.22854],[64.59253,41.23262],[64.59203,41.23354],[64.58926,41.23614],[64.58738,41.23772],[64.5867,41.23819]],[[64.58392,41.24093],[64.59587,41.22917],[64.59644,41.22837],[64.59665,41.22783],[64.59685,41.22706],[64.59693,41.22614],[64.59685,41.22552],[64.59467,41.2201],[64.59403,41.21918],[64.59351,41.21864],[64.59247,41.21787],[64.58423,41.21256],[64.58345,41.21185],[64.58297,41.21127],[64.57876,41.20461],[64.57795,41.20375],[64.5748,41.20134],[64.57303,41.19947],[64.57257,41.19871],[64.57229,41.19671],[64.57393,41.18544],[64.57389,41.18442],[64.57356,41.18348],[64.57261,41.18208],[64.56495,41.17505],[64.56427,41.17393],[64.56328,41.17152],[64.56265,41.17036],[64.56189,41.16972],[64.54878,41.15975],[64.54745,41.15841],[64.54374,41.15297],[64.5431,41.15228],[64.541,41.15074],[64.5402,41.15004],[64.53957,41.14925],[64.53913,41.14836],[64.53888,41.14747],[64.5388,41.14681],[64.5391,41.14527],[64.54047,41.14056],[64.54072,41.13934],[64.54259,41.12451],[64.54237,41.12246],[64.54127,41.11732],[64.54085,41.11618],[64.54004,41.11517],[64.53855,41.11393],[64.41996,41.04467],[64.38072,41.02332],[64.37982,41.02273],[64.37905,41.02191],[64.37877,41.02142],[64.37854,41.02052],[64.37862,41.01952],[64.38168,41.01087],[64.38208,41.01],[64.38275,41.00906],[64.38375,41.00805],[64.38448,41.00715],[64.38524,41.00548],[64.38595,41.0043],[64.38655,41.00368],[64.38951,41.00155],[64.39047,41.00065],[64.39252,40.99798],[64.39279,40.99748],[64.39309,40.99661],[64.39383,40.98927],[64.39383,40.98818],[64.39367,40.98717],[64.39327,40.98597],[64.39263,40.98475],[64.3917,40.9836],[64.38987,40.98184]],[[64.54064,39.71507],[64.53935,39.71395],[64.53763,39.7127]],[[64.30395,39.76927],[64.28684,39.77703],[64.27194,39.78313]],[[65.31225,40.05259],[65.31145,40.05253],[65.30308,40.05254]],[[66.96223,39.68773],[66.95651,39.68738],[66.95361,39.68713],[66.95128,39.6871],[66.95002,39.68697]],[[64.56135,39.7321],[64.56196,39.73251],[64.56286,39.73299],[64.56467,39.73348],[64.56713,39.73362],[64.56879,39.73335]],[[64.56218,39.73312],[64.56318,39.73425]],[[64.56028,39.73134],[64.56074,39.73167]],[[64.55931,39.73077],[64.55871,39.73031]],[[64.56188,39.73254],[64.56032,39.73124],[64.55935,39.73031],[64.55904,39.72989],[64.55839,39.72844]],[[64.55057,39.72299],[64.55769,39.72859],[64.5588,39.72988],[64.55949,39.73057]],[[64.54963,39.72233],[64.55057,39.72299],[64.55749,39.72851],[64.55804,39.72901],[64.55884,39.73001]],[[64.54776,39.72092],[64.55016,39.72252],[64.55175,39.72326],[64.55768,39.72796],[64.55833,39.72864],[64.55902,39.72997],[64.55949,39.73057]],[[64.54712,39.72036],[64.54965,39.72214]],[[64.61448,39.68173],[64.61439,39.68183],[64.6136,39.6822]],[[64.5386,39.71214],[64.53726,39.71198],[64.53607,39.71168],[64.53524,39.71135],[64.5339,39.71062]],[[64.53983,39.71304],[64.53894,39.71298],[64.53822,39.7128],[64.53755,39.71254],[64.53639,39.71186]],[[64.54081,39.71536],[64.5451,39.71869]],[[64.60639,39.68774],[64.60576,39.6883],[64.60542,39.68881],[64.60531,39.68925],[64.60536,39.68986]],[[64.56192,39.73276],[64.56306,39.7336],[64.56887,39.73899],[64.56945,39.73969]],[[64.56061,39.73171],[64.55946,39.73091]],[[67.23262,39.74544],[67.2404,39.74885],[67.24234,39.75001]],[[67.22377,39.74156],[67.23233,39.74531]],[[67.22362,39.74149],[67.22377,39.74156]],[[67.2119,39.7363],[67.21203,39.73636]],[[67.21203,39.73636],[67.22362,39.74149]],[[64.48472,39.73478],[64.48541,39.73571],[64.48553,39.73602],[64.4855,39.73665],[64.48511,39.73764],[64.48405,39.73973],[64.48285,39.74244],[64.48274,39.74263],[64.48237,39.74294]],[[64.75728,39.5019],[64.75843,39.5018],[64.75993,39.50156],[64.76131,39.50146],[64.77169,39.50153],[64.77323,39.50169],[64.77457,39.50194],[64.77603,39.50207]],[[64.77597,39.50214],[64.77493,39.50206],[64.75881,39.50192],[64.75688,39.50197]],[[64.78695,39.5022],[64.7752,39.50207]],[[64.81399,39.50285],[64.8102,39.50286],[64.80786,39.50208],[64.80732,39.502],[64.80494,39.50228],[64.80318,39.50241],[64.7976,39.50239]],[[64.79705,39.50238],[64.78342,39.50222]],[[67.09404,39.69777],[67.09738,39.69891],[67.10416,39.70101],[67.10468,39.70113]],[[67.10998,39.70245],[67.1508,39.71536],[67.18591,39.72631],[67.18706,39.72671],[67.19845,39.73142]],[[67.1049,39.70103],[67.1053,39.70121],[67.10548,39.70151],[67.10545,39.70173],[67.10516,39.70233]],[[67.10639,39.70144],[67.10466,39.70096],[67.10318,39.70071]],[[67.10296,39.70089],[67.10468,39.70113],[67.10529,39.70128]],[[67.35455,39.79864],[67.35445,39.7986]],[[67.00895,39.69077],[67.01051,39.6919],[67.01265,39.69306]],[[67.01186,39.69267],[67.01043,39.69191],[67.01005,39.69158]],[[67.01234,39.69189],[67.01113,39.69141],[67.01045,39.69105],[67.00836,39.68974]],[[67.00976,39.69065],[67.01004,39.69087]],[[67.00839,39.69023],[67.00887,39.69072],[67.01042,39.69164]],[[67.02199,39.6959],[67.02145,39.69623],[67.02076,39.69649],[67.02034,39.69655],[67.01951,39.69649]],[[67.00769,39.69582],[67.01041,39.69589],[67.01768,39.69634],[67.02067,39.69667]],[[66.99642,39.69561],[67.00185,39.69571],[67.00816,39.69595]],[[67.04549,39.70938],[67.04586,39.70902]],[[67.03705,39.71468],[67.03828,39.71386],[67.03874,39.71328],[67.03898,39.71238],[67.03908,39.71128]],[[67.03321,39.71664],[67.0337,39.71636]],[[67.03628,39.71511],[67.03904,39.71392],[67.04127,39.71279],[67.04233,39.71211],[67.04385,39.71164],[67.04535,39.71053]],[[67.03687,39.71482],[67.03969,39.71343],[67.04125,39.71252],[67.0461,39.70884]],[[67.03755,39.71454],[67.04008,39.71327],[67.04164,39.71233],[67.04685,39.70835]],[[67.0419,39.71236],[67.04471,39.71016]],[[67.05884,39.7012],[67.06648,39.6944],[67.06717,39.69397],[67.06777,39.6938],[67.06873,39.69379],[67.07123,39.69429],[67.07532,39.69485]],[[67.05868,39.70134],[67.05884,39.7012]],[[66.94848,39.68674],[66.95002,39.68693]],[[67.03755,39.71437],[67.04011,39.71308],[67.04149,39.71224],[67.04463,39.70983],[67.04539,39.70912],[67.04562,39.70868],[67.04627,39.70546]],[[67.03839,39.71375],[67.03888,39.71312],[67.03912,39.712]],[[67.01339,39.69311],[67.01354,39.69323]],[[66.65775,39.72084],[66.65803,39.72057]],[[66.66838,39.71302],[66.66893,39.7126]],[[66.74794,39.69479],[66.74903,39.6947],[66.75027,39.6947]],[[66.66942,39.71204],[66.66788,39.7131],[66.65976,39.7192]],[[66.66773,39.71329],[66.65761,39.72089]],[[66.66854,39.71263],[66.66769,39.71314],[66.66334,39.71645],[66.66224,39.71718],[66.65986,39.71912],[66.65799,39.72054],[66.65698,39.72141]],[[66.66978,39.71179],[66.67391,39.70876],[66.67502,39.70808],[66.6767,39.70731],[66.67799,39.70688],[66.69607,39.70212]],[[66.65507,39.72291],[66.65033,39.7264]],[[66.65535,39.72252],[66.65271,39.72447]],[[66.66026,39.72234],[66.66017,39.72161]],[[66.66123,39.71846],[66.66052,39.719]],[[66.67464,39.71005],[66.67233,39.71082],[66.67085,39.7114],[66.67009,39.71181]],[[64.24321,41.5689],[64.24359,41.57158],[64.2433,41.57228],[64.24273,41.57286],[64.21951,41.58793],[64.2166,41.58979],[64.21604,41.59001],[64.21555,41.5901],[64.21503,41.59011],[64.21437,41.59],[64.21372,41.58976],[64.20462,41.58179]],[[65.19067,40.16172],[65.19113,40.16804],[65.19103,40.16874],[65.19082,40.16944],[65.19026,40.17044],[65.18932,40.17144],[65.18883,40.17182],[65.18829,40.1722],[65.18684,40.17286],[65.16688,40.18119],[65.16489,40.18213],[65.16423,40.18256],[65.15776,40.18739],[65.14539,40.19674]],[[66.6601,39.72234],[66.65989,39.71992],[66.66005,39.71946],[66.66052,39.719]],[[66.77012,39.69673],[66.76805,39.69668],[66.75575,39.69548],[66.75488,39.6953]],[[65.31376,40.0992],[65.31061,40.09818]],[[65.24976,40.1142],[65.27789,40.09377],[65.27995,40.09259],[65.28218,40.09193],[65.28557,40.09159],[65.30959,40.08967]],[[64.97893,40.06412],[64.97869,40.06411]],[[65.18842,40.08038],[65.13658,40.07968],[65.10383,40.07914],[65.09869,40.0786],[65.08801,40.07731],[65.08559,40.07711],[65.07369,40.07647],[65.0726,40.07635],[65.06909,40.07574],[65.06057,40.07371]],[[64.97869,40.06411],[64.95864,40.06323]],[[64.98838,40.06455],[64.98788,40.06453]],[[65.31481,40.05271],[65.31396,40.05264],[65.30129,40.05261]],[[65.31413,40.09931],[65.31249,40.09876]],[[65.34132,40.08194],[65.34019,40.08236],[65.33957,40.08241],[65.33864,40.08231],[65.33808,40.08218],[65.33687,40.08159],[65.33629,40.08143],[65.3316,40.0814]],[[65.28717,40.05307],[65.29152,40.05302],[65.29699,40.05307],[65.29773,40.0529]],[[65.2987,40.05259],[65.29806,40.05252],[65.29737,40.05233],[65.29539,40.05108],[65.29458,40.05074],[65.29387,40.05069],[65.28775,40.05067]],[[65.32453,40.08847],[65.31316,40.08939]],[[65.31944,40.08902],[65.32369,40.08869],[65.32474,40.08855]],[[65.30946,40.09941],[65.31929,40.1014]],[[65.31102,40.09963],[65.31185,40.09963],[65.31307,40.09926],[65.3136,40.09922],[65.31413,40.09931],[65.31577,40.09981],[65.31654,40.09993],[65.31723,40.10013]],[[65.32651,40.10311],[65.32708,40.10337],[65.32744,40.10367],[65.32771,40.10404],[65.32793,40.10481],[65.32784,40.10538]],[[65.32261,40.1024],[65.32178,40.10202]],[[65.32484,40.10216],[65.32552,40.10199],[65.32584,40.10183],[65.3263,40.10144],[65.32679,40.1012],[65.32751,40.10108],[65.32822,40.10117],[65.32998,40.10167]],[[65.32784,40.10538],[65.32783,40.10583],[65.32801,40.10634],[65.32847,40.10684],[65.32914,40.10715]],[[65.33756,40.09076],[65.33847,40.09103],[65.33915,40.09115]],[[65.32735,40.10497],[65.327,40.10698]],[[65.29437,40.05139],[65.29547,40.05143],[65.29604,40.05155],[65.29636,40.05171]],[[65.53748,40.06841],[65.52602,40.07003]],[[65.31538,40.13999],[65.31748,40.12943]],[[65.31529,40.14035],[65.31538,40.13999]],[[65.30432,40.15512],[65.30414,40.15499]],[[65.77045,39.95449],[65.74269,39.96436],[65.73059,39.9688],[65.72798,39.97005],[65.72507,39.97179],[65.72212,39.97393],[65.69044,40.00017],[65.67835,40.01122]],[[64.92926,40.06192],[64.92912,40.06191]],[[64.82861,40.0164],[64.82116,40.01023]],[[64.84069,40.02719],[64.84013,40.02692],[64.83945,40.02619]],[[65.67825,40.01132],[65.66771,40.02094],[65.66504,40.02315]],[[65.64566,40.0365],[65.64403,40.03746],[65.63936,40.03963]],[[65.64816,40.0354],[65.64538,40.03664],[65.64324,40.0374],[65.64193,40.03797],[65.63723,40.04019]],[[65.65107,40.03334],[65.65165,40.03289]],[[65.65162,40.03306],[65.65126,40.03339]],[[65.65932,40.02704],[65.66023,40.02631],[65.6614,40.02554]],[[65.66308,40.02453],[65.66538,40.02282]],[[65.66361,40.02421],[65.66301,40.02458],[65.64359,40.03901],[65.64033,40.04129],[65.63757,40.04296],[65.62748,40.04871],[65.62138,40.05214],[65.62032,40.05266],[65.61707,40.05403],[65.61474,40.0548],[65.61278,40.05533],[65.58957,40.06059],[65.58763,40.06098],[65.58269,40.06175],[65.55842,40.06529],[65.51123,40.07199],[65.50422,40.07297],[65.50042,40.07327],[65.49128,40.07332],[65.40556,40.07285]],[[65.38938,40.07277],[65.39072,40.07266],[65.40266,40.07275],[65.40385,40.07283]],[[65.40186,40.07246],[65.40422,40.0728]],[[65.40306,40.07278],[65.40211,40.07264]],[[65.39058,40.07283],[65.39119,40.07278]],[[65.3921,40.07244],[65.39364,40.07223],[65.39562,40.07219]],[[65.38444,40.07325],[65.38547,40.07308]],[[65.38645,40.07314],[65.38734,40.07306]],[[65.38766,40.07276],[65.38921,40.07265],[65.39072,40.07266]],[[65.40338,40.07279],[65.40593,40.0728],[65.40738,40.07267],[65.41009,40.07269],[65.41106,40.07261],[65.41166,40.07249],[65.41296,40.07207],[65.42153,40.06869]],[[65.40864,40.07297],[65.40911,40.07303]],[[65.40713,40.07259],[65.40794,40.07259],[65.40887,40.07268]],[[66.55458,39.77782],[66.55147,39.7781],[66.54868,39.77824],[66.5465,39.77827],[66.52644,39.77814],[66.52434,39.77836],[66.52199,39.77873],[66.50323,39.78218],[66.50232,39.78227],[66.50135,39.78228],[66.50035,39.78219],[66.49905,39.78192],[66.49762,39.78138],[66.49701,39.78103],[66.49593,39.78022],[66.49537,39.77963],[66.49448,39.77823]],[[65.31375,40.05264],[65.31294,40.05269]],[[65.30233,40.05255],[65.30287,40.05245],[65.30365,40.05213],[65.30413,40.05146]],[[65.31292,40.05264],[65.30308,40.05254],[65.30189,40.05258]],[[65.29206,40.05748],[65.29479,40.05751],[65.29586,40.05734],[65.29738,40.05626],[65.29823,40.05517],[65.2986,40.05391],[65.29918,40.05325],[65.30022,40.05271],[65.30114,40.0526]],[[65.6535,40.03172],[65.65449,40.03105],[65.6616,40.02571]],[[65.2953,40.05265],[65.29379,40.05275],[65.28646,40.0527],[65.28493,40.05254]],[[65.29515,40.05218],[65.29594,40.05221],[65.29689,40.05245]],[[65.29818,40.05259],[65.2974,40.05248],[65.2953,40.05184],[65.29342,40.05183],[65.29201,40.05171],[65.28786,40.05166]],[[66.58347,39.77136],[66.58296,39.7715]],[[67.01068,39.72808],[67.02004,39.72229],[67.02096,39.7218],[67.02191,39.72151],[67.02486,39.72107],[67.02648,39.72066],[67.03208,39.71731],[67.03408,39.71622],[67.0402,39.71308],[67.04175,39.7121],[67.0511,39.70502],[67.05188,39.70477],[67.05422,39.70472],[67.05482,39.7046],[67.05519,39.70445],[67.05868,39.70134]],[[67.38783,39.81163],[67.38769,39.81157]],[[67.27159,39.76498],[67.27043,39.76474],[67.26167,39.76235],[67.26048,39.76179],[67.25815,39.76025]],[[66.74954,39.69447],[66.74778,39.69405]],[[66.74729,39.69485],[66.74432,39.69483]],[[65.94413,39.91232],[65.94527,39.91213],[65.94586,39.91193],[65.94627,39.9117],[65.94676,39.91118],[65.94694,39.91066],[65.94695,39.91013],[65.94657,39.90835],[65.94674,39.90752],[65.94715,39.90706],[65.94748,39.90681],[65.9481,39.90655],[65.94954,39.90624],[65.95183,39.90586]],[[65.91203,39.89663],[65.90887,39.8974]],[[65.94568,39.90396],[65.94549,39.90209]],[[65.9457,39.90273],[65.9457,39.90445]],[[66.29838,39.60837],[66.29772,39.60767]],[[66.27586,39.60855],[66.27596,39.60912],[66.27555,39.6107],[66.27524,39.61143],[66.27441,39.61203],[66.26959,39.61347]],[[66.36466,39.66367],[66.36473,39.66317]],[[66.42185,39.74526],[66.42,39.74236],[66.41937,39.74154],[66.41844,39.74072],[66.41769,39.74023],[66.41682,39.73982],[66.4159,39.73949],[66.40957,39.73791]],[[66.40233,39.73715],[66.40266,39.73658],[66.40302,39.73552],[66.40302,39.72967],[66.40286,39.72884],[66.40256,39.72799],[66.40149,39.72564]],[[66.40921,39.73782],[66.40755,39.73744],[66.4063,39.7373],[66.40469,39.73736],[66.40356,39.73758],[66.40315,39.73773]],[[66.39957,39.74027],[66.39727,39.74337]],[[66.39342,39.75404],[66.39348,39.74961],[66.39356,39.74913],[66.39392,39.7482],[66.3944,39.74739],[66.39917,39.74091]],[[66.39761,39.74301],[66.39727,39.74337],[66.39467,39.74691],[66.39383,39.74822],[66.39351,39.74912],[66.39343,39.7496],[66.39336,39.751],[66.39345,39.75196]],[[66.39446,39.75109],[66.3944,39.75256],[66.3942,39.75315],[66.39367,39.75407],[66.39355,39.75459]],[[66.3942,39.75315],[66.39448,39.7525],[66.39454,39.75108]],[[65.91701,39.91828],[65.91755,39.91812]],[[65.92102,39.9176],[65.92704,39.91631]],[[66.84122,39.69606],[66.84063,39.69598],[66.83877,39.69617],[66.83781,39.69633]],[[66.84379,39.69669],[66.84248,39.69664],[66.84149,39.69669],[66.83664,39.69756]],[[66.84592,39.69662],[66.84439,39.69673],[66.84135,39.69635],[66.83659,39.69715]],[[66.84547,39.69678],[66.8462,39.69669]],[[66.73416,39.69336],[66.7381,39.69356],[66.74704,39.69444],[66.74786,39.69446]],[[66.75585,39.69534],[66.75664,39.69552],[66.76825,39.69666],[66.76909,39.69663]],[[66.25106,39.87038],[66.22807,39.86782],[66.22621,39.86764],[66.22508,39.8676],[66.22231,39.86765],[66.20486,39.86908],[66.20273,39.86938]],[[66.24362,39.90756],[66.24349,39.9079]],[[66.24739,39.89774],[66.24412,39.90578],[66.24405,39.90633]],[[66.24701,39.90008],[66.24726,39.89896],[66.24778,39.89732]],[[66.24718,39.89809],[66.24754,39.89748]],[[66.24515,39.90325],[66.24696,39.8986],[66.24752,39.89739],[66.24813,39.89568],[66.24824,39.89504],[66.2487,39.89183],[66.25184,39.86565]],[[66.24944,39.89535],[66.25006,39.89519],[66.25107,39.89513]],[[66.24762,39.8976],[66.24852,39.89605],[66.24899,39.89561],[66.24944,39.89535],[66.24995,39.89516],[66.25036,39.89509],[66.25332,39.89489]],[[67.0794,39.69576],[67.08068,39.69588]],[[67.07907,39.69626],[67.08096,39.69649],[67.08148,39.69639],[67.08228,39.69611]],[[67.08009,39.69645],[67.08079,39.69654],[67.08112,39.69651],[67.08165,39.69638],[67.08245,39.69605],[67.08311,39.69592]],[[67.10694,39.70158],[67.09759,39.69863],[67.09469,39.69797],[67.09366,39.69767]],[[66.98801,39.68799],[66.98877,39.68789]],[[67.01634,39.69423],[67.01766,39.69507]],[[67.0231,39.69705],[67.02218,39.69691]],[[67.0133,39.69655],[67.01496,39.69675]],[[67.0088,39.69584],[67.01041,39.69585],[67.01769,39.6963],[67.01981,39.69652],[67.02198,39.69689]],[[67.01158,39.69692],[67.00885,39.69674],[67.00668,39.69617],[67.00441,39.69582]],[[65.40385,40.07283],[65.40556,40.07285]],[[65.36523,40.07452],[65.38766,40.07276],[65.38914,40.07278]],[[65.38363,40.07309],[65.38237,40.07313],[65.37041,40.07406],[65.36978,40.07417]],[[65.38411,40.07386],[65.38199,40.07454]],[[65.39027,40.07264],[65.39147,40.07256],[65.40211,40.07264]],[[65.32092,40.10141],[65.32128,40.10146],[65.32294,40.10196]],[[65.32311,40.10211],[65.32379,40.10221],[65.32578,40.10212],[65.32642,40.10228]],[[65.32801,40.10148],[65.3294,40.1018],[65.33023,40.10222],[65.33329,40.10315]],[[65.33323,40.10319],[65.33205,40.10285],[65.33163,40.10267]],[[65.32896,40.10384],[65.33015,40.10443],[65.33357,40.10545]],[[65.34165,40.10625],[65.34279,40.10651]],[[65.32478,40.11325],[65.32481,40.11354],[65.32508,40.11399],[65.32581,40.11438]],[[65.32787,40.10521],[65.32735,40.1067],[65.32736,40.10688],[65.32748,40.10724],[65.32765,40.10747],[65.328,40.10772],[65.33834,40.11077]],[[65.30668,40.15946],[65.30605,40.15673],[65.30545,40.15593],[65.30432,40.15512]],[[65.31944,40.10153],[65.31893,40.10149],[65.30938,40.09954],[65.30888,40.09939]],[[65.31839,40.10118],[65.30998,40.09946]],[[65.31897,40.1013],[65.31968,40.10152]],[[65.30944,40.09929],[65.31032,40.09949]],[[65.31396,40.05264],[65.31666,40.05267]],[[65.28495,40.0525],[65.28613,40.05244],[65.29445,40.05248],[65.2958,40.05257]],[[65.29847,40.05441],[65.29852,40.05535],[65.29876,40.05609],[65.29881,40.05743],[65.29912,40.05872],[65.29912,40.06]],[[65.27391,40.08139],[65.27462,40.08131],[65.27512,40.08118],[65.27578,40.08082],[65.27608,40.08047],[65.27643,40.07971],[65.27777,40.07306],[65.27785,40.07067],[65.27892,40.06464],[65.2791,40.05921]],[[65.27055,40.08132],[65.2694,40.08103],[65.26873,40.08069],[65.26833,40.08039],[65.26775,40.07972],[65.26611,40.07518],[65.26575,40.0748],[65.26506,40.0744],[65.26432,40.07423],[65.26293,40.0742],[65.25929,40.07424],[65.25419,40.07409],[65.25195,40.07414]],[[65.27529,40.0815],[65.27252,40.08125],[65.27114,40.08093]],[[65.27077,40.08081],[65.27012,40.08055]],[[65.28951,40.08035],[65.28888,40.08035],[65.27876,40.08114],[65.27697,40.08139],[65.27554,40.0815]],[[65.27871,40.08143],[65.29098,40.08048]],[[65.27791,40.08127],[65.28951,40.08035],[65.29046,40.08037]],[[65.29243,40.07865],[65.29459,40.07879],[65.29489,40.07885],[65.29517,40.07896],[65.2961,40.07959],[65.2968,40.07975],[65.29725,40.07975]],[[65.29488,40.0807],[65.2953,40.08081]],[[65.3089,40.08968],[65.31387,40.08928]],[[65.30584,40.08809],[65.3069,40.08805],[65.3079,40.08786],[65.31086,40.08767],[65.31148,40.0878],[65.31284,40.08853]],[[65.30596,40.08951],[65.3069,40.08964],[65.30797,40.08971],[65.30959,40.08967]],[[65.30572,40.08946],[65.30596,40.08951]],[[65.30769,40.08678],[65.30934,40.0867],[65.31045,40.08682],[65.31101,40.08715],[65.31215,40.08812]],[[65.30581,40.07909],[65.29672,40.07979],[65.29473,40.08004]],[[65.37882,40.07479],[65.37156,40.07537],[65.37115,40.07544],[65.36962,40.07593],[65.36624,40.07628]],[[65.36332,40.07698],[65.35881,40.07735],[65.35774,40.07732],[65.35717,40.07744]],[[65.3532,40.07778],[65.3544,40.07802],[65.35549,40.07798],[65.35644,40.07773],[65.35861,40.07678],[65.35952,40.07646],[65.36232,40.07621]],[[65.35561,40.07944],[65.35672,40.08016],[65.3574,40.0805]],[[65.35681,40.07897],[65.35862,40.07885]],[[65.36377,40.08071],[65.36115,40.08091]],[[65.36032,40.08091],[65.3619,40.08092],[65.36378,40.08077]],[[65.3636,40.08057],[65.36076,40.08081],[65.36005,40.08094]],[[65.37229,40.07886],[65.36616,40.07935]],[[65.34342,40.08981],[65.34463,40.08935],[65.34538,40.08932],[65.346,40.0894],[65.34842,40.09011]],[[65.33861,40.09118],[65.34383,40.09262],[65.3494,40.09432]],[[65.33942,40.09143],[65.34091,40.0917]],[[65.33667,40.09071],[65.33854,40.09145],[65.3412,40.09225]],[[65.33692,40.09058],[65.33756,40.09076],[65.33832,40.09084],[65.33897,40.09072],[65.33934,40.09056],[65.33967,40.09023],[65.34041,40.08884]],[[65.32979,40.08857],[65.33056,40.08872],[65.33692,40.09058],[65.33745,40.09056],[65.33851,40.09034]],[[65.3397,40.0826],[65.33798,40.08326],[65.33659,40.08361],[65.33062,40.08364]],[[65.32428,40.08859],[65.31277,40.08947]],[[65.31946,40.08914],[65.32255,40.0889],[65.32439,40.08861]],[[65.29205,40.08025],[65.29139,40.08025],[65.28987,40.08007],[65.28815,40.08012],[65.27866,40.08087],[65.277,40.08131],[65.27599,40.08147]],[[65.29672,40.07979],[65.29386,40.08002],[65.29262,40.0802]],[[65.34061,40.09111],[65.3415,40.09081],[65.34261,40.0903]],[[65.34495,40.08813],[65.34526,40.08777],[65.34585,40.08671],[65.34631,40.0863],[65.34663,40.08615],[65.34723,40.08596],[65.34785,40.08592],[65.34913,40.08628]],[[66.57648,39.7734],[66.56663,39.77599],[66.56372,39.77661],[66.55919,39.77738],[66.55494,39.7779]],[[66.55494,39.7779],[66.55455,39.77793]],[[66.25893,39.8815],[66.25849,39.88187]],[[66.25943,39.87126],[66.25817,39.87116]],[[65.37054,40.07565],[65.36929,40.07623],[65.36845,40.07633]],[[66.27559,39.60802],[66.27521,39.60686]],[[65.94501,39.90107],[65.94532,39.90381],[65.94552,39.90452]],[[66.29772,39.60767],[66.2965,39.60695],[66.295,39.60646],[66.28527,39.60518]],[[66.28527,39.60518],[66.27694,39.60409],[66.27627,39.60419],[66.2754,39.60455],[66.27476,39.6053],[66.27469,39.60579],[66.27473,39.6063],[66.27539,39.60766],[66.27549,39.60829],[66.2754,39.60866],[66.27509,39.60921],[66.27446,39.6097],[66.27375,39.60997],[66.25807,39.61481]],[[66.29182,39.86141],[66.29131,39.86187]],[[66.29131,39.86187],[66.29059,39.86242],[66.28917,39.86308],[66.28823,39.86336],[66.28406,39.86397],[66.28312,39.86419],[66.28172,39.86468],[66.28058,39.86521],[66.27964,39.86581],[66.27327,39.87037]],[[65.343,40.09001],[65.34354,40.08966],[65.34495,40.08813],[65.34546,40.08778],[65.34614,40.08757],[65.34683,40.08749],[65.3472,40.08756],[65.35012,40.08835]],[[65.66088,40.02553],[65.66297,40.02397]],[[66.19318,39.92327],[66.19012,39.92243],[66.18583,39.92155],[66.18418,39.92135],[66.1823,39.92139],[66.17765,39.92207],[66.1768,39.92214],[66.176,39.9221],[66.17242,39.92155],[66.1712,39.92151],[66.1652,39.92229],[66.16307,39.92225],[66.15619,39.92146],[66.15099,39.92057],[66.14841,39.91993],[66.14503,39.91871]],[[65.56825,40.04405],[65.57161,40.04396],[65.57345,40.04376]],[[65.52526,40.07012],[65.52648,40.07001],[65.537,40.06852],[65.53823,40.06825]],[[65.66595,40.0205],[65.66472,40.02122],[65.6641,40.02193],[65.66339,40.02292],[65.66299,40.02327],[65.66247,40.02359],[65.65954,40.02454],[65.6591,40.02487],[65.65875,40.02528]],[[65.65133,40.03325],[65.65175,40.03286]],[[65.77099,39.9545],[65.77061,39.95464]],[[64.07129,39.64673],[64.08187,39.64979]],[[64.08254,40.12346],[64.0703,40.16007],[64.06908,40.16253],[64.06677,40.16622],[64.0645,40.16913],[64.06309,40.17064],[64.05488,40.17763],[63.89741,40.3037],[63.81919,40.3661],[63.71429,40.44964]],[[66.85144,39.69568],[66.8721,39.69198],[66.92365,39.68657]],[[66.92365,39.68657],[66.92597,39.68618],[66.93266,39.68547],[66.93426,39.68538]],[[66.92756,39.6867],[66.92896,39.6864],[66.93052,39.6862]],[[66.92365,39.68657],[66.92277,39.68671]],[[67.02361,39.6971],[67.0133,39.69655],[67.00568,39.69602]],[[63.84502,42.20711],[63.74803,42.14852],[63.74545,42.14712],[63.74356,42.14661],[63.74209,42.14642],[63.74141,42.14641],[63.73769,42.14675]],[[63.83579,42.20164],[63.83458,42.20095]],[[63.83215,42.19934],[63.83246,42.19961],[63.83579,42.20164],[63.83678,42.20215]],[[65.85389,39.93222],[65.85368,39.93227]],[[65.85368,39.93227],[65.83034,39.93743],[65.82282,39.939],[65.80088,39.94389],[65.77099,39.9545]],[[65.91841,39.91803],[65.918,39.91818],[65.91047,39.91984],[65.90691,39.92057],[65.85389,39.93222]],[[66.06487,39.91269],[66.04201,39.91262],[66.03302,39.91268],[65.94533,39.91268],[65.94323,39.91278],[65.94143,39.91305],[65.93816,39.91372],[65.918,39.91818]],[[66.06485,39.91256],[65.9472,39.91248],[65.94478,39.91252],[65.94243,39.91279],[65.91326,39.91915],[65.89428,39.9232],[65.82776,39.9378],[65.80176,39.94357],[65.7993,39.94427],[65.7708,39.95436]],[[66.06499,39.91269],[66.06487,39.91269]],[[66.06499,39.91256],[66.06485,39.91256]],[[66.20233,39.86945],[66.19891,39.87028],[66.19668,39.8711],[66.19517,39.8718],[66.14335,39.90379],[66.13989,39.90549],[66.13808,39.90626],[66.13589,39.90711],[66.13232,39.90827],[66.12783,39.90936],[66.12507,39.90983],[66.10738,39.91219],[66.10313,39.91253],[66.09952,39.9126],[66.06499,39.91256]],[[66.1099,39.916],[66.10769,39.91614],[66.10513,39.91606],[66.07361,39.91276],[66.06499,39.91269]],[[66.11021,39.91598],[66.1099,39.916]],[[66.14249,39.91774],[66.14036,39.91708],[66.13803,39.91656],[66.13628,39.9163],[66.12312,39.91538],[66.12022,39.91532],[66.11021,39.91598]],[[66.40149,39.72564],[66.39193,39.71249],[66.37672,39.69349],[66.37621,39.69272],[66.3757,39.69165],[66.375,39.68958]],[[66.34483,39.6247],[66.34483,39.62404],[66.34469,39.62324],[66.34435,39.62234],[66.3437,39.6214],[66.34307,39.62078],[66.34227,39.62015],[66.33659,39.61701],[66.33536,39.61645],[66.33406,39.61612],[66.33272,39.616],[66.33133,39.61607],[66.32978,39.6164],[66.32887,39.61678],[66.32776,39.61736],[66.32517,39.61978],[66.32395,39.62072],[66.32304,39.62118],[66.32185,39.62159],[66.3207,39.62179],[66.31942,39.62186],[66.31833,39.62176],[66.31712,39.62148],[66.30373,39.61782],[66.30272,39.61748],[66.3018,39.617],[66.30058,39.61605],[66.29998,39.61539],[66.29951,39.61461],[66.29921,39.61366],[66.29912,39.61299],[66.29931,39.6107],[66.29925,39.61016],[66.29907,39.60957],[66.29838,39.60837]],[[66.34475,39.62524],[66.34483,39.6247]],[[66.36473,39.66317],[66.36492,39.66165],[66.36491,39.66112],[66.36452,39.65975],[66.36419,39.65915],[66.3635,39.65821],[66.35789,39.65149],[66.35713,39.65041],[66.34926,39.63683],[66.34848,39.63576],[66.34456,39.63128],[66.34403,39.63011],[66.34386,39.62894],[66.34396,39.62796],[66.34475,39.62524]],[[66.37221,39.68165],[66.37066,39.67739],[66.36704,39.67022],[66.36482,39.66553],[66.36464,39.66475],[66.36466,39.66367]],[[66.50435,39.78207],[66.49412,39.78395],[66.49157,39.78435],[66.48683,39.78532],[66.48211,39.78669],[66.47951,39.78761],[66.44373,39.80236],[66.42408,39.81031],[66.29285,39.86387]],[[66.4322,39.56793],[66.43484,39.56933],[66.43783,39.57055],[66.44125,39.5718],[66.4454,39.57299],[66.44698,39.57334],[66.44884,39.57364],[66.45441,39.57481]],[[66.39798,39.52077],[66.39818,39.52119]],[[66.37577,39.49832],[66.39145,39.51025],[66.39234,39.51094],[66.39327,39.51177],[66.39393,39.51251],[66.39496,39.51401],[66.39707,39.51858],[66.39798,39.52077]],[[66.36794,39.49419],[66.37002,39.4951],[66.37577,39.49832]],[[66.34931,39.48594],[66.35258,39.48775],[66.35669,39.48978],[66.35962,39.49096],[66.36314,39.49217],[66.36794,39.49419]],[[66.26523,39.4281],[66.27021,39.43261],[66.27194,39.43398],[66.2953,39.4494],[66.31895,39.46865],[66.32617,39.47272],[66.32873,39.4743]],[[66.32873,39.4743],[66.33533,39.47812],[66.34116,39.48133]],[[66.46811,39.57781],[66.46905,39.57827]],[[66.65344,39.67018],[66.66134,39.67339],[66.66457,39.67449],[66.67024,39.67628],[66.67859,39.67903],[66.68154,39.68016],[66.68314,39.6811],[66.69627,39.69039],[66.69885,39.69154],[66.70022,39.69198],[66.70139,39.69225],[66.71746,39.6949],[66.71979,39.69514],[66.72146,39.69509],[66.72275,39.69494],[66.72746,39.69374],[66.72904,39.69342],[66.73027,39.69331],[66.73299,39.69331]],[[66.45441,39.57481],[66.46434,39.57664],[66.46702,39.57738],[66.46811,39.57781]],[[66.34116,39.48133],[66.3418,39.48168]],[[66.3418,39.48168],[66.34292,39.48234],[66.34372,39.48272],[66.34931,39.48594]],[[66.41637,39.55616],[66.4168,39.5565]],[[66.39818,39.52119],[66.41151,39.55117],[66.41269,39.55303],[66.41364,39.55405],[66.41496,39.55515],[66.41637,39.55616]],[[66.65271,39.66988],[66.65344,39.67018]],[[66.46905,39.57827],[66.47207,39.57984],[66.47449,39.58128],[66.47761,39.58362],[66.48256,39.58846],[66.48827,39.59421],[66.48925,39.59509],[66.49514,39.6009],[66.50354,39.60726],[66.50475,39.60813],[66.50615,39.60898],[66.5077,39.60973],[66.54435,39.62497],[66.59858,39.64746],[66.60156,39.64863],[66.60792,39.65132],[66.65271,39.66988]],[[66.4168,39.5565],[66.42368,39.56207],[66.42446,39.56261],[66.42584,39.56382]],[[64.18126,41.56806],[64.19952,41.55711],[64.21012,41.5464],[64.21337,41.54463],[64.219,41.54292],[64.22053,41.54216],[64.22374,41.53989],[64.22498,41.5393],[64.22956,41.53801],[64.23169,41.53701],[64.23328,41.53598],[64.23441,41.53481],[64.23532,41.53359],[64.23593,41.53235],[64.2369,41.53115],[64.23799,41.53042],[64.23923,41.5299],[64.24074,41.52961],[64.24432,41.52976],[64.24671,41.52963],[64.24804,41.52933],[64.25039,41.52849],[64.25214,41.52808],[64.2532,41.52803],[64.25575,41.52824],[64.25773,41.52804],[64.25876,41.52769],[64.26397,41.5254],[64.26556,41.52506],[64.27217,41.52531],[64.28415,41.5246],[64.28564,41.52446],[64.28736,41.52412],[64.28978,41.52338],[64.29219,41.52275],[64.29467,41.52258],[64.2966,41.52274],[64.29818,41.52302],[64.30288,41.52417],[64.30922,41.52681],[64.3105,41.52718],[64.31228,41.52731],[64.31463,41.52725],[64.31805,41.52757],[64.32021,41.52795],[64.3224,41.52862],[64.32596,41.52986],[64.32798,41.53013],[64.33653,41.53085],[64.33877,41.53083],[64.3408,41.53056],[64.34326,41.52985],[64.34417,41.52944],[64.34523,41.52919],[64.34636,41.52912],[64.34863,41.5294],[64.35074,41.52948],[64.35193,41.52925],[64.35431,41.52845],[64.35594,41.52807],[64.3578,41.52773],[64.36037,41.52736],[64.36332,41.52746],[64.37239,41.52841],[64.37531,41.52775],[64.38058,41.52762],[64.38507,41.52815]],[[64.79151,39.50229],[64.73894,39.50181],[64.73626,39.50195],[64.73439,39.50219],[64.73255,39.50252],[64.7295,39.50334],[64.72789,39.50393],[64.72466,39.50543],[64.71398,39.51091]]]}},{"type":"Feature","properties":{"branch":"buxoro","name":"Buxoro MTU","source_color":"black","km":2390,"lod":"overview","parts":94},"geometry":{"type":"MultiLineString","coordinates":[[[64.5377,39.7136],[64.5305,39.7088],[64.5209,39.7057],[64.5002,39.7074],[64.4679,39.7064],[64.4301,39.7143],[64.4144,39.7206],[64.3929,39.7248],[64.367,39.7214],[64.3166,39.7178],[64.0438,39.6387],[64.0111,39.6237],[63.9755,39.5966],[63.9493,39.5743],[63.9165,39.5598],[63.8546,39.5083],[63.7423,39.3209],[63.7324,39.3108]],[[62.1801,41.0994],[62.5049,40.9589],[62.9713,40.7546],[63.3817,40.6011],[63.6535,40.4974],[64.0645,40.1691],[64.0703,40.1601],[64.1806,39.8275],[64.1872,39.8197],[64.1968,39.8148],[64.2113,39.8112],[64.2226,39.8038],[64.2868,39.777],[64.3938,39.7277],[64.4314,39.7141],[64.4646,39.7067],[64.4834,39.7069]],[[66.9358,39.6853],[66.9419,39.6849],[66.9505,39.687],[66.9787,39.6894],[66.9934,39.6877],[66.9974,39.6895],[67.0016,39.6944],[67.0059,39.6958],[67.0333,39.697],[67.0464,39.6914],[67.0522,39.6904],[67.0969,39.6983],[67.187,39.7267],[67.2407,39.7491],[67.2611,39.7621],[67.2736,39.7655]],[[67.2929,39.7719],[67.3557,39.7991],[67.3851,39.8103],[67.4195,39.828]],[[67.258,39.7601],[67.2404,39.7489],[67.2092,39.7351],[67.1859,39.7263],[67.0969,39.6983],[67.0522,39.6903],[67.0471,39.6911],[67.0335,39.6969],[67.0059,39.6957],[67.0016,39.6943],[66.9978,39.6898],[66.9934,39.6877],[66.9788,39.6893],[66.9505,39.687],[66.9419,39.6848],[66.9358,39.6853]],[[65.665,40.0232],[65.6904,40.0002],[65.728,39.97],[65.8001,39.944],[65.944,39.9126],[66.0995,39.9126],[66.1251,39.9098],[66.1433,39.9038],[66.1989,39.8703],[66.2251,39.8676],[66.2594,39.8713],[66.2765,39.8698],[66.4821,39.7867],[66.5237,39.7785],[66.561,39.7771],[66.5951,39.7684],[66.5998,39.765],[66.6206,39.7365],[66.6285,39.7326],[66.6471,39.7282],[66.6693,39.7122]],[[65.2778,40.0814],[65.1038,40.0791],[65.0708,40.0761],[65.0288,40.0664],[64.9085,40.0609],[64.8944,40.0577],[64.8839,40.0534],[64.8587,40.0352]],[[65.3933,40.0729],[65.3551,40.0756],[65.3309,40.0877],[65.311,40.0896]],[[64.8155,39.4993],[64.9259,39.437]],[[63.6295,42.1176],[63.6393,42.1189],[63.6635,42.1355],[63.6803,42.1387],[63.7021,42.1369],[63.7073,42.138],[63.7118,42.1412]],[[64.8488,40.0302],[64.8597,40.0358]],[[64.3815,40.9741],[64.3715,40.9638],[64.3642,40.9472],[64.3661,40.9324],[64.3709,40.9205],[64.3799,40.9076],[64.3842,40.8983],[64.4113,40.8608],[64.4207,40.8561],[64.4477,40.8335],[64.4628,40.8271],[64.5519,40.7393],[64.61,40.6726],[64.6225,40.6695],[64.6388,40.66],[64.6705,40.6228],[64.6881,40.589],[64.7178,40.5538],[65.1005,40.2309],[65.1642,40.1826],[65.1893,40.1714],[65.191,40.1687],[65.1906,40.1589],[65.1922,40.1561],[65.2799,40.0926],[65.3096,40.0897]],[[65.9184,39.918],[65.8009,39.9439],[65.7303,39.969],[65.7236,39.9729],[65.6908,40.0001],[65.6671,40.0216],[65.6405,40.0414],[65.6155,40.0548],[65.5869,40.0612],[65.5019,40.0734],[65.3933,40.0729]],[[65.3209,40.1018],[65.3227,40.1045],[65.3135,40.1487],[65.3114,40.1503],[65.3048,40.1506],[65.3031,40.1524],[65.3067,40.1595]],[[64.5928,39.7603],[64.5779,39.7478],[64.5775,39.739],[64.5729,39.7329],[64.5799,39.7198]],[[63.5478,42.1336],[63.5701,42.1353],[63.6031,42.1472],[63.6105,42.1419],[63.6049,42.125],[63.613,42.1184],[63.6716,42.1165],[63.694,42.0788],[63.7,42.0741],[63.7006,42.0687],[63.7072,42.0652],[63.717,42.0517],[63.7301,42.0253]],[[65.3106,40.0896],[65.3029,40.0913],[65.3011,40.0943],[65.3018,40.0967],[65.3046,40.0985],[65.3273,40.1036],[65.3245,40.1149],[65.3273,40.1167]],[[65.2742,40.0815],[65.2683,40.0804],[65.2651,40.0744],[65.252,40.0741]],[[65.291,40.0805],[65.2787,40.0814]],[[65.2824,40.0525],[65.3183,40.0536],[65.321,40.0561],[65.3278,40.0739],[65.3224,40.0779],[65.2742,40.0815]],[[65.3933,40.0729],[65.2778,40.0814]],[[64.3815,40.9741],[64.3898,40.9818]],[[67.1292,39.7211],[67.1263,39.7189],[67.1296,39.7107],[67.1288,39.709],[67.1071,39.7016]],[[65.4038,40.0728],[65.3896,40.0728]],[[65.3964,40.0566],[65.4103,40.0566],[65.4191,40.0613],[65.4199,40.0694]],[[67.0936,39.6976],[67.0672,39.694],[67.0553,39.7044],[67.0511,39.705],[67.0402,39.7131],[67.0107,39.7281]],[[67.3879,39.8116],[67.293,39.7718]],[[65.3636,40.0807],[65.3586,40.081],[65.3507,40.0779],[65.3318,40.0874],[65.3265,40.0884]],[[64.8597,40.0358],[64.8663,40.0402],[64.8704,40.0489],[64.8746,40.0522],[64.8956,40.0581]],[[65.55,40.0428],[65.5932,40.0438],[65.602,40.0466]],[[65.3096,40.0897],[65.304,40.0889],[65.2969,40.0815],[65.2915,40.0804]],[[66.9382,39.6403],[66.9285,39.6407],[66.9132,39.6553],[66.9154,39.6765],[66.9129,39.6856],[66.9158,39.6874]],[[66.7679,39.6962],[66.7768,39.6945],[66.7897,39.6838],[66.7962,39.6771],[66.7978,39.6684],[66.8036,39.6641],[66.8134,39.6611],[66.8285,39.6622],[66.8366,39.6589],[66.8444,39.6595],[66.8464,39.6628]],[[64.5803,39.7191],[64.5879,39.6961],[64.5989,39.65],[64.6561,39.5431],[64.6623,39.5377],[64.7295,39.5033],[64.7389,39.5018],[64.7915,39.5023]],[[65.6619,40.0253],[65.6533,40.0317]],[[65.602,40.0466],[65.6305,40.0416],[65.6482,40.0354],[65.6533,40.0317]],[[65.918,39.9182],[65.9453,39.9127],[66.0727,39.9127],[66.1066,39.9161],[66.1357,39.9162],[66.1562,39.9215],[66.185,39.9214],[66.2042,39.9264],[66.229,39.9229],[66.241,39.9138],[66.2515,39.8879],[66.2796,39.8658],[66.2921,39.8611],[66.2955,39.8434],[66.2985,39.8393],[66.3248,39.8288],[66.3586,39.8126],[66.3703,39.8055],[66.3754,39.7992],[66.3912,39.7862],[66.3932,39.7814],[66.3934,39.754]],[[65.5773,40.0439],[65.5797,40.0443],[65.5813,40.0473],[65.602,40.0466]],[[65.9319,39.9151],[65.918,39.9182]],[[66.3934,39.754],[66.3939,39.7484],[66.4002,39.7396],[66.4069,39.7373],[66.4177,39.7402],[66.423,39.7467],[66.4272,39.749],[66.4395,39.7509],[66.4514,39.7486],[66.4621,39.7529],[66.471,39.7546],[66.499,39.7819],[66.5264,39.7781],[66.556,39.7777],[66.5967,39.7675],[66.6158,39.7415],[66.6191,39.7348],[66.6434,39.7296],[66.6556,39.7224]],[[66.375,39.6896],[66.4021,39.7268],[66.403,39.7355],[66.3993,39.7408]],[[63.4658,39.6134],[63.5037,39.6098],[63.534,39.6093],[63.61,39.5934],[63.6289,39.6054],[63.6797,39.6269],[63.699,39.6277],[63.7397,39.6249],[63.9624,39.6154],[63.9658,39.6133],[63.9677,39.6011],[63.9747,39.5976],[63.9794,39.5995]],[[64.4537,39.7569],[64.4493,39.7604]],[[64.4475,39.7595],[64.4581,39.7535]],[[64.4493,39.7604],[64.4581,39.7535]],[[64.3898,40.9818],[64.3936,40.9873],[64.393,40.9966],[64.3828,41.0076],[64.377,41.0241],[64.3775,41.0319],[64.3713,41.0443],[64.3653,41.0501],[64.3538,41.0496],[64.3485,41.052],[64.3071,41.1163],[64.2834,41.1333],[64.2714,41.1485],[64.2477,41.1679],[64.2143,41.2076],[64.2064,41.2118],[64.1896,41.2161],[64.1861,41.2215],[64.1762,41.2308],[64.1786,41.2405],[64.166,41.2485],[64.0931,41.2673],[64.0435,41.2923],[64.034,41.3133],[64.0135,41.3387],[64.0103,41.3528],[63.9541,41.4174],[63.9288,41.4335],[63.9234,41.4519],[63.9337,41.553],[63.9372,41.6275],[63.9263,41.6608],[63.9072,41.6952],[63.9021,41.7011],[63.9003,41.7105],[63.892,41.7273],[63.8753,41.7537],[63.8741,41.7626],[63.8548,41.7934],[63.8128,41.8721],[63.7629,41.9587],[63.7306,42.0245],[63.7272,42.0295],[63.7218,42.0318],[63.6533,42.0319],[63.5669,42.0236],[63.4733,41.9941],[63.4488,41.9765],[63.3358,41.9085],[63.2817,41.8718],[63.212,41.8576],[63.1932,41.8473],[63.1773,41.8435],[63.1322,41.8439],[62.9072,41.8186],[62.781,41.7924],[62.7323,41.7885],[62.6759,41.7807],[62.6498,41.7753],[62.6128,41.774],[62.5226,41.7605],[62.4945,41.7576],[62.3899,41.7352],[62.3494,41.7296],[62.3351,41.7236],[62.2321,41.6919],[61.8984,41.5836],[61.8651,41.5716],[61.822,41.5411],[61.7594,41.519],[61.6658,41.4928],[61.656,41.4874],[61.6304,41.4837],[61.5764,41.4676],[61.3099,41.3677]],[[64.2432,41.5689],[64.2427,41.5729],[64.2156,41.5901],[64.1983,41.5763],[64.1896,41.5719],[64.1833,41.5719],[64.1803,41.57]],[[64.4581,39.7535],[64.4824,39.743],[64.4991,39.7328],[64.5198,39.7285],[64.5331,39.716],[64.5375,39.7154],[64.5417,39.7168]],[[64.5417,39.7168],[64.5465,39.7206]],[[64.6481,39.6697],[64.6385,39.671],[64.6297,39.6689],[64.6259,39.6705],[64.6136,39.6822]],[[64.7093,39.5061],[64.714,39.5069],[64.736,39.5018],[64.7578,39.5019]],[[64.5608,39.7319],[64.566,39.7338],[64.5715,39.7324],[64.5803,39.7191]],[[64.4834,39.7069],[64.5002,39.7074],[64.5226,39.7061],[64.533,39.7102],[64.5465,39.7206]],[[64.4872,41.5294],[64.4807,41.5315],[64.4571,41.5326],[64.4473,41.5312],[64.4312,41.5263],[64.4135,41.5273],[64.3998,41.53],[64.3806,41.5276],[64.3604,41.5274],[64.3365,41.5308],[64.3105,41.5272],[64.2966,41.5227],[64.2841,41.5246],[64.2656,41.5251],[64.2577,41.528],[64.238,41.5304],[64.2317,41.537],[64.2101,41.5464],[64.1995,41.5571],[64.1813,41.5681],[64.1776,41.5687],[64.1619,41.5666]],[[66.7337,39.6934],[66.7793,39.6976],[66.8002,39.7034],[66.8721,39.692],[66.9169,39.6873]],[[66.9236,39.6866],[66.8721,39.692],[66.8007,39.7034],[66.7793,39.6975],[66.733,39.6933]],[[65.9097,39.897],[65.9069,39.8993],[65.9126,39.9177],[65.9147,39.9187],[65.9198,39.9177]],[[66.6698,39.7118],[66.678,39.7069],[66.7269,39.6939],[66.7337,39.6934]],[[66.733,39.6933],[66.7189,39.6951],[66.6978,39.6911],[66.6815,39.6802],[66.6588,39.6724],[66.5077,39.6097],[66.4951,39.6009],[66.4721,39.5798],[66.4657,39.577],[66.4412,39.5718],[66.4322,39.5679],[66.4127,39.553],[66.3923,39.5109],[66.3758,39.4983],[66.3526,39.4877],[66.319,39.4686],[66.2953,39.4494],[66.2652,39.4281]],[[64.5588,39.73],[64.5377,39.7136]],[[63.8834,39.533],[63.8533,39.5073]],[[63.9018,42.2715],[63.8922,42.2582],[63.8804,42.2337],[63.8707,42.2292],[63.8474,42.2085]],[[63.5478,42.1336],[63.5182,42.1332],[63.5127,42.1345],[63.5004,42.1314],[63.4932,42.1334],[63.4794,42.1488],[63.4771,42.1766],[63.4778,42.1804],[63.4844,42.1884],[63.5072,42.1999],[63.5318,42.2037],[63.5464,42.1994]],[[63.5491,42.1451],[63.5448,42.1371],[63.5452,42.1344],[63.5478,42.1336]],[[63.6946,42.1516],[63.7227,42.1484],[63.7029,42.1505]],[[64.5928,39.7603],[64.6181,39.7812],[64.6463,39.8191],[64.6712,39.8876],[64.6828,39.9047],[64.753,39.969],[64.818,40.008],[64.8407,40.0258],[64.8597,40.0358]],[[64.5579,39.7285],[64.5506,39.723]],[[64.5924,39.76],[64.5429,39.7178]],[[64.5692,39.7395],[64.5588,39.73]],[[64.5928,39.7022],[64.5839,39.7096],[64.5799,39.7198]],[[63.8281,41.1817],[63.8368,41.1812],[63.8407,41.1843],[63.8762,41.1985],[63.8908,41.2106],[63.9233,41.2254],[63.9315,41.2265],[63.9451,41.2323],[63.9518,41.239],[63.9565,41.2499],[63.9624,41.2547],[63.9713,41.2722],[63.9737,41.2868],[63.9823,41.2969],[63.9826,41.3054],[63.9973,41.3152],[64.0133,41.3367],[64.0131,41.3396]],[[64.5465,39.7206],[64.5924,39.76]],[[64.5789,39.7212],[64.5712,39.7326],[64.5662,39.7338],[64.5613,39.7321]],[[64.8471,40.0292],[64.8587,40.0352]],[[65.3247,40.0885],[65.311,40.0896]],[[64.3815,40.9741],[64.3898,40.9818]],[[64.5879,39.7067],[64.6059,39.6935],[64.6058,39.6883],[64.6218,39.6755]],[[63.9365,41.6082],[63.9385,41.6149],[63.9441,41.6166],[63.9993,41.6089],[64.0208,41.5996],[64.0472,41.5943],[64.1391,41.5702],[64.1558,41.5663],[64.1691,41.5677]],[[66.7224,39.6952],[66.6762,39.7075],[66.6576,39.7209]],[[64.2358,41.1809],[64.2249,41.1977],[64.2083,41.217],[64.2078,41.2195],[64.2111,41.2244]],[[64.3899,40.9818],[64.3937,40.9872],[64.3931,40.9966],[64.3821,41.01],[64.3786,41.0195],[64.3798,41.0227],[64.42,41.0447],[64.5408,41.1162],[64.5426,41.1245],[64.5396,41.1492],[64.5488,41.1597],[64.5626,41.1704],[64.5649,41.175],[64.5726,41.1821],[64.5739,41.1854],[64.5726,41.1987],[64.5834,41.2118],[64.594,41.2192],[64.5968,41.2255],[64.5959,41.2292],[64.5839,41.2409]],[[64.5595,39.7306],[64.5506,39.723]],[[64.5588,39.73],[64.5496,39.7223]],[[64.5595,39.7306],[64.5478,39.7209]],[[64.776,39.5021],[64.7573,39.5019]],[[64.7569,39.502],[64.776,39.5021]],[[65.4056,40.0728],[65.5004,40.0733],[65.5876,40.061],[65.6203,40.0527],[65.6403,40.0413],[65.6636,40.0242]],[[65.4038,40.0728],[65.3894,40.0728]],[[66.2581,39.6148],[66.2745,39.6097],[66.2748,39.6053],[66.2769,39.6041],[66.2965,39.6069],[66.3018,39.617],[66.3171,39.6215],[66.323,39.6212],[66.3313,39.6161],[66.3354,39.6165],[66.3423,39.6202],[66.3447,39.6232],[66.3446,39.6313],[66.3645,39.6597],[66.3648,39.6655],[66.3722,39.6817]],[[66.3992,39.7409],[66.3939,39.7482],[66.3934,39.754]],[[66.2518,39.8656],[66.2482,39.895],[66.2451,39.9032]],[[65.291,40.0805],[65.2787,40.0814]],[[66.9343,39.6854],[66.9236,39.6866]],[[63.7377,42.1468],[63.7436,42.1466],[63.748,42.1485],[63.845,42.2071]]]}},{"type":"Feature","properties":{"branch":"qoqon","name":"Qo'qon MTU","source_color":"red","km":1019,"lod":"detail","parts":1189},"geometry":{"type":"MultiLineString","coordinates":[[[71.03098,40.85709],[71.03359,40.85728]],[[71.02375,40.85658],[71.02386,40.85659]],[[71.63528,40.99653],[71.63433,40.99645],[71.6338,40.99652],[71.63223,40.99694]],[[71.51049,40.94145],[71.51032,40.94049],[71.51002,40.94014],[71.50968,40.93997],[71.50829,40.93962]],[[71.106,40.8516],[71.10823,40.85092],[71.10967,40.85057],[71.11438,40.84968],[71.11611,40.84941]],[[71.16472,40.88214],[71.16264,40.88325],[71.16182,40.88357],[71.16097,40.88376],[71.15981,40.8839],[71.15894,40.88392],[71.15706,40.8838],[71.15541,40.88343],[71.15278,40.88326]],[[71.00995,40.85558],[71.01881,40.85623]],[[71.09323,40.8531],[71.09332,40.8531]],[[71.06777,40.85385],[71.06916,40.85368],[71.07303,40.85364]],[[71.32919,40.8962],[71.33055,40.89652]],[[71.33353,40.89725],[71.3455,40.89996]],[[71.4113,40.92299],[71.41824,40.92519],[71.4206,40.92602],[71.42147,40.92643],[71.42225,40.92689],[71.42759,40.93053],[71.44076,40.93538]],[[71.78838,40.45044],[71.78779,40.45055],[71.78712,40.45086]],[[71.78906,40.45017],[71.79073,40.45028],[71.79247,40.45018]],[[72.5388,40.72947],[72.53126,40.72863],[72.53013,40.72859],[72.52903,40.7287],[72.52802,40.72889],[72.51977,40.7308],[72.51576,40.73127],[72.51456,40.73152],[72.51336,40.73189]],[[71.83879,40.37114],[71.81452,40.38269],[71.81297,40.38361],[71.81224,40.3842],[71.80755,40.38863]],[[71.71882,40.44057],[71.72197,40.44151]],[[71.02437,40.48125],[71.02512,40.48231],[71.02591,40.48291]],[[71.80218,40.43622],[71.80343,40.43623]],[[71.79194,40.43557],[71.79533,40.43536],[71.79567,40.43543],[71.79689,40.43626],[71.79737,40.4364]],[[71.78898,40.43694],[71.79024,40.43688],[71.79119,40.43675]],[[71.74534,40.45445],[71.7464,40.45457],[71.74762,40.45482],[71.75626,40.45742],[71.75707,40.45777],[71.75779,40.45817],[71.75871,40.45852]],[[70.91538,40.52784],[70.91491,40.52888],[70.91437,40.52979]],[[72.34455,40.75935],[72.34496,40.75988]],[[71.12731,40.85054],[71.13004,40.85136],[71.13048,40.85144],[71.13145,40.85146],[71.13209,40.85138],[71.13261,40.85122],[71.13358,40.85074],[71.13398,40.8504],[71.13432,40.84998],[71.1346,40.84936],[71.13469,40.84819]],[[71.3269,40.8957],[71.32919,40.8962]],[[71.0759,40.85366],[71.07596,40.85366]],[[70.92711,40.51914],[70.92937,40.51777]],[[72.2726,40.70329],[72.27408,40.70412],[72.28001,40.70851],[72.28135,40.70959]],[[72.24272,40.90324],[72.23499,40.90816]],[[71.33055,40.89652],[71.33288,40.89707]],[[70.63399,40.44338],[70.63929,40.44608]],[[70.54686,40.40804],[70.55243,40.40973]],[[72.31572,40.85826],[72.31714,40.85762]],[[72.32614,40.85346],[72.32564,40.85376]],[[72.27653,40.88181],[72.30602,40.86318],[72.30847,40.8619],[72.31323,40.8596]],[[72.26877,40.8867],[72.27443,40.88313]],[[72.29218,40.7179],[72.27218,40.7031]],[[72.23234,40.67354],[72.22961,40.67147]],[[72.24401,40.68213],[72.23234,40.67354]],[[72.22961,40.67147],[72.21259,40.65883],[72.21137,40.65808],[72.20225,40.65312],[72.20161,40.6527]],[[72.24444,40.68248],[72.24401,40.68213]],[[72.21664,40.66174],[72.22658,40.66914]],[[72.22348,40.65904],[72.22435,40.65882]],[[72.22397,40.65883],[72.22465,40.6587]],[[72.22505,40.65868],[72.22595,40.65864],[72.2266,40.6588],[72.2269,40.65895],[72.22867,40.66057]],[[72.22737,40.65725],[72.22573,40.65802],[72.22477,40.65857],[72.22277,40.65924],[72.2221,40.65955],[72.22052,40.66067],[72.22003,40.66122]],[[72.21984,40.66142],[72.22046,40.6608],[72.222,40.65966],[72.22285,40.65927],[72.22412,40.65883],[72.22629,40.65836],[72.22673,40.65819],[72.22799,40.6574],[72.22977,40.65648]],[[72.20802,40.65629],[72.2071,40.65604],[72.20631,40.65598]],[[72.26863,40.8868],[72.26877,40.8867]],[[72.27443,40.88313],[72.27653,40.88181]],[[72.34995,40.76315],[72.35069,40.76369],[72.35126,40.76424],[72.35181,40.76535],[72.35197,40.76552],[72.35405,40.76704]],[[72.3593,40.77197],[72.35828,40.77098],[72.35767,40.7699],[72.35701,40.76831],[72.3566,40.76773],[72.35606,40.76719],[72.35336,40.76537],[72.344,40.7586]],[[72.34302,40.75788],[72.34261,40.75761]],[[72.33822,40.7531],[72.33743,40.75256],[72.33651,40.75213],[72.33542,40.75124]],[[72.32755,40.85285],[72.32823,40.85259],[72.33763,40.84813],[72.34008,40.84691],[72.35096,40.84178],[72.35188,40.84147],[72.35543,40.84056],[72.37215,40.8364],[72.37291,40.83614],[72.37437,40.8353],[72.37526,40.83464],[72.37622,40.83338],[72.37665,40.83239],[72.37679,40.83176],[72.37679,40.8301],[72.37654,40.82856],[72.37588,40.82731],[72.37502,40.82636],[72.37445,40.8259],[72.37226,40.82458],[72.37112,40.82411],[72.37001,40.82382],[72.3693,40.82371],[72.36659,40.82352],[72.3654,40.82331],[72.36163,40.82209],[72.36053,40.82166],[72.35962,40.82117],[72.35913,40.82084],[72.3583,40.82012],[72.35775,40.81946],[72.35724,40.81854],[72.35688,40.81745],[72.35662,40.81693],[72.35366,40.80904]],[[72.32374,40.84338],[72.31767,40.84354],[72.31695,40.84345]],[[72.31714,40.85762],[72.32227,40.85507],[72.32491,40.85411],[72.33816,40.84783]],[[72.34008,40.84691],[72.3375,40.84803],[72.32751,40.85282]],[[72.33812,40.84779],[72.32484,40.85408],[72.32242,40.85495]],[[72.33948,40.84714],[72.34007,40.84687],[72.34071,40.84641],[72.341,40.84593],[72.3411,40.84563],[72.34108,40.84533],[72.34066,40.84392],[72.34039,40.84348],[72.33946,40.84285],[72.33894,40.84271],[72.33492,40.84262],[72.32821,40.8433],[72.3243,40.84336]],[[72.37996,40.7925],[72.37964,40.79219]],[[72.35475,40.76627],[72.34261,40.75755],[72.33657,40.75136],[72.33541,40.7501],[72.33483,40.74959],[72.31961,40.73839],[72.27537,40.70548]],[[72.34831,40.76208],[72.34744,40.76158],[72.34564,40.76023],[72.34236,40.75739],[72.34019,40.75521]],[[72.35298,40.7651],[72.35168,40.76429],[72.34447,40.75905],[72.3433,40.7581]],[[72.34447,40.75905],[72.34588,40.76032],[72.34764,40.7616],[72.35176,40.76434]],[[72.34428,40.75911],[72.34311,40.75812]],[[72.33996,40.75509],[72.33918,40.75467],[72.33816,40.75449]],[[72.38009,40.79263],[72.37996,40.7925]],[[72.35747,40.81764],[72.35592,40.81348],[72.35503,40.81207],[72.35413,40.80982],[72.35385,40.80936]],[[72.34831,40.76743],[72.34751,40.76785],[72.34676,40.76846]],[[72.30301,40.80154],[72.30368,40.80136],[72.30826,40.80071],[72.31,40.80063],[72.31439,40.8002],[72.32337,40.80018]],[[72.3514,40.76445],[72.35146,40.76512],[72.35127,40.7657],[72.35044,40.76666],[72.35016,40.76726]],[[72.35167,40.76509],[72.35183,40.76569],[72.35183,40.76599],[72.35124,40.7676]],[[72.35331,40.80875],[72.35299,40.80799]],[[72.35407,40.81012],[72.35342,40.80886],[72.35246,40.8079],[72.35228,40.80751]],[[72.36412,40.77505],[72.36434,40.77516]],[[72.36412,40.77505],[72.36133,40.77368],[72.36079,40.77334],[72.35992,40.77256]],[[72.37964,40.79219],[72.37904,40.7916],[72.3782,40.79094],[72.3752,40.78898],[72.37451,40.78835],[72.37408,40.78784],[72.37365,40.78718],[72.37238,40.78325],[72.37124,40.78032],[72.37071,40.77958],[72.36976,40.77857],[72.36434,40.77516]],[[72.35163,40.76661],[72.3508,40.76839]],[[72.35992,40.77256],[72.3593,40.77197]],[[72.35305,40.8085],[72.35331,40.80891],[72.35339,40.80957],[72.35301,40.81072],[72.35296,40.81119],[72.35346,40.81252]],[[72.22683,40.65469],[72.22997,40.65297],[72.2315,40.65264],[72.23238,40.65251]],[[72.21083,40.65773],[72.21162,40.65816]],[[72.21089,40.6577],[72.21289,40.65891],[72.21625,40.66146],[72.21707,40.66195],[72.21772,40.66212],[72.21836,40.66211],[72.21871,40.66205],[72.2193,40.66183],[72.21984,40.66142]],[[72.20014,40.65184],[72.20203,40.65274],[72.20973,40.657],[72.2102,40.65732]],[[72.96971,40.78851],[72.96825,40.78263]],[[72.96984,40.78908],[72.96971,40.78851]],[[72.97142,40.79556],[72.97145,40.79566]],[[72.20169,40.65239],[72.20285,40.65297],[72.20696,40.65523],[72.20785,40.65554],[72.20952,40.65571],[72.21088,40.65564],[72.2315,40.65264]],[[72.22771,40.65495],[72.23202,40.65259],[72.23476,40.65215],[72.23862,40.65183],[72.23988,40.6516],[72.24114,40.65118],[72.24381,40.65005],[72.24808,40.64884],[72.24873,40.6486],[72.24977,40.64803],[72.25309,40.64502],[72.25476,40.64433],[72.25544,40.64418],[72.2559,40.64418],[72.25868,40.64474]],[[72.75029,40.71739],[72.74477,40.71622],[72.74426,40.7162],[72.74332,40.71633],[72.74266,40.7165],[72.74046,40.71683],[72.73639,40.71604]],[[72.51336,40.73189],[72.51319,40.73195]],[[72.64747,40.72204],[72.64576,40.72202],[72.64005,40.72162],[72.63887,40.72143],[72.6225,40.72036]],[[72.27253,40.70331],[72.26635,40.6987]],[[72.27363,40.70426],[72.27407,40.70467],[72.28128,40.71003]],[[72.27236,40.70323],[72.27398,40.70453],[72.28188,40.71043],[72.28321,40.71133]],[[72.27683,40.70211],[72.27845,40.70411],[72.27852,40.70446],[72.27845,40.70495]],[[72.28841,40.71511],[72.28718,40.71395],[72.28676,40.7137],[72.2844,40.71194],[72.28345,40.71107],[72.28266,40.71023]],[[72.5094,40.7339],[72.50123,40.73886],[72.49968,40.73997],[72.49839,40.74068],[72.49743,40.74104],[72.49644,40.74128],[72.49552,40.74142],[72.49383,40.74143],[72.49272,40.7413],[72.4911,40.74127],[72.49033,40.74136],[72.48893,40.74168],[72.48827,40.74192],[72.48707,40.7425],[72.48605,40.74324],[72.48515,40.7442],[72.48421,40.74547],[72.48372,40.74594],[72.48252,40.74692],[72.48134,40.74773],[72.48021,40.74823],[72.47051,40.75165],[72.46897,40.75216],[72.4678,40.75244],[72.45432,40.75521],[72.45358,40.75541],[72.44238,40.75768],[72.44108,40.75789]],[[72.50982,40.73364],[72.5094,40.7339]],[[72.35827,40.82008],[72.35877,40.82048]],[[72.3243,40.84336],[72.32374,40.84338]],[[72.31767,40.84354],[72.31399,40.84366]],[[72.31021,40.83941],[72.3002,40.83464],[72.29947,40.83414],[72.29922,40.83384],[72.29908,40.8335],[72.29861,40.82968],[72.29815,40.82476],[72.2983,40.82427],[72.29922,40.82249],[72.29953,40.82148],[72.29961,40.82092],[72.29891,40.81491],[72.2987,40.81412],[72.29806,40.81261],[72.29797,40.81225],[72.29795,40.8115],[72.29905,40.80365],[72.29922,40.80331],[72.29981,40.80279],[72.30128,40.80218]],[[72.32222,40.74035],[72.32172,40.74006],[72.32089,40.73973],[72.32047,40.73972],[72.31975,40.73987]],[[72.31783,40.74845],[72.31762,40.74818],[72.31752,40.7479],[72.31762,40.7469],[72.31752,40.7463],[72.31757,40.74608],[72.31777,40.74588],[72.31855,40.74527]],[[72.34366,40.7585],[72.3421,40.75728],[72.33986,40.755],[72.33847,40.75336],[72.33492,40.74971],[72.32112,40.73956],[72.3207,40.73933],[72.32026,40.73923],[72.31966,40.73924],[72.31935,40.73932],[72.31898,40.73948],[72.31834,40.7399],[72.31462,40.74274],[72.31435,40.74305],[72.31405,40.74373],[72.31404,40.74405],[72.31424,40.74482],[72.31455,40.74529],[72.31564,40.74657],[72.3188,40.74926]],[[72.34368,40.75843],[72.34323,40.75811]],[[72.34061,40.75579],[72.34131,40.75657],[72.3421,40.75728]],[[72.33934,40.7544],[72.33897,40.75409],[72.33826,40.75378]],[[72.33574,40.75086],[72.33474,40.75041],[72.33384,40.74976]],[[72.24953,40.8987],[72.24815,40.89964]],[[72.25256,40.89697],[72.25205,40.89723],[72.24447,40.90201],[72.24398,40.90238]],[[72.25306,40.89665],[72.25254,40.89705],[72.24821,40.89982],[72.24272,40.90324],[72.24219,40.90351]],[[72.23799,40.90617],[72.24781,40.89999]],[[72.21239,40.91709],[72.22465,40.91396],[72.22644,40.91332],[72.22882,40.91205],[72.23397,40.90871]],[[72.23397,40.90871],[72.23799,40.90617]],[[72.48755,40.93098],[72.48696,40.9295]],[[72.35694,40.81429],[72.35541,40.81263]],[[72.27537,40.70548],[72.24444,40.68248]],[[72.97136,40.7953],[72.97099,40.79375]],[[72.97081,40.79618],[72.97193,40.79838],[72.97257,40.80011]],[[72.97726,40.79742],[72.97764,40.79747],[72.97871,40.79726]],[[72.97133,40.80516],[72.97326,40.806],[72.97381,40.80641],[72.97433,40.80716]],[[72.76351,40.71831],[72.76432,40.71842],[72.76584,40.71943],[72.7661,40.71975],[72.76616,40.71997],[72.76626,40.72095]],[[72.71688,40.71563],[72.71642,40.71604]],[[72.22295,40.65928],[72.2235,40.65914]],[[72.83564,40.71469],[72.83622,40.71505]],[[72.2485,40.89936],[72.24971,40.89824],[72.25192,40.89688]],[[72.24781,40.89999],[72.26863,40.8868]],[[71.51762,40.43344],[71.51762,40.42977]],[[71.5195,40.42462],[71.51868,40.42475],[71.51797,40.42505],[71.51742,40.42565],[71.51726,40.42608],[71.51717,40.43539]],[[71.51726,40.4266],[71.51757,40.42808],[71.51745,40.42919],[71.51744,40.43312]],[[71.51751,40.43312],[71.5175,40.42861]],[[71.51807,40.42452],[71.50608,40.4259],[71.50564,40.426]],[[71.52137,40.42415],[71.5222,40.42405]],[[71.50141,40.42674],[71.49584,40.42736]],[[71.75663,40.39582],[71.75758,40.39625]],[[71.76009,40.39684],[71.75902,40.39638],[71.75409,40.39473],[71.75215,40.39423]],[[71.75267,40.39441],[71.75392,40.39492],[71.7566,40.39587],[71.75719,40.39624]],[[71.76279,40.39771],[71.75285,40.39441]],[[71.72722,40.43757],[71.72812,40.43599],[71.72832,40.43441],[71.72847,40.43213],[71.72854,40.43181],[71.72878,40.43139],[71.72917,40.43098],[71.73013,40.43058],[71.73288,40.43037]],[[71.72594,40.43816],[71.7263,40.43771],[71.72697,40.43654],[71.72718,40.43521]],[[71.72806,40.4268],[71.72741,40.4283],[71.72727,40.42949],[71.72742,40.43053],[71.72816,40.43265]],[[71.73045,40.41192],[71.73087,40.41295],[71.73129,40.41363],[71.73277,40.41549],[71.7335,40.41658],[71.73391,40.4177],[71.73398,40.41898],[71.73395,40.4196],[71.73376,40.42034],[71.7334,40.42109],[71.733,40.42172],[71.73246,40.42232],[71.72984,40.42488]],[[72.33643,40.75131],[72.33619,40.75111],[72.3351,40.75053],[72.33274,40.74878]],[[71.82022,40.3763],[71.82147,40.37582],[71.82209,40.37578],[71.82266,40.37579],[71.82335,40.37594],[71.82466,40.37609],[71.82566,40.37611],[71.82763,40.37595]],[[71.8092,40.3897],[71.80866,40.38949],[71.80819,40.38941],[71.80724,40.38948],[71.80641,40.38986],[71.806,40.39025],[71.80533,40.39072]],[[71.84018,40.37049],[71.83879,40.37114]],[[71.57276,40.41371],[71.57261,40.41423]],[[71.51747,40.42745],[71.5176,40.42776],[71.51766,40.42827],[71.51756,40.43021],[71.51757,40.43344]],[[71.50278,40.42654],[71.5189,40.42464],[71.51936,40.42453]],[[71.52203,40.42423],[71.52903,40.4234],[71.53275,40.42303]],[[71.80558,40.43128],[71.80528,40.42778]],[[71.79667,40.43767],[71.79762,40.43758],[71.79883,40.43722],[71.79958,40.4372]],[[71.79905,40.43247],[71.79926,40.4338]],[[71.73033,40.41099],[71.73045,40.41192]],[[72.35072,40.76837],[72.35164,40.76646],[72.35179,40.76586],[72.35177,40.76542]],[[72.35226,40.76516],[72.35327,40.76589]],[[72.20225,40.65312],[72.20143,40.65268],[72.20051,40.65234],[72.1989,40.652],[72.19796,40.65194],[72.19702,40.65197],[72.19609,40.65209],[72.19439,40.65261],[72.18918,40.65512],[72.18445,40.65685],[72.1835,40.65729],[72.17493,40.66221],[72.16749,40.66669],[72.16384,40.66877]],[[72.19569,40.64944],[72.1939,40.64843],[72.19128,40.64656],[72.16063,40.62396],[72.14377,40.61132],[72.13489,40.60457]],[[72.20049,40.65199],[72.20289,40.65283],[72.20535,40.65416]],[[72.19629,40.64977],[72.19569,40.64944]],[[72.19629,40.64977],[72.20011,40.65188],[72.20199,40.6528],[72.20955,40.65696],[72.21137,40.65808]],[[72.21109,40.65793],[72.20011,40.65188]],[[72.20112,40.65221],[72.20248,40.65283],[72.20945,40.65669],[72.21053,40.65756]],[[72.20548,40.65442],[72.20596,40.65459],[72.20644,40.65467],[72.20719,40.6547],[72.20822,40.65463],[72.21011,40.6543]],[[72.20594,40.65458],[72.20769,40.65521],[72.20811,40.65524],[72.20905,40.65507]],[[72.20753,40.65545],[72.20906,40.65625]],[[72.06186,40.70444],[72.05564,40.70418]],[[72.05648,40.70699],[72.05682,40.70667],[72.05833,40.70566],[72.06089,40.70468],[72.06135,40.70456],[72.06194,40.70452]],[[72.08072,40.70754],[72.08034,40.70764]],[[72.16384,40.66877],[72.15209,40.67563]],[[72.0598,40.70438],[72.06302,40.70454]],[[72.0608,40.70433],[72.06265,40.70443],[72.06384,40.70458]],[[72.05593,40.70419],[72.05699,40.70429],[72.06231,40.70451]],[[72.05889,40.70584],[72.06062,40.70517],[72.06155,40.70473],[72.06221,40.70457],[72.06336,40.70456]],[[72.15209,40.67563],[72.15026,40.67675],[72.14885,40.67778],[72.14347,40.68297],[72.14215,40.68381],[72.14089,40.68442],[72.13957,40.68497],[72.12636,40.68814],[72.12174,40.68947],[72.11792,40.68999],[72.11562,40.69052],[72.11341,40.69141],[72.10749,40.6953],[72.10122,40.70002],[72.09796,40.70183],[72.09359,40.70408],[72.09226,40.70461],[72.08555,40.70625],[72.08072,40.70754]],[[71.92357,40.32234],[71.92318,40.32231]],[[71.92318,40.32231],[71.92069,40.32217],[71.91903,40.3225],[71.91792,40.32283],[71.91424,40.32482],[71.89927,40.33411],[71.87335,40.35243],[71.86325,40.35881],[71.86081,40.36042],[71.85833,40.36195],[71.85367,40.3641],[71.84723,40.36718]],[[71.12748,40.44506],[71.12899,40.44412]],[[71.12788,40.4447],[71.12842,40.44428],[71.13059,40.44175]],[[71.07015,40.4774],[71.07741,40.47623]],[[71.02911,40.47817],[71.03057,40.47806]],[[71.0537,40.47999],[71.04064,40.48212],[71.04015,40.48224]],[[71.04607,40.47845],[71.04749,40.47961],[71.04798,40.47989]],[[71.02006,40.47445],[71.02072,40.47502]],[[71.02097,40.47527],[71.02059,40.47481],[71.01944,40.4731]],[[71.02788,40.47131],[71.0273,40.47038]],[[72.24725,40.9002],[72.25112,40.89782]],[[72.23788,40.90674],[72.23875,40.90665],[72.23952,40.90623]],[[72.16415,40.92164],[72.16517,40.92169],[72.18838,40.92164],[72.19056,40.92153],[72.19373,40.92122],[72.19781,40.9206],[72.20093,40.91997],[72.2084,40.91809]],[[72.16401,40.92163],[72.16415,40.92164]],[[72.15911,40.92103],[72.16401,40.92163]],[[72.14822,40.91965],[72.15911,40.92103]],[[72.14572,40.91945],[72.14804,40.91964]],[[72.14804,40.91964],[72.14822,40.91965]],[[72.13917,40.9193],[72.13811,40.91917],[72.13724,40.91874],[72.13679,40.91863],[72.13623,40.91863],[72.13516,40.91885]],[[72.31323,40.8596],[72.31572,40.85826]],[[72.33249,40.8504],[72.33323,40.84986],[72.33657,40.84828]],[[70.96646,40.50608],[70.96856,40.50555],[70.97004,40.50506],[70.97834,40.50164]],[[70.9789,40.5014],[70.99474,40.49493]],[[70.93402,40.57547],[70.93387,40.5753]],[[70.95043,40.59593],[70.95027,40.59578]],[[70.91294,40.53234],[70.91493,40.52895],[70.91512,40.52841]],[[71.79967,40.42995],[71.79903,40.42995],[71.79855,40.42986],[71.79805,40.42969],[71.79769,40.42944],[71.7972,40.42895],[71.79694,40.42788]],[[70.91355,40.55062],[70.91207,40.54897],[70.91179,40.54855]],[[70.90823,40.54446],[70.90875,40.54522],[70.91128,40.54807]],[[70.93475,40.51565],[70.9348,40.51624],[70.93498,40.5166],[70.93558,40.51707],[70.93612,40.51733]],[[70.93614,40.51409],[70.93524,40.51489],[70.93512,40.5153]],[[70.93569,40.51433],[70.9371,40.51351],[70.9393,40.51207],[70.93973,40.51187],[70.94059,40.51166]],[[70.93486,40.51491],[70.93386,40.51568],[70.93046,40.51781]],[[71.04677,40.48122],[71.05685,40.4796]],[[71.03359,40.47623],[71.03385,40.47759]],[[70.99474,40.49493],[71.01307,40.48741]],[[71.01307,40.48741],[71.01319,40.48736]],[[70.97331,40.61656],[70.97319,40.61644]],[[71.55036,40.42087],[71.58378,40.41693],[71.58626,40.41681],[71.60729,40.41701],[71.62592,40.41797]],[[71.57711,40.39952],[71.57276,40.41371]],[[71.52273,40.42404],[71.54981,40.42085]],[[71.51725,40.42819],[71.51715,40.42902],[71.51709,40.43537]],[[71.52275,40.4241],[71.52203,40.42423],[71.50092,40.42675]],[[71.5226,40.42311],[71.52444,40.42292]],[[71.499,40.42698],[71.49801,40.42728],[71.4962,40.42831],[71.49597,40.42857],[71.49527,40.43023]],[[71.5772,40.39924],[71.57711,40.39952]],[[71.21231,40.45787],[71.24362,40.45484],[71.27172,40.4519],[71.35808,40.44258]],[[71.12452,40.4473],[71.12511,40.44695],[71.12592,40.44671],[71.12821,40.44643],[71.12863,40.44628],[71.12903,40.44591],[71.13161,40.44291],[71.1324,40.44236],[71.1335,40.4419],[71.13517,40.441]],[[71.18523,40.46051],[71.19115,40.45994]],[[71.15543,40.4634],[71.16251,40.4627]],[[71.15372,40.46355],[71.15543,40.4634]],[[71.12749,40.44498],[71.12982,40.44212]],[[71.20368,40.45866],[71.20195,40.4588],[71.20153,40.45878],[71.20095,40.45866],[71.19859,40.4579]],[[71.21798,40.45732],[71.21672,40.45754],[71.20721,40.45845],[71.20453,40.45864]],[[71.22425,40.45663],[71.22343,40.45661],[71.22307,40.45651],[71.22261,40.45631],[71.22163,40.45561]],[[71.16251,40.4627],[71.16278,40.46267]],[[71.12989,40.44256],[71.13026,40.44201]],[[71.21635,40.45744],[71.22287,40.4568]],[[71.03909,40.48248],[71.03965,40.48233],[71.05314,40.48013],[71.05409,40.47992],[71.05536,40.47983]],[[71.05103,40.48037],[71.04926,40.4804],[71.04679,40.48081]],[[70.9315,40.57263],[70.91437,40.55325],[70.90836,40.54638],[70.9078,40.54564],[70.90754,40.54519],[70.90715,40.54411],[70.90705,40.54338],[70.90709,40.54248],[70.90749,40.54119],[70.90862,40.53923]],[[71.74476,40.45435],[71.74734,40.45529],[71.75214,40.45682],[71.75615,40.45794],[71.75875,40.45859]],[[71.72671,40.44396],[71.72771,40.4443]],[[71.72759,40.44408],[71.72703,40.44367],[71.72607,40.4421],[71.72548,40.44013]],[[71.71851,40.4405],[71.71907,40.44062],[71.71996,40.44068],[71.72123,40.44056],[71.72345,40.44058],[71.72399,40.4405]],[[71.71786,40.44029],[71.71851,40.4405],[71.72323,40.4424]],[[71.73088,40.44557],[71.7313,40.44573]],[[71.71278,40.43859],[71.71506,40.43888],[71.71605,40.43892],[71.72065,40.43829]],[[71.80576,40.43285],[71.80545,40.43077]],[[71.7987,40.43625],[71.79931,40.43669]],[[71.79563,40.45092],[71.79955,40.45071],[71.80022,40.45075]],[[71.80553,40.45116],[71.80412,40.45125],[71.80203,40.45122]],[[71.80493,40.45101],[71.80079,40.45132],[71.79919,40.45175],[71.79682,40.4519],[71.79628,40.45182],[71.79586,40.45165],[71.79472,40.45106],[71.7943,40.45095],[71.7934,40.45092]],[[71.81023,40.46637],[71.814,40.46749],[71.81674,40.46809],[71.82075,40.46927],[71.82191,40.46968],[71.85999,40.48458],[71.86083,40.48484],[71.86189,40.48507]],[[71.77864,40.45272],[71.78058,40.45317]],[[71.76171,40.4591],[71.75959,40.45872]],[[71.40038,40.91903],[71.40493,40.92095],[71.4113,40.92299]],[[71.71632,40.43974],[71.71484,40.43912],[71.71377,40.43878],[71.71278,40.43859],[71.71171,40.43847]],[[71.71308,40.43883],[71.71412,40.439],[71.71503,40.43923]],[[71.69886,40.43697],[71.69987,40.43719],[71.70264,40.43754],[71.71331,40.43876],[71.71503,40.43923],[71.71584,40.4396]],[[71.80755,40.38863],[71.80313,40.39278],[71.79957,40.39558],[71.79667,40.39774],[71.79589,40.39843]],[[71.78944,40.42744],[71.78962,40.42895],[71.78988,40.42965],[71.79048,40.43022],[71.79117,40.43053],[71.79161,40.43061],[71.7927,40.43062],[71.80248,40.42968],[71.80311,40.42966],[71.80374,40.42972],[71.80439,40.42994],[71.80491,40.43026],[71.80523,40.4306],[71.80536,40.43084],[71.80567,40.43318]],[[71.74337,40.4537],[71.74433,40.45406],[71.74591,40.45441],[71.74792,40.45459],[71.75637,40.45715],[71.75705,40.45744],[71.7582,40.45821]],[[71.75924,40.45868],[71.76212,40.4593]],[[71.76212,40.4593],[71.76345,40.45951],[71.7648,40.45949],[71.76553,40.45942],[71.77262,40.45768],[71.77492,40.45734],[71.77643,40.45725],[71.78524,40.45735],[71.7865,40.45716],[71.78778,40.4568],[71.7882,40.45662]],[[71.7882,40.45662],[71.78844,40.45651]],[[71.78962,40.45983],[71.797,40.46209]],[[71.78844,40.45651],[71.78963,40.45602],[71.79061,40.45576],[71.7916,40.4556],[71.80233,40.45474],[71.80369,40.45452],[71.8049,40.45417],[71.80572,40.45385],[71.80672,40.45334],[71.80776,40.45263],[71.80844,40.45202],[71.80955,40.45066],[71.81005,40.44964],[71.81106,40.44632],[71.81117,40.44584],[71.81116,40.4447],[71.81104,40.44419],[71.81063,40.4432],[71.80935,40.44095],[71.80683,40.4376]],[[71.7983,40.43774],[71.80038,40.43758]],[[71.81238,40.43491],[71.81333,40.43533],[71.81362,40.43556],[71.81393,40.43595],[71.81452,40.43768],[71.81669,40.44606],[71.81687,40.44644],[71.81718,40.44681],[71.8181,40.44748],[71.82278,40.44999]],[[71.81089,40.43466],[71.81238,40.43491]],[[71.80582,40.43283],[71.80603,40.43368],[71.80624,40.43556],[71.80646,40.43648],[71.80701,40.43753],[71.80941,40.44077],[71.80969,40.4415]],[[71.79917,40.43715],[71.79535,40.43746]],[[71.7732,40.4536],[71.77375,40.45362],[71.77444,40.45341],[71.77572,40.45255]],[[71.74476,40.45435],[71.747,40.45494],[71.75176,40.45645],[71.7559,40.45763],[71.75849,40.45851]],[[71.75655,40.45786],[71.75111,40.45631],[71.74578,40.45462]],[[71.80946,40.46613],[71.81023,40.46637]],[[71.74402,40.45411],[71.74343,40.45398]],[[71.74721,40.4545],[71.74382,40.45384],[71.743,40.45357],[71.74211,40.45316],[71.73921,40.4512],[71.73859,40.45057],[71.73761,40.44926],[71.73683,40.4484],[71.73646,40.44806],[71.7354,40.4474]],[[71.79516,40.45129],[71.7959,40.45161],[71.79654,40.4517],[71.79954,40.45149],[71.80039,40.45115]],[[71.80089,40.45083],[71.79988,40.45075],[71.79691,40.45095],[71.79502,40.45089]],[[71.82926,40.38002],[71.83089,40.37969],[71.83269,40.37947],[71.83318,40.37931]],[[71.82572,40.38068],[71.82637,40.38072],[71.82716,40.38066]],[[71.81823,40.37842],[71.81606,40.37999],[71.81387,40.38088],[71.81323,40.38124]],[[71.81257,40.38694],[71.80794,40.38865],[71.8062,40.38988]],[[71.72798,40.43655],[71.72816,40.43605],[71.72816,40.43558]],[[71.2917,40.89019],[71.30367,40.89191],[71.30531,40.89222]],[[71.30531,40.89222],[71.30662,40.89261],[71.30814,40.89291]],[[71.29022,40.88999],[71.2917,40.89019]],[[71.24177,40.88316],[71.27613,40.88795],[71.29022,40.88999]],[[71.30969,40.89312],[71.31448,40.89346]],[[71.31728,40.89388],[71.31857,40.89407]],[[71.74663,40.45575],[71.74717,40.45619],[71.74753,40.45638]],[[71.7469,40.456],[71.74755,40.45628]],[[71.79787,40.43468],[71.79815,40.43469],[71.79866,40.43484],[71.79931,40.43523]],[[71.77437,40.45414],[71.77736,40.45188],[71.77863,40.45097],[71.77915,40.4507],[71.7797,40.45054],[71.78371,40.45026]],[[71.77505,40.45343],[71.77471,40.45358],[71.77427,40.45365],[71.77387,40.45367],[71.77266,40.45353]],[[71.3998,40.91879],[71.40038,40.91903]],[[70.79836,40.84937],[70.80223,40.84783]],[[70.78237,40.88143],[70.78232,40.88204]],[[70.7793,40.88831],[70.7807,40.88468],[70.78119,40.88371],[70.7823,40.88189]],[[70.77864,40.8917],[70.77946,40.89091]],[[70.77762,40.89306],[70.77784,40.89272]],[[70.74241,40.98106],[70.74255,40.98069],[70.74264,40.9801]],[[70.74427,40.977],[70.74583,40.97384],[70.74707,40.97156]],[[70.76348,40.90217],[70.76458,40.90172],[70.76524,40.90158],[70.76634,40.90152],[70.76745,40.90162],[70.77299,40.90237]],[[71.82997,41.07332],[71.83046,41.07338],[71.83172,41.07373],[71.83469,41.07404]],[[71.81621,41.0703],[71.81665,41.07055]],[[71.82106,41.07259],[71.8202,41.0724],[71.81914,41.07202],[71.81779,41.07139],[71.81687,41.07082]],[[71.82665,41.07318],[71.82391,41.07316],[71.82285,41.07306]],[[71.91862,41.0808],[71.93915,41.08142],[71.94023,41.08151],[71.94127,41.0817],[71.94257,41.08205],[71.94644,41.08338],[71.94748,41.08365],[71.94832,41.08384],[71.95185,41.08437]],[[70.7238,40.99853],[70.72391,40.99736],[70.72414,40.99684],[70.72456,40.99629],[70.72499,40.99591],[70.72538,40.99569],[70.72626,40.99542],[70.72913,40.9952],[70.72948,40.99512],[70.73037,40.99482],[70.73116,40.99437],[70.73141,40.99414],[70.73165,40.99388],[70.73214,40.99305],[70.73249,40.98729],[70.7326,40.98678],[70.73291,40.98602],[70.73352,40.98534],[70.7338,40.98513],[70.73446,40.98483],[70.73478,40.98473],[70.73561,40.98459],[70.73772,40.98452],[70.73874,40.98436],[70.73947,40.98411],[70.74032,40.98369],[70.74105,40.98317],[70.74174,40.98238],[70.74221,40.98149],[70.7448,40.97609]],[[70.94117,40.85156],[70.94124,40.8516]],[[70.862,40.83429],[70.86213,40.8343]],[[70.86213,40.8343],[70.86962,40.83515],[70.88446,40.83595]],[[70.82442,40.8299],[70.862,40.83429]],[[70.80297,40.84753],[70.80458,40.84689],[70.80524,40.84654],[70.80628,40.84585],[70.80666,40.84552],[70.80728,40.84475],[70.81143,40.838],[70.8124,40.83683],[70.81438,40.83499],[70.81824,40.83193],[70.82007,40.83066],[70.82078,40.83032],[70.82228,40.82992],[70.82339,40.82985],[70.82442,40.8299]],[[71.6473,41.00164],[71.64762,41.00197]],[[70.80223,40.84783],[70.80234,40.84778]],[[70.80234,40.84778],[70.80297,40.84753]],[[71.64517,41.00027],[71.64449,41.00005],[71.63687,40.99697]],[[71.63223,40.99741],[71.63048,40.99842],[71.62882,40.99917]],[[71.80079,40.43738],[71.79959,40.43716],[71.79866,40.43687]],[[70.9068,40.54392],[70.90666,40.54542],[70.90673,40.54592],[70.90692,40.54626],[70.90827,40.54792]],[[71.71345,40.43864],[71.7127,40.43854]],[[71.51757,40.42808],[71.51756,40.42979]],[[70.95307,40.51325],[70.9534,40.51353],[70.95374,40.5141],[70.95377,40.51488],[70.9537,40.51532],[70.95347,40.5158],[70.95213,40.51679]],[[71.71907,40.44062],[71.72043,40.44083],[71.72134,40.44075]],[[71.04976,40.69835],[71.04988,40.69772],[71.04986,40.69685],[71.04957,40.69614],[71.04907,40.6955]],[[71.05069,40.69545],[71.05011,40.69616],[71.04993,40.6966],[71.0499,40.69714]],[[71.05071,40.69381],[71.05092,40.69438],[71.05099,40.69517],[71.05115,40.69578],[71.05169,40.69669]],[[70.77993,40.88881],[70.7796,40.89025]],[[70.78252,40.88106],[70.78133,40.88745],[70.781,40.88863],[70.78069,40.88921],[70.77995,40.8902],[70.77907,40.89114]],[[70.78298,40.8783],[70.78324,40.87713]],[[70.7826,40.88024],[70.78285,40.87973]],[[70.77299,40.90237],[70.77304,40.90238]],[[70.74267,40.98054],[70.74744,40.97087]],[[70.74752,40.9707],[70.74767,40.97003]],[[70.79775,40.84963],[70.79836,40.84937]],[[70.77967,40.88999],[70.78002,40.88879]],[[70.78191,40.88262],[70.78218,40.88191]],[[71.02705,40.48348],[71.02527,40.48253],[71.02432,40.4813]],[[71.87578,41.08462],[71.88152,41.0845],[71.88311,41.0844],[71.90394,41.0826],[71.91682,41.0809],[71.91862,41.0808]],[[71.97149,41.08629],[71.97196,41.08636]],[[71.95644,41.08505],[71.95707,41.08508]],[[71.97054,41.08625],[71.96953,41.08611],[71.96299,41.08585],[71.95902,41.0853],[71.95818,41.08525]],[[71.81706,41.07079],[71.8178,41.07128],[71.81897,41.07187],[71.82106,41.07259],[71.82228,41.07286],[71.82421,41.07311],[71.83531,41.07355],[71.83678,41.07387],[71.84197,41.07474],[71.84423,41.07585]],[[71.82822,41.07319],[71.82296,41.0729],[71.82074,41.0724],[71.81966,41.07203],[71.81712,41.07083]],[[71.82734,41.07321],[71.82782,41.07318]],[[70.89793,40.52348],[70.8985,40.52348],[70.91119,40.52466],[70.9125,40.52469],[70.91399,40.52463]],[[70.90681,40.52307],[70.90922,40.52371]],[[70.89744,40.52342],[70.91167,40.52475],[70.91411,40.52477],[70.91624,40.5246],[70.91781,40.5243],[70.9198,40.52375],[70.92197,40.52283]],[[70.92357,40.52195],[70.92409,40.52168]],[[70.92497,40.52123],[70.92575,40.52102]],[[70.91209,40.52317],[70.91581,40.5236],[70.9177,40.52374],[70.91916,40.52373],[70.92022,40.52348],[70.92174,40.52283],[70.92236,40.52249],[70.92437,40.52109],[70.93237,40.5161],[70.93411,40.51525]],[[70.93454,40.51576],[70.93408,40.51637],[70.93204,40.51766]],[[70.93152,40.5164],[70.92966,40.51761]],[[70.92749,40.51886],[70.93087,40.51669],[70.93207,40.51615]],[[70.93609,40.51413],[70.93533,40.51466],[70.93494,40.51509],[70.93474,40.51568],[70.93456,40.51693],[70.93433,40.51734],[70.93364,40.51817]],[[70.93418,40.51579],[70.93372,40.51639]],[[70.93581,40.51437],[70.93552,40.51474],[70.93544,40.515],[70.93544,40.51551],[70.93553,40.51579],[70.93692,40.51689]],[[70.94319,40.51044],[70.94418,40.51057],[70.94464,40.5108],[70.94594,40.51165],[70.94708,40.51208]],[[70.94153,40.50999],[70.94076,40.51042],[70.93898,40.51191]],[[70.9381,40.5126],[70.93856,40.51205],[70.93875,40.51138],[70.93872,40.51086],[70.93712,40.50789],[70.9367,40.50736]],[[70.93902,40.50926],[70.93965,40.51028],[70.93965,40.51079],[70.93959,40.51105],[70.93927,40.51159],[70.93898,40.51191],[70.93846,40.51232]],[[70.93442,40.51506],[70.93876,40.51228],[70.93966,40.51161],[70.94043,40.51081],[70.94123,40.51027]],[[70.93762,40.51302],[70.93846,40.51232]],[[70.94207,40.51065],[70.94261,40.51046],[70.94432,40.51006],[70.95262,40.50858]],[[70.95262,40.50858],[70.95295,40.50852]],[[70.91535,40.52573],[70.91569,40.52639],[70.91572,40.52683],[70.91562,40.52725],[70.91536,40.52761],[70.91437,40.5284]],[[70.89407,40.52281],[70.89817,40.52355]],[[71.02823,40.6664],[71.02346,40.6622],[71.00416,40.64556]],[[71.10537,40.77148],[71.10569,40.77194]],[[71.05233,40.69623],[71.05445,40.69937],[71.0554,40.70058],[71.0566,40.70191],[71.06106,40.70597],[71.06199,40.70708]],[[71.04929,40.69575],[71.04669,40.69092]],[[71.04561,40.68456],[71.04105,40.67798],[71.03983,40.67655],[71.03787,40.67471],[71.02823,40.6664]],[[71.04575,40.68477],[71.04561,40.68456]],[[71.13869,40.84022],[71.13716,40.84259]],[[71.1288,40.85096],[71.12935,40.85123]],[[71.12638,40.85034],[71.12784,40.8509],[71.12901,40.852],[71.13153,40.85293]],[[71.12935,40.85123],[71.13755,40.85404],[71.13933,40.85456]],[[71.15623,40.85891],[71.15372,40.8581],[71.14493,40.85583],[71.14259,40.85537]],[[71.14924,40.85714],[71.15386,40.85833]],[[71.16061,40.86001],[71.15924,40.85964],[71.15859,40.85938],[71.15744,40.85845]],[[71.17089,40.86356],[71.17139,40.8638]],[[71.1161,40.84926],[71.11647,40.84919]],[[71.1161,40.84931],[71.11645,40.84924]],[[71.11611,40.84941],[71.11643,40.84936]],[[71.11609,40.84947],[71.1164,40.84942]],[[71.11486,40.84955],[71.1161,40.84926]],[[71.11501,40.84959],[71.11609,40.84947]],[[71.11469,40.84963],[71.11611,40.84936]],[[71.11438,40.84968],[71.1161,40.84931]],[[71.0995,40.85271],[71.10156,40.8526]],[[71.09892,40.85274],[71.099,40.85274]],[[71.099,40.85274],[71.09942,40.85272]],[[71.10166,40.85258],[71.10316,40.85246],[71.1037,40.85235],[71.1059,40.85163]],[[71.07303,40.85364],[71.07343,40.85364]],[[71.03879,40.85765],[71.04824,40.85833],[71.05004,40.85819]],[[71.05013,40.85817],[71.05157,40.85773],[71.05404,40.85655],[71.05465,40.85629],[71.05527,40.85613],[71.06324,40.8546],[71.06771,40.85386]],[[71.03869,40.85764],[71.03879,40.85765]],[[71.13716,40.84259],[71.1351,40.84579]],[[71.13036,40.85162],[71.12984,40.8514]],[[71.12723,40.85063],[71.12829,40.85092]],[[71.17139,40.8638],[71.17049,40.86346]],[[71.17461,40.8669],[71.17507,40.86711],[71.17609,40.86774]],[[71.17194,40.86402],[71.17701,40.86595],[71.17749,40.8662],[71.17806,40.86682],[71.17819,40.86708],[71.17825,40.8679],[71.178,40.86866],[71.17526,40.87329]],[[71.16182,40.86038],[71.16301,40.86081],[71.16382,40.8612],[71.16449,40.86165],[71.1649,40.86204],[71.16536,40.86266],[71.16806,40.86739],[71.16837,40.86837],[71.16826,40.86934],[71.16714,40.87156],[71.16682,40.87244],[71.16678,40.87294],[71.1668,40.87342],[71.16765,40.87776],[71.16771,40.87858],[71.16765,40.87896],[71.16735,40.87976],[71.16695,40.88036],[71.16444,40.88256]],[[71.1164,40.84942],[71.11857,40.84909],[71.12003,40.84902],[71.12162,40.8491],[71.12331,40.84936],[71.1248,40.84977],[71.12829,40.85092],[71.13036,40.85162],[71.13234,40.8524]],[[71.11611,40.84936],[71.11645,40.8493]],[[71.11396,40.84976],[71.11511,40.84966]],[[71.09332,40.8531],[71.09892,40.85274]],[[71.10156,40.8526],[71.10166,40.85258]],[[71.1059,40.85163],[71.106,40.8516]],[[71.00956,40.85556],[71.00995,40.85558]],[[71.14043,40.82238],[71.1428,40.82586],[71.14347,40.82728],[71.14383,40.82858],[71.1439,40.82947],[71.14384,40.83066],[71.14373,40.83152],[71.14308,40.83328],[71.13869,40.84022]],[[71.07741,40.73076],[71.10537,40.77148]],[[71.06243,40.70767],[71.06363,40.70974],[71.06432,40.71136],[71.06505,40.71274],[71.06578,40.7139],[71.07741,40.73076]],[[71.06199,40.70708],[71.06243,40.70767]],[[71.05095,40.69473],[71.05089,40.69505],[71.05039,40.69602],[71.05025,40.69659]],[[71.05233,40.69623],[71.051,40.6942],[71.04819,40.68906]],[[71.05199,40.69572],[71.05161,40.69531],[71.05044,40.69335],[71.04723,40.68749],[71.04684,40.68663]],[[71.04819,40.68906],[71.04575,40.68477]],[[70.78348,40.4917],[70.79064,40.49387],[70.79783,40.4962]],[[70.87932,40.52002],[70.87985,40.52012]],[[71.0254,40.8567],[71.02907,40.85695]],[[71.15924,40.85964],[71.15559,40.85869]],[[71.17701,40.86595],[71.18136,40.86761],[71.18214,40.86812],[71.18249,40.86861],[71.18259,40.86892],[71.18258,40.86936],[71.18152,40.87091]],[[71.16544,40.88164],[71.16352,40.88304],[71.16209,40.88371],[71.16146,40.88388],[71.16024,40.88407],[71.15927,40.88412],[71.15405,40.88383]],[[71.16832,40.87764],[71.16818,40.87856],[71.16781,40.87932],[71.16721,40.88017],[71.16656,40.88084],[71.16444,40.88256],[71.1638,40.88316],[71.16313,40.88364],[71.16273,40.88384],[71.16228,40.884],[71.16072,40.88436],[71.15901,40.88465],[71.15345,40.88435]],[[71.58531,40.97323],[71.57757,40.97318],[71.5767,40.97289],[71.5753,40.9721]],[[71.00195,40.85505],[71.00226,40.85507]],[[70.91092,40.83955],[70.91155,40.83983]],[[70.91229,40.8401],[70.92243,40.84384],[70.92315,40.84405]],[[70.94377,40.85265],[70.94435,40.85276],[70.94494,40.85278],[70.94556,40.8527],[70.94672,40.85228],[70.94724,40.85198]],[[70.94724,40.85198],[70.94781,40.85163]],[[71.17749,40.8662],[71.17818,40.86679],[71.17839,40.86714],[71.17847,40.86741],[71.17835,40.86819],[71.17811,40.86876],[71.17542,40.87317]],[[71.22457,40.88052],[71.22489,40.88057]],[[71.50169,40.93945],[71.50527,40.93968],[71.50712,40.93954]],[[71.87951,40.98253],[71.88106,40.98327],[71.88199,40.98386],[71.88239,40.98421]],[[71.86986,40.97824],[71.87265,40.97942],[71.87951,40.98253]],[[70.88446,40.83595],[70.88459,40.83595]],[[70.88016,40.52008],[70.88378,40.52076]],[[70.91167,40.52475],[70.9139,40.52493],[70.91438,40.52506],[70.915,40.52534],[70.91541,40.52571],[70.91573,40.52634],[70.91577,40.52687],[70.91554,40.52757]],[[70.91648,40.52861],[70.91717,40.52941]],[[70.91709,40.53089],[70.91735,40.53035],[70.91733,40.52984]],[[70.90868,40.53925],[70.90895,40.53881]],[[70.9109,40.53528],[70.90881,40.5388]],[[70.90595,40.52447],[70.90767,40.52457]],[[71.16375,40.88269],[71.16203,40.88356],[71.16127,40.88376],[71.16013,40.88391],[71.15923,40.88397],[71.15484,40.88373],[71.15215,40.88371]],[[70.94326,40.8525],[70.94377,40.85265]],[[70.92368,40.84424],[70.92443,40.84445]],[[70.78324,40.87713],[70.78719,40.86425],[70.78835,40.86076],[70.78988,40.85508],[70.79026,40.8541],[70.79108,40.8529],[70.79188,40.85224],[70.79386,40.85116],[70.79775,40.84963]],[[70.77784,40.89272],[70.78061,40.88923],[70.78089,40.88872],[70.78108,40.88817],[70.78151,40.8862]],[[70.77929,40.89088],[70.78056,40.88916],[70.78101,40.88821],[70.78228,40.88206]],[[70.77846,40.8917],[70.7793,40.8908]],[[70.90879,40.83885],[70.92584,40.84502]],[[70.95499,40.852],[70.95503,40.85202]],[[70.90862,40.53923],[70.90888,40.5388]],[[70.90677,40.5436],[70.90667,40.54422],[70.90646,40.54455],[70.90595,40.54491],[70.90533,40.54523],[70.90465,40.54578]],[[71.64218,40.99912],[71.64158,40.99894],[71.63994,40.99829]],[[71.64255,40.99899],[71.63794,40.99714],[71.637,40.99687]],[[72.04137,41.11478],[72.02111,41.10624],[72.01877,41.10533],[72.01705,41.10452]],[[72.04182,41.115],[72.04137,41.11478]],[[71.97149,41.08629],[71.97047,41.0863]],[[71.99237,41.06474],[71.99286,41.0641],[71.99287,41.06361],[71.9924,41.0629],[71.99201,41.06264],[71.99129,41.06237]],[[72.01705,41.10452],[72.01885,41.10526],[72.01967,41.10549],[72.02064,41.10567],[72.02203,41.10575],[72.02349,41.1056],[72.03163,41.10356]],[[72.03163,41.10356],[72.03278,41.10327]],[[72.03278,41.10327],[72.03403,41.10295]],[[72.03403,41.10295],[72.03477,41.10276]],[[72.03477,41.10276],[72.0356,41.10255]],[[72.0356,41.10255],[72.0362,41.1024]],[[72.04195,41.10095],[72.06025,41.09634]],[[72.06025,41.09634],[72.06078,41.09621]],[[72.06243,41.09579],[72.06308,41.09562]],[[72.01705,41.10452],[71.99008,41.09318]],[[71.5675,40.96693],[71.57438,40.97154]],[[71.67568,41.01375],[71.67645,41.01411]],[[71.67511,41.01347],[71.67568,41.01375]],[[70.5957,40.4258],[70.61659,40.43433],[70.62221,40.43715],[70.62312,40.4377],[70.63399,40.44338]],[[72.10442,40.99484],[72.10587,40.98542]],[[72.10356,41.00053],[72.10442,40.99484]],[[72.10589,40.98528],[72.10907,40.96508],[72.11064,40.95417]],[[72.11064,40.95417],[72.11079,40.95354],[72.11129,40.95223],[72.11388,40.94597]],[[72.09889,41.03205],[72.09937,41.02832],[72.10102,41.0173]],[[71.75479,41.04449],[71.7568,41.04485],[71.7777,41.05107],[71.78842,41.05335],[71.79057,41.05391],[71.79792,41.05679],[71.80625,41.06114],[71.80786,41.06236],[71.81018,41.06462]],[[71.10569,40.77194],[71.12188,40.79548]],[[71.12188,40.79548],[71.12542,40.80071],[71.12757,40.80358],[71.13009,40.80748],[71.14043,40.82238]],[[70.98641,40.85395],[70.98707,40.854]],[[70.99458,40.85453],[71.00195,40.85505]],[[71.07343,40.85364],[71.0759,40.85366]],[[71.00226,40.85507],[71.00956,40.85556]],[[71.05004,40.85819],[71.05013,40.85817]],[[72.20851,40.91806],[72.21239,40.91709]],[[72.2084,40.91809],[72.20851,40.91806]],[[72.11388,40.94597],[72.12306,40.92333],[72.124,40.92192],[72.12479,40.92118]],[[72.14062,40.91929],[72.13906,40.91936],[72.13044,40.9194]],[[72.1455,40.91943],[72.14572,40.91945]],[[72.10587,40.98542],[72.10589,40.98528]],[[72.10102,41.0173],[72.10356,41.00053]],[[72.08951,41.09107],[72.08953,41.09097]],[[72.08953,41.09097],[72.09147,41.07892]],[[72.24564,40.90127],[72.24085,40.90426]],[[72.24453,40.90192],[72.24411,40.90207],[72.24304,40.90227],[72.24253,40.90242],[72.24015,40.90385]],[[72.23677,40.90704],[72.23731,40.90681],[72.23865,40.90661],[72.2392,40.90635]],[[72.08474,41.1202],[72.0855,41.11568]],[[72.08486,41.11908],[72.08503,41.11852]],[[72.08474,41.11978],[72.08483,41.11856],[72.08587,41.11191],[72.08601,41.11153]],[[72.0855,41.11568],[72.08615,41.11152],[72.08616,41.11109],[72.08951,41.09107]],[[72.08704,41.10533],[72.08611,41.11103]],[[72.09814,41.12828],[72.09409,41.12763],[72.09329,41.12742],[72.09185,41.12683],[72.08809,41.12504],[72.08729,41.12459],[72.08658,41.12406],[72.08584,41.12335],[72.08522,41.1224],[72.08477,41.12096],[72.08474,41.11978]],[[72.09091,41.11815],[72.09233,41.1158],[72.09248,41.11532],[72.09246,41.11433],[72.09183,41.11342],[72.09074,41.1128],[72.08736,41.11041],[72.08707,41.11012],[72.08676,41.1096],[72.08663,41.10876]],[[72.0848,41.11944],[72.08616,41.11109]],[[72.08482,41.11895],[72.08601,41.11153],[72.08623,41.11065]],[[72.08615,41.11152],[72.0867,41.10834]],[[72.0866,41.11205],[72.08684,41.11044],[72.08655,41.1093]],[[72.06078,41.09621],[72.06243,41.09579]],[[72.06308,41.09562],[72.07593,41.09242],[72.07701,41.09219],[72.07837,41.09212]],[[72.07901,41.09215],[72.08301,41.09227],[72.08468,41.09213],[72.08639,41.09162],[72.08726,41.09118],[72.08838,41.09045],[72.08933,41.08937],[72.08963,41.08868],[72.09036,41.08582]],[[72.07837,41.09212],[72.07901,41.09215]],[[70.501,40.39491],[70.52246,40.40098]],[[72.13489,40.60457],[72.10877,40.58473],[72.09157,40.57158],[72.07549,40.55993]],[[70.69016,41.07753],[70.68822,41.07735]],[[70.67773,41.07908],[70.67787,41.07902]],[[72.07736,40.56142],[72.08142,40.56437],[72.08216,40.56542],[72.08381,40.56661]],[[72.08431,40.56533],[72.08127,40.56308],[72.07967,40.56222]],[[72.07722,40.56069],[72.07831,40.56126],[72.08177,40.56373],[72.08272,40.56429],[72.08382,40.5651],[72.08479,40.56566]],[[72.07862,40.56231],[72.07907,40.56277],[72.08056,40.56383]],[[72.08204,40.56363],[72.08272,40.56429]],[[70.76817,40.48698],[70.78348,40.4917]],[[71.99478,40.50377],[71.99887,40.50586]],[[71.98824,40.50191],[71.99185,40.50265],[71.99315,40.50306],[71.99435,40.50355]],[[71.99435,40.50355],[71.99478,40.50377]],[[71.97703,40.49977],[71.9771,40.49979]],[[70.90683,40.5445],[70.9068,40.54259]],[[70.92474,40.84456],[70.92596,40.84492]],[[70.92263,40.52246],[70.92324,40.52215]],[[70.92143,40.52314],[70.92285,40.5224],[70.93374,40.51559]],[[70.92035,40.52364],[70.92151,40.52316],[70.92256,40.52262],[70.927,40.52]],[[70.88414,40.52081],[70.89447,40.52279],[70.8953,40.52301]],[[70.91116,40.52401],[70.91038,40.52388],[70.90106,40.52302],[70.89916,40.52311],[70.89827,40.52309]],[[70.90026,40.52336],[70.90117,40.52338],[70.91399,40.52463],[70.91603,40.52457]],[[70.91997,40.52357],[70.91923,40.52384],[70.91825,40.52408],[70.91746,40.52418],[70.91637,40.52422]],[[70.91599,40.52694],[70.91564,40.52793],[70.91516,40.52877]],[[70.91228,40.52481],[70.91459,40.5248],[70.91655,40.52461],[70.91907,40.52404],[70.92088,40.52338],[70.92263,40.52246],[70.93421,40.51524]],[[70.90881,40.5388],[70.90855,40.53922]],[[70.723,41.00212],[70.72349,41.0014],[70.72372,41.00071],[70.7238,40.99853]],[[70.72274,41.00236],[70.723,41.00212]],[[70.71906,41.02269],[70.71905,41.02089]],[[71.97088,41.08626],[71.96911,41.0862]],[[71.95748,41.08514],[71.95792,41.08528]],[[71.95876,41.0854],[71.95921,41.08552],[71.96304,41.08606],[71.96912,41.0863],[71.96982,41.08627]],[[71.99247,41.06299],[71.99197,41.06268],[71.99125,41.06241]],[[71.99365,41.0617],[71.99368,41.06189]],[[71.93118,41.01828],[71.93313,41.01883],[71.93553,41.01938],[71.93668,41.01978],[71.93916,41.02079],[71.9426,41.02267],[71.94526,41.02397],[71.94605,41.02458],[71.94765,41.02551],[71.9541,41.02896],[71.96041,41.03283],[71.96255,41.03423],[71.9655,41.03599],[71.9685,41.03756],[71.97889,41.04436],[71.9845,41.04626],[71.98503,41.04656],[71.98571,41.0471],[71.98633,41.04798],[71.98891,41.05301],[71.98929,41.05349],[71.99115,41.0553],[71.99242,41.05688],[71.99259,41.05723],[71.99365,41.0617]],[[71.88239,40.98421],[71.88428,40.9861],[71.88646,40.98908],[71.88739,40.99007],[71.88775,40.99035],[71.88942,40.99133],[71.89376,40.99349],[71.89717,40.99527],[71.90112,40.99706],[71.90383,40.99911],[71.90409,40.99943],[71.90551,41.00209],[71.90735,41.0043],[71.90956,41.00633],[71.91212,41.00789],[71.91251,41.0082],[71.91341,41.00913],[71.91383,41.0094],[71.92339,41.01423],[71.92691,41.01681],[71.9273,41.01702],[71.93118,41.01828]],[[71.65539,41.00498],[71.65697,41.00481],[71.65825,41.00489],[71.65923,41.00505],[71.66071,41.00559],[71.66226,41.00642]],[[71.64762,41.00197],[71.64852,41.00285],[71.64955,41.00354],[71.65032,41.00398],[71.65135,41.00446],[71.65242,41.00476],[71.65363,41.00494],[71.65493,41.005],[71.65636,41.00496],[71.65776,41.00507],[71.65881,41.00529],[71.65957,41.00554],[71.66087,41.00617],[71.66457,41.00891],[71.66575,41.00947],[71.66964,41.01066],[71.67168,41.01176],[71.67511,41.01347]],[[71.63508,40.99636],[71.63765,40.99718],[71.64559,41.00039],[71.64642,41.00087],[71.64726,41.00159]],[[71.63587,40.9966],[71.63809,40.99741],[71.6453,41.00032],[71.64605,41.00069],[71.64701,41.00138]],[[71.64158,40.99894],[71.6421,40.99914]],[[71.63676,40.99679],[71.63803,40.99709],[71.63946,40.99767]],[[71.63388,40.99684],[71.63145,40.99764]],[[71.64395,40.99963],[71.64585,41.0004],[71.64657,41.00089],[71.6473,41.00164]],[[71.64656,41.00105],[71.64532,41.00048]],[[70.67745,41.07919],[70.67773,41.07908]],[[71.81665,41.07055],[71.81879,41.07175],[71.81948,41.07202],[71.8206,41.0724],[71.82254,41.07285]],[[71.81018,41.06462],[71.81449,41.06903],[71.81538,41.06979],[71.81621,41.0703]],[[70.68311,41.07746],[70.69393,41.07723],[70.69585,41.07684],[70.69662,41.07651],[70.69808,41.0756],[70.70309,41.07066],[70.70378,41.06958],[70.70482,41.06706]],[[70.6908,41.07739],[70.68958,41.07741]],[[70.68962,41.07733],[70.6908,41.07739],[70.69397,41.07731],[70.6958,41.07692],[70.69668,41.07655],[70.69811,41.07566],[70.69973,41.07415],[70.70001,41.07375]],[[70.70482,41.06706],[70.70588,41.06421]],[[70.71905,41.02089],[70.71905,41.0185],[70.71956,41.01612],[70.72039,41.01361],[70.72047,41.01279],[70.72033,41.01228],[70.71925,41.01014]],[[70.7188,41.02877],[70.71913,41.02771],[70.71916,41.0273],[70.71901,41.02504],[70.71906,41.02269]],[[70.7179,41.03077],[70.7188,41.02877]],[[70.71554,41.04896],[70.71543,41.04881],[70.71354,41.04743],[70.71273,41.04667],[70.71225,41.04573],[70.71211,41.04483],[70.71219,41.04424],[70.71314,41.04243],[70.71349,41.04093]],[[70.71925,41.01014],[70.71877,41.00865],[70.7187,41.00794],[70.71887,41.00706],[70.71916,41.00632],[70.71946,41.00567],[70.72017,41.00461],[70.72119,41.0036],[70.72237,41.00272],[70.72274,41.00236]],[[70.70615,41.06347],[70.70679,41.06217],[70.70732,41.06149]],[[70.70732,41.06149],[70.70802,41.06071],[70.7094,41.05953]],[[70.7094,41.05953],[70.7107,41.05843]],[[70.71241,41.05691],[70.7132,41.05611],[70.71384,41.05517]],[[70.7107,41.05843],[70.71241,41.05691]],[[70.71349,41.04093],[70.71399,41.03825]],[[70.71399,41.03825],[70.71416,41.03737],[70.7144,41.03676],[70.71464,41.03637],[70.71609,41.03518]],[[70.71609,41.03518],[70.71713,41.03427]],[[70.71713,41.03427],[70.7174,41.03379],[70.71753,41.03332],[70.71764,41.03245]],[[70.71764,41.03245],[70.71773,41.03152],[70.7179,41.03077]],[[70.71384,41.05517],[70.71499,41.05325],[70.71562,41.05151]],[[70.71562,41.05151],[70.71586,41.05075],[70.71589,41.04985],[70.71585,41.04941],[70.71554,41.04896]],[[70.70588,41.06421],[70.70615,41.06347]],[[71.98165,41.07933],[71.98145,41.07992]],[[71.84723,40.36718],[71.84686,40.36735]],[[70.47349,41.15747],[70.67745,41.07919]],[[71.67703,41.01434],[71.67788,41.01459],[71.68013,41.01509],[71.68361,41.01659],[71.68803,41.01826],[71.68888,41.0187],[71.6898,41.01932],[71.69188,41.02144],[71.69232,41.02178]],[[71.69232,41.02178],[71.69274,41.02206]],[[71.69274,41.02206],[71.69352,41.0225],[71.69615,41.02361],[71.70293,41.02752],[71.70393,41.02788],[71.70776,41.02879],[71.70938,41.02949],[71.71033,41.03012],[71.71238,41.03205],[71.7136,41.03294],[71.71532,41.03381],[71.71626,41.03419],[71.71852,41.03483],[71.72888,41.03657],[71.73035,41.03691],[71.74206,41.04042],[71.74754,41.04292],[71.74895,41.04342],[71.75009,41.04373],[71.75479,41.04449]],[[71.58441,40.98596],[71.58386,40.98505],[71.58381,40.98414],[71.58446,40.98285],[71.58547,40.98031],[71.58556,40.97983],[71.58545,40.97933],[71.58522,40.97887],[71.58473,40.97834],[71.58383,40.97757]],[[71.98843,41.09243],[71.99253,41.09407]],[[71.99008,41.09318],[71.98485,41.091]],[[71.82254,41.07285],[71.82352,41.07302],[71.83524,41.07347],[71.84172,41.07449],[71.84268,41.07478],[71.85072,41.07801],[71.85238,41.07877],[71.85335,41.07937],[71.85572,41.08124],[71.85674,41.08185],[71.86051,41.08376],[71.86237,41.08445],[71.86328,41.08465],[71.86424,41.0848],[71.86838,41.08479],[71.87578,41.08462]],[[71.82899,41.07322],[71.82949,41.0733]],[[71.98939,41.09284],[71.9888,41.09265]],[[71.82891,41.07328],[71.82834,41.07332],[71.82663,41.07326]],[[71.95185,41.08437],[71.95223,41.08444]],[[71.95451,41.0847],[71.9591,41.08539]],[[71.99368,41.06189],[71.99369,41.06233],[71.99356,41.06308],[71.99299,41.0641],[71.99268,41.06445],[71.98436,41.07146],[71.98403,41.07189],[71.98383,41.07232],[71.98165,41.07933]],[[72.10017,41.12858],[72.10246,41.12898],[72.10308,41.12915],[72.10365,41.12934],[72.10453,41.1298],[72.10552,41.13045],[72.10924,41.1342],[72.1137,41.13698],[72.16662,41.16191],[72.16846,41.16311],[72.16959,41.16422],[72.17007,41.16479],[72.17097,41.16629],[72.17269,41.17024]],[[71.82813,40.38041],[71.83284,40.37962]],[[71.72647,40.4377],[71.72604,40.4381],[71.72533,40.43844],[71.72376,40.43848]],[[71.72482,40.43871],[71.72421,40.4388],[71.72322,40.43879],[71.72208,40.43895]],[[71.72559,40.43836],[71.72298,40.43944]],[[71.71584,40.4396],[71.72671,40.44396]],[[71.71786,40.44029],[71.73088,40.44557]],[[71.72837,40.44447],[71.7266,40.44363],[71.72191,40.44175],[71.71864,40.44056]],[[71.71584,40.4396],[71.71883,40.44073],[71.7306,40.44545]],[[71.72323,40.4424],[71.72847,40.4445],[71.72909,40.44481]],[[71.71475,40.43973],[71.71634,40.44065]],[[71.71712,40.44006],[71.71786,40.44029]],[[71.71084,40.43859],[71.71308,40.43883],[71.71372,40.439],[71.71422,40.43923],[71.71507,40.44001],[71.71629,40.44068]],[[71.72812,40.42672],[71.72806,40.4268]],[[71.72816,40.43265],[71.72825,40.4331],[71.72827,40.43384],[71.72814,40.43487],[71.72775,40.43582],[71.72702,40.43696],[71.72634,40.43786],[71.72558,40.43861],[71.72464,40.43926],[71.72309,40.43996],[71.72173,40.44031],[71.72094,40.44044],[71.71953,40.44047],[71.71882,40.44038],[71.71665,40.43987]],[[71.79722,40.46216],[71.8055,40.46469],[71.80743,40.46549],[71.80946,40.46613]],[[71.88905,40.48986],[71.88928,40.4899]],[[71.87105,40.48669],[71.88905,40.48986]],[[71.82326,40.4404],[71.82436,40.44073],[71.82482,40.44093],[71.82532,40.44126],[71.82626,40.44221],[71.82715,40.44278],[71.82801,40.44302],[71.82892,40.44317]],[[71.82335,40.37594],[71.82472,40.37663],[71.82584,40.37673]],[[71.82073,40.37594],[71.82123,40.37575],[71.82228,40.37554]],[[71.75547,40.39544],[71.75663,40.39582],[71.7574,40.39627]],[[71.76281,40.39767],[71.76104,40.39691],[71.75732,40.39567],[71.75564,40.39524]],[[71.77375,40.4545],[71.77734,40.4524],[71.77823,40.45206],[71.77882,40.45193],[71.78029,40.45174],[71.78835,40.45124]],[[71.77862,40.45266],[71.77957,40.45286],[71.78058,40.45317],[71.78201,40.45338]],[[71.75746,40.45824],[71.75089,40.45636],[71.74564,40.45466]],[[71.78934,40.45975],[71.78962,40.45983]],[[71.797,40.46209],[71.79722,40.46216]],[[71.74189,40.45321],[71.74286,40.45375],[71.74496,40.45445],[71.7458,40.45482],[71.74628,40.45526],[71.74711,40.45642],[71.7477,40.45695],[71.7481,40.45715],[71.75052,40.45791]],[[71.86189,40.48507],[71.87105,40.48669]],[[71.8235,40.44192],[71.82173,40.4416],[71.82092,40.44163]],[[71.82808,40.44448],[71.82366,40.44375],[71.82273,40.44373]],[[71.76126,40.39726],[71.75503,40.39519]],[[71.75902,40.39638],[71.76031,40.39667]],[[71.75705,40.39597],[71.76193,40.39753]],[[71.81369,40.43465],[71.81427,40.43681]],[[71.80683,40.4376],[71.80653,40.43711],[71.80613,40.43605],[71.80459,40.42375],[71.80397,40.42193],[71.80346,40.42101],[71.79585,40.40957],[71.79516,40.40786],[71.79492,40.40672],[71.79469,40.40298],[71.7947,40.40098],[71.79502,40.39982],[71.79539,40.39912],[71.79589,40.39843]],[[71.80568,40.43275],[71.80565,40.4342],[71.8058,40.43561],[71.80618,40.43695],[71.8066,40.43765],[71.81001,40.44218]],[[71.80946,40.441],[71.80912,40.44042],[71.80695,40.43755],[71.8064,40.43649],[71.80619,40.43556],[71.80602,40.4339],[71.80571,40.4324]],[[71.80563,40.43229],[71.80599,40.43558],[71.80622,40.43653],[71.80679,40.43762],[71.80961,40.44147]],[[71.79554,40.43686],[71.79737,40.43684],[71.79826,40.43695]],[[71.80211,40.45085],[71.8033,40.45075],[71.80554,40.45073]],[[71.79536,40.4376],[71.7982,40.43741]],[[71.80236,40.43729],[71.79957,40.43771],[71.79829,40.4378]],[[71.8069,40.43806],[71.80612,40.43745],[71.80562,40.43725],[71.80517,40.43716],[71.80468,40.43713],[71.79842,40.43758]],[[71.80992,40.44215],[71.80943,40.44149],[71.80846,40.44046],[71.80761,40.43933],[71.80716,40.43841]],[[71.80581,40.43334],[71.8062,40.43604],[71.8066,40.43708],[71.80932,40.44079],[71.80983,40.44185]],[[71.78606,40.45129],[71.78668,40.4511],[71.78705,40.45091],[71.78844,40.45002],[71.78924,40.44979],[71.79466,40.44941]],[[71.74728,40.45476],[71.75625,40.45749],[71.75728,40.4579]],[[71.76086,40.45906],[71.76159,40.45914]],[[71.75875,40.45859],[71.76274,40.45968],[71.76732,40.46046],[71.76844,40.46053],[71.76925,40.46052],[71.77012,40.46042],[71.77136,40.46014],[71.77374,40.45926],[71.77486,40.45893],[71.77589,40.45881],[71.78699,40.45925],[71.7882,40.45945],[71.78934,40.45975]],[[71.16278,40.46267],[71.18308,40.46073]],[[71.18321,40.46072],[71.18523,40.46051]],[[71.19115,40.45994],[71.21231,40.45787]],[[71.20195,40.4588],[71.19942,40.459],[71.19833,40.45871],[71.19706,40.45882]],[[71.20362,40.45993],[71.20354,40.46062],[71.20368,40.46234]],[[71.20551,40.45859],[71.20511,40.45865],[71.20471,40.45881],[71.20403,40.45928],[71.20305,40.46095],[71.20234,40.46238]],[[71.21586,40.45748],[71.21527,40.45749],[71.20497,40.45849],[71.20419,40.45861]],[[71.2033,40.45875],[71.20398,40.45863],[71.21635,40.45744],[71.21706,40.45741]],[[71.22287,40.4568],[71.22766,40.45629]],[[71.22396,40.45663],[71.22324,40.45652],[71.2229,40.45639],[71.22208,40.45581]],[[71.21722,40.45746],[71.22177,40.45702]],[[71.21879,40.45679],[71.21681,40.45735]],[[71.05409,40.47992],[71.06135,40.47879],[71.08738,40.47452],[71.10864,40.47087],[71.10976,40.47053],[71.11013,40.47033],[71.11054,40.46999],[71.11116,40.46925],[71.11592,40.45635],[71.11653,40.45473],[71.11673,40.45441],[71.11789,40.45322],[71.12464,40.4472],[71.12709,40.44537],[71.12803,40.4444],[71.13031,40.44164]],[[71.05685,40.4796],[71.07015,40.4774]],[[71.07741,40.47623],[71.08465,40.47505]],[[71.08465,40.47505],[71.14045,40.46543]],[[71.13051,40.44171],[71.12841,40.44417],[71.12719,40.44527]],[[71.13044,40.44168],[71.12837,40.44413],[71.12766,40.4448]],[[71.84686,40.36735],[71.84018,40.37049]],[[71.97128,40.30271],[71.96953,40.30446],[71.96887,40.30527],[71.96773,40.30621],[71.94798,40.31671],[71.94682,40.31705],[71.94549,40.31712],[71.94475,40.31703],[71.94225,40.31631],[71.94067,40.31606],[71.93916,40.31607],[71.93755,40.31633],[71.9349,40.317],[71.93354,40.31762],[71.92685,40.32188],[71.92532,40.32235],[71.92357,40.32234]],[[71.9771,40.49979],[71.98811,40.50188]],[[71.98811,40.50188],[71.98824,40.50191]],[[71.50942,40.42566],[71.54984,40.42094]],[[71.55037,40.42079],[71.55587,40.42015]],[[71.52483,40.4238],[71.52162,40.42402],[71.52135,40.42392],[71.52045,40.42327],[71.52027,40.42295],[71.52017,40.42251]],[[71.57261,40.41423],[71.57163,40.41718],[71.57146,40.41745],[71.57124,40.41773],[71.57068,40.41816],[71.57009,40.41842],[71.56936,40.41863]],[[71.51765,40.42862],[71.51768,40.43344]],[[71.51715,40.42902],[71.51705,40.42972],[71.51702,40.43507]],[[71.51722,40.43054],[71.51731,40.43132],[71.5173,40.43286]],[[71.50567,40.42633],[71.50805,40.42631],[71.50955,40.42614],[71.51046,40.42596]],[[71.50092,40.42675],[71.50029,40.42677]],[[71.50092,40.42675],[71.50141,40.42674]],[[71.51823,40.42471],[71.50547,40.42629],[71.50476,40.4263]],[[71.50513,40.4261],[71.50564,40.426],[71.51746,40.42464]],[[71.51856,40.42447],[71.51801,40.42448],[71.50608,40.4259]],[[71.52331,40.42403],[71.52273,40.42404],[71.51807,40.42452],[71.51705,40.42472],[71.50513,40.4261],[71.50456,40.42622]],[[71.50972,40.42592],[71.51704,40.42506],[71.51791,40.42483]],[[71.5221,40.42314],[71.52446,40.42285]],[[71.51767,40.42786],[71.51785,40.42832],[71.51785,40.42949]],[[71.51745,40.42736],[71.51777,40.4282],[71.51777,40.42949]],[[71.52674,40.42357],[71.5254,40.42358],[71.52282,40.42312],[71.52152,40.42321]],[[71.52356,40.42325],[71.52624,40.423]],[[71.54984,40.42094],[71.55036,40.42087]],[[71.54981,40.42085],[71.55037,40.42079]],[[71.4962,40.42831],[71.49569,40.42892],[71.49542,40.42956]],[[71.62592,40.41797],[71.63874,40.41862],[71.64035,40.41888],[71.64153,40.41915],[71.69856,40.43691]],[[71.69856,40.43691],[71.69886,40.43697]],[[71.72984,40.42488],[71.72896,40.42572],[71.72812,40.42672]],[[71.51779,40.42811],[71.51819,40.42906],[71.51829,40.42959],[71.5187,40.4329]],[[71.73735,40.44912],[71.73876,40.45091],[71.73951,40.45155],[71.74262,40.45358],[71.74476,40.45435]],[[71.7313,40.44573],[71.73452,40.44708],[71.73544,40.44754],[71.73639,40.44817],[71.73735,40.44912]],[[71.72881,40.4448],[71.72947,40.44519],[71.72973,40.44548],[71.72985,40.44575],[71.72988,40.44628],[71.72946,40.44733]],[[71.72709,40.44411],[71.73012,40.44532]],[[71.72804,40.44443],[71.7287,40.44465]],[[72.97626,40.79714],[72.97671,40.79718],[72.97732,40.79711],[72.98435,40.79537]],[[72.97136,40.7953],[72.97142,40.79556]],[[72.87686,40.71007],[72.87554,40.7097],[72.87366,40.70936],[72.85678,40.70837],[72.85531,40.70837],[72.85374,40.70848],[72.85214,40.70877],[72.84941,40.70964],[72.83946,40.71311],[72.8381,40.71347],[72.83678,40.7137],[72.83088,40.71412],[72.77053,40.71775],[72.76857,40.71801],[72.759,40.71857],[72.75751,40.71856]],[[72.09373,41.06487],[72.09889,41.03205]],[[72.09369,41.06525],[72.09373,41.06487]],[[72.09147,41.07892],[72.09369,41.06525]],[[72.51319,40.73195],[72.51173,40.73254],[72.50982,40.73364]],[[72.49397,40.93621],[72.49103,40.93598],[72.49041,40.93581],[72.48992,40.93549],[72.48945,40.9349],[72.48868,40.93352],[72.4869,40.92951]],[[72.83088,40.71412],[72.83379,40.71414],[72.83429,40.71422],[72.83564,40.71469]],[[72.70258,40.72155],[72.65109,40.72222],[72.64792,40.72207],[72.6408,40.72152],[72.63887,40.72143]],[[72.09814,41.12828],[72.10017,41.12858]],[[70.89995,40.52313],[70.90062,40.52312],[70.91184,40.52417],[70.91339,40.52443]],[[70.92142,40.52297],[70.92345,40.52172],[70.92522,40.52039],[70.92661,40.51951],[70.92783,40.51859],[70.92848,40.51783],[70.92902,40.51696]],[[72.96825,40.78263],[72.96815,40.78217]],[[72.97099,40.79375],[72.96984,40.78908]],[[72.97451,40.79701],[72.9754,40.79698],[72.97682,40.79728],[72.97822,40.7973],[72.98324,40.79606]],[[70.89447,40.52279],[70.89572,40.52299],[70.89861,40.52314],[70.89984,40.52332],[70.90116,40.52362],[70.91276,40.52467]],[[70.91122,40.5248],[70.90885,40.52474],[70.90549,40.52443],[70.90433,40.52442],[70.90377,40.5245],[70.90269,40.52478],[70.90239,40.52493],[70.90175,40.52544],[70.90108,40.52571],[70.90037,40.52581],[70.89852,40.52578]],[[70.89916,40.52311],[70.89995,40.52313],[70.90131,40.52334],[70.91321,40.52446]],[[70.92374,40.52195],[70.92279,40.5227],[70.91971,40.52431]],[[70.91489,40.52457],[70.91392,40.52455],[70.91256,40.5242],[70.91071,40.52388],[70.90169,40.523],[70.90068,40.52301]],[[70.92304,40.52249],[70.92228,40.52323]],[[70.92289,40.52243],[70.92835,40.51901]],[[70.92222,40.5227],[70.93365,40.51553]],[[70.92312,40.5221],[70.92535,40.52065],[70.93318,40.51583]],[[70.932,40.51634],[70.93147,40.51658],[70.92734,40.51913],[70.92467,40.52091]],[[70.92347,40.52183],[70.92443,40.52111],[70.93177,40.51653],[70.93486,40.51484]],[[70.92791,40.51861],[70.92922,40.51762],[70.93074,40.51669],[70.93107,40.51659]],[[70.93525,40.51473],[70.93386,40.51607],[70.9314,40.51763]],[[70.93494,40.51509],[70.93425,40.51632],[70.93391,40.51673],[70.93215,40.51782]],[[70.92835,40.51901],[70.93313,40.51603],[70.93421,40.51524]],[[70.93011,40.51743],[70.93052,40.51707]],[[70.97834,40.50164],[70.9789,40.5014]],[[71.04879,40.48021],[71.04827,40.4799],[71.048,40.47967],[71.04776,40.4793],[71.04768,40.47894],[71.04795,40.47827]],[[71.0497,40.48039],[71.04853,40.48027],[71.04576,40.48071],[71.04508,40.4807],[71.04472,40.48062],[71.04394,40.48034],[71.04354,40.48012],[71.04125,40.47807]],[[71.04754,40.48043],[71.04617,40.48046],[71.04536,40.48022],[71.04504,40.48006],[71.04421,40.47939],[71.04255,40.47789]],[[71.04064,40.48212],[71.04119,40.48197],[71.0526,40.48016]],[[71.04063,40.48223],[71.04116,40.48219],[71.05105,40.48058],[71.0515,40.48045]],[[71.01545,40.4866],[71.01936,40.48569],[71.04677,40.48122]],[[71.02254,40.48027],[71.02383,40.48208],[71.02426,40.48238]],[[71.02715,40.48347],[71.02658,40.48306],[71.02521,40.48107]],[[71.18308,40.46073],[71.18321,40.46072]],[[71.15327,40.4636],[71.15372,40.46355]],[[71.14045,40.46543],[71.14778,40.46416],[71.15327,40.4636]],[[70.93158,40.57272],[70.9315,40.57263]],[[70.93387,40.5753],[70.93158,40.57272]],[[70.94821,40.59391],[70.94389,40.59003],[70.94282,40.589],[70.94198,40.58807],[70.93971,40.5844],[70.93578,40.57774],[70.93504,40.57666],[70.93402,40.57547]],[[70.91216,40.54896],[70.91288,40.54962],[70.91475,40.55175]],[[70.91207,40.54897],[70.9125,40.54956],[70.91403,40.55128]],[[70.91179,40.54855],[70.91278,40.54942],[70.91331,40.55004]],[[70.91451,40.55163],[70.90852,40.54482],[70.90786,40.54388],[70.90748,40.54289],[70.90752,40.54165],[70.90788,40.54061],[70.90868,40.53925]],[[70.90024,40.52341],[70.91202,40.52454],[70.91335,40.52457]],[[70.9164,40.52617],[70.91599,40.52694],[70.9159,40.52751],[70.91612,40.52818],[70.9169,40.52911],[70.91729,40.52972],[70.91741,40.5303],[70.91735,40.53064],[70.91715,40.53098]],[[70.918,40.53028],[70.91774,40.5298],[70.91764,40.52943],[70.91775,40.52798]],[[70.91374,40.53075],[70.91514,40.52824]],[[70.90888,40.5388],[70.91598,40.52683],[70.91656,40.52596],[70.9172,40.52531],[70.91824,40.52453],[70.92088,40.52338]],[[70.91698,40.53085],[70.91722,40.53046],[70.91729,40.53014],[70.91711,40.52941]],[[70.91722,40.53046],[70.91715,40.52964],[70.91666,40.52886]],[[70.91446,40.52462],[70.91603,40.52457],[70.917,40.52447]],[[70.91125,40.53494],[70.91374,40.53075]],[[70.90895,40.53881],[70.91125,40.53494]],[[70.95295,40.50852],[70.96076,40.50717],[70.96616,40.50613]],[[70.96616,40.50613],[70.96646,40.50608]],[[70.93839,40.51238],[70.93867,40.512],[70.93886,40.51154],[70.93888,40.51108],[70.93872,40.51053],[70.93758,40.50838],[70.93698,40.5076],[70.93398,40.50516]],[[70.93402,40.50515],[70.93529,40.50616],[70.93747,40.50722],[70.9378,40.50742],[70.9382,40.5078],[70.93885,40.509],[70.93939,40.50961],[70.93971,40.51027],[70.93971,40.51094],[70.9396,40.51124],[70.9393,40.51165]],[[72.35074,40.76366],[72.35171,40.76455],[72.35234,40.76501],[72.35327,40.76556],[72.35428,40.76659]],[[70.93421,40.51524],[70.93965,40.51179],[70.94061,40.51126],[70.94207,40.51065]],[[70.95349,40.51539],[70.95377,40.51484]],[[70.94987,40.51228],[70.95176,40.51269]],[[70.93693,40.51337],[70.9378,40.51287]],[[70.93871,40.51155],[70.93857,40.51088],[70.93775,40.51006],[70.9363,40.50728],[70.93583,40.50666]],[[70.95218,40.51671],[70.95322,40.51596],[70.95356,40.51559],[70.9537,40.51532]],[[70.94207,40.51065],[70.94319,40.51044],[70.94411,40.51044],[70.94501,40.51068],[70.95089,40.5126],[70.95244,40.51291],[70.95297,40.51315]],[[70.92829,40.51819],[70.92859,40.51782],[70.92906,40.51746]],[[71.75503,40.39519],[71.74768,40.39274],[71.74605,40.39234],[71.74441,40.39223],[71.74335,40.39231],[71.74231,40.39249],[71.74118,40.39284],[71.74031,40.39324],[71.73871,40.39436],[71.73213,40.40194],[71.73127,40.40321],[71.73099,40.40397],[71.73079,40.40506],[71.73033,40.41099]],[[71.49796,40.4271],[71.49702,40.42737],[71.49446,40.42836]],[[71.35808,40.44258],[71.43451,40.43444],[71.4833,40.4288],[71.50942,40.42566]],[[71.78835,40.45124],[71.7941,40.45088],[71.79502,40.45089],[71.79659,40.45119],[71.79703,40.45119],[71.80211,40.45085],[71.80435,40.45102],[71.80551,40.45101],[71.80735,40.45126],[71.80851,40.4511],[71.80894,40.45093],[71.8093,40.4507],[71.80984,40.44997],[71.81102,40.44631],[71.8111,40.44585],[71.81115,40.44519],[71.81108,40.44469],[71.81081,40.44374],[71.80974,40.44181]],[[71.79955,40.43347],[71.79935,40.4346]],[[71.80045,40.43634],[71.8012,40.43645],[71.8023,40.4363]],[[71.77409,40.45431],[71.77479,40.45403],[71.77552,40.45389],[71.77593,40.4539],[71.77638,40.45397],[71.77694,40.45417],[71.77776,40.45455],[71.77954,40.4548],[71.78234,40.45466],[71.78441,40.45419]],[[71.79279,40.45095],[71.7913,40.45131],[71.78705,40.45157],[71.78643,40.45158],[71.78531,40.45144]],[[71.82275,40.45004],[71.8181,40.44748]],[[70.85801,40.51517],[70.85817,40.51522]],[[70.9603,40.60482],[70.95043,40.59593]],[[70.94836,40.59404],[70.94821,40.59391]],[[70.95027,40.59578],[70.94836,40.59404]],[[70.97319,40.61644],[70.9603,40.60482]],[[71.00416,40.64556],[70.99788,40.64007],[70.99385,40.63513],[70.99289,40.63416],[70.98221,40.62457]],[[72.62241,40.72035],[72.61298,40.71976],[72.61079,40.71969],[72.57513,40.71988],[72.57354,40.71999],[72.57206,40.72019],[72.57064,40.72056],[72.55918,40.72477],[72.54777,40.72907],[72.54575,40.72957],[72.54469,40.72972]],[[72.07549,40.55993],[72.04761,40.5396],[72.00865,40.511]],[[71.99887,40.50586],[72.00652,40.50979],[72.00841,40.51085]],[[72.00841,40.51085],[72.00865,40.511]],[[72.0694,40.55558],[72.06985,40.55599],[72.07736,40.56142],[72.07783,40.56168]],[[72.07886,40.56236],[72.07783,40.56168],[72.0694,40.55558],[72.06904,40.55526]],[[72.07918,40.56258],[72.07626,40.56042]],[[72.07872,40.56219],[72.07754,40.56092],[72.07549,40.55951],[72.07489,40.559],[72.07366,40.55837]],[[72.07519,40.55922],[72.07665,40.56029]],[[72.20101,40.65232],[72.20141,40.65259]],[[72.22549,40.65855],[72.22686,40.65826],[72.22854,40.65724]],[[72.6225,40.72036],[72.62241,40.72035]],[[72.31399,40.84366],[72.31229,40.8437]],[[72.31579,40.84316],[72.31512,40.84295],[72.31458,40.84263],[72.3143,40.84237],[72.31362,40.84125],[72.31323,40.84088],[72.31068,40.83963]],[[72.31751,40.74763],[72.31767,40.74718],[72.31792,40.74689],[72.31915,40.74614]],[[72.3516,40.76459],[72.35187,40.76487],[72.35332,40.76586]],[[72.83622,40.71505],[72.83666,40.71539],[72.84726,40.73005],[72.84794,40.73093],[72.8491,40.73194],[72.85011,40.73256],[72.85131,40.73303],[72.85222,40.73324],[72.85783,40.73423],[72.85854,40.73442],[72.85984,40.73489],[72.86088,40.7355],[72.86171,40.73622],[72.86558,40.74035],[72.8674,40.74137],[72.86839,40.74175],[72.87242,40.74261],[72.87328,40.74299],[72.87592,40.74439],[72.87789,40.74592],[72.87868,40.74674],[72.87952,40.74739],[72.88038,40.74789],[72.88188,40.74836],[72.88311,40.74851],[72.88418,40.74848],[72.89547,40.74772],[72.89651,40.7476],[72.89723,40.74744],[72.90836,40.74425],[72.90982,40.74361],[72.91042,40.74318],[72.91133,40.74225],[72.91248,40.74083],[72.91363,40.73985],[72.91837,40.73608],[72.91933,40.73555],[72.92055,40.73506],[72.92221,40.73477],[72.92504,40.73462],[72.92618,40.73472],[72.92732,40.73497],[72.92826,40.73527],[72.93054,40.73645]],[[72.4869,40.92951],[72.4858,40.92696]],[[72.71642,40.71604],[72.7123,40.71977],[72.71148,40.72033],[72.71055,40.7208],[72.70925,40.72124],[72.70803,40.72149],[72.70667,40.72156],[72.70258,40.72155]],[[72.97257,40.80011],[72.97255,40.79845],[72.97268,40.79813],[72.97339,40.79745],[72.97399,40.79715],[72.97986,40.79564]],[[72.97682,40.79728],[72.97943,40.79817]],[[72.94987,40.74868],[72.93745,40.74088],[72.92656,40.73385],[72.92565,40.73279],[72.92501,40.73183],[72.92467,40.73083],[72.92465,40.72984],[72.92493,40.72857]],[[71.03353,40.47525],[71.03357,40.47482],[71.03369,40.47461],[71.03543,40.47221]],[[71.02988,40.47295],[71.0293,40.47258],[71.02912,40.4723],[71.02898,40.47177],[71.02903,40.47139],[71.02915,40.47115],[71.02987,40.47004]],[[70.55243,40.40973],[70.55945,40.41183],[70.56282,40.41329],[70.56924,40.41695],[70.57178,40.41829],[70.57397,40.41921],[70.57785,40.42048],[70.5916,40.42446],[70.5957,40.4258]],[[70.68112,41.07777],[70.68155,41.07761],[70.68277,41.07747]],[[70.68277,41.07747],[70.68311,41.07746]],[[70.89305,40.52267],[70.8937,40.52274],[70.89849,40.52367],[70.90888,40.52464]],[[70.90035,40.52312],[70.90112,40.52308],[70.91198,40.5241]],[[70.90814,40.52461],[70.90903,40.5247],[70.91163,40.5248]],[[70.92783,40.51859],[70.92903,40.51767]],[[70.90681,40.5448],[70.90679,40.54537],[70.90693,40.54586],[70.90806,40.54726]],[[70.85817,40.51522],[70.86095,40.51613],[70.86387,40.51687],[70.87193,40.51844],[70.87932,40.52002]],[[70.79796,40.49623],[70.80289,40.49776]],[[70.80289,40.49776],[70.80322,40.49786]],[[71.01532,40.48664],[71.01545,40.4866]],[[71.03965,40.48233],[71.03785,40.48262],[71.03601,40.48279],[71.02918,40.48394],[71.02849,40.48394],[71.02785,40.4838],[71.0252,40.48274],[71.0226,40.48185],[71.02217,40.48165],[71.02173,40.48136],[71.02152,40.48113],[71.02084,40.48016]],[[71.02863,40.4835],[71.02939,40.48375],[71.03026,40.48377]],[[70.70451,40.46726],[70.70477,40.46733]],[[70.72605,40.47395],[70.74129,40.47859]],[[71.02419,40.47959],[71.02393,40.4791],[71.02199,40.47627],[71.02169,40.47592],[71.02034,40.47475],[71.01972,40.47408],[71.01923,40.47337]],[[71.03867,40.48249],[71.03759,40.48246],[71.03637,40.48214],[71.03579,40.48191],[71.03533,40.48165],[71.03498,40.4813],[71.03468,40.48063],[71.03353,40.47651],[71.03356,40.47589],[71.03378,40.4753],[71.0341,40.47499],[71.03463,40.47476],[71.03619,40.4744]],[[71.02888,40.47798],[71.028,40.47805]],[[71.03677,40.48225],[71.0342,40.48184],[71.03334,40.48183]],[[71.0334,40.48191],[71.03458,40.48191]],[[72.22886,40.65696],[72.22972,40.65642]],[[72.2817,40.70994],[72.28147,40.70968],[72.27341,40.70376]],[[72.27877,40.70683],[72.27848,40.70637],[72.27834,40.70557],[72.27845,40.70506],[72.27869,40.70462],[72.27894,40.7043],[72.2825,40.701]],[[72.28795,40.71464],[72.2868,40.7131],[72.28354,40.70947]],[[72.03885,41.10173],[72.04195,41.10095]],[[71.32613,40.89552],[71.3269,40.8957]],[[71.51718,40.42819],[71.51718,40.42767],[71.51694,40.42667],[71.51692,40.42537]],[[70.95503,40.85202],[70.95713,40.85291],[70.95827,40.8532],[70.95946,40.85332],[70.97807,40.85341],[70.98641,40.85395]],[[71.02907,40.85695],[71.02915,40.85696]],[[71.01896,40.85624],[71.0222,40.85647]],[[70.94124,40.8516],[70.94245,40.8522],[70.94326,40.8525]],[[70.98771,40.85406],[70.98933,40.85417]],[[70.68058,41.07796],[70.68112,41.07777]],[[70.52246,40.40098],[70.52902,40.40295]],[[70.63937,40.44612],[70.64414,40.44858],[70.64543,40.4492],[70.64685,40.44978]],[[70.64718,40.44989],[70.68049,40.45999]],[[70.64685,40.44978],[70.64718,40.44989]],[[70.68049,40.45999],[70.68083,40.4601]],[[70.68083,40.4601],[70.69741,40.4651]],[[70.69741,40.4651],[70.69767,40.46518]],[[70.44722,40.36586],[70.44769,40.36631],[70.44826,40.36699],[70.45526,40.37364],[70.45638,40.37452],[70.45969,40.37769],[70.46095,40.37877],[70.46253,40.37978],[70.46447,40.38066],[70.4912,40.39183],[70.49391,40.39283],[70.501,40.39491]],[[71.31536,40.89359],[71.31728,40.89388]],[[71.34628,40.90014],[71.35317,40.90169]],[[71.3608,40.90345],[71.36135,40.90355]],[[71.37182,40.90719],[71.3998,40.91879]],[[71.44113,40.93549],[71.44225,40.93579],[71.44357,40.93603],[71.45335,40.93666]],[[71.82338,40.37457],[71.82215,40.37502],[71.82127,40.37555],[71.8102,40.38346],[71.80955,40.38414],[71.809,40.38509],[71.80886,40.38583],[71.80892,40.38649],[71.80874,40.38715],[71.80777,40.38842]],[[71.95223,41.08444],[71.96289,41.08599],[71.97252,41.08638],[71.9737,41.08653],[71.97475,41.0868],[71.97581,41.08717],[71.98447,41.09083]],[[71.8031,40.43616],[71.80389,40.43611],[71.80437,40.43617]],[[71.78934,40.45108],[71.78992,40.451],[71.79847,40.45046]],[[71.78668,40.45115],[71.78781,40.45097],[71.78949,40.45088]],[[71.81887,40.44129],[71.81676,40.44091],[71.81611,40.44064],[71.81556,40.44008],[71.81519,40.43919]],[[71.81557,40.44055],[71.81591,40.44104],[71.81635,40.44134],[71.81695,40.44154],[71.81851,40.44181]],[[72.23128,40.66054],[72.23469,40.6584]],[[71.63299,40.99717],[71.63477,40.99669],[71.63522,40.99663]],[[71.31857,40.89407],[71.32613,40.89552]],[[71.3542,40.90194],[71.3608,40.90345]],[[71.62246,40.99308],[71.62715,40.99476],[71.63216,40.99569]],[[71.72063,40.44125],[71.72549,40.44271]],[[71.71484,40.43912],[71.71599,40.43944],[71.71717,40.43966],[71.71791,40.43964],[71.71914,40.43949]],[[71.71547,40.43938],[71.71823,40.44021],[71.71881,40.44033],[71.71997,40.44042],[71.72061,40.44039],[71.72212,40.44015]],[[71.71625,40.4396],[71.71764,40.43991],[71.72012,40.44011]],[[71.7309,40.44552],[71.73131,40.44568]],[[71.60233,40.98965],[71.60426,40.99084],[71.60534,40.99119],[71.6064,40.9914],[71.61284,40.9918]],[[70.91489,40.52868],[70.91458,40.52907],[70.91229,40.53295]],[[70.91509,40.52813],[70.91446,40.52908]],[[70.91005,40.83923],[70.91142,40.83962]],[[71.21527,40.45749],[71.21708,40.45732],[71.21792,40.45712],[71.21879,40.45679],[71.22013,40.45665]],[[71.50547,40.42629],[71.51706,40.42495],[71.51758,40.42484]],[[70.88298,40.52067],[70.88485,40.52089],[70.89321,40.5225],[70.89389,40.52268]],[[70.92818,40.5183],[70.92911,40.5175]],[[70.90549,40.52443],[70.90367,40.52434],[70.90186,40.52417]],[[70.72577,40.47386],[70.72605,40.47395]],[[70.74146,40.47864],[70.76817,40.48698]],[[70.80322,40.49786],[70.80965,40.4999]],[[70.80965,40.4999],[70.85801,40.51517]],[[70.87985,40.52012],[70.89825,40.52368],[70.90814,40.52461],[70.91025,40.52468]],[[70.93574,40.51435],[70.93141,40.51716]],[[70.92465,40.52139],[70.92647,40.52039],[70.92733,40.5198]],[[71.14325,40.8555],[71.15523,40.8586]],[[71.1475,40.85666],[71.14924,40.85714]],[[71.11647,40.84919],[71.11801,40.84894],[71.1191,40.84885],[71.12,40.84882],[71.12163,40.84889],[71.1234,40.84917],[71.12406,40.84933],[71.12678,40.85024]],[[71.02229,40.85648],[71.02375,40.85658]],[[71.02596,40.48276],[71.02618,40.48299],[71.02718,40.48353]],[[71.02747,40.48365],[71.02658,40.48315],[71.0263,40.48288],[71.0248,40.48072],[71.02417,40.47965],[71.02394,40.47941],[71.02224,40.47697]],[[71.03148,40.48357],[71.03666,40.48274]],[[71.19225,40.8717],[71.20268,40.87563]],[[71.17021,40.8633],[71.17089,40.86356]],[[72.35289,40.76532],[72.351,40.76391]],[[72.2817,40.71008],[72.28114,40.7096],[72.27378,40.70409],[72.27335,40.70384]],[[70.67787,41.07902],[70.67968,41.07831]],[[71.03359,40.85728],[71.03368,40.85728]],[[71.63661,40.99688],[71.63552,40.99662],[71.63507,40.99659],[71.63453,40.99666],[71.63159,40.99748],[71.63024,40.99797]],[[70.92387,40.52141],[70.92514,40.52026],[70.92595,40.51965]],[[72.08127,40.56308],[72.08248,40.56379],[72.08407,40.56493]],[[72.08703,41.10639],[72.0867,41.10834],[72.08675,41.109],[72.08689,41.10933],[72.08729,41.10981],[72.08787,41.11017],[72.08838,41.11033],[72.09114,41.11091],[72.09729,41.11262]],[[71.0253,40.85669],[71.0254,40.8567]],[[70.9945,40.85452],[70.99458,40.85453]],[[71.67645,41.01411],[71.67703,41.01434]],[[72.22019,40.66116],[72.22064,40.66073],[72.2215,40.66007],[72.22201,40.65972],[72.22262,40.65941],[72.22435,40.65882],[72.22558,40.6586],[72.22627,40.65865],[72.22695,40.65892],[72.22872,40.66054]],[[72.3155,40.74206],[72.31506,40.74258],[72.31484,40.74327],[72.31485,40.74358],[72.31538,40.74531]],[[72.35395,40.7661],[72.35483,40.76669]],[[71.72821,40.44456],[71.72875,40.44489],[71.72899,40.44514]],[[71.5177,40.42982],[71.51776,40.43055],[71.51774,40.43344]],[[70.93471,40.51503],[70.93378,40.51581]],[[70.92848,40.51783],[70.92869,40.5176],[70.929,40.5174]],[[71.02248,40.47708],[71.02228,40.47668]],[[71.03097,40.48365],[71.03198,40.48339]],[[71.03352,40.47584],[71.03347,40.47557],[71.03299,40.47467],[71.03263,40.47421],[71.02905,40.47256],[71.02842,40.47217],[71.02795,40.47155],[71.02788,40.47131],[71.02787,40.47097],[71.02805,40.47055]],[[71.80064,40.43856],[71.80562,40.43829],[71.80624,40.43838],[71.80696,40.43867],[71.80761,40.43933]],[[71.79472,40.45106],[71.79599,40.45157],[71.79634,40.45163],[71.79963,40.45142],[71.80115,40.45091]],[[71.77521,40.45364],[71.77641,40.45311],[71.77679,40.45302],[71.77733,40.45299],[71.77906,40.45337],[71.7801,40.4535],[71.78396,40.45327]],[[71.80899,40.4344],[71.80969,40.43463],[71.81036,40.43504]],[[71.82803,40.44463],[71.81746,40.44284],[71.81669,40.44259],[71.81637,40.44235],[71.81602,40.44198],[71.81584,40.44163]],[[71.81392,40.44023],[71.81529,40.44196],[71.81585,40.44286]],[[71.71594,40.43943],[71.71472,40.43903]],[[71.74724,40.45457],[71.74802,40.45472],[71.75663,40.45735],[71.75777,40.45796]],[[70.98221,40.62457],[70.97331,40.61656]],[[72.22823,40.66037],[72.22909,40.6612]],[[72.27892,40.70657],[72.27896,40.70599],[72.27921,40.70538]],[[71.03083,40.47343],[71.0321,40.47397]],[[70.63929,40.44608],[70.63937,40.44612]],[[71.04972,40.69645],[71.04959,40.69604],[71.0468,40.69087]],[[72.35688,40.81745],[72.35476,40.8117],[72.35385,40.80936],[72.35366,40.80904],[72.35326,40.80774],[72.35319,40.80687],[72.35334,40.80581],[72.35349,40.80536],[72.3538,40.8047],[72.3543,40.80397],[72.35491,40.8033],[72.35564,40.80269],[72.3565,40.80217],[72.35726,40.80181],[72.35887,40.80132],[72.35977,40.80118],[72.36093,40.80112],[72.36175,40.80117],[72.37145,40.8023],[72.37284,40.80239],[72.37402,40.80232],[72.37529,40.80207],[72.37795,40.80112],[72.37848,40.80086],[72.37961,40.80011],[72.38042,40.7993],[72.38125,40.79796],[72.38156,40.797],[72.38165,40.7961],[72.38145,40.79478],[72.38077,40.79345],[72.38009,40.79263]],[[72.35129,40.76412],[72.35331,40.76546],[72.35379,40.76587],[72.35524,40.76687]],[[72.21984,40.66142],[72.22218,40.65968],[72.2235,40.65914],[72.2248,40.65877],[72.22593,40.65874],[72.2267,40.659],[72.22852,40.66062],[72.22902,40.66086],[72.22974,40.66099],[72.23047,40.66091],[72.23162,40.66038],[72.23472,40.65844]],[[72.22506,40.65874],[72.226,40.6587],[72.2268,40.65897],[72.22861,40.66061]],[[72.28123,40.70883],[72.28094,40.70853],[72.27948,40.70746],[72.27925,40.70721],[72.27894,40.70665],[72.27865,40.70568]],[[70.69983,41.07392],[70.69949,41.0741],[70.69804,41.07555],[70.69732,41.07603],[70.69578,41.07681],[70.69392,41.07715],[70.6894,41.07724],[70.68878,41.07734]],[[70.67968,41.07831],[70.67979,41.07827]],[[70.67979,41.07827],[70.68058,41.07796]],[[71.75875,40.45859],[71.75924,40.45868]],[[70.52902,40.40295],[70.54686,40.40804]],[[71.22489,40.88057],[71.24177,40.88316]],[[71.30814,40.89291],[71.30969,40.89312]],[[71.31448,40.89346],[71.31536,40.89359]],[[71.33288,40.89707],[71.33353,40.89725]],[[71.3455,40.89996],[71.34628,40.90014]],[[71.35317,40.90169],[71.3542,40.90194]],[[71.36135,40.90355],[71.36473,40.90436],[71.36634,40.90493],[71.37182,40.90719]],[[71.45335,40.93666],[71.49802,40.93895]],[[71.44076,40.93538],[71.44113,40.93549]],[[71.20268,40.87563],[71.21798,40.87952],[71.22457,40.88052]],[[71.189,40.87047],[71.19225,40.8717]],[[71.17089,40.86356],[71.189,40.87047]],[[71.16955,40.86305],[71.17021,40.8633]],[[71.98145,41.07992],[71.98047,41.08282],[71.97973,41.08467],[71.97929,41.08546],[71.97867,41.0861],[71.9777,41.08662],[71.97697,41.08681],[71.97635,41.08687],[71.97561,41.08684],[71.97311,41.0864],[71.97149,41.08629]],[[72.0362,41.1024],[72.03885,41.10173]],[[71.07596,40.85366],[71.07925,40.85368]],[[71.79785,40.43426],[71.79855,40.43454],[71.79891,40.43482]],[[71.79006,40.43681],[71.79683,40.43639],[71.79823,40.43638],[71.79895,40.43653],[71.80021,40.43719],[71.80058,40.43729],[71.80132,40.43735]],[[71.80554,40.45079],[71.80263,40.45081]],[[71.77588,40.45363],[71.77694,40.45417]],[[71.78587,40.45152],[71.78638,40.45154],[71.79138,40.45123],[71.79211,40.45112]],[[71.78494,40.45141],[71.78587,40.45123],[71.78622,40.45106],[71.78684,40.45054],[71.78702,40.45006],[71.78704,40.44972],[71.78684,40.44791]],[[71.78958,40.44973],[71.79284,40.44946]],[[71.78966,40.44895],[71.78858,40.44973],[71.78823,40.45016]],[[71.80566,40.43199],[71.80587,40.43272],[71.80636,40.43329],[71.80693,40.43374],[71.80795,40.43418],[71.80899,40.4344],[71.81089,40.43466]],[[71.72066,40.43823],[71.71614,40.43884],[71.71501,40.43887]],[[71.01881,40.85623],[71.01896,40.85624]],[[71.0222,40.85647],[71.02229,40.85648]],[[70.98933,40.85417],[70.9894,40.85418]],[[71.57438,40.97154],[71.57948,40.97486],[71.58383,40.97757],[71.5892,40.98111]],[[71.5892,40.98111],[71.59109,40.98221],[71.60175,40.98927]],[[71.60175,40.98927],[71.60233,40.98965]],[[71.56554,40.96566],[71.5675,40.96693]],[[71.63216,40.99569],[71.63266,40.99579]],[[71.63266,40.99579],[71.63416,40.9961],[71.63676,40.99679],[71.63772,40.99712],[71.64395,40.99963]],[[71.63596,40.99655],[71.63525,40.99613],[71.63425,40.99569]],[[71.63605,40.99672],[71.63492,40.99645],[71.63394,40.99644],[71.63154,40.99706]],[[71.14391,40.85562],[71.15458,40.85838]],[[71.15627,40.85887],[71.15481,40.85837]],[[71.14972,40.85727],[71.15115,40.85769],[71.15189,40.85783]],[[71.50777,40.93959],[71.5065,40.93979],[71.50596,40.94004],[71.50558,40.94051],[71.50548,40.94102],[71.50554,40.94214]],[[71.13469,40.84819],[71.13487,40.85084],[71.13516,40.85169],[71.13548,40.85223],[71.13616,40.853],[71.13662,40.8534],[71.13751,40.8539],[71.13933,40.85456]],[[70.76331,40.90225],[70.76348,40.90217]],[[72.0695,40.70651],[72.06921,40.70636]],[[72.31229,40.8437],[72.30768,40.84387],[72.3071,40.84385],[72.30524,40.84344],[72.29773,40.84142]],[[72.31695,40.84345],[72.31579,40.84316]],[[71.98485,41.091],[71.98447,41.09083]],[[71.03352,40.47625],[71.03352,40.47527],[71.0336,40.47497],[71.03373,40.47482],[71.03433,40.47452],[71.0356,40.4742],[71.03618,40.47395],[71.03711,40.4728]],[[70.94313,40.51067],[70.94352,40.51053],[70.94394,40.51051]],[[70.93971,40.51027],[70.93958,40.50977],[70.9387,40.50804],[70.93825,40.5076],[70.93741,40.50719]],[[72.31068,40.83963],[72.31021,40.83941]],[[72.28645,40.70474],[72.28561,40.70545],[72.2854,40.70578],[72.28529,40.70617],[72.28537,40.70683],[72.28545,40.70709],[72.28847,40.71144],[72.28865,40.71188],[72.28904,40.71512],[72.28923,40.7155],[72.28971,40.71607]],[[72.30128,40.80218],[72.30301,40.80154]],[[72.08034,40.70764],[72.0779,40.70828],[72.07672,40.70846],[72.07575,40.70849],[72.07451,40.70838],[72.07238,40.70773],[72.07049,40.70702],[72.0695,40.70651]],[[72.34493,40.75969],[72.34466,40.75938]],[[72.34802,40.76192],[72.34705,40.7615],[72.3458,40.76065]],[[72.35012,40.7666],[72.35046,40.76636],[72.3508,40.76597],[72.35115,40.76514]],[[72.35331,40.76546],[72.35531,40.76685]],[[72.3542,40.76594],[72.35604,40.76727],[72.35666,40.76793]],[[70.78038,40.88773],[70.77973,40.89],[70.77922,40.89095]],[[71.81357,40.38324],[71.8141,40.383],[71.81462,40.38288],[71.81727,40.38257]],[[71.5189,40.42464],[71.517,40.42501],[71.50567,40.42633],[71.50462,40.42637],[71.50141,40.42674]],[[71.52111,40.42433],[71.52023,40.42454],[71.5195,40.42462]],[[71.52191,40.42414],[71.52083,40.42416],[71.52057,40.42411],[71.52018,40.42391],[71.51913,40.42275],[71.51888,40.4221],[71.51863,40.42107]],[[71.51831,40.42475],[71.5195,40.42462]],[[71.51532,40.42526],[71.51467,40.42544],[71.514,40.42605]],[[71.51692,40.42642],[71.51689,40.42788]],[[71.51725,40.42716],[71.51731,40.42758],[71.51732,40.43057]],[[72.27216,40.70303],[72.27341,40.70376],[72.27414,40.70428],[72.28135,40.70966],[72.28215,40.71028],[72.28283,40.71098]],[[72.28458,40.71228],[72.28337,40.71117],[72.28206,40.70959],[72.28143,40.70898],[72.27933,40.70738],[72.27758,40.70558],[72.27662,40.70477]],[[72.28062,40.70274],[72.28165,40.70208],[72.28279,40.70101]],[[72.20069,40.65214],[72.19648,40.64981]],[[71.01319,40.48736],[71.01532,40.48664]],[[71.04924,40.48032],[71.04608,40.47921],[71.04541,40.47887],[71.0426,40.47649]],[[72.27841,40.70515],[72.27846,40.70456],[72.27834,40.70402],[72.27678,40.70213]],[[72.28718,40.71395],[72.28328,40.70963]],[[72.28884,40.71543],[72.28826,40.7147],[72.2871,40.71124]],[[72.28803,40.71248],[72.2885,40.71482],[72.28868,40.71526]],[[71.02436,40.4799],[71.02185,40.47616],[71.0214,40.47574],[71.02088,40.4754]],[[71.02149,40.47574],[71.02046,40.47476],[71.01935,40.47312]],[[71.02671,40.48035],[71.02709,40.48084]],[[72.08391,40.56504],[72.0847,40.5655]],[[70.7448,40.97609],[70.74869,40.96826],[70.74945,40.96695],[70.74987,40.96629],[70.75214,40.96364],[70.75234,40.96333],[70.75257,40.96249],[70.7526,40.95984],[70.75276,40.95919],[70.75301,40.95866],[70.75335,40.95816],[70.75602,40.95532],[70.75795,40.95295],[70.75837,40.95228],[70.75857,40.95176],[70.75864,40.95134],[70.75859,40.95091],[70.75839,40.95034],[70.75798,40.9497],[70.75656,40.94891],[70.75434,40.94754],[70.75318,40.94644],[70.75284,40.94583],[70.7528,40.94498],[70.75289,40.94459],[70.75308,40.94425],[70.75347,40.94379],[70.75463,40.94304],[70.75529,40.94282],[70.75732,40.94247],[70.76041,40.94183],[70.76116,40.94147],[70.76163,40.94111],[70.76207,40.94071],[70.76296,40.93958],[70.76801,40.9329],[70.76851,40.93201],[70.76883,40.93109],[70.76894,40.92996],[70.76873,40.92894],[70.76848,40.92825],[70.76811,40.92759],[70.76719,40.9266],[70.76647,40.92604],[70.76566,40.92558],[70.76402,40.92497],[70.76098,40.92399],[70.76053,40.92374],[70.75997,40.92338],[70.75963,40.92303],[70.75933,40.92261],[70.75918,40.92211],[70.75915,40.92123],[70.75958,40.92024],[70.76028,40.91956],[70.76387,40.91745],[70.76459,40.91677],[70.76489,40.91622],[70.76498,40.9158],[70.76498,40.91501],[70.76469,40.91425],[70.75994,40.90882],[70.75942,40.90799],[70.75922,40.9071],[70.75941,40.90591],[70.75978,40.90521],[70.7613,40.90381],[70.76288,40.90252],[70.76331,40.90225]],[[70.88459,40.83595],[70.90188,40.83688],[70.90327,40.83708],[70.90453,40.83736],[70.90581,40.83774],[70.91005,40.83923],[70.93332,40.84771],[70.94117,40.85156]],[[70.78151,40.8862],[70.78298,40.8783]],[[70.94781,40.85163],[70.94863,40.85117],[70.9494,40.85085],[70.95057,40.85061],[70.95108,40.85061],[70.95197,40.8507],[70.95269,40.85093],[70.95499,40.852]],[[70.90855,40.53922],[70.90752,40.54096],[70.90721,40.54166],[70.90699,40.5426],[70.90681,40.5448],[70.90685,40.54536],[70.907,40.54583],[70.90849,40.54775]],[[71.80638,40.43732],[71.80586,40.43674],[71.80502,40.43631],[71.8046,40.43622],[71.80437,40.43617],[71.8015,40.43634],[71.80066,40.43621],[71.80025,40.43602],[71.79964,40.43553],[71.7994,40.43509],[71.7991,40.43246]],[[71.80275,40.43715],[71.80384,40.43719]],[[71.8044,40.43715],[71.80407,40.43723],[71.80199,40.43738],[71.801,40.43765]],[[71.80172,40.43856],[71.80385,40.43844]],[[71.80089,40.45093],[71.79936,40.45127],[71.79739,40.45141],[71.79666,40.45136],[71.7956,40.45099]],[[71.79599,40.45108],[71.79695,40.45113],[71.79957,40.45095],[71.80053,40.45095]],[[71.80074,40.45039],[71.78551,40.45138],[71.77905,40.45167]],[[71.7941,40.45088],[71.79948,40.45055],[71.80089,40.45083],[71.80159,40.45088]],[[71.78551,40.45138],[71.78668,40.45115],[71.78761,40.45106],[71.79241,40.45076]],[[71.78858,40.44973],[71.78923,40.44899],[71.79007,40.44862],[71.79271,40.44841]],[[71.79244,40.45001],[71.79057,40.45011],[71.78992,40.45009]],[[71.79247,40.45023],[71.79103,40.45033],[71.79016,40.45024]],[[71.82801,40.44302],[71.81828,40.44138],[71.81713,40.44108]],[[71.81411,40.43643],[71.81496,40.43833],[71.81528,40.43927],[71.81565,40.43976],[71.81594,40.44001],[71.81651,40.4403],[71.81744,40.44047]],[[71.81508,40.43879],[71.81533,40.43972],[71.81558,40.44027],[71.8161,40.44074],[71.81671,40.441],[71.8194,40.44148]],[[71.81532,40.43951],[71.81577,40.44014],[71.8165,40.44052],[71.81918,40.44103]],[[71.81548,40.43964],[71.81592,40.44007],[71.81637,40.44032],[71.8174,40.4405]],[[71.81533,40.43972],[71.81595,40.44209],[71.81611,40.44237],[71.81675,40.44284],[71.81718,40.44297],[71.81889,40.44328]],[[71.81575,40.44127],[71.81612,40.44194],[71.8167,40.44249]],[[71.82729,40.44457],[71.82604,40.44436],[71.82522,40.44416]],[[71.82208,40.44362],[71.82357,40.44408]],[[71.81669,40.44606],[71.81695,40.44644],[71.81738,40.44685],[71.81828,40.44736]],[[71.71661,40.43992],[71.71704,40.44015],[71.72605,40.44374],[71.72671,40.44396]],[[71.72998,40.44516],[71.7309,40.44552]],[[70.92891,40.51707],[70.92832,40.51793],[70.92793,40.51837],[70.92722,40.51895]],[[70.9169,40.52911],[70.91936,40.53172],[70.92053,40.53249]],[[71.79793,40.43405],[71.79863,40.43443],[71.79891,40.43482],[71.80008,40.43601],[71.8003,40.43614],[71.80111,40.43632]],[[71.79596,40.45112],[71.79703,40.45137],[71.79939,40.45122],[71.80029,40.45105]],[[71.79083,40.45091],[71.78761,40.45106]],[[71.81728,40.44058],[71.81652,40.44044],[71.81606,40.44024],[71.81563,40.43987],[71.81528,40.43927]],[[71.75779,40.45817],[71.75619,40.45753],[71.74698,40.45471]],[[71.71446,40.43908],[71.71548,40.43951]],[[71.51949,40.42321],[71.51869,40.42253],[71.51802,40.42227],[71.51715,40.42206]],[[71.51725,40.42772],[71.517,40.42952]],[[70.69767,40.46518],[70.70451,40.46726]],[[70.70477,40.46733],[70.72126,40.4724],[70.72577,40.47386]],[[70.74129,40.47859],[70.74146,40.47864]],[[70.79783,40.4962],[70.79796,40.49623]],[[71.74654,40.45449],[71.74763,40.45476],[71.75635,40.4574],[71.75914,40.4586],[71.76183,40.45919],[71.76286,40.45929],[71.76406,40.45925],[71.7647,40.45917],[71.76627,40.45876],[71.76703,40.45844],[71.77356,40.45462]],[[71.75924,40.45873],[71.75779,40.45837],[71.7568,40.45836],[71.75598,40.45849],[71.75427,40.45915],[71.75364,40.45922],[71.75186,40.45879]],[[72.28283,40.70106],[72.28181,40.702],[72.28131,40.70233]],[[72.27649,40.70293],[72.27806,40.70479],[72.27837,40.70595]],[[71.61284,40.9918],[71.6184,40.99215],[71.62109,40.99249],[71.62246,40.99308]],[[71.11645,40.8493],[71.1191,40.84896],[71.12051,40.84894],[71.12163,40.849],[71.12274,40.84916],[71.12399,40.84943],[71.12803,40.85072]],[[70.91218,40.84],[70.92125,40.84325],[70.922,40.84357]],[[71.49802,40.93895],[71.502,40.93917],[71.51734,40.94028],[71.53174,40.94408],[71.53436,40.94522],[71.56554,40.96566]],[[70.93846,40.51232],[70.93885,40.51192],[70.93907,40.51124],[70.93898,40.51062],[70.93876,40.51016]],[[70.91536,40.52761],[70.91407,40.52893]],[[70.91093,40.53534],[70.91125,40.53494]],[[70.91557,40.52735],[70.91458,40.52907]],[[70.91072,40.5357],[70.91038,40.53616]],[[70.8819,40.52052],[70.8827,40.52062],[70.8937,40.52274]],[[70.91064,40.5247],[70.91236,40.52487],[70.9131,40.52488]],[[70.89749,40.52348],[70.89912,40.52369],[70.90958,40.52466]],[[70.89858,40.52359],[70.91025,40.52468],[70.91121,40.52471]],[[70.91638,40.52454],[70.91866,40.52403],[70.92087,40.52334]],[[70.92031,40.5235],[70.92177,40.52287],[70.92282,40.52229]],[[70.90701,40.52456],[70.90881,40.52469]],[[70.89984,40.52332],[70.91274,40.52457]],[[70.90028,40.52317],[70.91176,40.52422],[70.91392,40.52455]],[[71.02461,40.48253],[71.0237,40.4821],[71.02299,40.48143]],[[71.03473,40.48077],[71.0343,40.47992],[71.03371,40.47912],[71.03319,40.4788],[71.03119,40.4781],[71.02768,40.47804],[71.02702,40.47816],[71.02655,40.47837],[71.02623,40.47876],[71.02613,40.47929],[71.0262,40.47961],[71.02671,40.48035],[71.02717,40.48073],[71.0276,40.48088],[71.02852,40.481]],[[70.95297,40.51315],[70.95307,40.51325]],[[72.24422,40.90231],[72.249,40.89936]],[[72.31595,40.74689],[72.31447,40.74567],[72.31332,40.74443]],[[72.31571,40.74671],[72.31497,40.74633],[72.31325,40.74586],[72.31229,40.74542],[72.31135,40.74457],[72.31047,40.7436]],[[72.32404,40.74171],[72.32445,40.74209],[72.32613,40.74325]],[[72.3351,40.75053],[72.33268,40.74882]],[[72.35095,40.76608],[72.34929,40.76712],[72.34807,40.76863],[72.34697,40.7695]],[[72.34981,40.76675],[72.34831,40.76743],[72.3461,40.76896]],[[72.35039,40.76347],[72.34934,40.76282]],[[72.35364,40.76591],[72.35434,40.76651]],[[72.3538,40.76612],[72.35433,40.76655]],[[72.35328,40.76557],[72.35479,40.76673]],[[72.34239,40.75754],[72.34544,40.76013],[72.34691,40.76127],[72.34744,40.76158]],[[70.9894,40.85418],[70.9945,40.85452]],[[71.17139,40.8638],[71.17246,40.86428],[71.17287,40.86469],[71.17375,40.86635],[71.17605,40.86782]],[[70.98707,40.854],[70.98771,40.85406]],[[71.02915,40.85696],[71.03087,40.85708]],[[71.03087,40.85708],[71.03098,40.85709]],[[71.09942,40.85272],[71.0995,40.85271]],[[71.06771,40.85386],[71.06777,40.85385]],[[71.03368,40.85728],[71.03869,40.85764]],[[71.02386,40.85659],[71.0253,40.85669]],[[72.47369,40.89092],[72.47093,40.8863],[72.46979,40.88504],[72.46903,40.88447],[72.46806,40.88391],[72.4671,40.88353],[72.46577,40.88312],[72.43647,40.87468],[72.43488,40.87411],[72.43424,40.87376],[72.39965,40.84839],[72.37961,40.83549],[72.3787,40.83474],[72.37806,40.83403],[72.3775,40.8332],[72.37694,40.83179],[72.37678,40.82947],[72.37661,40.82856],[72.37593,40.82729],[72.37507,40.82633],[72.3745,40.82588],[72.37232,40.82455],[72.37115,40.82407],[72.37005,40.82378],[72.36932,40.82366],[72.36669,40.8235],[72.36543,40.82327],[72.36397,40.82287],[72.36095,40.82178],[72.36016,40.82141],[72.35918,40.82082],[72.35844,40.82018],[72.35801,40.81972],[72.3576,40.81912],[72.35525,40.81266],[72.35476,40.8117]],[[72.08047,41.12465],[72.07874,41.12585]],[[72.08474,41.11978],[72.08452,41.12063],[72.08426,41.12122],[72.08372,41.12205],[72.08275,41.12299],[72.08047,41.12465]],[[72.062,41.12338],[72.04182,41.115]],[[72.77053,40.71775],[72.75908,40.71839],[72.75751,40.71856],[72.75586,40.71849],[72.75377,40.71817],[72.72939,40.7128],[72.72756,40.71252],[72.72671,40.7125],[72.72494,40.71272],[72.72082,40.71361],[72.71987,40.71387],[72.71902,40.7142],[72.71824,40.71459],[72.71755,40.71505],[72.71688,40.71563]],[[72.48803,40.93225],[72.48587,40.92732],[72.48563,40.92656]],[[72.48235,40.90491],[72.48115,40.90281]],[[72.48115,40.90281],[72.47369,40.89092]],[[71.16515,40.88186],[71.16376,40.88279],[71.16242,40.88351],[71.16186,40.88373],[71.16075,40.88395],[71.15914,40.88407],[71.15306,40.88376]],[[71.14806,40.85684],[71.14416,40.85588]],[[71.16003,40.8845],[71.159,40.88487],[71.1586,40.88493],[71.15341,40.88464]],[[71.11643,40.84936],[71.11909,40.84901],[71.12052,40.84898],[71.12162,40.84905]],[[71.12162,40.84905],[71.12334,40.84932],[71.1244,40.84959],[71.12935,40.85123]],[[71.11645,40.84924],[71.11802,40.849],[71.1191,40.84891],[71.12163,40.84895],[71.12276,40.8491],[71.12404,40.84938],[71.12678,40.85024],[71.1273,40.85046]],[[71.07933,40.85368],[71.08396,40.85368],[71.08719,40.85342],[71.09323,40.8531]],[[71.07925,40.85368],[71.07933,40.85368]],[[71.04697,40.68686],[71.04738,40.68744],[71.05102,40.69411],[71.05188,40.69557]],[[71.04675,40.69087],[71.0496,40.69621]],[[71.04978,40.69646],[71.04958,40.69519],[71.04937,40.69443],[71.0474,40.69078]],[[71.13933,40.85456],[71.16373,40.86088],[71.16955,40.86305]],[[71.1351,40.84579],[71.13478,40.84669],[71.13469,40.84819]],[[70.77304,40.90238],[70.77416,40.90254],[70.77521,40.90251],[70.77636,40.90217],[70.77688,40.90186],[70.77754,40.90132],[70.77783,40.90083],[70.77801,40.90037],[70.77806,40.89978],[70.77734,40.89395],[70.77736,40.89364],[70.77762,40.89306]],[[71.52073,40.42444],[71.52723,40.42367]],[[71.73131,40.44568],[71.73461,40.44706],[71.73616,40.44793],[71.73713,40.44879],[71.73855,40.4506],[71.73927,40.45132],[71.74244,40.4534],[71.74471,40.45428],[71.74672,40.45476],[71.75099,40.45614],[71.75588,40.45753],[71.75871,40.45852]],[[71.75871,40.45852],[71.75924,40.45868]],[[71.74691,40.45455],[71.74744,40.45465],[71.75646,40.45739],[71.75757,40.45792]],[[71.75741,40.45769],[71.75685,40.45738],[71.7565,40.45726],[71.74749,40.45452]],[[71.76114,40.45917],[71.76212,40.4593]],[[71.77356,40.45462],[71.77375,40.4545]],[[71.77125,40.45325],[71.7735,40.4537],[71.77386,40.45375],[71.77447,40.45371],[71.77483,40.45357],[71.77655,40.45249]],[[72.54469,40.72972],[72.54255,40.7298],[72.54095,40.72972],[72.53909,40.7295]],[[72.53909,40.7295],[72.5388,40.72947]],[[71.74683,40.45467],[71.75598,40.45751],[71.75728,40.45799]],[[71.72965,40.44503],[71.72819,40.44425],[71.72712,40.4433],[71.72627,40.4421],[71.72603,40.44147],[71.72588,40.44069],[71.72584,40.43979],[71.72617,40.4384],[71.72643,40.43784],[71.7278,40.43592],[71.72823,40.43494]],[[71.72288,40.44059],[71.7243,40.44036]],[[71.79998,40.43724],[71.79881,40.43711],[71.79739,40.43677],[71.79379,40.43697]],[[71.81971,40.44162],[71.82128,40.44164],[71.82347,40.44198]],[[72.28094,40.70853],[72.28019,40.70761],[72.2799,40.70737]],[[71.75711,40.45765],[71.75666,40.45741],[71.75483,40.45683],[71.74776,40.45468],[71.7468,40.4545]],[[72.48519,40.92525],[72.48505,40.92416],[72.48514,40.92315],[72.48724,40.91422],[72.48753,40.9136],[72.4894,40.91083],[72.4897,40.91051],[72.49025,40.91015],[72.49157,40.90979],[72.49268,40.9092],[72.49704,40.9081]],[[72.4874,40.93066],[72.48713,40.93017]],[[72.48696,40.9295],[72.48523,40.92558],[72.48498,40.92415],[72.48507,40.92313],[72.48697,40.91489],[72.48699,40.91399],[72.4869,40.91341],[72.48636,40.91219],[72.48349,40.90732],[72.48235,40.90491]],[[71.80454,40.43833],[71.80295,40.43857],[71.8018,40.43865]],[[71.79847,40.45051],[71.7874,40.45121],[71.78695,40.45128]],[[71.78751,40.45062],[71.78835,40.45027],[71.7888,40.4502],[71.79244,40.44993]],[[71.78744,40.4507],[71.78785,40.45057],[71.78839,40.45049]],[[71.8205,40.44296],[71.82148,40.44317],[71.82252,40.4437]],[[72.73506,40.71538],[72.74074,40.71654],[72.74266,40.7165]],[[72.07874,41.12585],[72.07699,41.12683],[72.07579,41.12717],[72.07431,41.12737],[72.07282,41.12739],[72.0703,41.12682],[72.06269,41.12368]],[[72.06269,41.12368],[72.062,41.12338]],[[72.34673,40.7613],[72.34761,40.76197]],[[72.06921,40.70636],[72.06717,40.70531],[72.06595,40.70491],[72.06439,40.70462],[72.06186,40.70444]],[[72.27284,40.70353],[72.27417,40.70444],[72.28088,40.70945],[72.28209,40.71043]],[[71.8257,40.37739],[71.82493,40.37792],[71.82448,40.37868],[71.82445,40.37899],[71.82458,40.37966],[71.82471,40.37995],[71.82495,40.38021],[71.82522,40.38044],[71.82572,40.38068],[71.82615,40.38079],[71.82703,40.38079],[71.82926,40.38002],[71.83297,40.37947],[71.83365,40.37923],[71.83406,40.37888]],[[71.05164,40.6951],[71.04752,40.68758],[71.0472,40.68717]],[[71.04682,40.69081],[71.04956,40.69589],[71.04986,40.69685]],[[72.35126,40.76424],[72.35178,40.76474],[72.35293,40.76546]],[[70.46107,41.16212],[70.46148,41.16118],[70.46182,41.16074],[70.46216,41.1604],[70.46255,41.16013],[70.46312,41.15987],[70.46574,41.15926],[70.47165,41.15807],[70.47349,41.15747]],[[70.45995,41.16372],[70.46041,41.16334],[70.46107,41.16212]],[[72.96815,40.78217],[72.96657,40.775],[72.96501,40.7668],[72.96481,40.76613],[72.96437,40.76518],[72.96401,40.76457],[72.95236,40.75104],[72.95114,40.74982],[72.94987,40.74868]]]}},{"type":"Feature","properties":{"branch":"qoqon","name":"Qo'qon MTU","source_color":"red","km":1019,"lod":"overview","parts":60},"geometry":{"type":"MultiLineString","coordinates":[[[71.1294,40.8512],[71.1186,40.849],[71.1021,40.8526],[71.0684,40.8538],[71.0482,40.8583],[70.9799,40.8535],[70.9589,40.8533],[70.9511,40.8506],[70.9444,40.8528],[70.9033,40.8371],[70.8208,40.8303],[70.8124,40.8368],[70.8063,40.8459],[70.7928,40.8517],[70.7903,40.8541],[70.7811,40.8882],[70.7774,40.8936],[70.7775,40.9013],[70.7742,40.9025],[70.7646,40.9017],[70.7594,40.9059],[70.765,40.9154],[70.7596,40.9202],[70.7593,40.9226],[70.7677,40.9271],[70.7685,40.932],[70.7616,40.9411],[70.7531,40.9443],[70.7532,40.9464],[70.7586,40.9513],[70.753,40.9587],[70.7523,40.9633],[70.7414,40.9828],[70.7332,40.9857],[70.7316,40.9939],[70.7246,40.9963],[70.7235,41.0014],[70.7195,41.0057],[70.7191,41.0277],[70.7121,41.0448],[70.7159,41.0507],[70.7132,41.0561],[70.7068,41.0622],[70.7031,41.0707],[70.6981,41.0756],[70.6944,41.0772],[70.6804,41.078],[70.4735,41.1575],[70.4631,41.1599],[70.46,41.1637]],[[72.017,41.1045],[71.9747,41.0868],[71.9483,41.0838],[71.9402,41.0815],[71.9177,41.0808],[71.8815,41.0845],[71.8624,41.0845],[71.8417,41.0745],[71.8188,41.0717],[71.8062,41.0611],[71.7906,41.0539],[71.749,41.0434],[71.7303,41.0369],[71.7163,41.0342],[71.7094,41.0295],[71.6935,41.0225],[71.688,41.0183],[71.6658,41.0095],[71.6596,41.0055],[71.6514,41.0045],[71.6377,40.9971],[71.6211,40.9925],[71.6043,40.9908],[71.5317,40.9441],[71.5173,40.9403],[71.4422,40.9358],[71.3647,40.9044],[71.3186,40.8941],[71.218,40.8795],[71.2027,40.8756],[71.1709,40.8636]],[[72.4411,40.7579],[72.469,40.7522],[72.4802,40.7482],[72.4876,40.7422],[72.4984,40.7407],[72.5146,40.7315],[72.5301,40.7286],[72.5457,40.7296],[72.5721,40.7202],[72.6119,40.7197],[72.6475,40.722]],[[71.7621,40.4593],[71.803,40.4546],[71.8096,40.4507],[71.811,40.4442],[71.8063,40.4365],[71.804,40.4219],[71.7952,40.4079],[71.7947,40.401],[71.813,40.3836],[71.8583,40.362],[71.917,40.3233],[71.9268,40.3219],[71.9376,40.3163],[71.948,40.3167],[71.9677,40.3062],[71.9713,40.3027]],[[71.7587,40.4585],[71.7453,40.4545]],[[71.1347,40.8482],[71.1326,40.8512],[71.1273,40.8505]],[[70.9103,40.5247],[70.8983,40.5237],[70.8609,40.5161],[70.6468,40.4498],[70.6166,40.4343],[70.5957,40.4258],[70.574,40.4192],[70.5594,40.4118],[70.4939,40.3928],[70.4645,40.3807],[70.4472,40.3659]],[[72.3382,40.8478],[72.306,40.8632],[72.2264,40.9133],[72.1906,40.9215],[72.1642,40.9216],[72.1455,40.9194]],[[72.2016,40.6527],[72.2155,40.661],[72.3348,40.7496],[72.3426,40.7576],[72.3547,40.7663]],[[72.2298,40.6565],[72.2198,40.6614]],[[72.344,40.7586],[72.3561,40.7672],[72.3608,40.7733],[72.3698,40.7786],[72.3741,40.7878],[72.3816,40.7952],[72.3804,40.7993],[72.376,40.8018],[72.3598,40.8012],[72.3549,40.8033],[72.3533,40.8077],[72.3569,40.8175]],[[72.3537,40.809],[72.3583,40.8201],[72.3744,40.8259],[72.3765,40.8286],[72.3762,40.8334],[72.3721,40.8364],[72.351,40.8418],[72.3276,40.8529]],[[72.3234,40.8002],[72.3083,40.8007],[72.2992,40.8033],[72.2979,40.8119],[72.2996,40.8209],[72.2981,40.8248],[72.2991,40.8335],[72.317,40.8434],[72.3395,40.8428],[72.3411,40.8456],[72.3395,40.8471]],[[72.2198,40.6614],[72.2171,40.6619],[72.2109,40.6577]],[[72.9249,40.7286],[72.9266,40.7338],[72.9499,40.7487],[72.964,40.7646],[72.9714,40.7957]],[[72.3188,40.7493],[72.314,40.7437],[72.3203,40.7392],[72.3349,40.7497],[72.3437,40.7585]],[[72.3548,40.8117],[72.3592,40.8208],[72.3745,40.8259],[72.3796,40.8355],[72.4342,40.8738],[72.4698,40.885],[72.4869,40.9134],[72.485,40.9242],[72.4875,40.931]],[[72.6389,40.7214],[72.708,40.7215],[72.719,40.7142],[72.7267,40.7125],[72.7559,40.7185],[72.7705,40.7177]],[[72.9305,40.7365],[72.9262,40.7347],[72.9206,40.7351],[72.9084,40.7443],[72.8965,40.7476],[72.8819,40.7484],[72.8733,40.743],[72.8656,40.7403],[72.8598,40.7349],[72.8496,40.7323],[72.8367,40.7154],[72.8309,40.7141]],[[71.7167,40.4399],[71.7231,40.44],[71.7278,40.4358],[71.7275,40.4279],[71.7339,40.4196],[71.7304,40.4115],[71.731,40.404],[71.7387,40.3944],[71.7461,40.3923],[71.7613,40.3973]],[[72.0556,40.7042],[72.0654,40.7048],[72.0758,40.7085],[72.0923,40.7046],[72.1134,40.6914],[72.1422,40.6838],[72.1503,40.6767],[72.1835,40.6573],[72.1961,40.6521],[72.2023,40.6531]],[[71.977,40.4998],[71.9931,40.5031],[72.0087,40.511],[72.1913,40.6466],[72.2114,40.6581]],[[71.7158,40.4396],[71.6986,40.4369],[71.6392,40.4187],[71.5838,40.4169],[71.4345,40.4344],[71.1478,40.4642],[71.0163,40.4864],[70.9686,40.5055],[70.9421,40.5106]],[[70.9209,40.5234],[70.9164,40.5262],[70.9081,40.54],[70.9078,40.5456],[70.935,40.5767],[70.9428,40.589],[71.041,40.678],[71.1428,40.8259],[71.1433,40.8328],[71.1347,40.8482]],[[71.5009,40.4268],[71.5227,40.4241]],[[71.7588,40.4586],[71.7448,40.4543]],[[71.7291,40.4448],[71.7179,40.4403]],[[71.7448,40.4543],[71.735,40.4473],[71.7179,40.4403]],[[71.8893,40.4899],[71.8608,40.4848],[71.8208,40.4693],[71.7882,40.4594],[71.7759,40.4588],[71.7684,40.4605],[71.7588,40.4586]],[[71.7585,40.4585],[71.7448,40.4543]],[[70.9521,40.5168],[70.9538,40.5151],[70.9528,40.513],[70.9421,40.5106]],[[71.8442,41.0759],[71.8353,41.0735],[71.8223,41.0729],[71.8171,41.0708]],[[71.8171,41.0708],[71.8282,41.0732]],[[71.1393,40.8546],[71.1294,40.8512]],[[71.1273,40.8505],[71.1212,40.8489],[71.1144,40.8497]],[[71.9715,41.0863],[71.977,41.0868],[71.9793,41.0855],[71.984,41.0719],[71.9936,41.0631],[71.9924,41.0569],[71.9857,41.0471],[71.9789,41.0444],[71.9453,41.024],[71.9273,41.017],[71.9138,41.0094],[71.9017,40.9975],[71.8877,40.9903],[71.8811,40.9833],[71.8699,40.9782]],[[70.9112,40.5349],[70.9075,40.5429],[70.9145,40.5516]],[[70.9085,40.5478],[70.907,40.5426],[70.9109,40.5353]],[[72.017,41.1045],[72.0703,41.1268],[72.077,41.1268],[72.0832,41.1226],[72.0847,41.1198]],[[72.0904,41.0858],[72.089,41.0898],[72.0847,41.0921],[72.0759,41.0924],[72.0235,41.1056],[72.017,41.1045]],[[72.1248,40.9212],[72.1106,40.9542],[72.0847,41.1202]],[[72.086,41.1115],[72.0847,41.1198]],[[72.0847,41.1198],[72.0881,41.125],[72.1041,41.1296],[72.1137,41.137],[72.1666,41.1619],[72.1727,41.1702]],[[70.9342,40.5152],[70.9209,40.5234],[70.9123,40.5248]],[[71.7267,40.444],[71.7158,40.4396]],[[71.7306,40.4455],[71.7158,40.4396]],[[71.8097,40.4418],[71.8111,40.4458],[71.8085,40.4511],[71.7788,40.4519],[71.7636,40.4593],[71.7465,40.4545]],[[71.1303,40.4416],[71.1167,40.4544],[71.1098,40.4705],[71.0541,40.4799]],[[72.7575,40.7186],[72.8368,40.7137],[72.8553,40.7084],[72.8769,40.7101]],[[70.9342,40.5152],[70.9229,40.5224]],[[70.9151,40.5282],[70.9112,40.5349]],[[70.9421,40.5106],[70.9342,40.5152]],[[71.7587,40.4585],[71.7424,40.4534],[71.7362,40.4479],[71.73,40.4452]],[[71.1709,40.8636],[71.1393,40.8546]],[[72.2347,40.6584],[72.2297,40.661],[72.2248,40.6588],[72.2198,40.6614]],[[71.1393,40.8546],[71.1355,40.8522],[71.1347,40.8482]],[[71.5014,40.4267],[71.5189,40.4246]],[[71.7267,40.444],[71.7166,40.4399]],[[71.7519,40.4588],[71.7592,40.4587]],[[71.1761,40.8678],[71.1714,40.8638]]]}},{"type":"Feature","properties":{"branch":"qarshi","name":"Qarshi MTU","source_color":"orange","km":758,"lod":"detail","parts":648},"geometry":{"type":"MultiLineString","coordinates":[[[65.25834,39.19456],[65.2596,39.19409],[65.26102,39.19373],[65.26478,39.19191],[65.26528,39.19155]],[[65.25918,39.1943],[65.25745,39.19494]],[[65.57449,39.065],[65.57665,39.06452],[65.58561,39.06193],[65.58748,39.06125]],[[66.74393,38.3065],[66.74357,38.30686],[66.74329,38.30733],[66.74309,38.30824],[66.74308,38.30892],[66.74313,38.30936],[66.74338,38.30998],[66.74392,38.31056],[66.74454,38.31088],[66.7455,38.3112],[66.74633,38.31127],[66.7476,38.31111],[66.74809,38.31091],[66.74881,38.31034],[66.75493,38.30422],[66.7567,38.30235],[66.75763,38.30106],[66.76007,38.29705],[66.76094,38.29638],[66.76182,38.29593],[66.76879,38.29384],[66.76943,38.29357],[66.77005,38.29317],[66.77075,38.29243],[66.77154,38.29144],[66.77198,38.29066],[66.77316,38.28793],[66.77354,38.2874],[66.77429,38.28659],[66.7775,38.28334],[66.77813,38.28249],[66.78023,38.27916],[66.78068,38.27861],[66.78161,38.27783],[66.78262,38.27716],[66.78481,38.2758],[66.78725,38.27442],[66.78758,38.27415],[66.78838,38.27314],[66.78862,38.27247],[66.78866,38.27203],[66.78851,38.27085],[66.78833,38.27049],[66.78781,38.26995],[66.78469,38.26741],[66.78435,38.26688],[66.78423,38.26624],[66.7844,38.26522],[66.78461,38.26484],[66.78505,38.26442],[66.78566,38.264],[66.78663,38.26361],[66.78743,38.26349],[66.78997,38.2634],[66.7906,38.26333],[66.79204,38.26296],[66.79263,38.26269],[66.79358,38.26166],[66.79375,38.26137],[66.79389,38.26071],[66.79368,38.25982],[66.79334,38.2592],[66.79294,38.25881],[66.79158,38.25776],[66.79042,38.25656],[66.79016,38.25601],[66.79017,38.25534],[66.79064,38.25423],[66.79116,38.25377],[66.79291,38.25293],[66.79505,38.25237]],[[66.07813,38.66147],[66.07812,38.66131]],[[66.07812,38.66131],[66.0777,38.65607]],[[66.0777,38.65607],[66.07769,38.65583]],[[66.07759,38.6463],[66.07763,38.64591]],[[66.09265,38.59788],[66.09286,38.59752]],[[66.09286,38.59752],[66.11498,38.55999]],[[66.1169,38.55675],[66.11716,38.55629]],[[66.11477,38.66604],[66.11503,38.66597]],[[65.86327,38.76051],[65.90364,38.73246],[65.90623,38.73075],[65.9088,38.72953],[65.97104,38.70412],[65.99102,38.69529],[66.0044,38.68951],[66.02248,38.68152],[66.02747,38.68049],[66.04996,38.67661],[66.05994,38.67454]],[[65.81956,38.78961],[65.81976,38.7895]],[[65.79162,38.46866],[65.79309,38.46775]],[[65.80242,38.46354],[65.8008,38.46453],[65.79723,38.46627]],[[65.793,38.79823],[65.7929,38.79865],[65.79229,38.80009]],[[65.78153,38.81564],[65.78129,38.81591]],[[65.78212,38.81654],[65.78244,38.816]],[[65.78255,38.81384],[65.7829,38.81321],[65.78416,38.81165],[65.79004,38.80463]],[[65.78913,38.80609],[65.78887,38.80626],[65.78303,38.81332],[65.78292,38.81357]],[[65.78905,38.80638],[65.78301,38.81385]],[[65.78293,38.81395],[65.78352,38.81338],[65.78441,38.81234],[65.78789,38.80813],[65.7892,38.80643]],[[65.77161,38.82692],[65.77093,38.82808]],[[65.757,38.83377],[65.76202,38.83384],[65.76344,38.83379],[65.76437,38.83364],[65.76516,38.8334],[65.76607,38.83308],[65.76656,38.8328]],[[65.76353,38.83524],[65.76436,38.83428]],[[65.74815,38.83405],[65.75001,38.83421],[65.75076,38.83415]],[[65.76724,38.83233],[65.76655,38.83289],[65.76465,38.83405],[65.76414,38.83446],[65.76348,38.83522]],[[66.84215,39.09554],[66.84191,39.09628],[66.84159,39.09667]],[[66.65163,38.96406],[66.65663,38.96782]],[[66.63661,38.95271],[66.65118,38.96373]],[[66.71196,39.02438],[66.7145,39.02655]],[[66.33104,38.69308],[66.33141,38.69344]],[[65.78129,38.81591],[65.78005,38.81741],[65.77977,38.81784]],[[65.72212,38.94043],[65.72321,38.93968]],[[65.71954,38.94213],[65.72003,38.94178]],[[66.07833,38.66357],[66.07813,38.66147]],[[66.07769,38.65583],[66.07739,38.65221],[66.07733,38.64986]],[[66.07733,38.64986],[66.07733,38.64959]],[[66.07733,38.64959],[66.07747,38.6475]],[[66.07763,38.64591],[66.08063,38.62383]],[[66.08063,38.62383],[66.08068,38.62354]],[[66.26569,38.63661],[66.26519,38.6365],[66.26485,38.63651],[66.26263,38.63691],[66.26223,38.63703],[66.26197,38.63718],[66.26137,38.63782],[66.26096,38.63895]],[[66.25815,38.63488],[66.25959,38.63503],[66.2631,38.63576],[66.26363,38.63581]],[[65.74376,38.92442],[65.74025,38.92734],[65.73999,38.92761],[65.73955,38.92829]],[[65.77236,38.82665],[65.77337,38.82472],[65.77828,38.81871],[65.77859,38.81839],[65.77942,38.81777],[65.78065,38.81654]],[[65.78129,38.81591],[65.78065,38.81654],[65.77968,38.81768],[65.77924,38.81833],[65.7731,38.82572],[65.7712,38.82806],[65.77094,38.82846]],[[65.77287,38.82586],[65.77367,38.82476],[65.77898,38.81828]],[[65.78767,38.80902],[65.78828,38.80858],[65.78887,38.80839],[65.79175,38.808],[65.79222,38.80785],[65.79564,38.8058]],[[65.79138,38.801],[65.7909,38.80243]],[[65.79016,38.80443],[65.78959,38.80522],[65.78281,38.81341]],[[65.78277,38.81411],[65.78325,38.81375],[65.78901,38.80682]],[[65.78938,38.8062],[65.7887,38.8073],[65.78404,38.81297]],[[65.78879,38.46979],[65.79135,38.46885]],[[65.79169,38.4687],[65.79256,38.46821],[65.80154,38.46391],[65.80199,38.46375]],[[66.13139,38.48763],[66.1317,38.48729]],[[65.75797,38.83465],[65.75917,38.8347]],[[65.78084,38.81753],[65.77969,38.81855],[65.77928,38.81879]],[[66.42851,38.34634],[66.42932,38.34642]],[[66.42323,38.34568],[66.42851,38.34634]],[[66.5603,38.24527],[66.56054,38.24541]],[[66.55424,38.24187],[66.5603,38.24527]],[[66.54872,38.2445],[66.54841,38.24448]],[[65.75045,38.95402],[65.75111,38.95453]],[[65.77506,38.91395],[65.77351,38.91458],[65.77213,38.91538],[65.76296,38.91779],[65.762,38.91813],[65.76172,38.9183],[65.76149,38.91848],[65.76113,38.91908],[65.76086,38.91993],[65.76087,38.92039],[65.76121,38.92101],[65.76211,38.92203]],[[65.76086,38.91993],[65.76081,38.92035],[65.76092,38.92077],[65.76205,38.92206]],[[65.75822,38.91672],[65.75843,38.91721],[65.7588,38.91758],[65.75936,38.9179],[65.75998,38.91812]],[[65.74446,38.92477],[65.74268,38.9263],[65.73964,38.92838],[65.73887,38.92901]],[[65.26011,39.19354],[65.26138,39.19284],[65.26176,39.19254],[65.26213,39.19208],[65.26229,39.1916],[65.26227,39.19111],[65.26104,39.18522]],[[65.24478,39.20097],[65.23133,39.20745],[65.23006,39.20815],[65.22463,39.21143]],[[66.62729,38.94561],[66.62802,38.9462]],[[65.78269,38.81344],[65.78272,38.81329],[65.78337,38.81245],[65.78509,38.81036],[65.78951,38.80503],[65.78995,38.80465]],[[66.44756,38.34823],[66.44479,38.34801],[66.44335,38.34773]],[[65.75111,38.95453],[65.75625,38.95874],[65.76651,38.96695]],[[66.45052,38.3484],[66.45098,38.34825]],[[66.34405,38.70545],[66.36182,38.72233]],[[65.77304,38.82531],[65.77335,38.82482],[65.77791,38.81928],[65.77861,38.81844],[65.77886,38.81828]],[[66.33292,38.3856],[66.34517,38.38242],[66.34665,38.38192],[66.34804,38.38135],[66.34931,38.38066],[66.35089,38.37964],[66.3518,38.37892],[66.35352,38.37732],[66.36541,38.36566],[66.36614,38.36504],[66.37263,38.36127],[66.37323,38.3609],[66.37364,38.3605],[66.37629,38.35724],[66.37659,38.35642],[66.37674,38.35545],[66.3768,38.35349],[66.37675,38.35279],[66.37619,38.35108],[66.37603,38.34976],[66.37628,38.3492],[66.37704,38.34831],[66.37773,38.34779],[66.37823,38.34754],[66.37921,38.34729],[66.40239,38.34325],[66.40404,38.34305],[66.40546,38.34306],[66.40748,38.34327],[66.42234,38.34556]],[[66.55205,38.24063],[66.55424,38.24187]],[[66.61929,38.93873],[66.61989,38.93926]],[[65.7738,38.81661],[65.77722,38.81602],[65.77911,38.81621],[65.77984,38.81614],[65.78043,38.81597],[65.78106,38.81563]],[[65.77171,38.91551],[65.77116,38.91555],[65.77065,38.91535],[65.77052,38.91524],[65.7699,38.91403]],[[65.79246,38.8009],[65.79237,38.80172],[65.79267,38.80232],[65.79287,38.8025],[65.79315,38.80267],[65.79387,38.80293],[65.79448,38.80299],[65.79492,38.80295]],[[66.8432,39.09274],[66.84311,39.093],[66.84287,39.09549]],[[65.77903,38.81898],[65.7807,38.81755]],[[65.78982,38.80559],[65.78314,38.81355]],[[65.2704,39.18876],[65.26897,39.18963],[65.26034,39.19375],[65.25918,39.19416]],[[66.73862,39.04816],[66.74243,39.05165]],[[66.74243,39.05165],[66.74603,39.05485],[66.74707,39.05567],[66.7482,39.05636],[66.74921,39.05686],[66.75067,39.05739],[66.75217,39.05778]],[[66.69275,39.00014],[66.70369,39.01442],[66.70683,39.01863],[66.71022,39.02276],[66.71196,39.02438]],[[66.75217,39.05778],[66.76658,39.0614]],[[66.76658,39.0614],[66.76676,39.06145]],[[65.60778,39.05618],[65.60607,39.05433],[65.60581,39.05391]],[[65.77039,38.97008],[65.80762,39.00013]],[[65.72003,38.94178],[65.7225,38.94009]],[[65.6688,39.00077],[65.66566,39.00489],[65.65659,39.01512],[65.65499,39.01676],[65.65317,39.01831],[65.63623,39.03148],[65.63302,39.03396],[65.63007,39.0361],[65.59316,39.05896],[65.59086,39.06005],[65.58812,39.06106],[65.57829,39.0639]],[[65.25876,39.19436],[65.2579,39.19476]],[[65.25788,39.19472],[65.2533,39.19691]],[[66.08068,38.62354],[66.08128,38.61897],[66.08176,38.61706],[66.08234,38.61556],[66.08273,38.61476],[66.08475,38.61125],[66.09265,38.59788]],[[66.11503,38.66597],[66.12402,38.66326],[66.13021,38.66201]],[[65.70806,38.9546],[65.70792,38.95477]],[[65.70792,38.95477],[65.6839,38.98294],[65.6688,39.00077]],[[66.07835,38.66385],[66.07833,38.66357]],[[66.07747,38.6475],[66.07748,38.64729]],[[66.07748,38.64729],[66.07759,38.6463]],[[66.11498,38.55999],[66.11518,38.55965]],[[65.81639,38.45679],[65.81343,38.4582],[65.81238,38.45851],[65.81054,38.45937]],[[65.80202,38.46381],[65.80277,38.46345]],[[65.79087,38.46902],[65.79222,38.46838]],[[65.81097,38.45937],[65.8095,38.46021],[65.80784,38.461]],[[65.81342,38.45833],[65.81287,38.45866],[65.80846,38.46079],[65.80784,38.461],[65.80454,38.46254]],[[65.81343,38.4582],[65.81097,38.45937],[65.81002,38.45964],[65.80854,38.46033]],[[65.81423,38.45789],[65.81003,38.45989]],[[65.8095,38.46021],[65.81376,38.45817],[65.81468,38.45761]],[[65.81041,38.45615],[65.81135,38.45733],[65.81205,38.4578],[65.8124,38.45792],[65.81308,38.45802],[65.81378,38.45794],[65.81436,38.45776]],[[65.76695,38.83249],[65.76605,38.83314],[65.76468,38.83361],[65.76376,38.83381],[65.7625,38.8339],[65.75841,38.83384],[65.75792,38.83378]],[[65.76037,38.83861],[65.76158,38.83716],[65.76184,38.83696],[65.76232,38.83671],[65.76375,38.83618],[65.76442,38.83576],[65.76693,38.83259]],[[65.63647,38.4523],[65.63857,38.45627],[65.64541,38.46832]],[[65.66467,38.50529],[65.66483,38.50588]],[[65.81976,38.7895],[65.82623,38.78575],[65.83296,38.78173],[65.83461,38.78046],[65.84408,38.77388]],[[65.78143,38.81525],[65.78075,38.81633]],[[65.79193,38.78867],[65.79274,38.79065],[65.79338,38.79413],[65.7934,38.79645],[65.79332,38.79729]],[[65.79308,38.79773],[65.79311,38.79858]],[[65.77947,38.81821],[65.77975,38.81793]],[[65.78914,38.80204],[65.78957,38.80174],[65.79082,38.80124],[65.79156,38.8008]],[[65.73699,38.9433],[65.7372,38.94347]],[[65.73768,38.92997],[65.73868,38.92936],[65.74003,38.9287],[65.74889,38.92276],[65.75159,38.92057]],[[65.74022,38.9281],[65.74792,38.92296],[65.74867,38.92254]],[[65.76682,38.9672],[65.76989,38.96968]],[[65.70806,38.9546],[65.71649,38.94476],[65.71868,38.94274],[65.71954,38.94213]],[[65.7225,38.94009],[65.72402,38.93926],[65.72546,38.93874],[65.72721,38.93848],[65.72808,38.93849],[65.72894,38.93858],[65.73035,38.93891],[65.73149,38.93941],[65.73199,38.9397],[65.7358,38.94239]],[[65.70806,38.9546],[65.70792,38.95477]],[[65.76651,38.96695],[65.76682,38.9672]],[[65.76332,38.83393],[65.765,38.83362],[65.76582,38.83335]],[[65.78128,38.81672],[65.77951,38.81842]],[[65.57486,39.06503],[65.57665,39.06452]],[[65.77917,38.81797],[65.77861,38.81853],[65.7734,38.82485],[65.77305,38.82551]],[[65.77798,38.82001],[65.77853,38.81948],[65.77967,38.81815],[65.78173,38.81558],[65.78201,38.81531],[65.78315,38.81455],[65.78414,38.81378],[65.78466,38.81329],[65.78592,38.8117]],[[65.78274,38.81395],[65.78321,38.81327],[65.78809,38.80739],[65.78952,38.80583]],[[65.74959,38.92198],[65.74904,38.92229]],[[65.76135,38.91823],[65.75887,38.91888],[65.758,38.91905],[65.75486,38.91894],[65.75413,38.9191],[65.75338,38.91948],[65.75033,38.92155]],[[65.75717,38.9088],[65.75699,38.90788]],[[65.761,38.9194],[65.76068,38.92041],[65.76084,38.92099],[65.76296,38.92338]],[[65.76261,38.91791],[65.76135,38.91823],[65.76092,38.91826],[65.75998,38.91812],[65.75978,38.91799],[65.75964,38.91776],[65.75962,38.91756],[65.75986,38.91666]],[[65.75844,38.91645],[65.75861,38.91709],[65.75891,38.91752],[65.75936,38.9179]],[[65.13207,39.26301],[65.13357,39.26449],[65.13419,39.26491],[65.13481,39.2651],[65.13553,39.26516],[65.13628,39.26505],[65.13659,39.26493]],[[65.15662,39.25263],[65.15931,39.25106]],[[65.31088,39.17091],[65.3113,39.17083],[65.31192,39.17061],[65.3154,39.16895]],[[65.31791,39.16769],[65.3117,39.17065],[65.3105,39.17097]],[[65.31369,39.16993],[65.31163,39.17083],[65.31094,39.17094],[65.30771,39.17117],[65.30697,39.17129],[65.30622,39.17157],[65.28158,39.18336],[65.28053,39.18408]],[[65.26097,39.18523],[65.26224,39.19147],[65.26219,39.19182],[65.262,39.19219],[65.26114,39.19295]],[[65.2691,39.18973],[65.2703,39.1889],[65.27142,39.18836]],[[65.77946,38.81793],[65.77332,38.82536]],[[65.74053,38.70289],[65.74112,38.70387]],[[65.71936,38.66749],[65.74053,38.70289]],[[65.57829,39.0639],[65.52648,39.07899],[65.49573,39.08814]],[[65.75956,38.84086],[65.76052,38.83974]],[[65.7596,38.84091],[65.76297,38.83672],[65.76375,38.83618]],[[65.75846,38.8461],[65.75877,38.84551],[65.75915,38.84429],[65.75957,38.84353]],[[65.84408,38.77388],[65.85328,38.76747]],[[65.79242,38.81549],[65.79213,38.816],[65.79205,38.81643],[65.79225,38.81797]],[[65.76063,38.84094],[65.75999,38.84233],[65.75917,38.84465]],[[65.78362,38.81332],[65.78404,38.81297]],[[65.77156,38.82718],[65.77117,38.82765]],[[65.78129,38.81591],[65.78065,38.81654],[65.77968,38.81768],[65.77924,38.81833],[65.7731,38.82572],[65.7712,38.82806],[65.77094,38.82846]],[[65.77945,38.81815],[65.77918,38.8184]],[[65.76535,38.83188],[65.76715,38.83174],[65.76789,38.83146],[65.76885,38.83073],[65.77038,38.82905],[65.77251,38.82627],[65.77303,38.82513],[65.7733,38.82482]],[[65.76936,38.83067],[65.77133,38.8282],[65.77193,38.82726]],[[65.77499,38.84336],[65.77414,38.83929],[65.77413,38.83893],[65.77437,38.83786],[65.77433,38.83753],[65.77422,38.83725],[65.7736,38.83653]],[[65.78677,38.80992],[65.78722,38.80956]],[[65.7922,38.80035],[65.79191,38.80111],[65.79033,38.80314],[65.78949,38.80384],[65.78814,38.80464],[65.7878,38.80497]],[[65.78714,38.80638],[65.78746,38.80583],[65.78892,38.80425],[65.78916,38.80408]],[[65.7921,38.80073],[65.79176,38.80223],[65.79095,38.80381],[65.78962,38.80591],[65.78333,38.81352],[65.78234,38.81453],[65.78148,38.81559]],[[65.78538,38.80971],[65.7859,38.80889],[65.78827,38.806]],[[65.78556,38.80929],[65.7862,38.80808]],[[65.78444,38.8135],[65.78573,38.8113],[65.78918,38.80724],[65.79004,38.8066],[65.79234,38.80518]],[[65.79618,38.80551],[65.79685,38.80536],[65.79766,38.80536],[65.79805,38.80545],[65.79839,38.80561],[65.79895,38.80605],[65.79979,38.80699]],[[65.79145,38.7875],[65.79193,38.78867]],[[65.79514,38.8149],[65.7946,38.81234],[65.79383,38.81009]],[[65.79444,38.81278],[65.79439,38.81337],[65.79424,38.81388],[65.79369,38.81478]],[[65.78253,38.81414],[65.78314,38.81355]],[[65.78222,38.81557],[65.78265,38.81502]],[[65.78315,38.81455],[65.78188,38.81551],[65.78019,38.81747]],[[65.79332,38.79729],[65.79316,38.79838],[65.7927,38.8002]],[[65.78761,38.82118],[65.7896,38.81849],[65.78987,38.81819],[65.7906,38.81768],[65.7939,38.8137],[65.7943,38.81316],[65.79444,38.81278]],[[65.77961,38.81859],[65.78071,38.81819],[65.78139,38.81807],[65.78251,38.81805]],[[65.78198,38.81485],[65.78234,38.81453]],[[65.787,38.80497],[65.78952,38.80195],[65.78984,38.8017],[65.79031,38.80147]],[[65.78292,38.81369],[65.78982,38.80545]],[[65.74439,38.83346],[65.75036,38.8341],[65.7511,38.83401]],[[65.75377,38.83338],[65.75478,38.83343]],[[65.76885,38.83073],[65.76814,38.83161],[65.76783,38.83188],[65.76724,38.83233],[65.76656,38.83271],[65.76601,38.83291],[65.76422,38.83299],[65.76283,38.83272]],[[65.77025,38.8338],[65.77046,38.83326],[65.77052,38.83266],[65.77008,38.83146],[65.76989,38.83063],[65.76995,38.83023],[65.77043,38.82933]],[[65.77093,38.82808],[65.77035,38.829],[65.76957,38.82997]],[[65.77815,38.83834],[65.77584,38.83794],[65.77558,38.83783],[65.77286,38.83609],[65.77171,38.83559],[65.77137,38.83535],[65.77103,38.83505],[65.77072,38.83445],[65.77063,38.83384],[65.7707,38.83311],[65.77055,38.83252],[65.7704,38.8323]],[[65.78007,38.81715],[65.77947,38.81784],[65.77854,38.81871],[65.77373,38.82456],[65.77256,38.82632]],[[65.78005,38.81741],[65.77271,38.82633]],[[65.77809,38.81611],[65.77926,38.8165]],[[65.75467,38.83429],[65.75558,38.83412],[65.75669,38.83378],[65.757,38.83377]],[[65.75826,38.83338],[65.76156,38.83371],[65.76243,38.83375],[65.76363,38.83371],[65.76473,38.83345],[65.76571,38.83311],[65.76636,38.83278]],[[65.77115,38.83182],[65.77183,38.82978],[65.77209,38.82834],[65.77203,38.82758],[65.77233,38.82678]],[[65.76487,38.83521],[65.76439,38.8359],[65.76245,38.83825],[65.76065,38.84092],[65.75967,38.84211],[65.75923,38.84293]],[[65.76288,38.83667],[65.76214,38.83763],[65.76208,38.83783]],[[65.77093,38.82808],[65.77154,38.82689]],[[65.71954,38.94213],[65.72003,38.94178]],[[65.76989,38.96968],[65.77039,38.97008]],[[66.32574,38.38829],[66.32702,38.38788]],[[66.31652,38.39238],[66.31716,38.39216],[66.32591,38.38838],[66.32647,38.38808]],[[66.60917,38.92924],[66.61585,38.93542],[66.61929,38.93873]],[[66.04685,39.19759],[66.04545,39.19595]],[[66.267,38.41108],[66.26803,38.41082],[66.26913,38.41018],[66.26958,38.4097],[66.27032,38.40845],[66.27289,38.39854],[66.27332,38.39736],[66.27382,38.39653],[66.27451,38.39589],[66.27688,38.39451],[66.27779,38.39417],[66.27931,38.39378],[66.28039,38.39372],[66.28169,38.39382],[66.29062,38.39538],[66.29232,38.39574],[66.29374,38.39616],[66.29571,38.39691],[66.29688,38.39725],[66.29739,38.39734],[66.29817,38.39736],[66.29951,38.39727],[66.30708,38.39581],[66.31053,38.395],[66.32647,38.38808],[66.32745,38.38771],[66.33026,38.38637],[66.33257,38.38569]],[[66.26634,38.41119],[66.267,38.41108]],[[66.11518,38.55965],[66.1169,38.55675]],[[66.44223,38.34773],[66.44161,38.34762],[66.43141,38.34653],[66.43076,38.34652]],[[66.4439,38.34791],[66.44323,38.34784]],[[66.44335,38.34809],[66.44479,38.34805]],[[65.13711,39.26468],[65.13625,39.26521],[65.13574,39.2654],[65.13507,39.26542],[65.1344,39.26528],[65.1338,39.26495],[65.13335,39.26456],[65.13259,39.26377],[65.13207,39.26301],[65.13144,39.2624]],[[65.14853,39.25764],[65.14746,39.25826],[65.1463,39.25875],[65.14375,39.26026]],[[65.14778,39.2581],[65.13802,39.26412],[65.13659,39.26493],[65.13573,39.26505],[65.13491,39.26492],[65.13423,39.26458],[65.13376,39.26411]],[[65.2815,39.18354],[65.28016,39.18431]],[[65.26238,39.18611],[65.26273,39.18749],[65.26266,39.18781],[65.26221,39.18862],[65.26201,39.1895],[65.26201,39.18984]],[[65.27223,39.18788],[65.27174,39.18807]],[[66.67858,38.98437],[66.67648,38.98277]],[[66.45098,38.34825],[66.45159,38.34807],[66.45242,38.34769],[66.45311,38.34726],[66.45974,38.34152],[66.46077,38.34044],[66.46149,38.33948],[66.4624,38.33793],[66.46546,38.33104],[66.46637,38.32918],[66.46714,38.32802],[66.48763,38.30753],[66.51089,38.28999],[66.51261,38.28879],[66.51412,38.28791],[66.52414,38.28312],[66.52498,38.28252],[66.52524,38.28221],[66.52574,38.28128],[66.52755,38.27755],[66.52853,38.27572],[66.53979,38.26026],[66.54033,38.25967],[66.54157,38.25869],[66.54235,38.25834],[66.54465,38.25755],[66.5455,38.25719],[66.54588,38.25694],[66.54618,38.25668],[66.54666,38.25604],[66.54685,38.25557],[66.54722,38.25376],[66.54744,38.25329],[66.54776,38.25287],[66.54828,38.25243],[66.55097,38.25062]],[[66.33257,38.38569],[66.33292,38.3856]],[[66.43141,38.34653],[66.43192,38.34654],[66.44164,38.34757],[66.44275,38.34779]],[[66.42965,38.34645],[66.43076,38.34652],[66.44223,38.34773],[66.44385,38.34796]],[[66.44339,38.34791],[66.44252,38.34787],[66.43084,38.34662],[66.43029,38.34652]],[[66.43084,38.34662],[66.43146,38.34674],[66.44183,38.34784],[66.44252,38.34787]],[[66.42932,38.34642],[66.44893,38.34849],[66.44996,38.34849],[66.45052,38.3484]],[[66.44183,38.34784],[66.44088,38.34788],[66.43824,38.34761]],[[66.44022,38.34306],[66.44298,38.34416]],[[66.43631,38.34664],[66.44021,38.34701],[66.44069,38.34712]],[[66.4444,38.34796],[66.44365,38.34786],[66.44069,38.34712],[66.43546,38.34662]],[[66.55115,38.2505],[66.55209,38.24988],[66.55283,38.24902],[66.55317,38.24819],[66.55319,38.24745],[66.55313,38.24704],[66.55279,38.24632],[66.55242,38.24582],[66.55191,38.24539],[66.55129,38.24506],[66.54992,38.24463]],[[66.55097,38.25062],[66.55115,38.2505]],[[66.54974,38.24459],[66.54872,38.2445]],[[66.54992,38.24463],[66.54974,38.24459]],[[66.54841,38.24448],[66.5469,38.2443],[66.54636,38.24408],[66.54549,38.24349],[66.54513,38.24309],[66.54481,38.24233],[66.54476,38.24179],[66.54481,38.24135],[66.54501,38.24078],[66.54527,38.24036],[66.54559,38.24003],[66.5465,38.23943],[66.54706,38.23923],[66.54821,38.23908],[66.54934,38.23925],[66.55005,38.23955],[66.55205,38.24063]],[[65.79557,38.80286],[65.7968,38.80258],[65.79754,38.80221],[65.81956,38.78961]],[[65.84408,38.77388],[65.84558,38.77302],[65.84679,38.77218],[65.85157,38.76885],[65.85328,38.76747]],[[65.85328,38.76747],[65.86286,38.76079]],[[65.80119,38.8077],[65.79993,38.80679],[65.79926,38.80641]],[[65.80174,38.80458],[65.80231,38.80464],[65.80326,38.80454],[65.80625,38.80388]],[[66.28651,38.65125],[66.28662,38.65134]],[[66.1226,38.53791],[66.12188,38.5245],[66.1219,38.52242]],[[66.1219,38.52242],[66.12215,38.52058],[66.12612,38.50956],[66.13022,38.48979],[66.13068,38.48849],[66.13139,38.48763]],[[66.26547,38.63623],[66.26798,38.63747],[66.2687,38.63791],[66.27043,38.63916],[66.27139,38.63969],[66.27541,38.64259],[66.27582,38.64276],[66.27661,38.64284],[66.27782,38.64268]],[[66.27559,38.64269],[66.27596,38.6429],[66.27761,38.64415]],[[66.26917,38.63831],[66.28651,38.65125]],[[66.25253,38.63375],[66.25093,38.63341],[66.25029,38.63321],[66.24715,38.63189],[66.24462,38.63105]],[[66.23151,38.63353],[66.23225,38.63352]],[[66.26393,38.63581],[66.26465,38.6359],[66.26547,38.63623],[66.26604,38.63639],[66.26757,38.63658],[66.26845,38.63703]],[[66.25514,38.63427],[66.25178,38.63335],[66.25123,38.63304],[66.25045,38.63224]],[[66.23225,38.63352],[66.24591,38.63304],[66.24745,38.63304],[66.24897,38.63316],[66.25051,38.63339],[66.26448,38.6362],[66.26587,38.63661],[66.26685,38.63699],[66.26814,38.63765],[66.26906,38.63824]],[[66.25296,38.63393],[66.2522,38.63379],[66.25313,38.63407],[66.25665,38.63478]],[[66.25244,38.63378],[66.25332,38.63401],[66.26544,38.63647]],[[66.26906,38.63824],[66.26917,38.63831]],[[66.26488,38.63635],[66.26626,38.63681],[66.26739,38.63731]],[[66.26798,38.63747],[66.26983,38.63829],[66.27039,38.6384],[66.27106,38.63827],[66.27197,38.6379],[66.2726,38.63746],[66.27349,38.63656],[66.27319,38.63699],[66.27278,38.6374],[66.27197,38.6379]],[[66.26753,38.63667],[66.26681,38.63649]],[[66.26225,38.6357],[66.26333,38.63581],[66.2699,38.63579],[66.27054,38.63574],[66.27143,38.63541]],[[66.27474,38.63525],[66.27349,38.63656]],[[66.27319,38.63699],[66.27444,38.63568]],[[66.26352,38.636],[66.25514,38.63427],[66.25198,38.63368]],[[66.26396,38.63615],[66.26318,38.63604],[66.25397,38.63419],[66.25332,38.63401]],[[66.05994,38.67454],[66.07527,38.67114],[66.07586,38.67098],[66.07672,38.67054],[66.07719,38.67015],[66.07751,38.66962],[66.07814,38.66819],[66.0784,38.66729],[66.07851,38.66667],[66.07835,38.66385]],[[66.13021,38.66201],[66.13062,38.66193]],[[66.2522,38.63379],[66.24972,38.63331],[66.24808,38.63312],[66.246,38.63309],[66.24201,38.63326]],[[66.28662,38.65134],[66.28865,38.6529],[66.28957,38.65373],[66.33104,38.69308]],[[66.05994,38.67454],[66.06079,38.67441],[66.07075,38.6722],[66.0843,38.66912],[66.08576,38.6689],[66.08785,38.66881],[66.08928,38.66894],[66.09462,38.66996],[66.09673,38.6703],[66.09841,38.67034],[66.10025,38.67019],[66.10225,38.66978],[66.10891,38.66773],[66.11477,38.66604]],[[66.07203,38.67186],[66.07263,38.67178]],[[66.05994,38.67449],[66.07049,38.67215],[66.07097,38.67209]],[[65.70646,38.64482],[65.71234,38.65472],[65.71936,38.66749]],[[66.13247,38.48645],[66.15896,38.45622],[66.15956,38.4552],[66.16589,38.44208],[66.16671,38.4407],[66.16741,38.43986],[66.16839,38.43892],[66.17628,38.43384],[66.17761,38.43322],[66.18817,38.42868],[66.19016,38.42802],[66.19399,38.42709],[66.19511,38.42665],[66.19587,38.42621],[66.19665,38.42557],[66.19837,38.42357],[66.19936,38.42273],[66.20081,38.42212],[66.20167,38.42191],[66.20547,38.42123],[66.20616,38.42098],[66.21176,38.41763],[66.21342,38.41673],[66.21562,38.41561],[66.21992,38.41396],[66.22078,38.41352],[66.22357,38.41178],[66.22529,38.41083],[66.22681,38.41019],[66.23077,38.40893],[66.23211,38.40875],[66.23329,38.40874],[66.24011,38.4094],[66.24142,38.40963],[66.24239,38.40994],[66.24356,38.4106],[66.24432,38.41117],[66.24607,38.41316],[66.247,38.41396],[66.24797,38.41446],[66.24852,38.41463],[66.24957,38.41481],[66.25002,38.41482],[66.25077,38.41469],[66.25206,38.41426],[66.25582,38.41234],[66.25781,38.41184],[66.25983,38.41163],[66.26634,38.41119]],[[66.17887,38.43276],[66.17971,38.43231]],[[66.17936,38.43246],[66.17862,38.43272],[66.17638,38.43373],[66.17553,38.43422],[66.17047,38.43755]],[[66.40312,38.7603],[66.40874,38.76543]],[[66.46743,38.83348],[66.46776,38.83389]],[[66.48233,38.84692],[66.49503,38.8531]],[[65.74954,38.92214],[65.74903,38.92254],[65.73947,38.92895]],[[65.73899,38.92921],[65.74011,38.92858],[65.74893,38.92267],[65.74956,38.9222]],[[65.77115,38.82755],[65.7713,38.82696],[65.77174,38.82635]],[[65.57857,38.32649],[65.58089,38.32993],[65.582,38.33113],[65.58312,38.33205],[65.58411,38.33272],[65.59676,38.34039],[65.59805,38.34133],[65.59871,38.34192],[65.59984,38.3431],[65.6125,38.35773]],[[65.61503,38.36066],[65.60858,38.35331],[65.60824,38.35283]],[[65.60791,38.35244],[65.61428,38.35969],[65.61468,38.36024]],[[65.63429,38.44625],[65.63365,38.44439]],[[65.63416,38.44553],[65.63366,38.44404]],[[65.63125,38.4372],[65.63647,38.4523]],[[65.63373,38.44442],[65.63354,38.4437],[65.62968,38.43268]],[[65.63327,38.44349],[65.62988,38.43363]],[[65.63388,38.44487],[65.63365,38.44439],[65.62976,38.4331]],[[65.62988,38.4331],[65.63005,38.43343],[65.63341,38.44314],[65.63354,38.4437]],[[65.62951,38.4322],[65.63004,38.43425],[65.63304,38.44298],[65.63353,38.44405]],[[65.62802,38.42508],[65.62913,38.43095],[65.62953,38.43262]],[[65.62935,38.43189],[65.62961,38.43267]],[[65.6125,38.35773],[65.62343,38.37044],[65.62596,38.37324],[65.627,38.37483],[65.63039,38.38283],[65.6308,38.38459],[65.63161,38.40619],[65.63161,38.40824],[65.63137,38.41006],[65.62893,38.42428],[65.62869,38.4263],[65.62866,38.42752],[65.62876,38.4287],[65.62937,38.43175],[65.63125,38.4372]],[[65.63388,38.44524],[65.63429,38.44625],[65.63663,38.45304],[65.63825,38.4599],[65.63846,38.46098],[65.63851,38.46175],[65.63836,38.46271],[65.63809,38.4635],[65.63505,38.47007],[65.63419,38.47137],[65.63358,38.47196],[65.63291,38.47244],[65.63215,38.47286],[65.62595,38.47519],[65.62521,38.47544],[65.62439,38.47557],[65.62366,38.47559],[65.62308,38.47553],[65.60368,38.47288]],[[65.609,38.4761],[65.60926,38.47648],[65.60979,38.47696],[65.61014,38.47719],[65.61051,38.47732],[65.61892,38.47848]],[[65.6381,38.47797],[65.63789,38.47848],[65.63773,38.47953],[65.63745,38.4801],[65.63716,38.48044],[65.63671,38.48073],[65.63604,38.48097],[65.63534,38.48104],[65.63493,38.48098]],[[65.63414,38.44528],[65.6344,38.44621]],[[65.63492,38.44724],[65.63619,38.44965]],[[65.63452,38.44656],[65.63492,38.44724],[65.63638,38.44885],[65.63767,38.45107]],[[65.62152,38.47537],[65.62201,38.47538]],[[65.62237,38.47543],[65.623,38.47557]],[[65.61063,38.47383],[65.61136,38.47398],[65.62349,38.47563],[65.62462,38.47595],[65.62509,38.47623],[65.62609,38.47715],[65.6268,38.47761],[65.62732,38.47785],[65.6353,38.479],[65.63644,38.47899],[65.63706,38.47884],[65.63757,38.47857],[65.63795,38.47821],[65.63817,38.47781],[65.63826,38.47699]],[[65.60774,38.47435],[65.609,38.4761],[65.60933,38.47639],[65.60986,38.47666],[65.62022,38.47815]],[[65.66483,38.50588],[65.67034,38.52652]],[[65.79268,38.46791],[65.79205,38.4684]],[[65.80564,38.462],[65.78777,38.47057],[65.78614,38.47131],[65.78489,38.47177],[65.78351,38.47215],[65.75495,38.4771],[65.75356,38.47748],[65.75191,38.47844],[65.75105,38.4792],[65.75051,38.47986],[65.74951,38.48193],[65.7468,38.48827],[65.74641,38.48896],[65.74593,38.4896],[65.74518,38.49037],[65.74433,38.49113],[65.74326,38.49186],[65.74229,38.49238],[65.74079,38.49298],[65.7394,38.49334],[65.73802,38.49355],[65.73659,38.49366],[65.7299,38.49381],[65.72798,38.49372],[65.7271,38.4936],[65.72281,38.49276],[65.72183,38.49247],[65.64304,38.45976],[65.6399,38.45766],[65.63933,38.45718],[65.63873,38.4564],[65.63686,38.453],[65.63634,38.45182],[65.6344,38.44621],[65.63397,38.44515]],[[65.79215,38.46847],[65.79277,38.46822],[65.80114,38.46422],[65.80173,38.46387]],[[65.79898,38.46575],[65.80014,38.46521],[65.80049,38.46499],[65.80147,38.46414]],[[65.64732,38.47177],[65.66254,38.49866],[65.66354,38.50117],[65.66467,38.50529]],[[65.63759,38.47988],[65.63693,38.48126],[65.63657,38.48169],[65.63588,38.48203],[65.63551,38.48211],[65.6349,38.48211]],[[65.63069,38.47834],[65.63147,38.47836],[65.63552,38.47889]],[[65.62868,38.47663],[65.62669,38.47639],[65.62573,38.47615],[65.62459,38.47578],[65.62308,38.47553]],[[65.64541,38.46832],[65.64732,38.47177]],[[65.62609,38.47715],[65.62549,38.47686],[65.62189,38.47635],[65.62141,38.47634],[65.62057,38.47661],[65.62008,38.47666],[65.61638,38.47617],[65.61444,38.4764],[65.61416,38.47638],[65.60968,38.47579],[65.60892,38.47545],[65.60819,38.47483],[65.607,38.47358],[65.60596,38.4732]],[[65.61033,38.47378],[65.62091,38.4752],[65.62136,38.4753]],[[65.80014,38.46521],[65.80228,38.46422]],[[66.61709,38.2656],[66.61568,38.26528]],[[65.79291,38.79433],[65.79318,38.79637],[65.79308,38.79784],[65.79277,38.7988],[65.79213,38.80006]],[[65.79213,38.80006],[65.79195,38.80031]],[[65.78955,38.80232],[65.79031,38.80181]],[[65.78944,38.80255],[65.78996,38.80208],[65.79126,38.80111]],[[65.78566,38.80926],[65.78609,38.80849],[65.79175,38.80155]],[[65.79012,38.80513],[65.7888,38.80644],[65.7831,38.81334],[65.78186,38.81501],[65.78031,38.81685]],[[65.79949,38.80407],[65.80053,38.80407]],[[65.79193,38.78867],[65.79274,38.79065],[65.79338,38.79413],[65.7934,38.79645],[65.79332,38.79729]],[[65.78469,38.81325],[65.78505,38.81291]],[[65.86286,38.76079],[65.86327,38.76051]],[[66.1317,38.48729],[66.13223,38.48674]],[[66.13223,38.48674],[66.13247,38.48645]],[[65.75243,38.72252],[65.756,38.72885]],[[65.756,38.72885],[65.78082,38.77037],[65.78575,38.77832],[65.78723,38.78092],[65.79145,38.7875]],[[66.60001,38.91656],[66.60011,38.91837],[66.60026,38.91913],[66.60077,38.92056],[66.60166,38.92206],[66.60209,38.9226],[66.60908,38.92916]],[[65.7927,38.8002],[65.79262,38.80044]],[[65.79229,38.80009],[65.7922,38.80035]],[[65.7897,38.80295],[65.79086,38.80148]],[[65.79517,38.80292],[65.79557,38.80286]],[[65.78874,38.80426],[65.78925,38.80344],[65.79048,38.80185]],[[65.78895,38.80429],[65.78757,38.8058],[65.78737,38.80613]],[[65.78616,38.8075],[65.78895,38.80429],[65.78936,38.80391]],[[65.79201,38.80096],[65.79076,38.80381],[65.78947,38.80517],[65.78293,38.81306],[65.78265,38.81351],[65.78226,38.81444]],[[65.79262,38.80044],[65.79192,38.80222],[65.79123,38.80349],[65.78852,38.80771],[65.78421,38.81288],[65.78217,38.81488],[65.78153,38.81564]],[[65.78118,38.81614],[65.78202,38.81512],[65.78451,38.81265],[65.78858,38.80772],[65.79049,38.80482],[65.79095,38.80436],[65.79149,38.80394],[65.79269,38.8034],[65.79319,38.80325],[65.79517,38.80292]],[[65.79383,38.81009],[65.79317,38.80912],[65.7925,38.80872],[65.79082,38.80833],[65.78954,38.8083]],[[65.79444,38.81278],[65.79438,38.81167]],[[65.78895,38.80751],[65.78947,38.80662],[65.79026,38.80582],[65.79327,38.80383]],[[65.78841,38.81976],[65.78907,38.81883],[65.78978,38.81829]],[[65.79114,38.81705],[65.79016,38.81848],[65.78983,38.81957]],[[65.79518,38.81532],[65.7947,38.81322],[65.7947,38.8128]],[[65.79458,38.81227],[65.79516,38.81376]],[[65.78214,38.81552],[65.78292,38.81476]],[[65.78235,38.81662],[65.78256,38.81545],[65.78271,38.81512],[65.7833,38.81442]],[[65.78835,38.8201],[65.78919,38.81893]],[[65.77712,38.82105],[65.78118,38.81614]],[[65.77706,38.8202],[65.77785,38.81894],[65.77858,38.81702]],[[65.7805,38.81696],[65.77888,38.81907]],[[65.77853,38.81948],[65.78222,38.81557]],[[65.785,38.81033],[65.78714,38.80777],[65.78827,38.806],[65.79041,38.80405]],[[66.45511,38.81828],[66.45417,38.81721]],[[65.70792,38.95477],[65.6839,38.98294],[65.6688,39.00077]],[[65.74607,38.95047],[65.74618,38.95056]],[[65.7358,38.94239],[65.73622,38.94268]],[[65.73716,38.93032],[65.73653,38.93068]],[[65.75002,38.92181],[65.73977,38.92863]],[[65.7389,38.92914],[65.74901,38.92237]],[[65.73918,38.92874],[65.73955,38.92829],[65.74026,38.92707],[65.74121,38.9257],[65.74181,38.92509],[65.74302,38.92423]],[[65.73842,38.92947],[65.73947,38.92883]],[[65.7225,38.94009],[65.73895,38.92905]],[[66.13062,38.66193],[66.15283,38.65753],[66.20131,38.64529],[66.20364,38.64456],[66.2052,38.64393],[66.22557,38.63454],[66.22682,38.6341],[66.2279,38.63384],[66.22895,38.63369],[66.23151,38.63353]],[[65.9829,38.69889],[65.99371,38.69393],[65.99427,38.69354],[65.99454,38.69324],[65.99475,38.69279]],[[66.24794,38.63222],[66.24738,38.63193],[66.24693,38.6316],[66.2462,38.63078],[66.24561,38.6305],[66.24389,38.62989]],[[66.81642,39.07045],[66.81652,39.07318],[66.81674,39.07366]],[[66.83636,39.08491],[66.83529,39.08267],[66.83516,39.08173],[66.83495,39.0812],[66.83295,39.07925],[66.83228,39.07875],[66.83119,39.07805],[66.82964,39.07734],[66.82568,39.07619],[66.81886,39.0745],[66.81734,39.07404],[66.81696,39.07384],[66.8163,39.07316],[66.81603,39.07263],[66.81585,39.07005]],[[66.80241,39.07046],[66.82773,39.07684],[66.82858,39.07709],[66.8299,39.07763],[66.83149,39.0785],[66.83273,39.07941],[66.83381,39.08047],[66.83445,39.08127],[66.83503,39.08226],[66.83663,39.08559],[66.83684,39.08618],[66.83699,39.08704],[66.83776,39.09383]],[[66.83782,39.09461],[66.83785,39.09434],[66.83823,39.09329],[66.83814,39.09118]],[[66.8377,39.09114],[66.8379,39.0928],[66.83784,39.09498]],[[66.61989,38.93926],[66.62527,38.9441],[66.62729,38.94561]],[[66.45837,38.8223],[66.459,38.82287],[66.46026,38.82442],[66.45977,38.82393],[66.45945,38.82341]],[[66.46031,38.8248],[66.4599,38.82438],[66.45489,38.81828],[66.45466,38.8179]],[[66.4543,38.81746],[66.46743,38.83348]],[[66.45327,38.82261],[66.45281,38.82283]],[[66.45399,38.81832],[66.45045,38.81748]],[[66.4299,38.7877],[66.4543,38.81746]],[[66.72379,39.03483],[66.73807,39.04768]],[[66.72584,39.04528],[66.72798,39.04469]],[[66.72837,39.0446],[66.72751,39.045],[66.72137,39.04722]],[[66.40874,38.76543],[66.40879,38.76548]],[[66.46026,38.82442],[66.46055,38.8248]],[[66.78519,38.27522],[66.78688,38.27451],[66.78723,38.2743],[66.7881,38.27353]],[[66.73933,38.3011],[66.74051,38.30086],[66.74107,38.30065],[66.74172,38.30027],[66.74244,38.29972],[66.74403,38.29798],[66.74476,38.29742],[66.7453,38.29716],[66.74612,38.29695],[66.74674,38.29694],[66.74836,38.29718],[66.7489,38.29737],[66.74928,38.29758],[66.74977,38.29807],[66.75024,38.29936],[66.75018,38.29999],[66.74957,38.30139],[66.74826,38.30376],[66.74767,38.30457],[66.74686,38.3052]],[[66.74686,38.3052],[66.74472,38.30605],[66.74393,38.3065]],[[66.73611,38.3016],[66.73933,38.3011]],[[66.70247,38.30054],[66.71439,38.30304],[66.71522,38.30315],[66.7177,38.30318],[66.72739,38.3029],[66.73611,38.3016]],[[66.6861,38.29636],[66.69303,38.29841],[66.69919,38.29989],[66.70048,38.30011]],[[66.68781,38.29689],[66.69301,38.29836],[66.69789,38.29956]],[[66.69826,38.29965],[66.69701,38.29947],[66.69501,38.29897]],[[66.69883,38.2998],[66.69756,38.29934]],[[66.70048,38.30011],[66.70132,38.30025],[66.70247,38.30054]],[[66.64202,38.27137],[66.6432,38.27146],[66.644,38.27177],[66.64461,38.27215]],[[66.68728,38.29673],[66.68694,38.29656],[66.68674,38.29637]],[[66.68435,38.29594],[66.68553,38.29615],[66.6861,38.29636]],[[66.54127,38.27259],[66.54174,38.27242]],[[66.64461,38.27215],[66.64613,38.2736],[66.64982,38.27737],[66.65058,38.27805],[66.66212,38.28742],[66.66316,38.28806],[66.66395,38.2884],[66.66495,38.28857],[66.66828,38.28871],[66.66979,38.28889],[66.67074,38.28916],[66.67131,38.28956],[66.67366,38.2925],[66.67467,38.29344],[66.67552,38.29407],[66.67697,38.29485],[66.67836,38.2953],[66.67956,38.29549],[66.68435,38.29594]],[[66.43851,38.34242],[66.44022,38.34306],[66.44091,38.34342]],[[66.56054,38.24541],[66.57233,38.25221],[66.57344,38.25258],[66.57673,38.25324],[66.57718,38.25344],[66.58137,38.25582],[66.58835,38.25999],[66.5918,38.26163],[66.59462,38.26244],[66.602,38.26397],[66.61777,38.26568],[66.62,38.26581],[66.62209,38.26621],[66.62354,38.26662],[66.62426,38.26689],[66.62584,38.26773],[66.62705,38.26852],[66.62779,38.26918],[66.62853,38.27009],[66.63084,38.27381],[66.63132,38.27434],[66.63188,38.27478],[66.63254,38.27516],[66.63349,38.27551],[66.63425,38.27561],[66.63496,38.27556],[66.63583,38.27533],[66.63692,38.2748],[66.63767,38.27428],[66.63896,38.27257],[66.63949,38.27214],[66.64035,38.27175],[66.64118,38.27149],[66.64202,38.27137]],[[66.82723,39.07662],[66.82664,39.07639],[66.82621,39.07611],[66.82531,39.07518]],[[66.53568,38.87294],[66.53597,38.87308]],[[66.50537,38.85817],[66.52141,38.86598]],[[66.52141,38.86598],[66.52382,38.86715]],[[66.52382,38.86715],[66.53568,38.87294]],[[66.53597,38.87308],[66.5735,38.89134]],[[66.42264,38.77886],[66.42982,38.78759]],[[66.46078,38.82526],[66.46211,38.82689],[66.46246,38.8272],[66.46286,38.82742],[66.46331,38.82756],[66.46407,38.82766],[66.4646,38.82766],[66.46527,38.82755],[66.47071,38.8258],[66.47512,38.82456]],[[66.4543,38.81746],[66.45498,38.81819],[66.45837,38.8223],[66.46072,38.82528]],[[66.4599,38.82438],[66.45946,38.82394],[66.4555,38.8191],[66.45529,38.81889],[66.45469,38.81851],[66.45354,38.81826],[66.45319,38.81825],[66.45274,38.81835],[66.44861,38.82024]],[[66.44863,38.81435],[66.45017,38.81565],[66.45057,38.81591]],[[66.45351,38.81821],[66.45304,38.81801],[66.4527,38.81776],[66.45159,38.81647],[66.45131,38.81625],[66.44983,38.81552],[66.44838,38.81429]],[[66.45465,38.81781],[66.45632,38.8197],[66.45721,38.82036]],[[66.46894,38.8264],[66.46999,38.82611]],[[66.6671,38.97581],[66.66771,38.97635],[66.67533,38.98204],[66.67605,38.98251]],[[66.403,38.76019],[66.40312,38.7603]],[[66.36207,38.72256],[66.37115,38.73109],[66.403,38.76019]],[[66.36182,38.72233],[66.36207,38.72256]],[[66.50051,38.85578],[66.50537,38.85817]],[[66.42256,38.77875],[66.42264,38.77886]],[[66.65118,38.96373],[66.65163,38.96406]],[[66.63623,38.95242],[66.63661,38.95271]],[[66.66182,38.97091],[66.66333,38.97208],[66.66351,38.97228],[66.66367,38.97275]],[[66.60908,38.92916],[66.60917,38.92924]],[[66.66771,38.97635],[66.6624,38.97233]],[[66.6671,38.97581],[66.68143,38.98659],[66.68322,38.9881],[66.68495,38.98995],[66.69275,39.00014]],[[66.676,38.9824],[66.67648,38.98277],[66.67729,38.98312],[66.67801,38.98321],[66.67843,38.98318],[66.67916,38.983],[66.68027,38.98254],[66.68784,38.9786]],[[66.67729,38.98312],[66.67824,38.98365],[66.67952,38.98458]],[[66.67653,38.98295],[66.67377,38.98162],[66.67138,38.97985]],[[66.68563,38.97971],[66.68424,38.98049]],[[66.68779,38.97857],[66.68563,38.97971],[66.68622,38.97946]],[[66.6698,38.97733],[66.66973,38.97672],[66.6695,38.97617],[66.66917,38.97582],[66.6686,38.97539]],[[66.6727,38.97991],[66.67157,38.97887],[66.67027,38.978],[66.66997,38.97767],[66.66954,38.97696],[66.6659,38.97423],[66.6649,38.97313]],[[66.66668,38.97568],[66.66647,38.97551]],[[66.66791,38.97633],[66.66417,38.97345],[66.66351,38.97252],[66.66225,38.97143]],[[66.66621,38.972],[66.66888,38.97467],[66.66936,38.97528],[66.66964,38.97569],[66.66973,38.97672]],[[66.65663,38.96782],[66.6671,38.97581]],[[66.83806,39.10651],[66.83818,39.10618],[66.83882,39.10517]],[[66.84103,39.10371],[66.83946,39.10413],[66.83881,39.10448],[66.83842,39.1049],[66.83815,39.10548],[66.83804,39.10601]],[[66.83774,39.10576],[66.83777,39.10391],[66.83768,39.1044],[66.83767,39.10563]],[[66.83437,39.09633],[66.8351,39.09641],[66.83549,39.09651],[66.83628,39.09689],[66.83677,39.09731],[66.8371,39.09777],[66.83722,39.09848]],[[66.84265,39.09576],[66.84167,39.09662],[66.84122,39.09687],[66.84077,39.09704]],[[66.83735,39.0996],[66.83739,39.09911],[66.8376,39.09853],[66.83804,39.09801],[66.83861,39.09756],[66.8394,39.09723],[66.84077,39.09704],[66.84157,39.09682],[66.84218,39.09641],[66.84265,39.09593],[66.843,39.09505],[66.84326,39.09223]],[[66.83741,39.09595],[66.83715,39.09798]],[[66.82729,39.07595],[66.83043,39.07768]],[[66.80449,38.25194],[66.8057,38.25212],[66.80691,38.2525]],[[66.79505,38.25237],[66.7965,38.25207],[66.79965,38.25167],[66.80241,38.25168],[66.80449,38.25194]],[[66.5735,38.89134],[66.57857,38.89383]],[[66.67464,38.98108],[66.676,38.9824],[66.67516,38.98177]],[[66.66521,38.97468],[66.66688,38.97574]],[[66.67553,38.98211],[66.6727,38.97991],[66.66791,38.97633],[66.66744,38.97606]],[[66.67533,38.98204],[66.67816,38.98418]],[[66.82225,39.07468],[66.82448,39.07571]],[[66.82568,39.07619],[66.82448,39.07571],[66.82146,39.0742]],[[66.83519,39.08196],[66.83531,39.08055],[66.83513,39.07987]],[[66.83808,39.09375],[66.8384,39.09297],[66.83837,39.09202]],[[66.83079,38.26194],[66.83138,38.26241]],[[66.82083,38.2572],[66.82179,38.25748]],[[66.82215,38.25757],[66.82326,38.25805]],[[66.82464,38.25873],[66.82517,38.25901],[66.82759,38.25992]],[[66.83173,38.26373],[66.8305,38.26195],[66.82969,38.2611],[66.82917,38.26068],[66.82803,38.26003],[66.82516,38.25895],[66.8226,38.25784]],[[65.78148,38.81559],[65.78096,38.81623]],[[65.78404,38.81297],[65.78807,38.80817],[65.78871,38.80736],[65.78895,38.80691]],[[66.11716,38.55629],[66.12117,38.54942],[66.12201,38.54747],[66.12231,38.54566],[66.12243,38.54411],[66.12263,38.54043],[66.1226,38.53791]],[[66.1226,38.54588],[66.12243,38.54411]],[[66.12246,38.5349],[66.12256,38.53557],[66.12271,38.53954],[66.12259,38.54266],[66.12246,38.54366]],[[66.07147,38.67192],[66.07269,38.67172]],[[66.07075,38.6722],[66.07146,38.67199]],[[66.0593,38.67468],[66.06071,38.67427],[66.06972,38.67227],[66.07049,38.67215]],[[65.58629,39.06159],[65.58541,39.06179],[65.57637,39.0644],[65.57508,39.06483]],[[65.58036,39.06383],[65.57726,39.06471],[65.57573,39.06497],[65.57531,39.06522],[65.57419,39.06645],[65.57371,39.06674],[65.57294,39.06706]],[[65.26386,39.18721],[65.26536,39.18683]],[[65.26076,39.19316],[65.25747,39.19478]],[[66.42982,38.78759],[66.4299,38.7877]],[[66.12272,38.53561],[66.1224,38.53409]],[[65.75176,38.72143],[65.75243,38.72252]],[[65.74112,38.70387],[65.75176,38.72143]],[[65.72605,38.93047],[65.72774,38.93168],[65.72863,38.93202],[65.73168,38.93261],[65.73298,38.93254],[65.73378,38.9323],[65.73461,38.93187],[65.74707,38.92346]],[[65.99497,38.69206],[65.99496,38.69142],[65.99339,38.68474]],[[65.99497,38.69206],[65.99475,38.69279]],[[65.74024,38.83181],[65.75072,38.83294]],[[65.74885,38.83282],[65.74827,38.83286],[65.74378,38.83238]],[[65.69691,38.62499],[65.69799,38.62872],[65.69913,38.63205],[65.69984,38.63356],[65.70646,38.64482]],[[65.67034,38.52652],[65.68707,38.58853]],[[65.68707,38.58853],[65.68718,38.58894]],[[65.68718,38.58894],[65.69403,38.614],[65.69691,38.62499]],[[65.73741,38.83451],[65.74518,38.8353],[65.7455,38.8353],[65.74815,38.83483],[65.74947,38.83451],[65.74992,38.83447]],[[65.74601,38.83244],[65.74674,38.8326]],[[65.74325,38.83214],[65.7444,38.83236],[65.757,38.83377]],[[65.75208,38.83308],[65.75332,38.83332]],[[65.74957,38.83461],[65.75197,38.83365],[65.75268,38.83343],[65.75349,38.8334],[65.7545,38.83352]],[[65.7553,38.83419],[65.75496,38.8342],[65.75223,38.83388]],[[65.75496,38.83501],[65.75517,38.83452],[65.75632,38.83389]],[[66.83179,39.07841],[66.83054,39.07744]],[[66.83008,39.07753],[66.82945,39.07734]],[[66.83517,39.08178],[66.83508,39.08121],[66.83491,39.08086],[66.83336,39.07896]],[[66.83738,39.09201],[66.83659,39.08969],[66.83629,39.08766],[66.83638,39.08658]],[[65.22463,39.21143],[65.22408,39.21176]],[[66.81956,39.07465],[66.81909,39.07451],[66.81846,39.07417]],[[66.83786,39.09524],[66.83784,39.09624],[66.83731,39.09777],[66.83722,39.09848],[66.83779,39.10281],[66.83821,39.10809]],[[66.83763,39.09367],[66.83754,39.0942],[66.83715,39.09512],[66.83655,39.09569],[66.83543,39.09619],[66.8338,39.09637]],[[66.83776,39.09383],[66.83776,39.09423]],[[66.83598,39.0841],[66.83612,39.08454]],[[66.83658,39.08563],[66.83568,39.08371]],[[66.83642,39.08532],[66.83659,39.08597],[66.83666,39.08729]],[[66.8376,39.09332],[66.83732,39.09152],[66.83668,39.08597]],[[66.83646,39.08525],[66.8368,39.08652],[66.83773,39.09474],[66.83786,39.09524]],[[66.83786,39.09524],[66.83691,39.08688],[66.83663,39.08559]],[[66.83777,39.10391],[66.83781,39.103]],[[66.83697,39.10125],[66.83676,39.10087],[66.83662,39.10042],[66.83638,39.09808]],[[66.83619,39.09976],[66.83635,39.10044],[66.83747,39.10185],[66.83772,39.1024]],[[65.25959,39.194],[65.26045,39.19365],[65.26947,39.18933]],[[65.25997,39.194],[65.26106,39.19365],[65.26462,39.19193],[65.26579,39.19127],[65.26879,39.18984],[65.26987,39.18908]],[[66.52414,38.28312],[66.53025,38.28013],[66.53328,38.27808],[66.54051,38.27295],[66.54127,38.27259]],[[66.42234,38.34556],[66.42323,38.34568]],[[66.59991,38.90845],[66.6,38.90971],[66.60001,38.91594]],[[66.57857,38.89383],[66.59447,38.90153],[66.59605,38.90253],[66.59715,38.90344],[66.59792,38.90424]],[[66.60001,38.91594],[66.60001,38.91656]],[[66.49503,38.8531],[66.50051,38.85578]],[[66.46776,38.83389],[66.47475,38.8424],[66.47557,38.84318],[66.47644,38.84385],[66.47744,38.8445],[66.47846,38.84504]],[[66.33765,38.69939],[66.34148,38.70302]],[[66.34148,38.70302],[66.34405,38.70545]],[[66.33748,38.69923],[66.33765,38.69939]],[[66.33141,38.69344],[66.33748,38.69923]],[[66.46014,38.8244],[66.46078,38.82526],[66.46044,38.82485]],[[66.80691,38.2525],[66.81276,38.25432],[66.81652,38.25541],[66.81927,38.25646]],[[66.83227,38.26502],[66.83191,38.26409]],[[66.83054,38.2617],[66.83113,38.2624],[66.83188,38.2638]],[[66.82325,38.2581],[66.82792,38.25988],[66.82897,38.2604],[66.82962,38.26087],[66.83048,38.26172],[66.83096,38.26236],[66.83152,38.26333]],[[66.83136,38.26319],[66.83049,38.26184],[66.82968,38.26101],[66.82906,38.26053],[66.82783,38.2599],[66.82377,38.25834]],[[66.81927,38.25646],[66.82041,38.2569]],[[65.40298,39.12568],[65.3328,39.1588],[65.31362,39.16803],[65.27253,39.18762],[65.24478,39.20097]],[[65.2695,39.1892],[65.26897,39.18951],[65.2606,39.19352],[65.26003,39.19374]],[[65.5754,39.06493],[65.5767,39.06467],[65.57803,39.06429]],[[66.43773,38.34222],[66.44298,38.34416],[66.44386,38.3446],[66.44457,38.34551],[66.44502,38.34658],[66.44534,38.34711],[66.44558,38.34739],[66.44622,38.34785],[66.44694,38.3481],[66.44756,38.34823],[66.44894,38.34832],[66.45007,38.34823]],[[65.25729,39.19495],[65.25788,39.19472],[65.25927,39.194]],[[66.61625,38.26549],[66.61559,38.26536],[66.6056,38.2643],[66.60489,38.26429]],[[65.78027,38.81729],[65.78056,38.81699]],[[65.78274,38.81383],[65.78291,38.81338],[65.78842,38.80671],[65.78895,38.8061],[65.78944,38.8058]],[[65.79195,38.80031],[65.79138,38.801],[65.79031,38.80201],[65.78819,38.80444],[65.78672,38.80651],[65.78607,38.80768],[65.78569,38.80896],[65.78532,38.80985],[65.78476,38.81068],[65.78284,38.81303],[65.7826,38.81345],[65.78242,38.81407],[65.78205,38.81464],[65.78096,38.81575],[65.78018,38.8169],[65.77907,38.81797],[65.77858,38.81834],[65.77828,38.81871]],[[65.76376,38.83381],[65.76118,38.8347],[65.7579,38.83472]],[[65.77968,38.81768],[65.77356,38.82498],[65.7731,38.82572]],[[65.80482,38.80439],[65.80327,38.80471],[65.8024,38.80476],[65.79949,38.80407],[65.79897,38.80406],[65.79795,38.80443],[65.7965,38.80534],[65.79564,38.8058]],[[66.45471,38.8219],[66.45398,38.82236],[66.45327,38.82261],[66.45355,38.82247]],[[66.2615,38.63764],[66.26085,38.63953]],[[65.80154,38.46391],[65.80093,38.46415],[65.79296,38.46796],[65.79256,38.46821]],[[65.27253,39.18762],[65.27174,39.18807],[65.27044,39.18863]],[[65.28242,39.18338],[65.28355,39.18293],[65.28572,39.1823]],[[65.57585,39.0647],[65.58607,39.06176]],[[65.08495,39.33231],[65.08406,39.3335],[65.0828,39.33495],[65.06746,39.35062]],[[65.06746,39.35062],[65.05817,39.36012],[65.05665,39.36149],[65.05561,39.36229],[65.05403,39.36335],[64.99819,39.39558],[64.9706,39.41136],[64.95573,39.41998],[64.94924,39.42359],[64.92588,39.43702]],[[65.28158,39.18336],[65.27211,39.18789]],[[65.30849,39.17111],[65.31028,39.17078],[65.31564,39.16825]],[[65.30201,39.18259],[65.29734,39.18393],[65.28611,39.18693],[65.28543,39.18708],[65.28427,39.18707],[65.28355,39.18724]],[[65.26997,39.1898],[65.27059,39.18932],[65.27086,39.18882],[65.27108,39.18858],[65.27199,39.18811],[65.27257,39.18798],[65.27289,39.18796],[65.27369,39.18807],[65.27411,39.18823]],[[65.26972,39.18903],[65.271,39.18841]],[[65.27158,39.18827],[65.27232,39.18792],[65.27335,39.18758]],[[65.27338,39.18801],[65.27499,39.18828],[65.27542,39.18843],[65.27666,39.18864]],[[65.26258,39.18795],[65.26296,39.18763],[65.26368,39.18728],[65.26819,39.18556]],[[65.28686,39.18185],[65.28653,39.18221],[65.28593,39.18255],[65.28425,39.183],[65.28315,39.18321]],[[65.28705,39.18157],[65.28648,39.1824],[65.28611,39.18271],[65.28562,39.18296],[65.28476,39.18319],[65.28353,39.18318],[65.28279,39.18328],[65.28118,39.18385],[65.27986,39.18447]],[[65.47391,39.09439],[65.46962,39.09581],[65.46447,39.09741],[65.46,39.09914],[65.45434,39.10167],[65.42844,39.11371]],[[65.47411,39.09434],[65.47391,39.09439]],[[65.25883,39.19426],[65.27022,39.18874]],[[65.58653,39.06158],[65.57488,39.06492]],[[65.56932,39.06873],[65.5708,39.06831],[65.57145,39.06791],[65.57172,39.06758],[65.57248,39.06617],[65.57282,39.06579],[65.57322,39.06552],[65.57458,39.06509],[65.57625,39.06484]],[[65.49573,39.08814],[65.47411,39.09434]],[[65.42844,39.11371],[65.42019,39.11751],[65.40341,39.12546]],[[65.40341,39.12546],[65.40298,39.12568]],[[66.72785,39.04485],[66.7296,39.04419],[66.73027,39.04383],[66.73074,39.04338],[66.73101,39.04283],[66.73103,39.04212],[66.73084,39.04163],[66.73053,39.04124],[66.73026,39.04104]],[[65.15971,39.25088],[65.15921,39.25124],[65.14895,39.25755],[65.14778,39.2582]],[[65.14826,39.25791],[65.15732,39.25235]],[[65.15665,39.25269],[65.15735,39.25225]],[[65.22408,39.21176],[65.20874,39.22102],[65.16279,39.24904],[65.15732,39.25235],[65.15665,39.25269],[65.13807,39.26418]],[[65.60294,39.05379],[65.60406,39.05308],[65.60494,39.05186],[65.60603,39.05112]],[[65.60718,39.0551],[65.60609,39.054],[65.60546,39.05321],[65.60527,39.05262],[65.60528,39.05206],[65.60558,39.05151],[65.60603,39.05112],[65.60843,39.04964]],[[65.59905,39.05541],[65.60523,39.05162]],[[65.58693,39.06146],[65.58988,39.06052],[65.59167,39.05977],[65.59318,39.05902],[65.6036,39.05257],[65.60421,39.05226]],[[65.60826,39.05645],[65.6061,39.05427],[65.60581,39.05391],[65.60546,39.05321]],[[65.13807,39.26418],[65.11155,39.28053],[65.10897,39.28251],[65.10748,39.28388],[65.10624,39.28534],[65.10161,39.29178],[65.09962,39.29491],[65.09873,39.29709],[65.08688,39.32853],[65.0863,39.32994],[65.08571,39.33107],[65.08495,39.33231]],[[66.05304,39.20479],[66.04709,39.19767],[66.04628,39.19683]],[[66.04729,39.19811],[66.04869,39.20021],[66.05048,39.20227]],[[66.04648,39.19707],[66.04729,39.19811],[66.05299,39.20482],[66.05336,39.20517]],[[66.73807,39.04768],[66.73862,39.04816]],[[66.73764,39.0476],[66.73489,39.04492],[66.73297,39.04318]],[[66.72461,39.03568],[66.72506,39.036]],[[66.72548,39.03638],[66.72585,39.03663],[66.73273,39.04281],[66.73299,39.04312]],[[66.73265,39.04288],[66.73221,39.04257],[66.72529,39.03635],[66.72504,39.03605]],[[66.7334,39.04348],[66.73297,39.04318],[66.72433,39.03543],[66.72401,39.03506]],[[66.72529,39.03635],[66.72622,39.03732],[66.72947,39.04024],[66.73065,39.04146],[66.73096,39.04216],[66.73097,39.04278],[66.73066,39.0434],[66.73018,39.04382],[66.72986,39.044],[66.72333,39.04636]],[[66.72986,39.044],[66.72916,39.04431],[66.72458,39.04597]],[[66.71493,39.02692],[66.72167,39.03286],[66.72379,39.03483]],[[66.76676,39.06145],[66.80241,39.07046]],[[66.67565,38.98254],[66.67393,38.98179],[66.67201,38.98043]],[[66.47846,38.84504],[66.48233,38.84692]],[[66.40879,38.76548],[66.4197,38.77542],[66.42256,38.77875]],[[66.45946,38.82394],[66.45772,38.82192],[66.45739,38.82164],[66.45691,38.82142],[66.45641,38.82138],[66.45542,38.82159],[66.45459,38.82189],[66.45355,38.82247],[66.45506,38.82172]],[[66.62802,38.9462],[66.63623,38.95242]],[[66.59792,38.90424],[66.59859,38.90514],[66.59943,38.90667],[66.59991,38.90845]],[[66.7145,39.02655],[66.71493,39.02692]],[[65.29352,39.18333],[65.28646,39.18523],[65.28585,39.1856],[65.28471,39.18677],[65.28355,39.18724],[65.28178,39.18771],[65.28031,39.18795],[65.27919,39.18797],[65.2781,39.18784],[65.27593,39.18746],[65.27435,39.18744],[65.27335,39.18758],[65.27246,39.1878],[65.27082,39.18856]],[[65.27117,39.18828],[65.27039,39.18859],[65.26011,39.19354],[65.25962,39.19383]],[[65.2835,39.18314],[65.28623,39.1824]],[[65.27139,39.18823],[65.27082,39.18856],[65.25918,39.19416],[65.25821,39.19455]],[[66.20249,39.36338],[66.20335,39.3644],[66.20415,39.36518]],[[66.20199,39.36283],[66.20249,39.36338],[66.20315,39.36437],[66.20381,39.36501]],[[66.03308,39.1813],[66.11345,39.2758],[66.11721,39.27959],[66.20762,39.36828]],[[66.03228,39.18036],[66.03308,39.1813]],[[65.84885,39.03467],[65.84917,39.03495]],[[65.7392,38.94507],[65.73956,38.94533]],[[66.20762,39.36828],[66.20927,39.36971],[66.21069,39.37057],[66.2203,39.37543],[66.22692,39.37859],[66.2301,39.38031],[66.23139,39.38147],[66.23319,39.38343],[66.23478,39.38685],[66.2386,39.39461],[66.24079,39.40104],[66.24268,39.40568],[66.2443,39.4083],[66.24709,39.41167],[66.26523,39.4281]],[[65.77039,38.97008],[65.80762,39.00013]],[[65.8339,39.02198],[65.83415,39.02219]],[[65.84917,39.03495],[65.86733,39.05033],[65.86871,39.05139],[65.87047,39.05251],[65.87708,39.05645],[65.92048,39.08222],[65.92265,39.08374],[65.92507,39.08564],[65.99654,39.14784]],[[65.73956,38.94533],[65.74607,38.95047]],[[65.73699,38.9433],[65.73519,38.94178],[65.7342,38.94073],[65.73361,38.93996],[65.73309,38.939],[65.73289,38.93845],[65.73263,38.93726],[65.73261,38.93667],[65.73283,38.9351],[65.73322,38.93411],[65.73386,38.93307],[65.7346,38.93223],[65.73531,38.93159],[65.73768,38.92997]],[[65.73895,38.92905],[65.75159,38.92057]],[[65.74618,38.95056],[65.75045,38.95402]],[[65.73895,38.92905],[65.72003,38.94178]],[[65.76989,38.96968],[65.77039,38.97008]],[[65.76682,38.9672],[65.76989,38.96968]],[[65.80762,39.00013],[65.81056,39.00244]],[[65.81056,39.00244],[65.8107,39.00256]],[[65.8107,39.00256],[65.8186,39.00892],[65.8339,39.02198]],[[65.7372,38.94347],[65.7392,38.94507]],[[65.76651,38.96695],[65.76682,38.9672]],[[65.83415,39.02219],[65.83724,39.02472],[65.84885,39.03467]],[[65.99654,39.14784],[66.02661,39.17403],[66.02843,39.17586],[66.03228,39.18036]],[[65.75045,38.95402],[65.75111,38.95453]],[[65.75111,38.95453],[65.75625,38.95874],[65.76651,38.96695]],[[65.73768,38.92997],[65.73868,38.92936],[65.74003,38.9287],[65.74889,38.92276],[65.75159,38.92057]],[[65.75699,38.90788],[65.75561,38.90058],[65.75216,38.87528],[65.75212,38.87253],[65.75242,38.87055],[65.75284,38.86887]],[[65.75717,38.9088],[65.75699,38.90788]],[[65.75855,38.84865],[65.76036,38.84256],[65.76121,38.84077],[65.76225,38.83908],[65.76339,38.83761],[65.77094,38.82846]],[[65.75284,38.86887],[65.75286,38.8688]],[[65.75851,38.84877],[65.75855,38.84865]],[[65.75286,38.8688],[65.75851,38.84877]],[[65.75068,38.92125],[65.73868,38.92936]],[[65.77094,38.82846],[65.77712,38.82105]],[[65.75159,38.92057],[65.75469,38.91849],[65.7552,38.91808],[65.75621,38.91706],[65.75657,38.9166],[65.75723,38.91542],[65.7576,38.91434],[65.75779,38.91287],[65.7577,38.91181],[65.75717,38.9088]]]}},{"type":"Feature","properties":{"branch":"qarshi","name":"Qarshi MTU","source_color":"orange","km":758,"lod":"overview","parts":42},"geometry":{"type":"MultiLineString","coordinates":[[[66.8204,38.2569],[66.8029,38.2517],[66.7912,38.2538],[66.7902,38.256],[66.7938,38.2614],[66.792,38.263],[66.7857,38.264],[66.7842,38.2662],[66.7883,38.2705],[66.7882,38.2733],[66.7807,38.2786],[66.77,38.2932],[66.7609,38.2964],[66.7549,38.3042],[66.7463,38.3113],[66.7439,38.3106],[66.7431,38.3082],[66.7496,38.3014],[66.7489,38.2974],[66.7453,38.2972],[66.7393,38.3011],[66.7152,38.3032],[66.6784,38.2953],[66.6707,38.2892],[66.6621,38.2874],[66.644,38.2718],[66.6404,38.2718],[66.6369,38.2748],[66.6335,38.2755],[66.6235,38.2666],[66.5918,38.2616],[66.5501,38.2395],[66.5471,38.2392],[66.545,38.2408],[66.5451,38.2431],[66.5519,38.2454],[66.553,38.2487],[66.5478,38.2529],[66.5459,38.2569],[66.5398,38.2603],[66.525,38.2825],[66.5126,38.2888],[66.4876,38.3075],[66.4671,38.328],[66.4615,38.3395],[66.4524,38.3477],[66.4489,38.3485],[66.404,38.343],[66.3782,38.3475],[66.376,38.3498],[66.3766,38.3564],[66.3736,38.3605],[66.3661,38.365],[66.348,38.3814],[66.3303,38.3864],[66.3105,38.395],[66.301,38.397],[66.2778,38.3942],[66.2733,38.3974],[66.2703,38.4085],[66.268,38.4108],[66.2578,38.4118],[66.2496,38.4148],[66.2414,38.4096],[66.2308,38.4089],[66.2062,38.421],[66.1994,38.4227],[66.1951,38.4267],[66.1763,38.4338],[66.1667,38.4407],[66.159,38.4562],[66.1307,38.4885],[66.122,38.5215],[66.122,38.5475],[66.0818,38.6171],[66.0775,38.6475],[66.0781,38.6682],[66.0759,38.671],[66.0599,38.6745]],[[66.4543,38.8175],[66.4197,38.7754],[66.2886,38.6529],[66.2659,38.6366],[66.2483,38.6331],[66.2279,38.6338],[66.2036,38.6446],[66.1528,38.6575],[66.124,38.6633],[66.1008,38.6701],[66.0858,38.6689],[66.0599,38.6745]],[[66.0599,38.6745],[66.0225,38.6815],[65.9088,38.7295],[65.8533,38.7675]],[[65.8441,38.7739],[65.799,38.8014],[65.7912,38.8042],[65.7709,38.8285]],[[65.7813,38.8159],[65.7891,38.8068],[65.7933,38.7973]],[[66.6671,38.9758],[66.6253,38.9441],[66.6021,38.9226],[66.6001,38.9184],[66.5997,38.9075],[66.596,38.9025],[66.4774,38.8445],[66.4543,38.8175]],[[66.8378,39.0942],[66.835,39.0823],[66.8293,39.0773],[66.7471,39.0557],[66.7102,39.0228],[66.6841,38.989],[66.6671,38.9758]],[[65.7709,38.8285],[65.7813,38.8159]],[[64.9259,39.437],[65.0556,39.3623],[65.0849,39.3323],[65.0996,39.2949],[65.109,39.2825],[65.2301,39.2081],[65.46,39.0991],[65.592,39.0595],[65.633,39.034],[65.655,39.0168],[65.6688,39.0008]],[[65.7665,38.9669],[65.7511,38.9545]],[[65.8076,39.0001],[65.7704,38.9701]],[[65.6688,39.0008],[65.7079,38.9548]],[[65.7919,38.7887],[65.6991,38.6321],[65.6635,38.5012],[65.6365,38.4523],[65.6294,38.4317],[65.6287,38.4263],[65.6316,38.4073],[65.6308,38.3846],[65.627,38.3748],[65.5987,38.3419],[65.5831,38.332],[65.5786,38.3265]],[[65.7933,38.7973],[65.7919,38.7887]],[[65.7505,38.954],[65.7333,38.9395],[65.7332,38.9341],[65.7377,38.93]],[[65.7516,38.9206],[65.7377,38.93]],[[65.7195,38.9421],[65.7081,38.9546]],[[65.7362,38.9427],[65.7297,38.9387],[65.7225,38.9401]],[[65.2805,39.1841],[65.3062,39.1716],[65.3137,39.1699]],[[65.8533,38.7675],[65.8441,38.7739]],[[65.7709,38.8285],[65.7813,38.8159]],[[65.8533,38.7675],[65.8441,38.7739]],[[66.071,38.6721],[66.0599,38.6745]],[[65.6037,38.4729],[65.6244,38.4756],[65.6336,38.472],[65.6385,38.4617],[65.6339,38.4452]],[[65.634,38.4451],[65.6387,38.4564],[65.643,38.4598],[65.7218,38.4925],[65.728,38.4937],[65.738,38.4936],[65.7433,38.4919],[65.7464,38.489],[65.7505,38.4799],[65.7536,38.4775],[65.7849,38.4718],[65.8056,38.462]],[[65.7783,38.8187],[65.7922,38.7999],[65.7929,38.7943]],[[65.7933,38.7973],[65.7919,38.7887]],[[65.6688,39.0008],[65.7079,38.9548]],[[65.739,38.929],[65.7225,38.9401]],[[66.4607,38.8253],[66.4543,38.8175]],[[66.676,38.9825],[66.6671,38.9758]],[[66.8382,39.1081],[66.8379,39.0952]],[[66.8379,39.0952],[66.8365,39.0853]],[[66.8366,39.0856],[66.8379,39.0952]],[[66.2652,39.4281],[66.2443,39.4083],[66.2314,39.3815],[66.2076,39.3683],[66.1135,39.2758],[66.0266,39.174],[65.9251,39.0856],[65.8687,39.0514],[65.8076,39.0001]],[[65.8076,39.0001],[65.7704,38.9701]],[[65.7516,38.9206],[65.739,38.929]],[[65.72,38.9418],[65.739,38.929]],[[65.7665,38.9669],[65.7511,38.9545]],[[65.7516,38.9206],[65.7377,38.93]],[[65.7709,38.8285],[65.7604,38.8426],[65.7524,38.8706],[65.757,38.9079]],[[65.7572,38.9088],[65.7572,38.9154],[65.7516,38.9206]]]}},{"type":"Feature","properties":{"branch":"termiz","name":"Termiz MTU","source_color":"grey","km":616,"lod":"detail","parts":463},"geometry":{"type":"MultiLineString","coordinates":[[[67.59082,37.83401],[67.58991,37.83302],[67.58921,37.83255],[67.58866,37.83197]],[[67.03467,38.1749],[67.03538,38.17478],[67.0361,38.17453],[67.03826,38.17291],[67.03868,38.17266]],[[67.03187,38.17875],[67.03234,38.17853],[67.03313,38.17793]],[[67.98466,38.58266],[67.98369,38.58162],[67.9834,38.58119],[67.98301,38.58031],[67.98297,38.57966],[67.98333,38.57901],[67.98398,38.57844],[67.98454,38.57819],[67.98525,38.57804],[67.98571,38.57783],[67.98613,38.57746],[67.98662,38.57651],[67.98679,38.57475],[67.98697,38.57392],[67.98737,38.57327],[67.98826,38.5724],[67.98871,38.57223],[67.99016,38.57195],[67.99065,38.57174],[67.9931,38.56973],[67.99347,38.56935],[67.99468,38.56878],[67.99522,38.56835],[67.99657,38.56639],[67.99717,38.56596],[67.998,38.56564],[67.99931,38.56533],[68.00034,38.56476],[68.0007,38.56405],[68.00071,38.5633],[68.00095,38.56266],[68.00153,38.56214],[68.00301,38.56178],[68.00417,38.56137],[68.00469,38.56097],[68.00502,38.5604],[68.00517,38.55967],[68.00561,38.55898],[68.00739,38.55757],[68.00866,38.55673],[68.00908,38.55619],[68.00927,38.55527],[68.00899,38.55467],[68.00868,38.5543],[68.00775,38.55359],[68.00754,38.55308],[68.0074,38.55242],[68.00674,38.55159],[68.00632,38.55123],[68.00511,38.55078],[68.00437,38.55076],[68.00316,38.5511],[68.00208,38.55131],[68.00106,38.55134],[68.00003,38.55118],[67.99903,38.55089],[67.99823,38.55054],[67.99766,38.54998],[67.99735,38.54932],[67.99726,38.54875],[67.99745,38.54827],[67.99776,38.5478],[67.99867,38.54729],[67.99946,38.54717],[68.0015,38.54768],[68.00355,38.54841],[68.00416,38.54848],[68.00485,38.54839],[68.00607,38.54798],[68.00652,38.54765],[68.00722,38.54691],[68.00811,38.54643],[68.0091,38.54629],[68.01028,38.54643],[68.01081,38.54665],[68.01248,38.54816],[68.0136,38.54849],[68.01457,38.54846],[68.01552,38.54836],[68.01628,38.54801],[68.01688,38.54734],[68.01721,38.54653],[68.01718,38.54617],[68.0163,38.54512],[68.01592,38.54486],[68.01545,38.54468],[68.0145,38.54467],[68.01255,38.54493],[68.01166,38.5449],[68.01099,38.54479],[68.01038,38.54454],[68.0097,38.54384],[68.0089,38.5425],[68.00842,38.542],[68.00769,38.54162],[68.00673,38.54141],[68.00537,38.54145],[68.00452,38.54123],[68.0039,38.54076],[68.00347,38.54015],[68.00302,38.53878],[68.00245,38.53823],[68.00164,38.53768],[68.00087,38.53734],[67.99963,38.53716],[67.99767,38.53737],[67.99624,38.5371],[67.99559,38.53655],[67.99515,38.53592],[67.99405,38.53506],[67.99323,38.53466],[67.99266,38.53409],[67.99241,38.53349],[67.9924,38.53304],[67.99252,38.53261],[67.99283,38.53211],[67.9941,38.53061],[67.99466,38.52962],[67.99529,38.52759],[67.99559,38.52714],[67.99618,38.52658],[67.99678,38.52616],[67.9975,38.52579],[67.99868,38.5254],[67.99949,38.52531],[68.00092,38.52542],[68.00143,38.52529],[68.00462,38.52394],[68.00545,38.52313],[68.00566,38.52242],[68.00551,38.52163],[68.00489,38.52092],[68.00357,38.51989],[68.00255,38.51937],[68.00189,38.51929],[68.00082,38.51942],[67.99949,38.51984],[67.99801,38.5199],[67.99739,38.51975],[67.99653,38.51931],[67.99582,38.51836],[67.99491,38.51749],[67.99349,38.51682],[67.99316,38.5162],[67.99315,38.51551],[67.99339,38.51482],[67.99361,38.51462],[67.99515,38.51365],[67.99589,38.51268],[67.99674,38.51201],[67.99744,38.51128],[67.9978,38.51039],[67.99769,38.50849],[67.99784,38.50796],[67.99844,38.50684],[67.99856,38.50644],[67.99867,38.50376],[67.99896,38.50322],[67.99995,38.50184],[67.99988,38.50054],[67.99775,38.49654],[67.99748,38.49364],[67.99641,38.49112],[67.99601,38.48582],[67.996,38.48379],[67.99578,38.48162],[67.99592,38.48085],[67.99614,38.48027],[67.99684,38.47927],[67.99753,38.47796],[67.99756,38.47716],[67.99738,38.47634],[67.99663,38.47521],[67.99624,38.47496],[67.99431,38.47417],[67.99285,38.47378],[67.99202,38.47339],[67.99086,38.47305],[67.98998,38.47309],[67.98809,38.47356],[67.98623,38.47388],[67.98534,38.47395],[67.97985,38.47358],[67.97877,38.47338],[67.97803,38.47296],[67.97704,38.47224],[67.9764,38.47132],[67.97531,38.46872],[67.97438,38.46677],[67.97309,38.46537],[67.9724,38.46472],[67.97183,38.4643],[67.9712,38.46402],[67.97038,38.46388]],[[67.98919,38.39322],[67.98879,38.39313]],[[67.89082,38.16771],[67.89098,38.1685],[67.8926,38.17132]],[[67.89096,38.1664],[67.89098,38.16682],[67.8908,38.16799],[67.89089,38.16851],[67.89248,38.17136]],[[66.8494,38.26542],[66.8501,38.26487],[66.85108,38.26428]],[[66.85435,38.26247],[66.85557,38.26214]],[[66.86818,38.263],[66.86557,38.26109],[66.86496,38.26049],[66.86439,38.25966],[66.8642,38.25905],[66.86416,38.25834],[66.86428,38.25764]],[[66.9381,38.20376],[66.93764,38.20378]],[[66.88557,38.24987],[66.88265,38.24969]],[[67.03969,38.1723],[67.04165,38.17073],[67.04252,38.16978],[67.04289,38.1692],[67.0431,38.16868],[67.04328,38.16788]],[[67.50717,37.73577],[67.51121,37.74849],[67.51234,37.75025],[67.54076,37.78158],[67.54334,37.78356],[67.547,37.78594],[67.55011,37.78813]],[[67.78927,38.02048],[67.78912,38.01742],[67.78889,38.01628],[67.78854,38.0155],[67.78822,38.01503],[67.7861,38.01262]],[[68.00508,38.39489],[68.00262,38.39548],[68.00185,38.3959],[68.00112,38.39656]],[[66.86558,38.25584],[66.86854,38.2537],[66.86916,38.25331],[66.86995,38.25293],[66.87431,38.25191],[66.87504,38.2516],[66.87621,38.25082],[66.87848,38.24989]],[[66.89893,38.24399],[66.89812,38.24395],[66.89739,38.24403]],[[67.09728,37.38417],[67.10464,37.37997]],[[67.13846,38.11831],[67.13836,38.11882]],[[67.19642,38.1034],[67.19276,38.10391],[67.19159,38.10397]],[[67.18912,38.10355],[67.19027,38.10341],[67.1926,38.10259]],[[67.19428,38.10418],[67.19654,38.10409],[67.19754,38.10418],[67.19923,38.10458],[67.20505,38.10624],[67.20557,38.10645]],[[67.19302,38.1042],[67.18937,38.10357],[67.18839,38.10355],[67.18787,38.10362]],[[67.33866,38.09306],[67.33928,38.09293],[67.34626,38.09085],[67.34907,38.09],[67.34947,38.08983]],[[67.13866,38.12746],[67.13935,38.12805],[67.1399,38.12837],[67.14091,38.12871],[67.14179,38.12882]],[[67.13828,38.12575],[67.13816,38.12641],[67.13824,38.12682],[67.13839,38.12716],[67.13866,38.12746]],[[67.13825,38.12037],[67.13838,38.12106]],[[67.38293,38.0306],[67.38277,38.03083]],[[67.38337,38.02995],[67.38293,38.0306]],[[68.05233,38.45872],[68.05173,38.45668],[68.05085,38.45311],[68.05018,38.4511],[68.04858,38.44708],[68.04851,38.44662]],[[67.5506,37.78845],[67.55121,37.78887],[67.55381,37.79205],[67.5646,37.80411]],[[67.46389,37.96164],[67.46315,37.96229]],[[67.86756,38.12594],[67.87457,38.13051],[67.87752,38.13412],[67.8883,38.15354],[67.88899,38.15525],[67.8906,38.16475],[67.89105,38.16635],[67.8914,38.16723],[67.89472,38.17309]],[[67.86717,38.12568],[67.86756,38.12594]],[[67.70823,37.94083],[67.7113,37.94178],[67.71754,37.94334]],[[67.41172,37.51472],[67.4119,37.51511]],[[67.41251,37.51696],[67.41245,37.51835],[67.41253,37.51939]],[[67.40676,37.51838],[67.40939,37.5196]],[[67.0936,37.38629],[67.09444,37.38569],[67.09592,37.38483]],[[67.98105,38.44939],[67.98235,38.44793],[67.98372,38.44592]],[[67.91102,38.27395],[67.9118,38.27367],[67.91608,38.27243],[67.91649,38.27224],[67.91678,38.27203],[67.91839,38.27002]],[[68.00701,38.36657],[68.00749,38.36668],[68.01142,38.36804],[68.013,38.36874],[68.01408,38.36939],[68.01697,38.37154]],[[68.00493,38.36587],[68.01145,38.36816],[68.01267,38.36869],[68.01391,38.3694],[68.04223,38.39011],[68.05112,38.39688]],[[68.01773,38.37231],[68.01668,38.37153]],[[68.01701,38.37178],[68.01651,38.3715]],[[68.01739,38.37186],[68.01657,38.37107],[68.0155,38.37029],[68.01502,38.3696],[68.01601,38.37067]],[[68.00927,38.3758],[68.00908,38.37582]],[[68.00908,38.37582],[68.00516,38.37633]],[[68.0168,38.37155],[68.01651,38.37127]],[[67.07729,38.14304],[67.07902,38.14209],[67.08636,38.13726],[67.08866,38.13592],[67.09026,38.1352],[67.10781,38.12798],[67.10886,38.12767],[67.11029,38.12745],[67.11129,38.12738],[67.11301,38.12759],[67.11405,38.12761],[67.11628,38.12732],[67.11785,38.12698],[67.11911,38.12656],[67.12043,38.1259],[67.12165,38.12514],[67.12256,38.12436],[67.12331,38.12354],[67.12408,38.12244],[67.12587,38.11898],[67.12717,38.11676],[67.12783,38.11606],[67.12869,38.11549],[67.13244,38.11409],[67.13312,38.11398],[67.13375,38.11398],[67.13451,38.11409],[67.13519,38.11436],[67.13729,38.11562],[67.13767,38.11594],[67.13793,38.11628],[67.13831,38.11705]],[[67.06114,38.1604],[67.06303,38.15939],[67.06472,38.15837],[67.06549,38.15778],[67.06609,38.15696],[67.06639,38.15635],[67.06665,38.15524],[67.06663,38.15442],[67.06622,38.15298],[67.06564,38.15174],[67.06548,38.1511],[67.06546,38.15044],[67.06568,38.14904],[67.06592,38.14852],[67.06716,38.14702],[67.06758,38.14663],[67.06803,38.14639],[67.07018,38.14548],[67.07291,38.14467],[67.07563,38.14376],[67.07688,38.14323]],[[67.04094,38.1713],[67.04158,38.1709]],[[67.0392,38.17268],[67.03889,38.173],[67.03164,38.17873],[67.03072,38.17937]],[[67.03583,38.17492],[67.03285,38.17719],[67.03229,38.17779]],[[67.03335,38.17769],[67.03243,38.1784],[67.03076,38.17941],[67.02996,38.18003]],[[67.039,38.17276],[67.03854,38.17306],[67.03177,38.17841],[67.03131,38.17883]],[[67.029,38.18062],[67.02959,38.18025]],[[67.04328,38.16788],[67.04341,38.16714]],[[67.06044,38.16079],[67.06114,38.1604]],[[67.07688,38.14323],[67.07729,38.14304]],[[67.98627,38.35603],[67.98885,38.35764],[67.99872,38.36353],[67.99967,38.364],[68.00446,38.3657]],[[68.0056,38.36616],[68.00503,38.36597]],[[68.04858,38.44708],[68.04819,38.44605],[68.04809,38.4455],[68.04816,38.44481]],[[68.04962,38.44799],[68.04895,38.44622],[68.04881,38.44541],[68.04864,38.44325]],[[68.01654,38.37601],[68.0176,38.37389]],[[68.00808,38.36683],[68.00993,38.36742]],[[67.78949,38.01789],[67.78935,38.01646]],[[68.01893,38.37312],[68.01862,38.37283]],[[68.01814,38.37248],[68.0177,38.37223]],[[68.01788,38.37229],[68.01739,38.37186],[68.01405,38.36943],[68.01291,38.36876],[68.01153,38.36813],[68.0065,38.36643]],[[68.01729,38.37198],[68.01755,38.3723],[68.01771,38.37269],[68.01778,38.37317],[68.01771,38.37363],[68.01745,38.37414],[68.0172,38.37441],[68.01662,38.37476],[68.01586,38.37497],[68.00927,38.3758]],[[68.03961,38.41766],[68.04024,38.41829],[68.04059,38.41875]],[[67.25617,37.26572],[67.25631,37.26555]],[[67.28875,37.25186],[67.27883,37.25084],[67.27593,37.25027]],[[67.59017,37.83272],[67.58917,37.83163]],[[67.2743,37.25021],[67.27713,37.25058],[67.2788,37.25104],[67.28476,37.25163]],[[67.27322,37.2503],[67.27239,37.25046],[67.26871,37.25157],[67.26826,37.25176],[67.26752,37.25222],[67.26679,37.25279],[67.26612,37.25344],[67.26504,37.2547],[67.26401,37.25559],[67.26313,37.25676]],[[67.78758,37.21722],[67.78741,37.21738]],[[67.78741,37.21738],[67.78662,37.21802],[67.78407,37.21956],[67.73192,37.25011],[67.7298,37.25125],[67.7284,37.25182],[67.72731,37.25214],[67.72347,37.25285]],[[67.42342,37.25653],[67.42266,37.25638]],[[67.4115,37.25554],[67.41394,37.25758],[67.41429,37.25795],[67.41638,37.26138]],[[67.38106,37.25386],[67.38177,37.25375],[67.39075,37.25297],[67.39292,37.25288]],[[67.40109,37.25259],[67.39872,37.25252],[67.39775,37.25256],[67.36245,37.25557],[67.33948,37.25658]],[[67.33948,37.25658],[67.33808,37.25664]],[[67.30366,37.2525],[67.30172,37.25247],[67.30096,37.25228],[67.30043,37.25204]],[[67.29981,37.25351],[67.29935,37.25335],[67.29697,37.25317],[67.29483,37.25237],[67.29364,37.25213],[67.29128,37.25189],[67.29048,37.25189]],[[67.28582,37.25229],[67.28658,37.25227]],[[67.29048,37.25189],[67.287,37.25187],[67.2788,37.25098],[67.2782,37.25082]],[[67.27893,37.25053],[67.28008,37.25058]],[[67.27673,37.25044],[67.27798,37.25054]],[[67.27385,37.24997],[67.28008,37.25058]],[[67.2766,37.25023],[67.27756,37.25025],[67.28402,37.25089]],[[67.25631,37.26555],[67.26517,37.25388],[67.26584,37.25312],[67.26668,37.25234],[67.26793,37.25151],[67.26901,37.25096],[67.27005,37.25058],[67.27097,37.25034],[67.27282,37.25007],[67.27358,37.25005],[67.27455,37.25012]],[[67.41478,37.24648],[67.4156,37.24493]],[[67.1963,37.3277],[67.20089,37.32507]],[[67.40719,37.25353],[67.4095,37.25415],[67.41017,37.25448],[67.41104,37.25516]],[[67.30383,37.25493],[67.30699,37.25698],[67.31005,37.26001],[67.33189,37.28399],[67.34287,37.29592],[67.34503,37.29784],[67.37036,37.31628],[67.37375,37.31884]],[[67.33808,37.25664],[67.33088,37.25708]],[[67.33088,37.25708],[67.33011,37.25713]],[[67.29782,37.2526],[67.29855,37.25274],[67.29941,37.25302],[67.30303,37.25456]],[[67.29664,37.25333],[67.29815,37.25333]],[[67.20234,37.3242],[67.211,37.31941]],[[67.42115,38.01697],[67.42005,38.01718]],[[67.19407,37.32896],[67.19431,37.32883]],[[67.19431,37.32883],[67.1963,37.3277]],[[67.41184,37.51513],[67.42104,37.53451]],[[67.40998,37.51182],[67.41036,37.51241],[67.41144,37.51461]],[[67.41959,37.53143],[67.41815,37.52945],[67.41623,37.52552]],[[67.42613,37.25542],[67.42656,37.2529]],[[67.211,37.31941],[67.21671,37.3161],[67.21786,37.31526],[67.21895,37.31429],[67.22022,37.31293],[67.25617,37.26572]],[[67.57156,37.85468],[67.57211,37.85428],[67.57325,37.85362],[67.57538,37.8526],[67.57607,37.85207],[67.57705,37.85103],[67.57742,37.85074],[67.57904,37.84978],[67.58064,37.84864],[67.58146,37.84823],[67.58381,37.84736],[67.58433,37.84706],[67.58479,37.8466],[67.58554,37.84544],[67.58579,37.84517],[67.5861,37.84488],[67.58692,37.84435],[67.58804,37.84387],[67.58949,37.84345],[67.5901,37.84313],[67.59055,37.8428],[67.59354,37.83937],[67.59382,37.83893],[67.59397,37.83845],[67.59393,37.83767],[67.59383,37.83737],[67.59326,37.83649]],[[67.57156,37.85468],[67.57105,37.85503]],[[67.59632,37.83976],[67.59587,37.83934],[67.59261,37.83568]],[[67.59549,37.839],[67.59593,37.83948],[67.59623,37.84014],[67.5965,37.84232],[67.59709,37.84587]],[[67.53637,37.89146],[67.53738,37.89012]],[[67.54454,37.8824],[67.54509,37.88171]],[[67.54332,37.88367],[67.537,37.89031],[67.53664,37.89061]],[[67.53868,37.88868],[67.54037,37.88742],[67.54164,37.8861]],[[67.55011,37.78813],[67.5506,37.78845]],[[67.54442,37.88261],[67.54303,37.88405]],[[67.59201,37.83493],[67.59232,37.83535]],[[67.565,37.80457],[67.58454,37.82672],[67.59605,37.83946]],[[67.57105,37.85503],[67.56895,37.85649],[67.56858,37.85683],[67.55934,37.86763],[67.55232,37.87491],[67.5491,37.87811],[67.54538,37.88154],[67.53548,37.89184],[67.53493,37.8926],[67.53417,37.89393],[67.53335,37.89493],[67.5307,37.8968],[67.51664,37.90857],[67.5161,37.90922],[67.51547,37.91049],[67.51419,37.9154],[67.51366,37.91636],[67.51326,37.91683],[67.51218,37.91771],[67.50433,37.92251],[67.50343,37.92316],[67.49411,37.93509],[67.49008,37.94053],[67.48813,37.94293],[67.48728,37.94409],[67.48635,37.94505],[67.47234,37.95569],[67.46614,37.95978]],[[67.58582,37.82843],[67.58609,37.8288],[67.59184,37.83499]],[[67.37984,37.25405],[67.38243,37.25349],[67.39159,37.25268],[67.3936,37.25282]],[[67.38104,37.25383],[67.38177,37.2537],[67.39135,37.25287],[67.3919,37.25289]],[[67.27228,37.2505],[67.27021,37.25093],[67.26924,37.25129],[67.26826,37.25176]],[[67.59605,37.83946],[67.59142,37.83419],[67.58402,37.82612]],[[67.41603,37.52526],[67.41803,37.52935],[67.41839,37.52984]],[[67.58934,37.8319],[67.58872,37.83103],[67.58845,37.83051],[67.58837,37.83005],[67.58843,37.8297],[67.58858,37.82921],[67.5902,37.82689]],[[67.41678,37.52555],[67.4164,37.52501],[67.4159,37.5245],[67.41563,37.5243],[67.41499,37.52404],[67.41415,37.52402],[67.41145,37.52479]],[[67.41621,37.52482],[67.41545,37.52429],[67.415,37.52412],[67.41466,37.52408],[67.41381,37.52419],[67.4115,37.52486]],[[67.4115,37.52133],[67.40996,37.52145]],[[67.40128,37.48248],[67.40143,37.4872]],[[67.40466,37.50131],[67.40744,37.50867],[67.40786,37.50941],[67.40832,37.51003],[67.41028,37.51207],[67.4109,37.51301],[67.41172,37.51472]],[[67.37741,37.53214],[67.37624,37.53043],[67.37528,37.52946],[67.37311,37.52657],[67.37291,37.52597],[67.37293,37.52551],[67.37326,37.52381],[67.3737,37.52263],[67.37409,37.52199],[67.37458,37.52153],[67.37511,37.52121],[67.37717,37.52028],[67.37868,37.51971],[67.37921,37.51963],[67.37997,37.51965],[67.38372,37.52045],[67.38494,37.52059],[67.39089,37.52055],[67.3914,37.5205],[67.39352,37.51997],[67.39498,37.51987],[67.39681,37.51936],[67.39727,37.51933],[67.39892,37.51947],[67.39963,37.51946],[67.40337,37.51927],[67.40453,37.51918],[67.40632,37.51894],[67.40752,37.51891],[67.40994,37.51986],[67.41097,37.52065],[67.41161,37.52098],[67.41392,37.52147],[67.41454,37.52168],[67.41484,37.52187],[67.41529,37.52242]],[[67.41246,37.51883],[67.41245,37.51942]],[[67.4117,37.5213],[67.41218,37.52133],[67.41263,37.52151],[67.41348,37.5217]],[[67.59517,37.25415],[67.59463,37.25404]],[[67.72347,37.25285],[67.71837,37.25378]],[[67.39352,37.51997],[67.39206,37.52005],[67.39023,37.52036],[67.38733,37.52037]],[[67.41256,37.51729],[67.41253,37.52063]],[[67.2672,37.24211],[67.26675,37.24363],[67.26674,37.24459],[67.26682,37.24517],[67.26699,37.24566],[67.26767,37.24713],[67.26859,37.24808],[67.26963,37.24882]],[[67.26741,37.24681],[67.26725,37.24653],[67.26651,37.2459],[67.26594,37.24561]],[[67.26963,37.24882],[67.2705,37.24923],[67.2713,37.24949],[67.27385,37.24997]],[[67.27421,37.24997],[67.27264,37.24968]],[[67.26479,37.25483],[67.2662,37.25318],[67.26679,37.25261],[67.26749,37.25207],[67.26825,37.25162],[67.26894,37.25127],[67.27087,37.25061],[67.27322,37.2503]],[[67.4017,37.49185],[67.4019,37.49315],[67.40232,37.49489]],[[67.4019,37.49315],[67.40218,37.49376],[67.4026,37.49411],[67.40319,37.49436],[67.40452,37.49453]],[[67.43071,37.25831],[67.4272,37.25729],[67.40783,37.25365]],[[67.28319,37.25086],[67.27885,37.25045]],[[67.27347,37.24991],[67.27599,37.25013]],[[67.29227,37.25207],[67.29032,37.25194],[67.28827,37.25194],[67.28628,37.25236],[67.28581,37.25235]],[[67.27854,37.25078],[67.28924,37.25186]],[[67.28804,37.25186],[67.27851,37.2509]],[[67.2896,37.25185],[67.27911,37.25078]],[[67.27713,37.25058],[67.2779,37.25065]],[[67.27593,37.25027],[67.27797,37.25048]],[[67.27703,37.25033],[67.2757,37.25019]],[[67.27455,37.25012],[67.27703,37.25033]],[[67.27482,37.25026],[67.27579,37.25031],[67.27662,37.25042]],[[67.29675,37.25385],[67.29746,37.2536],[67.29832,37.25343],[67.29928,37.25341],[67.29981,37.25351]],[[67.30324,37.25605],[67.30117,37.25444],[67.30048,37.25398]],[[67.25492,37.22019],[67.25512,37.22189],[67.25568,37.22292],[67.25576,37.22387]],[[67.25492,37.22019],[67.25489,37.22153],[67.25345,37.22575],[67.24775,37.2356],[67.24764,37.23653],[67.24774,37.23701],[67.24799,37.23752],[67.2483,37.23794],[67.25044,37.2398],[67.25138,37.24057],[67.25215,37.24106],[67.25273,37.24125],[67.25578,37.24142],[67.25704,37.24172],[67.25833,37.2424],[67.26963,37.24882]],[[67.28721,37.25199],[67.28642,37.25203]],[[67.28864,37.21456],[67.28854,37.21377],[67.28854,37.21236]],[[67.29479,37.21937],[67.29625,37.21994]],[[67.29049,37.21795],[67.29146,37.21775],[67.29357,37.2169]],[[67.28868,37.21231],[67.28862,37.21422],[67.28874,37.21552]],[[67.29449,37.25247],[67.29569,37.25294],[67.29632,37.25311],[67.29687,37.25322],[67.29903,37.25341]],[[67.29128,37.25189],[67.29189,37.2519]],[[67.40215,37.49417],[67.40242,37.49475],[67.40286,37.49522],[67.4032,37.49544],[67.404,37.49568],[67.4062,37.4957],[67.40782,37.4956]],[[67.402,37.49345],[67.40233,37.49383],[67.40252,37.49392],[67.40442,37.49415]],[[67.40271,37.49601],[67.40619,37.50521],[67.40631,37.50574]],[[67.39206,37.52005],[67.39036,37.52017],[67.38902,37.52017]],[[66.77043,37.40647],[66.77076,37.40651]],[[66.72601,37.401],[66.72539,37.40086]],[[66.86787,37.41831],[66.86909,37.41842]],[[66.86909,37.41842],[66.87131,37.41848]],[[66.88209,37.41879],[66.92759,37.4198],[66.93226,37.41965],[66.94968,37.41854],[66.99284,37.41609]],[[67.01096,37.41497],[67.03826,37.41327],[67.0396,37.41303],[67.04149,37.41254]],[[67.10488,37.37983],[67.13776,37.36102]],[[67.10319,37.38086],[67.10174,37.38215],[67.0943,37.38642]],[[67.10464,37.37997],[67.10488,37.37983]],[[66.77076,37.40651],[66.8648,37.41802],[66.86787,37.41831]],[[67.37375,37.31884],[67.37999,37.32518],[67.38072,37.32624],[67.38297,37.33102]],[[67.43134,37.25854],[67.43071,37.25831]],[[67.42389,37.2566],[67.42526,37.2568],[67.42582,37.2568],[67.42647,37.2566],[67.42701,37.25612],[67.42718,37.2557],[67.42759,37.25309],[67.42748,37.25273],[67.42715,37.25213],[67.42686,37.25189],[67.42553,37.25141],[67.42299,37.25093],[67.42053,37.2506],[67.41858,37.25043],[67.41756,37.25012],[67.41684,37.24979],[67.41525,37.24883],[67.41467,37.24827],[67.41449,37.24791],[67.41443,37.24735],[67.41478,37.24648],[67.41497,37.2456]],[[67.40794,37.25375],[67.40696,37.25357]],[[67.41104,37.25516],[67.41131,37.25536]],[[67.40783,37.25365],[67.40304,37.25279],[67.40109,37.25259]],[[67.38131,37.25393],[67.38188,37.25393],[67.38987,37.25327],[67.39209,37.25302]],[[67.38168,37.25372],[67.38232,37.25361],[67.39145,37.25281],[67.39313,37.2528]],[[67.38071,37.25398],[67.38173,37.25385],[67.39633,37.25261]],[[67.38071,37.25389],[67.39115,37.25299],[67.39177,37.25298]],[[67.59605,37.83946],[67.59766,37.84132],[67.59817,37.84219],[67.5992,37.84857],[67.59973,37.84985],[67.60053,37.85089],[67.60528,37.85556],[67.60632,37.85669],[67.60731,37.85793],[67.60804,37.85937],[67.61152,37.86786],[67.61228,37.8693],[67.61353,37.87038],[67.61524,37.8712],[67.61672,37.87159],[67.62273,37.87209],[67.62434,37.87248],[67.62643,37.87362],[67.65547,37.90619],[67.66386,37.9122],[67.67034,37.91732]],[[67.04149,37.41254],[67.0427,37.41218]],[[67.26575,37.21276],[67.26608,37.21649],[67.26608,37.21716],[67.26576,37.2179],[67.26505,37.21843],[67.2576,37.22121],[67.25671,37.22171],[67.2561,37.2223],[67.25589,37.22277],[67.25576,37.22387],[67.25461,37.22851]],[[67.7077,37.94065],[67.70823,37.94083]],[[67.13776,37.36102],[67.13815,37.36081]],[[67.13815,37.36081],[67.19407,37.32896]],[[67.20089,37.32507],[67.20234,37.3242]],[[67.78577,38.01219],[67.7861,38.01262],[67.78817,38.01484],[67.78883,38.01592],[67.78915,38.01698],[67.78934,38.02096]],[[67.7862,38.01542],[67.78631,38.0162]],[[67.33011,37.25713],[67.31454,37.25841],[67.31263,37.25829],[67.31148,37.25809],[67.30914,37.25743],[67.30383,37.25493]],[[67.29534,37.25155],[67.29611,37.25136],[67.29676,37.25135],[67.29997,37.25191],[67.30159,37.2524],[67.30588,37.25244]],[[67.29619,37.25108],[67.29694,37.25077],[67.2984,37.25062],[67.29898,37.25064]],[[67.29964,37.25039],[67.29803,37.25022],[67.29748,37.25028],[67.29687,37.25052],[67.2957,37.25138],[67.29494,37.25169],[67.2941,37.25191],[67.29274,37.25191]],[[67.28655,37.25126],[67.29494,37.25212],[67.29782,37.2526]],[[67.29092,37.25189],[67.27867,37.2506],[67.27797,37.25048]],[[67.27703,37.25033],[67.29257,37.25193]],[[67.27773,37.25073],[67.2782,37.25082],[67.28829,37.25188]],[[67.27455,37.25012],[67.27385,37.24997]],[[67.26849,37.25166],[67.27012,37.25122]],[[67.31616,37.26663],[67.31668,37.26716]],[[67.28767,37.21963],[67.28808,37.21909],[67.28875,37.21856],[67.2893,37.21827],[67.28997,37.218],[67.29049,37.21795],[67.29111,37.21802],[67.29479,37.21937],[67.29554,37.21976],[67.29621,37.22036],[67.29661,37.22124]],[[66.67885,37.48135],[66.67859,37.48189]],[[66.73827,37.40251],[66.73767,37.40249],[66.72091,37.40035],[66.72036,37.40034],[66.71956,37.40046],[66.71855,37.40069],[66.71797,37.4009],[66.71725,37.40124],[66.71617,37.40206],[66.70498,37.41657],[66.70441,37.4174],[66.70377,37.41863],[66.68524,37.45699],[66.68485,37.45815],[66.68472,37.45903],[66.68472,37.4599],[66.68515,37.46444],[66.68499,37.46589],[66.68311,37.47264],[66.68125,37.47761],[66.68079,37.47852],[66.67885,37.48135]],[[66.52164,37.37546],[66.69769,37.39744],[66.72188,37.4004],[66.73067,37.40156]],[[66.7223,37.40053],[66.72388,37.40095]],[[66.72655,37.40102],[66.72712,37.40104],[66.73759,37.40243]],[[66.73732,37.40245],[66.73652,37.40241],[66.72735,37.40122],[66.72658,37.40108]],[[66.73874,37.40257],[66.73748,37.40233],[66.73418,37.4019]],[[66.73731,37.40231],[66.73578,37.4018],[66.73331,37.40151]],[[66.73767,37.40249],[66.73895,37.40265]],[[66.7382,37.40245],[66.73968,37.40263]],[[66.73067,37.40156],[66.77043,37.40647]],[[66.87131,37.41848],[66.88209,37.41879]],[[66.99284,37.41609],[67.01096,37.41497]],[[67.29662,37.25374],[67.29714,37.25353],[67.29775,37.25341]],[[67.29224,37.25193],[67.29554,37.25231],[67.29797,37.25276],[67.29898,37.25305],[67.29979,37.25344],[67.30093,37.25413],[67.30371,37.25609],[67.30479,37.25651]],[[67.29404,37.25213],[67.29344,37.25202]],[[67.29452,37.25197],[67.29635,37.25223]],[[67.59701,37.84587],[67.59646,37.84243],[67.5965,37.84218]],[[67.59326,37.83649],[67.59587,37.83934]],[[67.59171,37.83459],[67.59142,37.83419]],[[67.59232,37.83535],[67.58493,37.82724],[67.58424,37.82637]],[[67.58979,37.82711],[67.58894,37.82868]],[[67.59349,37.83683],[67.59262,37.83592]],[[67.58623,37.82895],[67.58648,37.82932],[67.58991,37.83302]],[[67.54407,37.88289],[67.54563,37.88143],[67.54825,37.87919]],[[67.54482,37.88221],[67.54389,37.88332],[67.53767,37.88974],[67.53705,37.89048],[67.53609,37.89189]],[[67.45667,37.99156],[67.45832,37.99054],[67.45904,37.99],[67.45965,37.98939],[67.46026,37.98852],[67.46056,37.98787],[67.46074,37.98718],[67.46112,37.98331]],[[67.45652,37.9915],[67.45526,37.99238]],[[67.46315,37.96229],[67.45979,37.96519],[67.45933,37.96575],[67.459,37.96628],[67.45864,37.96725],[67.45858,37.96789],[67.45865,37.96865],[67.46124,37.97922],[67.46132,37.98008],[67.46082,37.98717],[67.46054,37.98808],[67.45986,37.98921],[67.45933,37.98981],[67.45846,37.99052],[67.45444,37.99288],[67.45399,37.99325],[67.45362,37.9937],[67.45334,37.99424],[67.45261,37.9967],[67.45203,37.99788],[67.45125,37.99865],[67.4505,37.99917],[67.44957,37.9996],[67.44855,37.9999],[67.44699,38.00004],[67.44623,38.0],[67.44294,37.99942],[67.44196,37.99938],[67.44055,37.99951],[67.43783,38.00006],[67.43151,38.00076],[67.43063,38.00097],[67.42976,38.00132],[67.42891,38.00191],[67.42687,38.00383],[67.42614,38.00474],[67.42585,38.00527],[67.42566,38.00605],[67.42571,38.00665],[67.42587,38.00719],[67.42665,38.00886],[67.42682,38.00945],[67.42673,38.01033],[67.42654,38.01089],[67.4244,38.01501],[67.42406,38.01554],[67.42309,38.01628],[67.42249,38.01659],[67.42136,38.01693]],[[67.45623,37.99182],[67.45733,37.99126],[67.45878,37.99036],[67.45972,37.98949],[67.46041,37.98849],[67.46073,37.98778],[67.46091,37.98696],[67.46121,37.98297],[67.46118,37.98237]],[[67.46614,37.95978],[67.46389,37.96164]],[[67.38259,38.03122],[67.38235,38.0322],[67.38237,38.03282],[67.38252,38.0335],[67.38308,38.03448],[67.38368,38.03508],[67.38492,38.03596],[67.38685,38.03717],[67.38821,38.03829],[67.38882,38.03909],[67.38923,38.04002],[67.38941,38.04087],[67.3895,38.04337],[67.38972,38.04444],[67.39163,38.04828],[67.39321,38.05349],[67.39327,38.05424],[67.39269,38.05851],[67.39157,38.06151],[67.39128,38.06245],[67.39104,38.06379],[67.39082,38.0675],[67.3906,38.06859],[67.39001,38.07001],[67.38829,38.07235],[67.38673,38.07558],[67.38599,38.07695],[67.38486,38.07832],[67.38434,38.07881],[67.38325,38.07961],[67.37749,38.08299],[67.37641,38.08386],[67.3678,38.09253],[67.36698,38.09325],[67.36614,38.09369],[67.36541,38.09391],[67.36439,38.09408],[67.36344,38.09406],[67.36212,38.09374],[67.36134,38.09332],[67.35707,38.09034],[67.35617,38.08987],[67.35537,38.08959],[67.35392,38.08925],[67.35318,38.08915],[67.35138,38.08932],[67.3503,38.08957],[67.33603,38.09385],[67.33457,38.09439],[67.33321,38.09504],[67.33218,38.09584],[67.33025,38.09715],[67.32947,38.09757],[67.32834,38.09786],[67.32749,38.09786],[67.32435,38.09751],[67.32329,38.09753],[67.32141,38.0977],[67.32028,38.09758],[67.31927,38.09737],[67.31787,38.09686],[67.31689,38.0967],[67.31562,38.09679],[67.31118,38.09801],[67.31001,38.09814],[67.30899,38.09806],[67.30686,38.09772],[67.3047,38.097],[67.30363,38.09681],[67.30132,38.09653],[67.29951,38.09642],[67.29811,38.09642],[67.29614,38.09627],[67.29557,38.09631],[67.29517,38.09641],[67.29415,38.09689],[67.29156,38.09857],[67.29086,38.09886],[67.28965,38.09912],[67.28037,38.10042],[67.27888,38.10073],[67.27695,38.10146],[67.27336,38.10305],[67.2714,38.1038],[67.27026,38.10412],[67.26907,38.10423],[67.26576,38.10393],[67.2567,38.10255],[67.2552,38.10256],[67.25153,38.10297],[67.25074,38.10317],[67.24928,38.10369],[67.24834,38.10428],[67.24616,38.10616],[67.2437,38.10848],[67.24256,38.10936],[67.24133,38.10992],[67.24079,38.11008],[67.2399,38.11023]],[[67.53672,37.89018],[67.53628,37.89099]],[[67.33723,38.09348],[67.33855,38.09296]],[[67.18954,38.1035],[67.19112,38.103]],[[67.19262,38.10351],[67.19141,38.10379],[67.19042,38.10375]],[[67.19376,38.10418],[67.19425,38.10423],[67.19676,38.10421],[67.19776,38.10434],[67.19919,38.10468],[67.20547,38.10648],[67.20654,38.10672]],[[67.20547,38.10648],[67.2048,38.10636],[67.19916,38.10474],[67.19749,38.10434],[67.19686,38.10426],[67.19486,38.10423]],[[66.67859,37.48189],[66.67822,37.48305],[66.67819,37.48373],[66.67841,37.48756],[66.67757,37.49096],[66.6773,37.49171],[66.67696,37.4922],[66.6766,37.49253],[66.67559,37.49314],[66.6717,37.49509],[66.67125,37.49554],[66.67096,37.49595],[66.67074,37.49658],[66.67067,37.49712],[66.6707,37.49754],[66.67091,37.49807],[66.6714,37.49881],[66.6739,37.50202],[66.67442,37.50277],[66.67456,37.50336],[66.67438,37.50591],[66.6744,37.50616],[66.67473,37.5069],[66.67503,37.50733],[66.67558,37.50779],[66.67782,37.50885],[66.67859,37.50959],[66.67891,37.51017],[66.67906,37.51091],[66.67854,37.5129],[66.6786,37.5135],[66.67882,37.51421],[66.67915,37.51471],[66.68125,37.51675],[66.68157,37.5172],[66.6818,37.51779],[66.68188,37.51828],[66.68194,37.52041],[66.682,37.52111],[66.68213,37.52161],[66.68469,37.52626],[66.68592,37.52755],[66.68627,37.52808],[66.68647,37.52868],[66.68649,37.52913],[66.68628,37.5299],[66.68537,37.53108],[66.68443,37.53287],[66.68418,37.53376],[66.6843,37.53487],[66.68462,37.53565],[66.68518,37.53672],[66.68558,37.53723],[66.68718,37.53845],[66.68773,37.53904],[66.68803,37.5396],[66.68824,37.54038],[66.6883,37.54156],[66.68844,37.5419],[66.68981,37.54391],[66.69085,37.54509],[66.69221,37.54737],[66.69255,37.5478],[66.69364,37.54884],[66.69692,37.55143],[66.6976,37.55205],[66.69801,37.55257],[66.69834,37.55318],[66.69842,37.554],[66.69793,37.55521],[66.69721,37.55585],[66.69642,37.55623],[66.69543,37.55646],[66.69035,37.55674],[66.68947,37.55694],[66.6887,37.55737],[66.68819,37.55784],[66.68783,37.55841],[66.68758,37.55957],[66.68771,37.56019],[66.68877,37.56196],[66.68898,37.56262],[66.68902,37.56308],[66.6889,37.56373],[66.6887,37.56425],[66.68778,37.56513],[66.68718,37.5655],[66.686,37.56572],[66.68294,37.56562],[66.68213,37.56549],[66.67984,37.56455],[66.67625,37.56392],[66.67532,37.56403],[66.67281,37.5649],[66.67175,37.565],[66.67058,37.56479],[66.66721,37.56358]],[[67.40228,37.49465],[67.40291,37.4964]],[[67.30383,37.25493],[67.30303,37.25456]],[[67.373,37.52519],[67.37281,37.52596],[67.37304,37.52659],[67.37509,37.52931],[67.37551,37.52972]],[[67.40641,37.50614],[67.4073,37.50848],[67.40776,37.50936],[67.40842,37.51022],[67.41046,37.51239],[67.4109,37.51314],[67.41167,37.51476]],[[67.41167,37.51476],[67.41184,37.51513]],[[67.40704,37.50783],[67.40659,37.50711],[67.40603,37.50661]],[[67.40682,37.52651],[67.40672,37.52576]],[[67.37603,37.52972],[67.3764,37.53022]],[[67.40255,37.49555],[67.40264,37.49604],[67.40659,37.50649]],[[67.41131,37.25536],[67.41188,37.25606],[67.41213,37.25694],[67.41218,37.2583],[67.41186,37.25964],[67.41123,37.26056],[67.40822,37.26347],[67.40534,37.26611]],[[67.2941,37.25191],[67.2953,37.25201],[67.29631,37.252],[67.29934,37.25227]],[[67.30135,37.25458],[67.3032,37.25594]],[[67.38161,37.25367],[67.38232,37.25356],[67.39073,37.25282],[67.39277,37.25276]],[[67.98206,38.4483],[67.98257,38.44793],[67.98395,38.4476],[67.98436,38.4476],[67.9852,38.44787]],[[67.96773,38.46387],[67.97038,38.46388]],[[67.97038,38.46388],[67.9779,38.46383],[67.97885,38.46373]],[[67.96737,38.46387],[67.96773,38.46387]],[[67.98596,38.35583],[67.98627,38.35603]],[[67.89472,38.17309],[67.90578,38.19269],[67.90651,38.19465],[67.9076,38.19821],[67.90979,38.20446]],[[66.89357,38.21148],[66.89318,38.21191],[66.8901,38.21466],[66.88962,38.21529],[66.88761,38.2185],[66.88725,38.21894]],[[67.13829,38.12407],[67.13828,38.12575]],[[67.13831,38.11705],[67.1385,38.11807]],[[67.23879,38.11022],[67.23726,38.10997],[67.235,38.10939],[67.234,38.10919],[67.23289,38.10917],[67.23165,38.10924],[67.23069,38.10949],[67.22655,38.11111],[67.22576,38.11126],[67.22361,38.11128],[67.22294,38.11121],[67.22186,38.11089],[67.22092,38.1105],[67.21872,38.10938],[67.21699,38.10876],[67.20925,38.10752],[67.19921,38.10464],[67.19764,38.10426],[67.19665,38.10415],[67.1914,38.1042],[67.19046,38.10429],[67.18958,38.10448],[67.18841,38.10489],[67.18722,38.10561],[67.18425,38.10865],[67.18349,38.10923],[67.18279,38.10966],[67.17989,38.11092],[67.17685,38.11238],[67.17587,38.11277],[67.17007,38.11474],[67.16879,38.11537],[67.16824,38.11589],[67.16784,38.11645],[67.16766,38.11699],[67.16781,38.11871],[67.16752,38.11974],[67.16697,38.12038],[67.16617,38.12091],[67.16537,38.12116],[67.16446,38.12126],[67.16252,38.12128],[67.16178,38.12137],[67.15663,38.12284],[67.15585,38.12308],[67.15525,38.12341],[67.15328,38.1247],[67.15213,38.12503],[67.15109,38.12509],[67.14821,38.1247],[67.14754,38.12481],[67.14683,38.12504],[67.1461,38.12551],[67.14444,38.12768],[67.14378,38.12823],[67.14304,38.12861],[67.14244,38.12877],[67.14179,38.12882]],[[67.03939,38.17225],[67.03829,38.17295],[67.03658,38.1743]],[[67.40824,37.25369],[67.40397,37.2529],[67.40193,37.25262],[67.39901,37.25248],[67.39633,37.25261]],[[67.27514,37.25019],[67.27396,37.25021],[67.27322,37.2503]],[[67.78508,38.01144],[67.77961,38.00563]],[[67.59316,37.83683],[67.59126,37.83468],[67.59145,37.83499]],[[67.89099,38.16806],[67.89289,38.17131]],[[67.38277,38.03083],[67.38259,38.03122]],[[67.89116,38.16752],[67.89153,38.16806],[67.89322,38.17102]],[[67.90549,38.26566],[67.9054,38.2665],[67.90549,38.26915],[67.906,38.27087],[67.90699,38.27299],[67.90746,38.27358],[67.90787,38.27394],[67.90829,38.27417],[67.90921,38.27437],[67.91017,38.27426]],[[67.90907,38.27759],[67.90855,38.27639],[67.9085,38.27598],[67.90867,38.2754],[67.90884,38.2751],[67.90937,38.27464],[67.90972,38.27443],[67.91102,38.27395],[67.91177,38.27352],[67.91252,38.27291],[67.91301,38.27199],[67.91318,38.27086],[67.91427,38.26864]],[[67.908,38.27548],[67.90787,38.27504],[67.90604,38.27119],[67.90552,38.2697],[67.90538,38.26895],[67.90529,38.26688]],[[67.90532,38.26895],[67.90532,38.26944],[67.90584,38.27109],[67.90851,38.27672],[67.9087,38.27696]],[[67.90699,38.27299],[67.90812,38.27546]],[[67.90659,38.27198],[67.90806,38.27506],[67.90812,38.27574]],[[67.90678,38.27311],[67.90716,38.27472],[67.90789,38.27631],[67.90798,38.27881]],[[67.90851,38.27672],[67.90864,38.27716]],[[67.90921,38.27982],[67.90908,38.27823],[67.90724,38.27416],[67.90689,38.27353]],[[67.91207,38.27356],[67.91336,38.27299]],[[67.91169,38.27371],[67.91345,38.27304]],[[67.91471,38.26996],[67.91377,38.27165],[67.91342,38.27208],[67.91252,38.27291]],[[67.9147,38.27282],[67.91575,38.27237],[67.91627,38.27201],[67.91715,38.27092]],[[67.59261,37.83568],[67.59294,37.83614]],[[67.95997,38.46382],[67.96737,38.46387]],[[67.96859,38.3812],[67.96631,38.38475]],[[67.13836,38.11882],[67.13825,38.11961],[67.13825,38.12037]],[[67.41116,38.01868],[67.40928,38.0192],[67.40866,38.01949],[67.39381,38.02706],[67.39311,38.0273],[67.39235,38.02748],[67.38767,38.02776],[67.38688,38.02798],[67.38619,38.02827],[67.38494,38.02896],[67.38337,38.02995]],[[67.35126,38.08921],[67.3503,38.08957]],[[66.89408,38.21106],[66.89453,38.21057]],[[67.19653,38.10296],[67.19413,38.10336],[67.19326,38.10376],[67.19253,38.10394]],[[67.03097,38.1791],[67.03938,38.17245]],[[67.02749,38.1819],[67.02813,38.18131],[67.03064,38.17937]],[[67.03076,38.17941],[67.03117,38.17908]],[[66.95915,38.2026],[66.95772,38.20244],[66.95634,38.20261],[66.95056,38.20358]],[[66.88652,38.2201],[66.88697,38.21915]],[[66.96969,38.20425],[66.96848,38.20411],[66.95915,38.2026]],[[66.95915,38.2026],[66.95815,38.20238]],[[66.95634,38.20261],[66.9517,38.20339]],[[67.78945,38.02196],[67.78951,38.02026],[67.78942,38.0174],[67.78927,38.0165],[67.78896,38.0157],[67.78839,38.01481],[67.78698,38.01328],[67.78653,38.01292]],[[67.78606,38.01492],[67.7869,38.02117]],[[67.78698,38.01328],[67.77999,38.0058]],[[67.78526,38.01181],[67.78555,38.01243],[67.78575,38.01313],[67.78606,38.01492],[67.78638,38.01619]],[[67.7861,38.01593],[67.78613,38.01707],[67.78637,38.01799],[67.78669,38.02051]],[[67.78647,38.01916],[67.78669,38.02106]],[[67.78608,38.0156],[67.78597,38.01638],[67.78596,38.01723]],[[67.78954,38.01962],[67.78982,38.02143],[67.78994,38.02179],[67.79035,38.02229],[67.7916,38.02334]],[[67.97247,38.46224],[67.97343,38.46165],[67.97398,38.46154],[67.97453,38.46157],[67.97587,38.46189],[67.97625,38.46189],[67.97679,38.46185],[67.97855,38.46143]],[[67.90625,38.27185],[67.90842,38.27635],[67.90915,38.27818],[67.90927,38.27878],[67.9093,38.27975],[67.9092,38.28242],[67.90946,38.28357],[67.91067,38.2858],[67.91473,38.29247],[67.91595,38.29423],[67.91712,38.29562],[67.9326,38.31154],[67.9614,38.34016],[67.96277,38.34145],[67.98018,38.35224]],[[68.04977,38.4499],[68.04851,38.44662],[68.04818,38.44555],[68.04827,38.44482],[68.04864,38.44325],[68.04833,38.43874],[68.04888,38.43419],[68.04865,38.43288],[68.04753,38.43126],[68.04663,38.42931],[68.04519,38.42725],[68.04403,38.42589],[68.04285,38.42395],[68.04274,38.42361],[68.04264,38.42206],[68.04234,38.42127],[68.04112,38.41969],[68.04033,38.41851],[68.03907,38.41695],[68.03822,38.41566],[68.03658,38.41344],[68.03374,38.40984],[68.03332,38.40911],[68.03318,38.40849],[68.033,38.40518],[68.03247,38.40234],[68.03187,38.39976],[68.03176,38.39892],[68.03181,38.39794],[68.03233,38.39703],[68.03385,38.39516],[68.03545,38.39381],[68.03617,38.39299],[68.0374,38.39016],[68.03758,38.38811],[68.03746,38.38717],[68.03734,38.38687],[68.03716,38.38656],[68.03691,38.38632],[68.01707,38.37176],[68.01581,38.37097]],[[67.96823,38.46388],[67.96974,38.46371],[67.9706,38.4635],[67.97175,38.46291],[67.97247,38.46224],[67.97432,38.45957],[67.98791,38.43915],[67.99253,38.43199],[67.99643,38.42627],[67.99667,38.42568],[67.99688,38.42482],[67.99757,38.4198],[67.99796,38.41627],[67.99877,38.4119],[68.00074,38.39776],[68.00093,38.39687],[68.00112,38.39656]],[[68.05755,38.40129],[68.05828,38.40168],[68.06096,38.40362]],[[67.98297,38.57966],[67.98292,38.57877],[67.98298,38.57774]],[[68.00615,38.36637],[68.0071,38.3668],[68.01152,38.36834],[68.01266,38.36886],[68.01401,38.36966],[68.01581,38.37097]],[[68.00539,38.39482],[68.00508,38.39489]],[[68.00112,38.39656],[68.00048,38.39716],[68.00011,38.39735],[67.99922,38.39755],[67.99845,38.3975],[67.99723,38.39697],[67.99102,38.39367],[67.99026,38.39342],[67.98919,38.39322]],[[67.96877,38.3925],[67.96846,38.39275],[67.96787,38.39295],[67.96479,38.39361],[67.9637,38.39366],[67.96337,38.39361],[67.96287,38.3934],[67.9623,38.39301],[67.96193,38.39246],[67.9618,38.39174],[67.96212,38.39094],[67.96332,38.3893],[67.96445,38.3876],[67.96849,38.38122]],[[66.85108,38.26428],[66.85374,38.26274],[66.85435,38.26247]],[[66.86428,38.25764],[66.86447,38.25717]],[[66.88584,38.22317],[66.88606,38.22368]],[[66.86447,38.25717],[66.86491,38.2565]],[[68.01581,38.37097],[68.01362,38.36946],[68.01256,38.36886],[68.01095,38.36819],[68.00714,38.36686],[68.00656,38.36655]],[[68.00669,38.36655],[68.00725,38.3668],[68.01136,38.36822],[68.01238,38.36866],[68.0136,38.36932],[68.01628,38.37124]],[[68.01502,38.3696],[68.01475,38.36929],[68.01368,38.3685]],[[67.03026,38.17973],[67.03969,38.1723]],[[67.04064,38.17154],[67.04111,38.1711]],[[67.37307,37.52485],[67.37328,37.52581],[67.37354,37.52633],[67.37603,37.52972],[67.37624,37.53043]],[[67.41702,37.52713],[67.41677,37.52678]],[[67.7817,38.0079],[67.78218,38.00883],[67.7822,38.00931],[67.78192,38.01034],[67.7814,38.01103],[67.78122,38.01158],[67.78115,38.01227],[67.78136,38.01296]],[[67.03041,38.17988],[67.02919,38.18058]],[[67.67066,37.91757],[67.69341,37.93547],[67.698,37.93733],[67.7077,37.94065]],[[67.59126,37.83468],[67.59082,37.83401],[67.59108,37.8343]],[[68.01741,38.37202],[68.0182,38.37273],[68.01849,38.3731],[68.01867,38.37355],[68.01863,38.37419],[68.01775,38.3755],[68.01672,38.3774],[68.00834,38.39336],[68.00778,38.39395],[68.00746,38.39418],[68.00642,38.3946],[68.00539,38.39482]],[[66.82041,38.2569],[66.8226,38.25784],[66.82464,38.25856],[66.82811,38.2599],[66.82917,38.26046],[66.82972,38.26088],[66.83074,38.26195],[66.83121,38.26268],[66.83257,38.2652],[66.83303,38.26569],[66.83354,38.26604],[66.83437,38.26638],[66.8351,38.26656],[66.83599,38.26654],[66.83856,38.26619],[66.83921,38.26624],[66.83983,38.26641],[66.84046,38.26676],[66.84098,38.26716],[66.84141,38.26764],[66.84241,38.26899],[66.84301,38.26947],[66.84363,38.2698],[66.84477,38.27003],[66.84537,38.27002],[66.84617,38.2699],[66.8468,38.2697],[66.84731,38.26938],[66.84779,38.26894],[66.8482,38.26843],[66.84883,38.26631],[66.84904,38.26584],[66.8494,38.26542]],[[66.93764,38.20378],[66.93671,38.20372],[66.93586,38.20343],[66.93471,38.2028],[66.93423,38.20234],[66.93393,38.20178],[66.93372,38.20103],[66.93363,38.2003],[66.93364,38.19829],[66.93349,38.19783],[66.93283,38.19698],[66.93203,38.19625],[66.92824,38.19309],[66.92761,38.19271],[66.92681,38.19236],[66.92587,38.1921],[66.92492,38.19198],[66.92378,38.19198],[66.92113,38.19247],[66.92005,38.19247],[66.91922,38.19229],[66.91842,38.19195],[66.91775,38.19147],[66.91719,38.19085],[66.91607,38.1891],[66.91579,38.18884],[66.91515,38.18849],[66.91409,38.18817],[66.91345,38.18811],[66.9127,38.1882],[66.91178,38.18843],[66.91114,38.18877],[66.91057,38.18922],[66.91022,38.18972],[66.91003,38.19024],[66.90993,38.19085],[66.90998,38.19429],[66.90937,38.19969],[66.90983,38.20268],[66.9096,38.20428],[66.90942,38.20492],[66.90902,38.20571],[66.90834,38.20648],[66.90709,38.20759],[66.9065,38.20799],[66.90497,38.20868],[66.90363,38.20901],[66.90259,38.20919],[66.89914,38.20913],[66.89749,38.2093],[66.89663,38.20957],[66.89578,38.20995],[66.8949,38.21044],[66.89408,38.21106],[66.89003,38.21466],[66.88954,38.21531],[66.88652,38.2201],[66.88612,38.22091],[66.88567,38.2222],[66.88567,38.22255],[66.88584,38.22317]],[[66.88265,38.24969],[66.88058,38.24958],[66.87937,38.2497],[66.87848,38.24989]],[[66.89739,38.24403],[66.89616,38.24431],[66.89579,38.24449],[66.8951,38.24506],[66.89472,38.24561],[66.89428,38.24656],[66.89383,38.24817],[66.89361,38.24865],[66.89324,38.24908],[66.89273,38.24949],[66.89222,38.24977],[66.89157,38.24998],[66.88987,38.25013],[66.88557,38.24987]],[[66.88606,38.22368],[66.88633,38.22417],[66.88997,38.22903],[66.89045,38.2299],[66.89066,38.23049],[66.89069,38.23106],[66.89028,38.2323],[66.88971,38.23297],[66.88321,38.23775],[66.88272,38.23821],[66.88239,38.23868],[66.88202,38.23973],[66.88214,38.24059],[66.88243,38.24124],[66.88324,38.24224],[66.88375,38.24261],[66.88429,38.24284],[66.88484,38.24296],[66.88587,38.24312],[66.88635,38.24312],[66.8872,38.243],[66.88805,38.24272],[66.88887,38.24219],[66.89027,38.24108],[66.891,38.24065],[66.89151,38.24044],[66.89216,38.24031],[66.89321,38.24029],[66.89399,38.24036],[66.89581,38.24085],[66.89664,38.24102],[66.89723,38.24107],[66.89808,38.24104],[66.90392,38.24048],[66.90476,38.24049],[66.90561,38.24068],[66.90641,38.24106],[66.9071,38.24171],[66.90764,38.24273],[66.90772,38.24319],[66.9076,38.24391],[66.90728,38.24458],[66.90686,38.24504],[66.90654,38.24525],[66.90579,38.24559],[66.90498,38.2458],[66.90416,38.24586],[66.90311,38.24574],[66.90266,38.24558],[66.90061,38.24445],[66.89968,38.24412],[66.89893,38.24399]],[[67.03391,38.17711],[67.03246,38.17825],[67.032,38.17851]],[[66.85557,38.26214],[66.85641,38.26205],[66.85753,38.26212],[66.85854,38.26227],[66.85937,38.26253],[66.86005,38.26285],[66.86068,38.26326],[66.86133,38.2638],[66.86513,38.26798],[66.8658,38.2686],[66.86676,38.26915],[66.86738,38.26932],[66.86794,38.2694],[66.86878,38.26937],[66.86935,38.26925],[66.86999,38.26901],[66.87077,38.26852],[66.87144,38.26759],[66.87161,38.26694],[66.87159,38.26622],[66.87141,38.26572],[66.87105,38.26527],[66.87006,38.26428],[66.86852,38.26322]],[[66.86852,38.26322],[66.86818,38.263]],[[67.03898,38.17249],[67.03835,38.17277],[67.03633,38.17435],[67.03566,38.1747]],[[67.02058,38.18777],[67.02132,38.18731]],[[66.86491,38.2565],[66.86558,38.25584]],[[67.04341,38.16714],[67.04363,38.16604],[67.04398,38.1655],[67.04439,38.165],[67.04526,38.16445],[67.04605,38.16416],[67.04705,38.16396],[67.04803,38.16395],[67.05061,38.16417],[67.05134,38.16408],[67.05902,38.16153],[67.06044,38.16079]],[[67.03903,38.17267],[67.03847,38.17297],[67.03229,38.17779],[67.03132,38.17874]],[[67.03026,38.17973],[67.03169,38.17841],[67.03858,38.17296],[67.04009,38.17197]],[[67.02132,38.18731],[67.02402,38.18574],[67.02463,38.18529],[67.0253,38.18461],[67.02712,38.18244],[67.02777,38.18178],[67.03026,38.17973]],[[67.13838,38.12106],[67.13825,38.12178],[67.13829,38.12407]],[[67.30158,37.25634],[67.30176,37.25609],[67.30181,37.25584],[67.30158,37.25501],[67.30084,37.25422]],[[67.30415,37.25514],[67.29959,37.25315],[67.29841,37.25278],[67.29551,37.25225],[67.29257,37.25193]],[[67.27388,37.25022],[67.27313,37.25022],[67.2721,37.25033],[67.27089,37.25056],[67.27002,37.2508],[67.26824,37.25155],[67.26763,37.25189],[67.26642,37.25286],[67.26523,37.25418],[67.26497,37.25462]],[[67.28472,37.25175],[67.28679,37.25197],[67.288,37.25198]],[[67.29181,37.2518],[67.29257,37.25193]],[[67.29666,37.25378],[67.29721,37.25359],[67.29832,37.25343]],[[67.29956,37.25351],[67.30164,37.25458]],[[67.28808,37.21909],[67.28892,37.21746],[67.28928,37.21638],[67.2896,37.21466]],[[67.32255,37.25779],[67.31992,37.25822],[67.31884,37.25863],[67.31805,37.25907],[67.31722,37.25965],[67.31629,37.26071],[67.31593,37.26127],[67.31499,37.26328],[67.31486,37.26419],[67.3151,37.26508],[67.31646,37.26704]],[[67.09401,37.386],[67.10217,37.38132],[67.1027,37.38108]],[[67.10411,37.38027],[67.10343,37.38072],[67.10067,37.3823]],[[67.81294,38.04632],[67.81593,38.04753],[67.82072,38.04964],[67.84701,38.07793],[67.85083,38.08606],[67.85358,38.09213],[67.85386,38.09394],[67.85432,38.10037],[67.85816,38.11373],[67.85968,38.11875],[67.85999,38.11954],[67.86073,38.12079],[67.86157,38.12179],[67.8622,38.12238],[67.86453,38.12403],[67.86717,38.12568]],[[67.78951,38.0211],[67.7897,38.02408]],[[67.71754,37.94334],[67.7241,37.945],[67.72521,37.9455],[67.72588,37.94593],[67.72683,37.94679],[67.73304,37.95515],[67.73637,37.95925],[67.75633,37.98044],[67.78825,38.01477],[67.78881,38.01564],[67.78925,38.01688]],[[67.78944,38.0216],[67.78934,38.02096],[67.78924,38.01734],[67.78894,38.01607],[67.78848,38.01518],[67.78812,38.01471],[67.78508,38.01144],[67.78477,38.01101]],[[67.78608,38.01654],[67.78605,38.01723]],[[67.7117,37.94188],[67.71215,37.94205],[67.7227,37.94468],[67.72308,37.94473]],[[67.7227,37.94468],[67.72161,37.94465],[67.71828,37.94391]],[[67.71831,37.94347],[67.71956,37.94368],[67.72376,37.94476]],[[67.67034,37.91732],[67.67066,37.91757]],[[67.59261,37.83568],[67.59232,37.83535]],[[67.98097,38.35272],[67.98596,38.35583]],[[67.98219,38.39183],[67.97867,38.39103],[67.97831,38.39086],[67.97777,38.39048],[67.97746,38.39013],[67.97726,38.38969],[67.97723,38.38905],[67.97747,38.3883],[67.97751,38.38776],[67.97714,38.385],[67.97836,38.38179]],[[68.01284,38.36862],[68.01146,38.36802],[68.00808,38.36683],[68.00749,38.36668]],[[67.90979,38.20446],[67.90994,38.20488]],[[67.90994,38.20488],[67.91297,38.2142],[67.91309,38.21594],[67.91267,38.21957],[67.91251,38.22241],[67.91283,38.22402],[67.91326,38.2251],[67.91381,38.22608],[67.91522,38.22956],[67.91543,38.23063],[67.91597,38.23479],[67.91594,38.23575],[67.91571,38.23685],[67.90975,38.25004],[67.90842,38.25264],[67.9061,38.25767],[67.90583,38.25847],[67.90554,38.25976],[67.90553,38.2601],[67.9058,38.26383],[67.90534,38.26647],[67.90526,38.26734],[67.90538,38.2694],[67.90566,38.27038],[67.90625,38.27185]],[[67.8906,38.16475],[67.89096,38.1664],[67.89116,38.16781],[67.89294,38.17111]],[[67.26183,37.24441],[67.26237,37.2445],[67.26278,37.24434],[67.26292,37.24418],[67.26336,37.24323]],[[67.28584,37.25221],[67.28674,37.25223]],[[67.28829,37.25188],[67.2889,37.25194]],[[67.28289,37.25078],[67.28373,37.25096]],[[67.40625,37.50573],[67.40603,37.5053],[67.40278,37.49657],[67.40268,37.49616]],[[67.40278,37.49657],[67.40293,37.49713],[67.4058,37.50484],[67.40603,37.5053]],[[67.41261,37.51676],[67.41481,37.52141]],[[67.41041,37.52019],[67.40965,37.51911],[67.40943,37.51894],[67.40716,37.51785]],[[67.41983,37.53193],[67.41911,37.53087],[67.41873,37.5305],[67.41833,37.53021],[67.41792,37.53003],[67.41733,37.52994],[67.4167,37.52995],[67.41616,37.53009],[67.41299,37.53109],[67.41251,37.53113],[67.41193,37.53107],[67.41112,37.53093],[67.4107,37.53077],[67.41032,37.53052],[67.40725,37.52793],[67.40686,37.52703],[67.40682,37.52571],[67.40633,37.52461]],[[67.38125,37.2539],[67.3817,37.25381]],[[67.42616,37.25528],[67.42615,37.25493],[67.42645,37.25326]],[[67.40686,37.52703],[67.40635,37.52574]],[[67.03191,38.17811],[67.03218,38.17776],[67.03266,38.17692],[67.03344,38.17613],[67.03445,38.17549],[67.03574,38.17497],[67.03664,38.17442]],[[67.039,38.17241],[67.03753,38.17277],[67.03676,38.17329]],[[67.04248,38.1697],[67.04144,38.17081],[67.03965,38.17226]],[[67.03164,38.17873],[67.03227,38.17831],[67.03853,38.17337],[67.03969,38.1723]],[[67.02058,38.18777],[67.01829,38.18913],[67.01656,38.19028],[67.01255,38.19356],[67.01145,38.19459],[67.011,38.19531],[67.01084,38.19594],[67.01081,38.19653],[67.0109,38.19725],[67.0116,38.19918],[67.01157,38.20024],[67.01136,38.20089],[67.01106,38.20143],[67.0103,38.20228],[67.00913,38.203],[67.00849,38.20318],[67.00067,38.20429],[66.99913,38.20435],[66.9982,38.20424],[66.99681,38.20393],[66.99571,38.20342],[66.99463,38.20272],[66.99337,38.20143],[66.99255,38.2008],[66.99139,38.20035],[66.99092,38.20032],[66.99004,38.20036],[66.98932,38.2005],[66.98858,38.20074],[66.98831,38.20089],[66.98646,38.20253],[66.98545,38.203],[66.98493,38.20312],[66.98417,38.2032],[66.98041,38.203],[66.9799,38.20294],[66.97861,38.20254],[66.97783,38.20247],[66.97743,38.20254],[66.9766,38.20287],[66.97521,38.20376],[66.97413,38.20431],[66.9727,38.20466],[66.97155,38.20457],[66.95549,38.20198],[66.95302,38.20176],[66.94454,38.20119],[66.94382,38.20127],[66.94319,38.20146],[66.94197,38.20201],[66.93994,38.20321],[66.93923,38.20355],[66.93882,38.20367],[66.9381,38.20376]],[[68.00522,38.36598],[68.00615,38.36637],[68.01135,38.36817],[68.01277,38.3688],[68.01395,38.36949],[68.01707,38.37176]],[[67.39963,37.51946],[67.39857,37.51973],[67.39814,37.51996],[67.39785,37.52024],[67.39756,37.52073],[67.3965,37.52378]],[[67.39999,37.51944],[67.40107,37.51967],[67.40406,37.52055],[67.4055,37.52084],[67.40801,37.52155]],[[67.0427,37.41218],[67.05329,37.40915],[67.05484,37.40851],[67.09728,37.38417]],[[67.1023,37.38165],[67.10188,37.38215],[67.10133,37.3826],[67.10045,37.3832],[67.09916,37.38394]],[[67.42293,37.25648],[67.42425,37.25664],[67.42491,37.25658],[67.42532,37.25642],[67.4258,37.25609],[67.42613,37.25542]],[[67.26767,37.24713],[67.26741,37.24681],[67.26712,37.24661],[67.26545,37.24567]],[[67.27811,37.25069],[67.27965,37.25079],[67.28989,37.25185]],[[67.29661,37.25339],[67.29832,37.25343]],[[67.29981,37.25351],[67.30078,37.25413]],[[67.78925,38.01688],[67.78951,38.02503],[67.78967,38.02649],[67.79015,38.02756],[67.79097,38.0287],[67.79458,38.03185],[67.80778,38.04381],[67.80922,38.04474],[67.81052,38.04537],[67.8126,38.04619]],[[67.78951,38.02026],[67.78955,38.01983],[67.78942,38.01745]],[[67.78464,38.01096],[67.78554,38.01223],[67.7858,38.01295],[67.78599,38.01412]],[[67.8126,38.04619],[67.81294,38.04632]],[[67.46117,37.9827],[67.46098,37.98383],[67.4607,37.98712],[67.46029,37.98834],[67.45993,37.98893],[67.4592,37.98978],[67.45856,37.99031],[67.4571,37.99127]],[[67.59294,37.83614],[67.59326,37.83649]],[[67.89116,38.16781],[67.89302,38.17108]],[[67.04047,38.17161],[67.03939,38.17225],[67.03799,38.17281],[67.03566,38.17461],[67.03442,38.17494],[67.03337,38.17492]],[[67.03819,38.17261],[67.03777,38.17282],[67.0358,38.17443],[67.03512,38.17479]],[[67.4119,37.51511],[67.42676,37.54629],[67.43003,37.55119],[67.44206,37.57275],[67.45029,37.58721],[67.45125,37.5892],[67.46153,37.62309],[67.4627,37.6283],[67.46457,37.63787],[67.46512,37.6402],[67.46578,37.64184],[67.48591,37.675],[67.48927,37.68037],[67.48982,37.68144],[67.49518,37.69794],[67.50121,37.71718],[67.50717,37.73577]],[[67.37579,37.52997],[67.37322,37.52661],[67.37305,37.52629],[67.37292,37.52562]],[[67.40897,37.51947],[67.40584,37.51793]],[[67.5646,37.80411],[67.565,37.80457]],[[67.58493,37.82724],[67.5856,37.8281],[67.59294,37.83614]],[[67.27279,37.25038],[67.27101,37.25066],[67.27017,37.25088],[67.26835,37.25163],[67.26753,37.25211],[67.26682,37.25266],[67.26619,37.25326],[67.2644,37.25525]],[[67.26401,37.25559],[67.26512,37.2541],[67.26613,37.25296],[67.26724,37.25203],[67.26791,37.25163],[67.26929,37.25096],[67.27064,37.25053],[67.27198,37.25027],[67.27313,37.25022]],[[67.98018,38.35224],[67.98097,38.35272]],[[67.40143,37.4872],[67.40162,37.49179],[67.40197,37.49374],[67.40265,37.49583],[67.40466,37.50131]],[[67.38297,37.33102],[67.38916,37.35189],[67.39179,37.36561],[67.39188,37.36657],[67.39177,37.36778],[67.39042,37.37361],[67.39007,37.37555],[67.38845,37.39314],[67.38843,37.39428],[67.38863,37.3954],[67.39968,37.4373],[67.39988,37.43835],[67.40015,37.44888],[67.40042,37.45447],[67.40096,37.47638],[67.40128,37.48093],[67.40128,37.48248]],[[67.29269,37.25194],[67.28975,37.25169],[67.27797,37.25048]],[[67.28008,37.25058],[67.28655,37.25126]],[[67.4058,37.50484],[67.4052,37.50375],[67.40337,37.49934]],[[67.40939,37.51121],[67.41009,37.51206]],[[67.41207,37.51562],[67.4124,37.51644],[67.41253,37.51705],[67.41264,37.51782],[67.41271,37.51947]],[[67.40804,37.51898],[67.40708,37.51848]],[[67.41343,37.52136],[67.41239,37.52126],[67.41096,37.52135],[67.4102,37.5212],[67.40955,37.52097]],[[67.42471,37.25124],[67.42569,37.2515],[67.42668,37.25187],[67.42719,37.25233],[67.42739,37.25269],[67.42749,37.25306],[67.42749,37.25348],[67.42716,37.25536],[67.42717,37.25574]],[[67.71837,37.25378],[67.65303,37.26548],[67.65081,37.26573],[67.64861,37.26566],[67.59517,37.25415]],[[67.96488,38.46385],[67.96532,38.46381],[67.96708,38.46387]],[[68.00446,38.3657],[68.00493,38.36587]],[[67.41139,38.01864],[67.41116,38.01868]],[[67.42136,38.01693],[67.42115,38.01697]],[[67.42005,38.01718],[67.41984,38.01721]],[[67.41984,38.01721],[67.41139,38.01864]],[[67.1385,38.11807],[67.13846,38.11831]],[[67.2399,38.11023],[67.23879,38.11022]],[[68.01293,38.36917],[68.01516,38.37057]],[[67.89107,38.16711],[67.89126,38.1678],[67.89314,38.17105]],[[67.89093,38.16724],[67.89091,38.16771],[67.89105,38.16834],[67.8929,38.17147]],[[67.78608,38.01514],[67.7862,38.01701]],[[67.72269,37.94463],[67.72219,37.94444],[67.71912,37.94367],[67.71229,37.94203]],[[67.59247,37.83561],[67.58582,37.82843],[67.5856,37.8281]]]}},{"type":"Feature","properties":{"branch":"termiz","name":"Termiz MTU","source_color":"grey","km":616,"lod":"overview","parts":36},"geometry":{"type":"MultiLineString","coordinates":[[[67.9704,38.4639],[67.9744,38.4668],[67.9788,38.4734],[67.9909,38.4731],[67.9974,38.4763],[67.9958,38.4816],[67.9964,38.4911],[68.0,38.5018],[67.9974,38.5113],[67.9932,38.5162],[67.9974,38.5198],[68.0026,38.5194],[68.0057,38.5224],[68.0046,38.5239],[67.9962,38.5266],[67.9924,38.5335],[67.9962,38.5371],[68.0016,38.5377],[68.0039,38.5408],[68.0084,38.542],[68.0104,38.5445],[68.0154,38.5447],[68.0172,38.5462],[68.0146,38.5485],[68.0091,38.5463],[68.0042,38.5485],[67.9978,38.5478],[67.999,38.5509],[68.0063,38.5512],[68.0091,38.5562],[68.0047,38.561],[68.0009,38.5627],[68.0003,38.5648],[67.9874,38.5733],[67.9861,38.5775],[67.983,38.5797],[67.9847,38.5827]],[[67.9888,38.3931],[67.9984,38.3975],[68.0011,38.3966]],[[67.0303,38.1797],[67.0114,38.1946],[67.0103,38.2023],[67.0007,38.2043],[66.9968,38.2039],[66.9909,38.2003],[66.9849,38.2031],[66.9778,38.2025],[66.9727,38.2047],[66.9445,38.2012],[66.9367,38.2037],[66.9342,38.2023],[66.9332,38.1974],[66.9282,38.1931],[66.9192,38.1923],[66.9152,38.1885],[66.9118,38.1884],[66.9099,38.1908],[66.909,38.2057],[66.905,38.2087],[66.8958,38.21],[66.8898,38.215],[66.8857,38.2225],[66.8906,38.2315],[66.882,38.2397],[66.8832,38.2422],[66.8859,38.2431],[66.8922,38.2403],[66.9052,38.2406],[66.9076,38.2427],[66.9069,38.245],[66.9037,38.2458],[66.897,38.2441],[66.8922,38.2498],[66.8794,38.2497],[66.8685,38.2537],[66.8642,38.2583],[66.8714,38.2657],[66.8711,38.2681],[66.8688,38.2694],[66.8658,38.2686],[66.86,38.2628],[66.8564,38.2621],[66.8498,38.2651],[66.8468,38.2697],[66.8436,38.2698],[66.8398,38.2664],[66.8335,38.266],[66.8292,38.2605],[66.8204,38.2569]],[[67.5933,37.8365],[67.5938,37.8389],[67.5906,37.8428],[67.569,37.8565],[67.5334,37.8949],[67.5166,37.9086],[67.5137,37.9164],[67.5034,37.9232],[67.4864,37.9451],[67.4598,37.9652],[67.4586,37.9679],[67.4612,37.9792],[67.4607,37.9876],[67.454,37.9933],[67.4513,37.9986],[67.4476,38.0],[67.442,37.9994],[67.4298,38.0013],[67.4259,38.0053],[67.4267,38.0103],[67.4231,38.0163],[67.4093,38.0192],[67.3938,38.0271],[67.3877,38.0278],[67.3834,38.0299],[67.3825,38.0335],[67.3888,38.0391],[67.3932,38.0535],[67.3906,38.0686],[67.3849,38.0783],[67.3764,38.0839],[67.367,38.0932],[67.3621,38.0937],[67.3532,38.0892],[67.336,38.0939],[67.3283,38.0979],[67.3169,38.0967],[67.31,38.0981],[67.2956,38.0963],[67.2909,38.0989],[67.2789,38.1007],[67.2703,38.1041],[67.2515,38.103],[67.2413,38.1099],[67.2317,38.1092],[67.2258,38.1113],[67.1976,38.1043],[67.1905,38.1043],[67.1828,38.1097],[67.1688,38.1154],[67.1662,38.1209],[67.1521,38.125],[67.1475,38.1248],[67.1424,38.1288],[67.1382,38.1268],[67.1379,38.1163],[67.1324,38.1141],[67.1278,38.1161],[67.1204,38.1259],[67.1078,38.128],[67.0676,38.1466],[67.0656,38.1496],[67.0655,38.1578],[67.0521,38.1639],[67.0453,38.1644],[67.0397,38.1723]],[[67.5961,37.8395],[67.5512,37.7889],[67.5408,37.7816],[67.5112,37.7485],[67.4898,37.6814],[67.4651,37.6402],[67.4513,37.5892],[67.4074,37.5087],[67.4016,37.4918],[67.3999,37.4384],[67.3884,37.3943],[67.3918,37.3656],[67.3892,37.3519],[67.3807,37.3262],[67.3737,37.3188],[67.3429,37.2959],[67.3038,37.2549]],[[68.0011,38.3966],[68.0083,38.3934],[68.0186,38.3742],[68.0174,38.372]],[[67.2745,37.2501],[67.269,37.251],[67.2652,37.2539],[67.2167,37.3161],[67.0564,37.4077],[67.0383,37.4133],[66.9276,37.4198],[66.8691,37.4184],[66.5216,37.3755]],[[68.0511,38.3969],[68.0135,38.3692],[67.9987,38.3635],[67.9628,38.3414],[67.9147,38.2925],[67.9095,38.2836],[67.9053,38.2673],[67.9061,38.2577],[67.9159,38.2358],[67.9125,38.2224],[67.913,38.2142],[67.9058,38.1927],[67.8914,38.1672],[67.8883,38.1535],[67.8775,38.1341],[67.86,38.1195],[67.8543,38.1004],[67.8536,38.0921],[67.847,38.0779],[67.8207,38.0496],[67.8078,38.0438],[67.791,38.0287],[67.7882,38.0148],[67.7364,37.9592],[67.7262,37.9462],[67.6934,37.9355],[67.6555,37.9062],[67.6264,37.8736],[67.6152,37.8712],[67.6123,37.8693],[67.6073,37.8579],[67.5997,37.8498],[67.5961,37.8395]],[[67.278,37.2505],[67.2759,37.2503],[67.2888,37.2519]],[[67.5946,37.254],[67.6508,37.2657],[67.7251,37.2526],[67.7319,37.2501],[67.7876,37.2172]],[[67.3038,37.2549],[67.3145,37.2584],[67.4001,37.2525],[67.4313,37.2585]],[[67.2801,37.2506],[67.2739,37.25]],[[67.3038,37.2549],[67.2978,37.2526],[67.2801,37.2506]],[[67.421,37.5345],[67.4064,37.5061]],[[67.5926,37.8357],[67.5963,37.8398]],[[67.584,37.8261],[67.5961,37.8395]],[[67.4153,37.5224],[67.4075,37.5189],[67.3909,37.5206],[67.3787,37.5197],[67.3741,37.522],[67.3729,37.5255],[67.3774,37.5321]],[[67.2696,37.2488],[67.267,37.2457],[67.2672,37.2421]],[[67.2558,37.2239],[67.2549,37.2202],[67.248,37.2375],[67.2521,37.2411],[67.257,37.2417],[67.2696,37.2488]],[[67.2927,37.2519],[67.2996,37.2504]],[[67.278,37.2505],[67.2909,37.2519]],[[67.2926,37.2519],[67.277,37.2503]],[[66.6672,37.5636],[66.6717,37.565],[66.6763,37.5639],[66.6872,37.5655],[66.689,37.5631],[66.6882,37.5578],[66.6964,37.5562],[66.6984,37.554],[66.6846,37.5356],[66.6863,37.5281],[66.6788,37.5142],[66.6789,37.5102],[66.6747,37.5069],[66.6744,37.5028],[66.6707,37.4975],[66.6717,37.4951],[66.6776,37.491],[66.6784,37.4825],[66.685,37.4659],[66.6852,37.457],[66.7044,37.4174],[66.7162,37.4021],[66.7209,37.4004],[66.7383,37.4025]],[[67.5842,37.8264],[67.5923,37.8354]],[[67.9704,38.4639],[67.96,38.4638]],[[67.9789,38.4637],[67.9704,38.4639]],[[68.0158,38.371],[68.0373,38.3869],[68.0362,38.393],[68.0318,38.3979],[68.0332,38.4085],[68.0486,38.4329],[68.0482,38.4455],[68.0498,38.4499]],[[68.0011,38.3966],[67.9964,38.4263],[67.9725,38.4622],[67.9682,38.4639]],[[68.0158,38.371],[68.0062,38.3664]],[[68.0066,38.3666],[68.0158,38.371]],[[67.0397,38.1723],[67.0303,38.1797]],[[67.0401,38.172],[67.0303,38.1797]],[[67.2926,37.2519],[67.3042,37.2551]],[[67.0397,38.1723],[67.0316,38.1787]],[[67.5929,37.8361],[67.5849,37.8272]],[[67.278,37.2505],[67.2927,37.2519]]]}},{"type":"Feature","properties":{"branch":"qongirot","name":"Qo'ng'irot MTU","source_color":"brown","km":1361,"lod":"detail","parts":889},"geometry":{"type":"MultiLineString","coordinates":[[[60.77562,41.46392],[60.77673,41.46342]],[[60.64394,41.53484],[60.64345,41.53505],[60.64277,41.53523]],[[60.84838,41.76965],[60.85469,41.76228],[60.85592,41.76105],[60.86017,41.75607],[60.86265,41.75351],[60.86364,41.75234],[60.87633,41.73942],[60.87723,41.73837],[60.88833,41.72201],[60.89267,41.71408]],[[59.43107,42.40987],[59.43137,42.40965]],[[60.27361,41.70613],[60.27654,41.70463],[60.27801,41.70402],[60.27833,41.70395],[60.27916,41.70392],[60.27988,41.70405],[60.28075,41.70409],[60.28153,41.70396],[60.28233,41.70366]],[[60.74309,41.48025],[60.75282,41.47451],[60.7545,41.47362],[60.75968,41.47117],[60.77827,41.46264],[60.77942,41.46204]],[[61.2689,41.37492],[61.26724,41.37655],[61.25952,41.38485],[61.25851,41.38611]],[[60.53897,41.496],[60.53806,41.49537]],[[60.74284,41.4804],[60.74309,41.48025]],[[61.26474,41.379],[61.26446,41.37919],[61.26417,41.37929],[61.26301,41.37939],[61.26041,41.37898]],[[58.3649,43.10414],[58.36241,43.10325],[58.36045,43.10177],[58.36001,43.10152],[58.35112,43.09858],[58.3472,43.09719]],[[58.35813,43.10063],[58.35977,43.10088]],[[58.84545,43.03829],[58.84485,43.03871]],[[58.8264,43.04935],[58.82793,43.04839],[58.83055,43.04647],[58.83346,43.0445],[58.84313,43.03891],[58.84533,43.03812],[58.84627,43.03769],[58.84762,43.03692]],[[59.0014,42.8263],[58.99453,42.83613]],[[58.34817,43.10986],[58.3464,43.10835],[58.32916,43.09568],[58.32744,43.09459],[58.32574,43.09379],[58.32408,43.09323],[58.32244,43.09288],[58.30715,43.08998],[58.29298,43.09135],[58.28939,43.09182],[58.28449,43.09273],[58.27947,43.09288],[58.2711,43.09399],[58.26906,43.09379],[58.26707,43.09347],[58.25873,43.09141],[58.25713,43.09112],[58.25536,43.09104],[58.2544,43.09108],[58.25245,43.09142],[58.25142,43.09173],[58.2496,43.09255],[58.24702,43.09417],[58.24522,43.09512],[58.24325,43.0957],[58.23901,43.09645],[58.23723,43.09703],[58.23574,43.09779],[58.23467,43.09852],[58.2336,43.0996],[58.23281,43.10078],[58.22746,43.11329],[58.22704,43.11467],[58.22629,43.11774],[58.22536,43.12004],[58.20684,43.15019]],[[58.78642,43.06708],[58.78623,43.06715]],[[58.83046,43.0648],[58.83113,43.06499],[58.8331,43.06586]],[[59.77584,42.78954],[59.77781,42.80015]],[[59.59607,42.34566],[59.59576,42.34542],[59.59423,42.34384]],[[58.84645,43.03772],[58.8335,43.04519]],[[58.84587,43.03805],[58.84517,43.03838],[58.83443,43.04458],[58.8335,43.04519],[58.82861,43.04805]],[[59.73549,42.58843],[59.73556,42.58869]],[[59.58084,42.37101],[59.5824,42.37183]],[[59.63317,42.37406],[59.6347,42.3764],[59.63657,42.37803]],[[61.19299,41.26453],[61.19258,41.26492],[61.19059,41.26644],[61.18902,41.26745],[61.18731,41.26825],[61.18238,41.27026],[61.18159,41.27052]],[[61.17952,41.27125],[61.18098,41.2706]],[[61.23046,41.25167],[61.23098,41.25206]],[[60.82453,41.794],[60.82704,41.79296],[60.83031,41.7908],[60.83662,41.78352],[60.84824,41.76981]],[[60.78137,41.46018],[60.78472,41.45551],[60.78656,41.45372],[60.78904,41.45223],[60.83133,41.43319],[60.83554,41.43008],[60.84099,41.42408]],[[60.96735,41.35835],[61.00162,41.34423]],[[60.7428,41.48034],[60.74303,41.4802]],[[60.6515,41.53332],[60.65145,41.5337],[60.65131,41.53394],[60.65097,41.53421],[60.6504,41.53451]],[[60.28162,41.70411],[60.26876,41.71082]],[[61.32496,41.21805],[61.325,41.21736],[61.32582,41.2146],[61.32603,41.21255],[61.32643,41.21178],[61.32708,41.21115],[61.32768,41.21083],[61.32819,41.21068],[61.33262,41.20958],[61.33435,41.20906],[61.33935,41.20724],[61.34013,41.2069]],[[58.84662,43.0344],[58.84748,43.0347],[58.84825,43.03477],[58.84917,43.0346],[58.84954,43.03447]],[[58.72777,43.07737],[58.72597,43.07792],[58.72384,43.07878],[58.69421,43.09092]],[[58.84669,43.03047],[58.847,43.02983],[58.84721,43.02958],[58.84872,43.02864]],[[58.84905,43.0296],[58.84683,43.03102]],[[58.82953,43.04207],[58.83013,43.0424],[58.83147,43.04262]],[[58.83225,43.04277],[58.83304,43.0429]],[[59.59829,42.34424],[59.59832,42.34524],[59.59975,42.34704]],[[59.5962,42.34728],[59.59389,42.34485],[59.59351,42.34436]],[[59.57267,42.35154],[59.57381,42.35203],[59.57564,42.35328]],[[59.6279,42.43652],[59.63095,42.43405],[59.63193,42.43235],[59.63229,42.43196],[59.63271,42.4317],[59.63305,42.43158],[59.63377,42.43144],[59.63491,42.43154],[59.63571,42.43189],[59.63891,42.43459],[59.6401,42.43613]],[[59.63501,42.43158],[59.63556,42.43188],[59.6359,42.43223],[59.63618,42.43322],[59.63641,42.43353],[59.63682,42.43383]],[[59.56804,42.35115],[59.56685,42.34996],[59.56581,42.34855],[59.56515,42.34788],[59.56202,42.34471],[59.56051,42.34348],[59.55597,42.33884]],[[60.76772,41.46917],[60.76818,41.46904]],[[60.75102,41.47382],[60.74735,41.47592],[60.74603,41.4769],[60.74528,41.47753],[60.74503,41.47789],[60.7446,41.47895],[60.74433,41.4793],[60.74379,41.47978]],[[60.76051,41.47074],[60.75472,41.47346],[60.75279,41.47448],[60.74303,41.4802]],[[61.19688,41.26166],[61.19651,41.26197]],[[60.40296,41.63527],[60.42171,41.62549]],[[60.42171,41.62549],[60.42207,41.6253]],[[60.39142,41.64461],[60.39166,41.64418]],[[60.56273,41.55136],[60.54946,41.55832],[60.54914,41.55859],[60.54879,41.55905],[60.54833,41.56002],[60.54807,41.56035],[60.54749,41.56078],[60.54428,41.56243]],[[60.65676,41.531],[60.65718,41.53049],[60.6593,41.52705]],[[60.654,41.52427],[60.65774,41.52363],[60.65839,41.52363],[60.65964,41.52378]],[[60.67074,41.52298],[60.67013,41.52348],[60.66981,41.52409],[60.66975,41.5247],[60.66987,41.52523],[60.67018,41.52588],[60.67076,41.52668],[60.67266,41.52871]],[[60.67791,41.51858],[60.6781,41.51847]],[[60.63518,41.53617],[60.62102,41.5371]],[[60.53806,41.49537],[60.51424,41.47952],[60.51251,41.47831],[60.51132,41.47732],[60.51044,41.47653],[60.50627,41.47231],[60.48146,41.44704]],[[61.20327,41.40897],[61.20303,41.40907]],[[61.26242,41.38213],[61.26152,41.38321],[61.2599,41.38632],[61.25984,41.38706],[61.26039,41.38874]],[[61.2624,41.38149],[61.26218,41.38168],[61.26178,41.38185],[61.25713,41.38328]],[[61.3396,41.32822],[61.33641,41.32682],[61.33327,41.32581],[61.33223,41.32556],[61.32914,41.32505],[61.32769,41.32491],[61.32565,41.32484],[61.32275,41.32495],[61.31918,41.32547],[61.31738,41.32594],[61.31565,41.32647],[61.31373,41.3272],[61.3126,41.3277],[61.31079,41.32867],[61.30951,41.32946],[61.30871,41.33004],[61.30699,41.33145]],[[61.27193,41.37255],[61.27537,41.37061]],[[61.26823,41.37555],[61.27101,41.37109]],[[61.17028,41.42624],[61.16947,41.42679]],[[61.20303,41.40907],[61.19676,41.41184],[61.19249,41.41394],[61.17754,41.42197],[61.17655,41.42244],[61.17276,41.42466],[61.17028,41.42624]],[[60.39166,41.64418],[60.39223,41.64314],[60.39374,41.64092],[60.39523,41.63953],[60.39694,41.63844],[60.40255,41.63549]],[[61.26635,41.37742],[61.26534,41.37821],[61.26458,41.379]],[[61.26612,41.37762],[61.26515,41.37824],[61.26448,41.37892]],[[61.26793,41.37589],[61.26764,41.37627]],[[61.39519,41.36078],[61.3969,41.3613]],[[61.31677,41.31475],[61.31585,41.31422],[61.31523,41.3136],[61.3148,41.31305],[61.31373,41.31126],[61.30063,41.29552],[61.29921,41.29377],[61.29903,41.29346],[61.29754,41.29223],[61.29673,41.29175],[61.29484,41.29102],[61.29402,41.29082],[61.2792,41.28782],[61.27795,41.28766]],[[61.28205,41.36877],[61.27912,41.36911],[61.27795,41.36933],[61.27618,41.36982],[61.2744,41.37051],[61.27295,41.37129],[61.27135,41.37243],[61.27044,41.37328],[61.2689,41.37492]],[[61.27046,41.37352],[61.2711,41.37316],[61.27228,41.37279],[61.27271,41.37258]],[[60.64675,41.53272],[60.64646,41.5332],[60.64583,41.53377],[60.64547,41.53399],[60.64446,41.53422]],[[61.31752,41.2329],[61.32025,41.23082],[61.32143,41.22939],[61.32456,41.22627],[61.32479,41.22594],[61.325,41.22533],[61.32521,41.22292],[61.32519,41.22097],[61.32502,41.21896]],[[61.2592,41.38495],[61.25796,41.38633],[61.25603,41.38816]],[[61.26056,41.38502],[61.26049,41.38556],[61.26054,41.3859],[61.26101,41.38738]],[[61.25386,41.39112],[61.25337,41.39155]],[[61.26705,41.37675],[61.26635,41.37742],[61.25898,41.38537]],[[60.62012,41.53641],[60.62049,41.5361],[60.62065,41.53564],[60.62055,41.53448]],[[60.61616,41.53747],[60.6167,41.53738]],[[60.75838,41.47174],[60.75894,41.47136],[60.76018,41.46999]],[[61.26851,41.37527],[61.26943,41.37412],[61.27238,41.36899],[61.27498,41.36487],[61.27594,41.36353],[61.27717,41.3622]],[[60.7626,41.46992],[60.76347,41.46965],[60.76402,41.46963],[60.76555,41.46977],[60.7665,41.46969],[60.76727,41.46946],[60.76849,41.4689]],[[60.44854,41.41905],[60.44791,41.4187]],[[61.03155,41.57947],[61.03183,41.57751]],[[61.32121,41.21584],[61.32398,41.21507],[61.32514,41.21451],[61.32561,41.21405],[61.32594,41.2133]],[[61.19376,41.26394],[61.19411,41.2636]],[[61.25851,41.38611],[61.25386,41.39112]],[[61.25881,41.38541],[61.25834,41.3858]],[[61.26206,41.38259],[61.26268,41.38198]],[[61.03747,41.55551],[61.03689,41.55595],[61.03607,41.55683],[61.03543,41.55768],[61.03465,41.55914],[61.03431,41.56031],[61.03367,41.56488],[61.03272,41.57057],[61.0318,41.57721]],[[61.03214,41.57655],[61.032,41.57703]],[[61.03183,41.57589],[61.03146,41.5774],[61.03112,41.57937]],[[61.22872,41.2493],[61.22906,41.24995],[61.2311,41.25247]],[[61.18071,41.27083],[61.18688,41.26832],[61.18886,41.26743],[61.19041,41.26644],[61.19503,41.2629],[61.19704,41.26146],[61.19897,41.26032],[61.22753,41.24554]],[[61.21887,41.2502],[61.22419,41.24773],[61.22482,41.24754],[61.22567,41.24746],[61.22651,41.24758],[61.22722,41.24786],[61.22783,41.24827],[61.23217,41.25347]],[[61.21153,41.25399],[61.21211,41.25377],[61.21829,41.25056],[61.21858,41.25035]],[[61.21013,41.2547],[61.21887,41.2502]],[[61.26178,41.38185],[61.261,41.38202],[61.26049,41.38202],[61.25965,41.38181],[61.25843,41.38134]],[[61.31777,41.31533],[61.31677,41.31475]],[[61.00497,41.61313],[61.00259,41.61573],[61.00194,41.61657],[61.00115,41.61781],[60.97937,41.65756],[60.97865,41.65861],[60.97796,41.65935],[60.97713,41.66],[60.97614,41.66059],[60.97507,41.66103],[60.97301,41.66152],[60.97119,41.66163],[60.96572,41.66123],[60.96481,41.66123]],[[60.26755,41.70292],[60.26763,41.70369],[60.26795,41.70421],[60.2694,41.70512],[60.26983,41.70551]],[[60.28362,41.70302],[60.28401,41.70275],[60.28457,41.70209],[60.28474,41.70153]],[[61.24601,41.39345],[61.24455,41.39336]],[[61.2309,41.25181],[61.23058,41.25133],[61.22931,41.24983],[61.22858,41.24914]],[[60.48146,41.44704],[60.48115,41.44672]],[[61.26072,41.38104],[61.25932,41.3809]],[[60.56186,41.55258],[60.55951,41.55502],[60.55669,41.55676],[60.55538,41.55738]],[[60.64396,41.53488],[60.64332,41.53514],[60.64159,41.53541]],[[56.50968,44.57956],[56.50634,44.58154]],[[56.58667,44.53364],[56.50968,44.57956]],[[57.50584,44.01414],[57.50638,44.01463],[57.50704,44.01509],[57.50829,44.01556],[57.50948,44.01561],[57.52437,44.01558]],[[57.49262,43.9683],[57.493,43.96703],[57.49384,43.96583],[57.49391,43.96523],[57.49385,43.96464],[57.4937,43.96414],[57.49319,43.96352],[57.49202,43.9629]],[[57.03213,44.26601],[57.00755,44.28059],[56.97411,44.3006],[56.94721,44.31696],[56.91648,44.33548],[56.89325,44.35004],[56.86297,44.36845],[56.83305,44.38616],[56.79674,44.40791]],[[57.81,43.69636],[57.73223,43.76344],[57.73103,43.7644],[57.71754,43.77315],[57.71539,43.77466],[57.71411,43.77586],[57.71311,43.77753],[57.71237,43.77916],[57.70877,43.79025],[57.70791,43.79236],[57.70684,43.79413],[57.68402,43.82402],[57.68253,43.82547],[57.6529,43.8519]],[[58.85306,43.03073],[58.85415,43.02993],[58.85583,43.02917],[58.85799,43.02734]],[[58.83314,43.04551],[58.83466,43.04474],[58.83553,43.04444]],[[58.82842,43.04803],[58.82903,43.04746],[58.83216,43.04519],[58.8329,43.04436],[58.8335,43.04389],[58.8426,43.03866],[58.84319,43.03845],[58.84482,43.03816],[58.8458,43.03785],[58.8489,43.03609],[58.84968,43.03572]],[[58.83709,43.03765],[58.83864,43.03804]],[[58.84665,43.0374],[58.84725,43.03677],[58.8476,43.03624],[58.84756,43.03537],[58.84739,43.03502],[58.84685,43.03453],[58.84576,43.03387],[58.84546,43.03345],[58.84535,43.03265],[58.84557,43.03219],[58.84637,43.03133],[58.84672,43.03058],[58.84705,43.03024],[58.8484,43.02939]],[[58.84968,43.03572],[58.8507,43.03517],[58.85706,43.03066]],[[58.33655,43.10093],[58.33757,43.1015],[58.34088,43.10397]],[[58.34357,43.09561],[58.3472,43.09719]],[[58.3472,43.09719],[58.34907,43.0976],[58.35113,43.09776],[58.35266,43.09773],[58.35321,43.0978],[58.3561,43.0985],[58.35801,43.09913]],[[58.25761,43.17035],[58.25835,43.17072],[58.25897,43.17087],[58.25995,43.17095],[58.26055,43.17089],[58.26171,43.17047],[58.26249,43.1703],[58.26377,43.17023],[58.26848,43.17017]],[[58.34794,43.10957],[58.35747,43.11778],[58.3584,43.11866]],[[58.35958,43.10128],[58.36049,43.10131],[58.36105,43.10113],[58.36134,43.10096],[58.36259,43.09898]],[[58.66268,43.10382],[58.66197,43.10412]],[[59.7262,42.57086],[59.72679,42.57158],[59.72761,42.57293]],[[59.7356,42.5683],[59.73697,42.5684],[59.74337,42.56865],[59.74422,42.56863]],[[59.75738,42.676],[59.75768,42.67676],[59.75921,42.67886],[59.75951,42.68094]],[[59.75862,42.68682],[59.75861,42.68716]],[[59.75756,42.67783],[59.75862,42.68682]],[[59.74231,42.61457],[59.75649,42.66912],[59.75671,42.67047],[59.7575,42.67786],[59.76147,42.712],[59.76187,42.71451],[59.76573,42.72736],[59.76739,42.73264],[59.76818,42.73486],[59.76891,42.73651],[59.76976,42.73777],[59.77115,42.74006],[59.77177,42.74164],[59.77204,42.74353],[59.77232,42.75676],[59.77372,42.77673],[59.77397,42.77947],[59.77574,42.78903]],[[59.75718,42.67507],[59.75731,42.67545],[59.75756,42.67783],[59.75771,42.67822],[59.75857,42.68576],[59.75862,42.68682]],[[59.61244,42.40391],[59.61319,42.40427],[59.61441,42.40508],[59.61541,42.40613]],[[59.60612,42.39951],[59.6073,42.40077]],[[59.27007,42.54485],[59.26215,42.55198]],[[59.31313,42.5065],[59.30278,42.51567]],[[59.3918,42.43608],[59.38504,42.44212]],[[59.38504,42.44212],[59.37795,42.44847]],[[59.7278,42.57323],[59.73235,42.5805],[59.7329,42.58161]],[[59.72771,42.57324],[59.73326,42.58215]],[[59.72679,42.57158],[59.72622,42.5707],[59.72594,42.57006],[59.72588,42.5697],[59.72604,42.56893],[59.72636,42.56836],[59.72685,42.56791],[59.7277,42.5675],[59.72815,42.56736],[59.72874,42.56729],[59.73501,42.56827],[59.74283,42.56852],[59.74488,42.56864],[59.7469,42.56846],[59.7477,42.56856],[59.74849,42.56891],[59.74902,42.56937],[59.75014,42.57137]],[[59.73312,42.58192],[59.73199,42.5805],[59.72998,42.5795],[59.72874,42.57877],[59.72854,42.57855],[59.72819,42.57758]],[[59.74181,42.6128],[59.74231,42.61457]],[[59.40977,42.40401],[59.41266,42.4056]],[[59.41588,42.411],[59.41754,42.41194],[59.41815,42.41216]],[[59.23278,42.57807],[59.23241,42.5784]],[[59.18167,42.62369],[59.15043,42.65124],[59.10106,42.69502],[59.09884,42.6971],[59.09074,42.70412],[59.08081,42.71289],[59.07894,42.71498],[59.07432,42.72171]],[[59.43174,42.39357],[59.42906,42.39359]],[[59.42743,42.41329],[59.43077,42.41018]],[[59.42873,42.41208],[59.42893,42.41182],[59.42897,42.41156],[59.42878,42.41107],[59.42858,42.41089],[59.42596,42.40957]],[[59.44006,42.40131],[59.4405,42.40098]],[[59.44087,42.40065],[59.44112,42.40049]],[[59.4421,42.39973],[59.44274,42.39915],[59.44364,42.39858]],[[59.44223,42.39953],[59.44264,42.39924]],[[59.44453,42.39608],[59.44431,42.39689]],[[59.44315,42.3986],[59.44386,42.39778],[59.44404,42.39745],[59.44467,42.39576],[59.44574,42.39473]],[[59.44253,42.39329],[59.44322,42.39361],[59.44366,42.39398],[59.44416,42.39459],[59.44439,42.39512],[59.44452,42.39568],[59.44441,42.39635]],[[59.47039,42.37314],[59.44626,42.39578]],[[59.47131,42.37228],[59.47039,42.37314]],[[59.63444,42.42923],[59.63492,42.42867]],[[59.64792,42.44126],[59.64038,42.43503],[59.63877,42.43392],[59.63715,42.43292],[59.63289,42.42936],[59.63179,42.42808],[59.62608,42.42039]],[[59.63948,42.43532],[59.63999,42.43574]],[[59.58602,42.37373],[59.59112,42.37687]],[[59.57235,42.35788],[59.57466,42.36517],[59.57477,42.36601],[59.57476,42.36764]],[[59.57623,42.36761],[59.57674,42.36818]],[[59.57476,42.36764],[59.57476,42.36842]],[[59.78371,42.90288],[59.78384,42.90206],[59.78381,42.90145],[59.78371,42.90113]],[[59.42743,42.41329],[59.4269,42.41364],[59.42636,42.41385],[59.42582,42.41398],[59.42512,42.41401],[59.42083,42.41345],[59.42005,42.41326],[59.41633,42.41108],[59.41585,42.41072],[59.41554,42.4103],[59.41444,42.40707]],[[59.42208,42.41354],[59.42313,42.41365],[59.4243,42.41391]],[[59.42861,42.41237],[59.42899,42.41192]],[[59.5772,42.35611],[59.57769,42.356]],[[59.57216,42.3573],[59.57235,42.35788]],[[59.34658,42.47654],[59.34619,42.47689]],[[59.32746,42.49363],[59.32106,42.49945]],[[59.32774,42.49338],[59.32746,42.49363]],[[59.37759,42.44877],[59.34658,42.47654]],[[59.43365,42.39647],[59.43498,42.39541],[59.43567,42.39504],[59.43619,42.39489],[59.43705,42.39485],[59.43807,42.39496]],[[59.43888,42.40244],[59.43206,42.40882],[59.43135,42.4095],[59.43097,42.40997]],[[59.43329,42.41522],[59.4337,42.41584],[59.4337,42.41669],[59.43286,42.41796]],[[59.42863,42.41052],[59.42889,42.41121]],[[59.43076,42.41035],[59.43168,42.40971],[59.43282,42.40926],[59.43307,42.40911],[59.43489,42.4074]],[[59.43243,42.40888],[59.43327,42.40823],[59.4344,42.40717]],[[59.27037,42.54457],[59.27007,42.54485]],[[59.19991,42.60723],[59.19028,42.61582],[59.18167,42.62369]],[[59.61969,42.43956],[59.62206,42.4375],[59.62445,42.43565],[59.62943,42.43155],[59.6297,42.4314],[59.63019,42.4312],[59.6306,42.43112],[59.63386,42.43095],[59.6347,42.4312],[59.63571,42.43189]],[[59.62145,42.43636],[59.62079,42.43628],[59.61784,42.4362]],[[59.20804,42.60018],[59.20773,42.60053],[59.2073,42.60126],[59.20676,42.60321],[59.20658,42.60353],[59.20287,42.60685]],[[59.20579,42.60197],[59.20972,42.59844],[59.21043,42.59745],[59.2109,42.59648],[59.21113,42.59617],[59.21413,42.59354]],[[59.22318,42.58661],[59.2117,42.59687],[59.19991,42.60723]],[[59.611,42.40326],[59.60905,42.40225],[59.60811,42.40157],[59.6073,42.40077]],[[59.57012,42.35339],[59.57062,42.35377]],[[59.5715,42.35465],[59.57184,42.35514]],[[59.56876,42.35189],[59.56902,42.35227]],[[59.64817,42.44212],[59.64734,42.44153],[59.64554,42.44006],[59.64523,42.43974]],[[59.63798,42.43384],[59.63923,42.435]],[[59.63674,42.43268],[59.63913,42.43463]],[[59.6403,42.43542],[59.63913,42.43463]],[[59.63451,42.43077],[59.63416,42.43039]],[[59.64042,42.40008],[59.64089,42.39761],[59.64104,42.39731],[59.64236,42.39602],[59.64266,42.39527],[59.64274,42.39463],[59.64263,42.39386],[59.64252,42.39355],[59.64192,42.39267],[59.64185,42.39223],[59.64256,42.38779],[59.6426,42.38734],[59.64246,42.38694]],[[59.63928,42.41119],[59.63917,42.41006],[59.63929,42.4068]],[[59.64612,42.41972],[59.64639,42.42013],[59.64725,42.4222]],[[59.65027,42.44384],[59.65238,42.4456],[59.65264,42.44622],[59.65266,42.44665],[59.65253,42.44708],[59.65222,42.44754],[59.65157,42.44806],[59.64515,42.45241]],[[59.6504,42.44388],[59.6513,42.44462]],[[59.65708,42.44931],[59.65877,42.45055],[59.65972,42.45101],[59.66107,42.45143],[59.66172,42.45155],[59.66302,42.45166],[59.66529,42.45154],[59.66608,42.45141]],[[59.62997,42.42563],[59.62969,42.42499],[59.62971,42.42445],[59.62998,42.42384],[59.63036,42.42341],[59.63113,42.42298],[59.64046,42.41896],[59.64079,42.41877],[59.64124,42.41831],[59.64144,42.41776],[59.64144,42.41739],[59.63928,42.41119]],[[59.63721,42.41968],[59.63473,42.42077],[59.63367,42.42111]],[[59.63908,42.435],[59.63844,42.43449],[59.6375,42.43338]],[[59.64897,42.44271],[59.6504,42.44388]],[[59.65091,42.44422],[59.6513,42.44462]],[[59.64979,42.44323],[59.6543,42.44691]],[[59.65058,42.44396],[59.65099,42.44422]],[[60.38205,42.10478],[60.38066,42.10571]],[[60.38579,42.10165],[60.38565,42.09829]],[[60.387,42.09673],[60.38686,42.09795],[60.38707,42.10012],[60.38704,42.10062],[60.38668,42.10156]],[[60.36797,42.09234],[60.36859,42.09255],[60.36957,42.09302],[60.37027,42.09378],[60.37059,42.09438],[60.37154,42.10189],[60.37221,42.10356],[60.37252,42.105]],[[59.64602,42.43771],[59.64694,42.4385]],[[59.64845,42.44213],[59.64126,42.43617],[59.64066,42.43577]],[[59.63863,42.43432],[59.64042,42.43579]],[[59.57734,42.34767],[59.57787,42.34725],[59.57813,42.34686],[59.57874,42.3455],[59.58052,42.34421],[59.58419,42.3423]],[[59.57769,42.356],[59.57881,42.35556],[59.58175,42.3539],[59.58288,42.35278],[59.58662,42.3508]],[[59.5759,42.3563],[59.57662,42.35612],[59.57705,42.35594],[59.57918,42.35475],[59.57985,42.35424]],[[59.60061,42.34572],[59.60124,42.34654],[59.60172,42.34884],[59.60192,42.34933],[59.60226,42.34973],[59.60416,42.35142]],[[59.59214,42.34291],[59.59658,42.34756]],[[59.59767,42.3433],[59.59798,42.34357],[59.59824,42.34407],[59.59853,42.3449],[59.60012,42.34668]],[[59.59215,42.34267],[59.59342,42.34384]],[[59.59224,42.34284],[59.59329,42.34394]],[[59.64246,42.38694],[59.63699,42.37866]],[[59.57203,42.35686],[59.57211,42.35713]],[[59.5852,42.37329],[59.58602,42.37373]],[[59.62682,42.43639],[59.62873,42.43489],[59.63009,42.43403]],[[59.59331,42.34409],[59.59347,42.34432]],[[59.58068,42.34914],[59.58089,42.34896],[59.58364,42.34746]],[[59.59807,42.34374],[59.59789,42.34508],[59.59794,42.34532],[59.5993,42.34696]],[[59.59824,42.34407],[59.60068,42.34696]],[[59.59241,42.3429],[59.59307,42.34333]],[[59.58295,42.34462],[59.58359,42.34409],[59.58402,42.34352],[59.58456,42.343],[59.58682,42.34177]],[[59.57192,42.35135],[59.57256,42.3514],[59.57429,42.35122],[59.57622,42.35044],[59.57732,42.34985]],[[57.95446,43.5307],[57.9674,43.5124],[57.9679,43.51179]],[[59.97319,42.36194],[59.97051,42.3627],[59.9672,42.36318]],[[59.96009,42.36355],[59.96102,42.36326],[59.96174,42.36312]],[[59.97186,42.36211],[59.97116,42.36212],[59.96525,42.36287],[59.96009,42.36355],[59.95941,42.36374]],[[59.64052,42.41471],[59.6407,42.41563],[59.64056,42.41604],[59.64036,42.41633],[59.63976,42.41671],[59.6385,42.41706]],[[59.65003,42.41747],[59.65078,42.41715],[59.65226,42.41623]],[[60.37887,42.10569],[60.38001,42.10512],[60.38072,42.10498]],[[60.38084,42.10566],[60.37915,42.10685],[60.37014,42.11268]],[[60.45371,42.03106],[60.45335,42.03091],[60.44904,42.0298]],[[59.73288,42.58167],[59.73313,42.58206]],[[59.72761,42.57293],[59.7278,42.57323]],[[59.65639,42.45583],[59.65731,42.45731],[59.66796,42.47216],[59.66868,42.47333],[59.6701,42.47692],[59.67798,42.49914],[59.67883,42.50105],[59.67936,42.5019],[59.6934,42.52161],[59.69462,42.52368],[59.69812,42.53106],[59.69891,42.53229],[59.69964,42.53334],[59.70789,42.54298],[59.70862,42.54392],[59.70984,42.54617],[59.71207,42.55127],[59.71309,42.55294],[59.71909,42.56022],[59.72251,42.56497],[59.72752,42.57293]],[[59.81104,42.91811],[59.81132,42.91837]],[[59.72752,42.57293],[59.72771,42.57324]],[[59.73556,42.58869],[59.74181,42.6128]],[[59.75583,42.56814],[59.75297,42.56283]],[[59.7469,42.56846],[59.75088,42.56822],[59.75373,42.56822],[59.75505,42.56833],[59.75569,42.56862]],[[59.37795,42.44847],[59.37759,42.44877]],[[59.80514,42.9111],[59.80448,42.91058],[59.80364,42.91022],[59.8031,42.91008],[59.79133,42.9095],[59.79069,42.9094],[59.79004,42.90916],[59.78176,42.90449],[59.781,42.90416],[59.78047,42.90405],[59.77961,42.90404],[59.77799,42.90426],[59.7722,42.90526]],[[59.80059,42.90997],[59.79986,42.90978],[59.79904,42.90928],[59.79858,42.90884],[59.79832,42.90844],[59.79812,42.90767],[59.79808,42.90665]],[[59.81161,42.91871],[59.80514,42.9111],[59.80451,42.91027],[59.80362,42.9097],[59.80293,42.90941],[59.80053,42.90919]],[[58.69405,43.09099],[58.67901,43.09714]],[[58.83077,43.04111],[58.83204,43.04239],[58.83226,43.04256],[58.83304,43.0429]],[[58.836,43.04387],[58.83829,43.04263]],[[58.83262,43.04507],[58.83327,43.04439],[58.8339,43.04385],[58.84266,43.0388],[58.84309,43.03864],[58.84518,43.03811],[58.8458,43.03785]],[[58.83763,43.03849],[58.83931,43.03824],[58.83994,43.03823],[58.84222,43.03841]],[[58.84044,43.03828],[58.83849,43.03803],[58.83731,43.03809]],[[58.8411,43.03385],[58.84472,43.0338],[58.84552,43.03385],[58.8459,43.03397]],[[58.84594,43.03815],[58.84731,43.03755]],[[58.82323,43.05117],[58.81925,43.0534]],[[58.81895,43.05353],[58.78642,43.06708]],[[58.34815,43.1097],[58.34563,43.1077],[58.33714,43.10144],[58.33454,43.0996]],[[59.42156,42.41748],[59.41384,42.42126]],[[59.41384,42.42126],[59.41366,42.42135]],[[59.434,42.41586],[59.43498,42.41632],[59.43647,42.41761]],[[60.37258,42.10498],[60.37226,42.10357],[60.3717,42.10219],[60.37132,42.10039]],[[60.38202,42.10462],[60.38,42.1052],[60.37904,42.10568]],[[60.37782,42.1061],[60.37902,42.10531],[60.37946,42.10512],[60.38202,42.10462],[60.38297,42.10421]],[[60.37871,42.10552],[60.37777,42.10606]],[[60.37172,42.11157],[60.37993,42.10618],[60.38112,42.10546]],[[60.38087,42.10554],[60.37959,42.10614],[60.37234,42.11094],[60.37124,42.11176],[60.37026,42.1124],[60.36922,42.11296]],[[59.26215,42.55198],[59.23278,42.57807]],[[59.4297,42.39312],[59.42925,42.39304],[59.42858,42.39305],[59.4278,42.39325],[59.42719,42.3935],[59.42672,42.39385],[59.42639,42.3943],[59.42513,42.3971]],[[59.41444,42.40707],[59.41423,42.40669],[59.41345,42.40601],[59.4123,42.40547],[59.4113,42.40534],[59.41005,42.40559]],[[59.44626,42.39578],[59.44515,42.39678]],[[58.25675,43.1696],[58.24961,43.16372],[58.24938,43.16346]],[[58.07074,43.36603],[57.9606,43.52213]],[[57.48491,43.97508],[57.48788,43.97274],[57.4967,43.96642],[57.49806,43.96559],[57.50032,43.96405]],[[57.49745,43.96596],[57.48741,43.97313]],[[57.49838,43.96545],[57.49765,43.96605],[57.48754,43.97329],[57.48644,43.97398]],[[57.48697,43.97346],[57.48771,43.9727],[57.49195,43.96964],[57.49224,43.96928],[57.49262,43.9683],[57.49294,43.96788],[57.49499,43.96651]],[[57.48621,43.97409],[57.49792,43.96567]],[[57.48638,43.97411],[57.48871,43.97293]],[[57.49347,43.96749],[57.49499,43.96658]],[[59.00822,42.81651],[59.00801,42.81683]],[[58.82611,43.05459],[58.82777,43.0545],[58.82845,43.05467],[58.83369,43.05746]],[[58.8229,43.05174],[58.82527,43.05043],[58.82642,43.04971],[58.82698,43.04912],[58.82742,43.04881],[58.83212,43.04609]],[[58.81976,43.0536],[58.81965,43.05393]],[[58.76604,43.07545],[58.76586,43.07552]],[[58.87203,43.01275],[58.86872,43.01728]],[[58.85473,43.02966],[58.85775,43.02723]],[[58.84734,43.03664],[58.8489,43.03494],[58.84957,43.03445],[58.85072,43.03379]],[[58.84637,43.03133],[58.84655,43.03108],[58.8468,43.0309],[58.84846,43.02985],[58.84889,43.02966]],[[58.9925,42.83898],[58.98972,42.84299]],[[59.07432,42.72171],[59.07404,42.72211]],[[58.99807,42.83113],[58.99471,42.83596],[58.99407,42.83673],[58.9926,42.83884]],[[58.69421,43.09092],[58.69405,43.09099]],[[58.64004,43.11307],[58.63857,43.11361]],[[58.63857,43.11361],[58.62471,43.11933]],[[58.35704,43.09889],[58.35539,43.09831]],[[58.20684,43.15019],[58.17051,43.20906],[58.12934,43.27604]],[[58.21122,43.14318],[58.21093,43.14365]],[[58.21077,43.14375],[58.20613,43.15147],[58.20454,43.15393]],[[58.12824,43.27781],[58.12124,43.28909]],[[56.18813,44.77075],[56.18919,44.77059]],[[56.19059,44.76877],[56.18834,44.7701],[56.18711,44.7706]],[[56.04526,44.85396],[56.03341,44.86087]],[[56.04599,44.85352],[56.04526,44.85396]],[[56.19148,44.76798],[56.18652,44.77095],[56.18239,44.77321],[56.14958,44.79251],[56.11095,44.81539],[56.04599,44.85352]],[[56.18588,44.77099],[56.18691,44.7704]],[[56.18614,44.77126],[56.18704,44.77109],[56.18764,44.77107]],[[56.18529,44.77161],[56.18708,44.77095],[56.18915,44.77055]],[[56.18667,44.77116],[56.18784,44.77116]],[[56.18477,44.77177],[56.18603,44.77103],[56.18691,44.7704]],[[56.18357,44.77259],[56.18227,44.77346]],[[57.49639,43.9672],[57.49567,43.96869]],[[57.49613,43.96523],[57.49671,43.96502]],[[57.50144,43.96317],[57.50098,43.96349],[57.50003,43.96396],[57.49668,43.96497]],[[57.49671,43.96502],[57.49842,43.96445]],[[56.1924,44.76756],[56.19059,44.76877]],[[56.19059,44.76877],[56.19157,44.76832]],[[56.18299,44.77289],[56.19904,44.76344]],[[56.18653,44.77067],[56.1971,44.76447],[56.1983,44.76386]],[[56.18691,44.7704],[56.18835,44.76949],[56.19844,44.76353],[56.20054,44.76248]],[[56.20704,44.75875],[56.20648,44.75899]],[[56.2005,44.76298],[56.201,44.76276],[56.2017,44.76257]],[[56.19828,44.76395],[56.19908,44.76351],[56.2005,44.76298],[56.20154,44.76273]],[[56.20769,44.75827],[56.1873,44.77015]],[[56.19753,44.7644],[56.19701,44.76479],[56.19604,44.76533]],[[59.00475,42.82138],[58.9944,42.83617]],[[58.0734,43.36218],[58.07294,43.36273],[58.0721,43.36351],[58.07096,43.36409],[58.06965,43.36443],[58.05092,43.36656],[58.04975,43.36663],[58.04873,43.36662],[58.04771,43.36646],[58.03579,43.36411],[58.03458,43.36394],[58.03342,43.36392],[58.03159,43.36417],[58.02992,43.36473],[58.02933,43.36506],[57.99956,43.38227]],[[57.79907,43.70675],[57.80259,43.70367],[57.80342,43.70225],[57.80394,43.70172],[57.80454,43.70137],[57.80492,43.70125],[57.80572,43.70124],[57.80629,43.70138]],[[57.80387,43.70166],[57.80462,43.70112],[57.81363,43.69331],[57.81395,43.69296]],[[57.50629,44.01476],[57.50948,44.0181],[57.51076,44.0189],[57.51232,44.01949],[57.51398,44.01967],[57.52481,44.01961]],[[57.52155,44.03225],[57.52085,44.03224],[57.52026,44.03216],[57.51972,44.032],[57.5186,44.0314],[57.51812,44.03097],[57.50629,44.01476]],[[57.9606,43.52213],[57.88609,43.6274],[57.88418,43.62969],[57.86539,43.64831],[57.86237,43.65102],[57.81,43.69636]],[[58.35859,43.10063],[58.35979,43.1008]],[[58.12934,43.27604],[58.12824,43.27781]],[[58.2574,43.17016],[58.2587,43.1712],[58.2593,43.1715],[58.26017,43.17173],[58.261,43.17179],[58.26616,43.17173],[58.26723,43.17197],[58.2677,43.1723],[58.26793,43.17266],[58.26804,43.17303],[58.26807,43.17515]],[[58.3631,43.10238],[58.3607,43.10157],[58.35694,43.10051],[58.3472,43.09719]],[[58.84458,43.03886],[58.83165,43.04631]],[[57.48644,43.97398],[57.44001,44.00728]],[[59.64888,42.44242],[59.64855,42.44207]],[[59.61244,42.40391],[59.611,42.40326]],[[59.5213,42.32534],[59.47131,42.37228]],[[59.42552,42.41515],[59.44488,42.39696]],[[59.43139,42.40969],[59.44049,42.40116]],[[58.07441,43.36073],[58.07526,43.35929],[58.08087,43.35129],[58.08942,43.33924],[58.08985,43.33882]],[[58.12001,43.29107],[58.09209,43.33566],[58.08328,43.34814]],[[57.49575,43.9687],[57.49621,43.96761]],[[57.49278,43.96805],[57.49499,43.96666]],[[57.49379,43.96624],[57.49613,43.96523]],[[58.82236,43.05747],[58.82382,43.05772],[58.82431,43.05793],[58.82545,43.05893]],[[58.82482,43.0599],[58.82588,43.06058],[58.82762,43.06233]],[[58.92001,42.94642],[58.90476,42.96749]],[[58.95445,42.89479],[58.95017,42.90221],[58.93966,42.91927]],[[58.93966,42.91927],[58.9324,42.92908]],[[58.98136,42.85499],[58.98119,42.85524]],[[58.98972,42.84299],[58.98136,42.85499]],[[58.33454,43.0996],[58.3321,43.09754],[58.33007,43.09601],[58.32964,43.09558],[58.32942,43.09511],[58.32937,43.09435],[58.32943,43.09401],[58.32965,43.09351],[58.33,43.09302],[58.33033,43.09271],[58.33078,43.09242],[58.33136,43.09217],[58.33211,43.09203],[58.33269,43.09201],[58.33373,43.09219],[58.33941,43.09458],[58.35686,43.10042],[58.35733,43.10056],[58.35781,43.10062],[58.35921,43.10065],[58.35984,43.10074]],[[58.26616,43.17173],[58.26963,43.1717],[58.27103,43.17141],[58.27271,43.17139]],[[58.21108,43.14326],[58.21055,43.14461],[58.20991,43.14579],[58.21014,43.14664]],[[58.20439,43.154],[58.21012,43.14466],[58.2106,43.14404]],[[58.67879,43.09723],[58.66268,43.10382]],[[58.20996,43.14491],[58.20455,43.15363],[58.20416,43.15455]],[[58.20489,43.15347],[58.20426,43.15458],[58.20361,43.15642]],[[58.67901,43.09714],[58.67879,43.09723]],[[58.78623,43.06715],[58.77112,43.07345],[58.76604,43.07545]],[[58.83311,43.04517],[58.84462,43.03853]],[[58.85761,43.02714],[58.85415,43.02993]],[[58.82851,43.04856],[58.83253,43.04612],[58.83314,43.04551]],[[58.81965,43.05393],[58.8197,43.05444],[58.82012,43.05517],[58.82107,43.0562],[58.82482,43.0599],[58.82811,43.0634],[58.82901,43.0642],[58.82976,43.06461],[58.83318,43.06614],[58.83402,43.06644]],[[58.82901,43.0642],[58.83498,43.06688]],[[58.89572,42.97998],[58.87782,43.00486],[58.87203,43.01275]],[[58.85726,43.02683],[58.85341,43.02999],[58.85315,43.03027],[58.85236,43.03324],[58.85215,43.03369],[58.85172,43.03426]],[[58.85307,43.03052],[58.85335,43.03014],[58.8573,43.02688]],[[58.8545,43.02976],[58.85769,43.02718]],[[58.85341,43.03021],[58.85747,43.02701]],[[58.84137,43.04078],[58.82323,43.05117]],[[58.84517,43.03838],[58.84468,43.0386],[58.83478,43.0443],[58.834,43.04478],[58.8335,43.04519]],[[58.84436,43.03825],[58.84102,43.03857],[58.83752,43.03914]],[[58.84408,43.03919],[58.84843,43.03669]],[[58.85782,43.03059],[58.85703,43.03122],[58.85622,43.03204]],[[58.83177,43.05788],[58.82709,43.05483],[58.82611,43.05459],[58.82434,43.05463],[58.82318,43.05457],[58.82263,43.0544],[58.82212,43.05411],[58.82177,43.05384],[58.82148,43.05308],[58.82173,43.05229],[58.8223,43.0517]],[[60.61843,41.98536],[60.61917,41.98505],[60.6305,41.98194],[60.63195,41.98167]],[[59.58444,42.3729],[59.5852,42.37329]],[[60.37781,41.38154],[60.37783,41.38184]],[[60.84824,41.76981],[60.84838,41.76965]],[[61.03187,41.57632],[61.03294,41.56867],[61.03332,41.56641],[61.03359,41.56535]],[[60.77027,41.46556],[60.77237,41.46485]],[[61.25837,41.38618],[61.258,41.38668]],[[59.56772,42.35094],[59.56746,42.35059]],[[60.55972,41.52184],[60.56045,41.51601],[60.56049,41.51511],[60.5604,41.51414],[60.56019,41.51309],[60.55987,41.51215],[60.55935,41.51103],[60.5579,41.50901],[60.55629,41.50754],[60.55418,41.50602],[60.53897,41.496]],[[59.56935,42.35076],[59.57046,42.35091],[59.5709,42.35091],[59.57144,42.35079],[59.57215,42.35049],[59.57477,42.34907]],[[59.5703,42.35097],[59.57142,42.35107],[59.57226,42.35092],[59.57521,42.34938]],[[59.57476,42.36842],[59.57476,42.36764]],[[61.28205,41.36877],[61.28059,41.36883],[61.27927,41.36871],[61.27798,41.36825],[61.27756,41.36794],[61.27665,41.36708],[61.27573,41.36586],[61.27553,41.36515],[61.27554,41.36486],[61.27562,41.36449],[61.27592,41.3638],[61.27717,41.3622],[61.29785,41.3402],[61.31895,41.31998],[61.3194,41.31925],[61.31955,41.3178],[61.31927,41.31685],[61.31892,41.31625],[61.31864,41.31593],[61.31777,41.31533]],[[59.57225,42.35729],[59.57243,42.35786]],[[59.57048,42.35245],[59.5715,42.35321],[59.57266,42.35445]],[[59.56986,42.3533],[59.57047,42.35387]],[[59.56661,42.34964],[59.56727,42.35016],[59.56862,42.35066],[59.56903,42.3509],[59.57249,42.35464]],[[60.94057,41.66293],[60.94397,41.66217],[60.95986,41.66189],[60.96411,41.66128]],[[60.82285,41.7948],[60.82432,41.7941]],[[60.44791,41.4187],[60.43899,41.41378],[60.43645,41.41215],[60.43472,41.41081],[60.43268,41.40889],[60.43117,41.40715],[60.4302,41.40576],[60.42902,41.40376],[60.42347,41.39156],[60.42266,41.38939],[60.42214,41.38723],[60.42119,41.38176],[60.42059,41.37861],[60.42033,41.37767],[60.41951,41.37589],[60.41903,41.37516],[60.41778,41.37368],[60.41695,41.3729],[60.41514,41.37165],[60.41366,41.37086],[60.41247,41.37036],[60.41106,41.3699],[60.39692,41.36632],[60.39489,41.36591],[60.39307,41.36579],[60.39198,41.36583],[60.39021,41.36606],[60.38948,41.36623],[60.38754,41.36691],[60.38428,41.36861]],[[60.89287,41.71373],[60.91055,41.68145],[60.9126,41.67888],[60.93901,41.66342],[60.94002,41.66307]],[[60.66051,41.52999],[60.66113,41.53016],[60.66495,41.53034]],[[60.6691,41.52376],[60.65257,41.53348],[60.65136,41.53412],[60.6504,41.53451],[60.64937,41.53484],[60.64753,41.53524],[60.64624,41.53539],[60.64223,41.53565]],[[60.63407,41.53107],[60.63125,41.53313],[60.63074,41.53344]],[[60.62978,41.53537],[60.6276,41.53605]],[[60.62861,41.53675],[60.62671,41.53694],[60.62314,41.53708]],[[60.62993,41.53728],[60.62805,41.53736],[60.62467,41.53711],[60.62214,41.53708]],[[60.62364,41.5371],[60.62512,41.53707],[60.628,41.53728],[60.62993,41.53721]],[[60.60525,41.53804],[60.60861,41.53781]],[[60.60525,41.53804],[60.60249,41.53821],[60.60121,41.53803],[60.60058,41.538],[60.59109,41.53862],[60.58964,41.53875],[60.58727,41.53914]],[[60.62064,41.53449],[60.62074,41.53579],[60.62058,41.53612],[60.62032,41.5363]],[[60.62113,41.53714],[60.61616,41.53747]],[[60.48115,41.44672],[60.46344,41.42859],[60.46173,41.42701],[60.46015,41.42575],[60.45813,41.42438],[60.44854,41.41905]],[[60.5587,41.53009],[60.55969,41.5222]],[[60.60298,41.53832],[60.60511,41.53846],[60.60605,41.53886],[60.60626,41.53903],[60.60639,41.53928],[60.6065,41.53968],[60.60648,41.54021]],[[60.54682,41.56114],[60.54423,41.56236]],[[59.5683,42.38126],[59.56847,42.38068],[59.56914,42.37918]],[[60.36204,42.09114],[60.361,42.09144],[60.36058,42.09148],[60.35773,42.0912]],[[60.38701,42.09904],[60.38695,42.10008],[60.38598,42.10215],[60.38556,42.1027],[60.38454,42.10325]],[[60.38117,42.10537],[60.37976,42.10616],[60.37291,42.11066]],[[60.55107,41.55912],[60.5538,41.55773],[60.55901,41.55493],[60.55947,41.55455],[60.5619,41.552],[60.56273,41.55136],[60.56347,41.55093]],[[60.64637,41.52253],[60.64552,41.52273],[60.64418,41.52343],[60.64346,41.5239],[60.64222,41.52442]],[[60.61789,41.5373],[60.62003,41.53711],[60.62194,41.53685],[60.63428,41.53603],[60.6386,41.53594]],[[60.6364,41.53598],[60.63815,41.53587],[60.64159,41.53541],[60.64509,41.53529]],[[60.64876,41.53471],[60.64717,41.53419],[60.6464,41.53408],[60.64431,41.53423],[60.64354,41.53434],[60.64242,41.53466],[60.64034,41.53556]],[[60.69379,41.50925],[60.70531,41.50255],[60.71528,41.49659],[60.74284,41.4804]],[[60.76336,41.4674],[60.76358,41.468],[60.76353,41.46857],[60.76299,41.46946],[60.76243,41.46986]],[[60.74603,41.4769],[60.74865,41.47557]],[[60.40255,41.63549],[60.40296,41.63527]],[[60.85547,41.76149],[60.86002,41.75615],[60.86302,41.75306]],[[60.64345,41.53532],[60.64403,41.53527],[60.64498,41.535]],[[60.67589,41.51982],[60.67623,41.51962]],[[60.59074,41.5394],[60.59152,41.53926],[60.59219,41.53901]],[[60.58684,41.53999],[60.58808,41.5397],[60.58892,41.53927]],[[60.23118,42.05429],[60.23159,42.05444],[60.23211,42.05475],[60.233,42.05577],[60.23458,42.05906],[60.23652,42.06116]],[[60.4516,42.02962],[60.45293,42.02999],[60.45429,42.03015]],[[61.26125,41.38372],[61.26113,41.38429],[61.2612,41.38481],[61.26149,41.38567],[61.26185,41.38621],[61.26239,41.38655],[61.265,41.38765]],[[60.27571,41.70712],[60.28509,41.70231],[60.36463,41.66076],[60.38615,41.64968],[60.38872,41.64814],[60.39061,41.64609],[60.39142,41.64461]],[[60.28401,41.70275],[60.28463,41.70218],[60.28483,41.70185],[60.28554,41.69987]],[[60.85632,41.76063],[60.85592,41.76118],[60.85398,41.76322]],[[60.85671,41.77739],[60.85665,41.77836],[60.85533,41.78954],[60.8554,41.79069],[60.85567,41.79144],[60.85612,41.79215],[60.85863,41.79519],[60.86593,41.8037],[60.86721,41.80505],[60.87479,41.81251],[60.87571,41.81373],[60.87899,41.81871],[60.87961,41.81996],[60.87973,41.82038],[60.87961,41.82082],[60.87928,41.82135],[60.87871,41.82193],[60.87735,41.82308]],[[60.8536,41.76379],[60.85425,41.7628]],[[59.57243,42.35786],[59.57491,42.36549],[59.57623,42.36761]],[[59.56685,42.34996],[59.5631,42.34606],[59.56144,42.3444],[59.56108,42.34414]],[[60.94002,41.66307],[60.94057,41.66293]],[[61.03188,41.57722],[61.0333,41.56773],[61.03331,41.567]],[[58.83539,43.04422],[58.83644,43.0438],[58.83728,43.04379]],[[58.83792,43.03898],[58.84082,43.0385],[58.84184,43.03846]],[[58.8289,43.04376],[58.83075,43.04282],[58.83163,43.04272],[58.83225,43.04277]],[[58.85498,43.03279],[58.85443,43.03303],[58.85309,43.03379]],[[58.83369,43.04477],[58.84417,43.0388]],[[60.63475,41.53603],[60.62121,41.53694]],[[59.59636,42.34725],[59.59331,42.34409],[59.59281,42.34343]],[[60.62723,41.53609],[60.6276,41.53605],[60.62993,41.53527]],[[60.60583,41.53798],[60.60637,41.53788],[60.60699,41.53758],[60.60849,41.53619],[60.60884,41.53566],[60.61008,41.53447]],[[60.648,41.53447],[60.64748,41.53418],[60.64708,41.53377],[60.64681,41.53326],[60.64675,41.53272],[60.64708,41.53139],[60.64704,41.5312],[60.6462,41.52986]],[[58.12124,43.28909],[58.12001,43.29107]],[[58.07476,43.36007],[58.07504,43.35939],[58.08105,43.35084],[58.08164,43.35022]],[[58.08328,43.34814],[58.07074,43.36603]],[[58.00151,43.38111],[58.0023,43.38056],[58.00485,43.37908],[58.00541,43.37884]],[[58.00564,43.3787],[58.00151,43.38111]],[[58.21674,43.13403],[58.21707,43.13248],[58.21754,43.13161]],[[58.21088,43.14379],[58.2108,43.14485],[58.21086,43.14537]],[[58.34815,43.1097],[58.34648,43.10829],[58.34361,43.10613],[58.33718,43.10137],[58.33395,43.09909]],[[58.36511,43.1044],[58.3627,43.10357],[58.3622,43.10325],[58.36094,43.10218]],[[58.25675,43.1696],[58.2563,43.16933],[58.25161,43.16545],[58.24955,43.16374],[58.24904,43.16318]],[[58.66197,43.10412],[58.64004,43.11307]],[[57.48754,43.97329],[57.48373,43.976],[57.48072,43.97857],[57.4802,43.97911],[57.47984,43.97961],[57.4795,43.98031],[57.47932,43.98151],[57.47939,43.98185],[57.47981,43.98321],[57.48302,43.99183],[57.48384,43.99344],[57.48474,43.99468],[57.48597,43.99579],[57.49701,44.00294],[57.49809,44.0038],[57.49916,44.00495],[57.50629,44.01476]],[[56.4897,44.59146],[56.41132,44.63803]],[[56.79674,44.40791],[56.77319,44.42206],[56.71404,44.45733],[56.68666,44.47391],[56.6594,44.49028],[56.62672,44.50953],[56.60305,44.52363],[56.58667,44.53364]],[[58.35243,43.11261],[58.35027,43.11067],[58.34863,43.10988]],[[58.35226,43.09774],[58.35403,43.09768],[58.35462,43.09777],[58.35638,43.09827]],[[60.74669,41.47655],[60.7512,41.47387]],[[60.74851,41.47555],[60.75131,41.47394]],[[60.67252,41.52194],[60.6573,41.53084]],[[58.81925,43.0534],[58.81895,43.05353]],[[58.8204,43.0528],[58.81991,43.05333],[58.81976,43.0536]],[[58.82982,43.06458],[58.83046,43.0648],[58.83313,43.06598]],[[59.78486,42.90627],[59.78404,42.90569],[59.78371,42.90498],[59.78371,42.90069]],[[60.66318,41.53199],[60.66289,41.53142],[60.66245,41.53102],[60.66075,41.53063],[60.65635,41.53163],[60.65533,41.53196]],[[58.84658,43.03081],[58.84681,43.03005],[58.84715,43.02954],[58.84869,43.02858]],[[58.8563,43.03128],[58.85281,43.03372]],[[58.96671,42.87577],[58.96554,42.87747]],[[58.99407,42.83673],[58.99453,42.8359],[59.00025,42.82769],[59.00057,42.82734]],[[58.98119,42.85524],[58.97445,42.86492],[58.97027,42.87078]],[[58.99648,42.82986],[58.99789,42.82802],[58.99861,42.8276],[58.99992,42.82728],[59.00062,42.82697],[59.00108,42.82661]],[[58.99905,42.82748],[58.9965,42.82771],[58.99589,42.82799],[58.99457,42.82879]],[[58.85736,43.0269],[58.85341,43.03021],[58.85296,43.03094]],[[58.85335,43.03357],[58.85481,43.03254]],[[58.85826,43.02968],[58.85693,43.03078],[58.85624,43.03163],[58.85425,43.03306],[58.85335,43.03357],[58.85218,43.03446]],[[59.77784,42.80031],[59.78117,42.81744],[59.78198,42.81987]],[[58.89639,42.97899],[58.89572,42.97998]],[[58.90476,42.96749],[58.89639,42.97899]],[[58.93225,42.92929],[58.92001,42.94642]],[[60.64192,41.5233],[60.64008,41.52437]],[[60.64173,41.52502],[60.64343,41.52391]],[[60.90431,41.38415],[60.90136,41.38563]],[[60.91016,41.37908],[60.91136,41.38012],[60.91184,41.38044],[60.91221,41.38054],[60.91285,41.38055],[60.91502,41.37979],[60.91807,41.3785]],[[61.26227,41.38181],[61.26178,41.38225],[61.25937,41.38484],[61.25837,41.38618],[61.25754,41.38705]],[[61.26125,41.38372],[61.26156,41.38323],[61.2626,41.38223]],[[61.28315,41.36859],[61.28125,41.3688]],[[61.30926,41.36743],[61.30776,41.36691],[61.30628,41.36652],[61.30467,41.36637],[61.30375,41.36636],[61.30272,41.36642],[61.28205,41.36877]],[[61.27674,41.36275],[61.27788,41.36154]],[[61.27254,41.37196],[61.27358,41.3714],[61.27497,41.37078]],[[61.27166,41.37299],[61.27227,41.37273],[61.27623,41.37051]],[[61.27623,41.37022],[61.27307,41.37158],[61.27005,41.37381],[61.26925,41.37454]],[[61.2711,41.37316],[61.27305,41.37184],[61.27537,41.37061]],[[61.25337,41.39155],[61.2519,41.39249],[61.24988,41.39324],[61.24877,41.39342],[61.24745,41.39353],[61.24601,41.39345]],[[61.24455,41.39336],[61.24291,41.3933],[61.24139,41.3934],[61.23959,41.39377],[61.23786,41.39448],[61.21614,41.40607],[61.21518,41.40647],[61.21415,41.40679],[61.20686,41.40786],[61.2047,41.4084],[61.20327,41.40897]],[[60.37754,41.38058],[60.37723,41.37982],[60.37689,41.37846],[60.37684,41.37772],[60.37692,41.3769],[60.3774,41.37564],[60.379,41.37303]],[[61.06987,41.31619],[61.07189,41.31545],[61.07365,41.31518]],[[61.25872,41.38572],[61.2592,41.38495],[61.2655,41.37816]],[[61.259,41.38568],[61.26704,41.37703]],[[61.26726,41.37669],[61.25876,41.38584]],[[61.26763,41.3762],[61.25902,41.38549]],[[61.25851,41.38611],[61.25958,41.38513],[61.26242,41.38213],[61.26665,41.37757],[61.26726,41.37669],[61.2689,41.37492]],[[61.03792,41.55517],[61.03747,41.55551]],[[60.85672,41.77714],[60.85671,41.77739]],[[60.85469,41.76228],[60.86004,41.75601],[60.86364,41.75234]],[[61.26885,41.37458],[61.26724,41.37655]],[[61.30992,41.36769],[61.30926,41.36743]],[[60.89267,41.71408],[60.89287,41.71373]],[[60.96411,41.66128],[60.96481,41.66123]],[[60.82432,41.7941],[60.82453,41.794]],[[61.23654,41.24091],[61.26609,41.2257],[61.26796,41.22497],[61.27251,41.22384],[61.30752,41.21559],[61.32779,41.21068],[61.33307,41.20935],[61.33489,41.20875],[61.3424,41.20604],[61.34463,41.2051],[61.35064,41.20105],[61.35268,41.19983],[61.35372,41.19932],[61.35575,41.19859],[61.35769,41.19823],[61.35909,41.1981],[61.36163,41.19813],[61.3685,41.19858],[61.37714,41.19825]],[[61.32476,41.2264],[61.32491,41.22604],[61.325,41.22533]],[[61.26917,41.28669],[61.26436,41.28614],[61.26318,41.28595],[61.26205,41.28569],[61.26105,41.2854],[61.25995,41.285],[61.25843,41.2843],[61.25756,41.28381],[61.25639,41.28298],[61.24758,41.27589],[61.24701,41.27528],[61.24604,41.2739],[61.2446,41.27244]],[[61.0491,41.32471],[61.05028,41.32429],[61.06838,41.3168]],[[61.32502,41.21896],[61.32496,41.21805]],[[61.17636,41.27264],[61.17765,41.27211]],[[61.23227,41.25343],[61.22887,41.24947]],[[61.19619,41.26206],[61.19991,41.25988],[61.21012,41.25462],[61.21102,41.25425]],[[61.18013,41.27105],[61.17952,41.27125],[61.16823,41.27585],[61.16754,41.27619]],[[61.00194,41.3441],[61.01024,41.34071]],[[61.52429,41.3394],[61.52515,41.33913],[61.53441,41.3369]],[[61.52305,41.33974],[61.53583,41.33661],[61.5365,41.33651]],[[61.3969,41.3613],[61.40013,41.36215],[61.40285,41.36274],[61.40587,41.36326]],[[61.39519,41.36078],[61.39002,41.35883],[61.38599,41.35683],[61.3819,41.35444]],[[61.3728,41.34784],[61.3732,41.34808]],[[61.3732,41.34808],[61.37475,41.349],[61.38117,41.35384],[61.38488,41.3568],[61.38661,41.35793],[61.38849,41.35881],[61.39512,41.36122],[61.3974,41.362],[61.39911,41.36251],[61.4015,41.36296],[61.40705,41.36333],[61.41126,41.36369],[61.41403,41.3638],[61.41821,41.36377],[61.42154,41.3635],[61.42454,41.36314],[61.42752,41.36264],[61.4327,41.36147],[61.5137,41.34202],[61.57774,41.32662],[61.61695,41.31706],[61.73506,41.28847],[61.73722,41.28791],[61.74013,41.28701],[61.74379,41.28565],[61.80591,41.25927],[61.8176,41.25436],[61.83749,41.24587],[61.84737,41.24173],[61.88599,41.22523],[61.89562,41.22117],[61.90039,41.21909],[61.93413,41.20475]],[[61.24348,41.27142],[61.23944,41.26776],[61.23825,41.26703],[61.23739,41.26661],[61.23567,41.26547],[61.22288,41.25464],[61.22242,41.25434],[61.22091,41.25383],[61.22016,41.25368],[61.21886,41.25362],[61.21788,41.25368],[61.2168,41.25396],[61.2159,41.25433],[61.20235,41.26092],[61.20157,41.26125],[61.19995,41.26158],[61.19795,41.26174],[61.19744,41.26185],[61.1957,41.26253],[61.19517,41.26285],[61.19024,41.26664],[61.18931,41.26724],[61.18783,41.26798],[61.18071,41.27083]],[[61.0491,41.32471],[61.06838,41.3168]],[[61.04966,41.32448],[61.05021,41.3242],[61.06259,41.31911],[61.06332,41.31887]],[[61.32596,41.2111],[61.32666,41.21099]],[[61.93413,41.20475],[61.94858,41.19855],[61.95559,41.19561]],[[61.93056,41.20635],[61.93019,41.2066],[61.92924,41.2075],[61.92731,41.20837]],[[59.19823,42.60858],[59.2049,42.60266],[59.20545,42.60226]],[[61.26917,41.28669],[61.27795,41.28766]],[[59.63871,42.43456],[59.63909,42.43487]],[[59.61541,42.40613],[59.63209,42.42857],[59.63317,42.42972],[59.63442,42.43077]],[[59.59199,42.34258],[59.59367,42.34343],[59.59449,42.34403],[59.59684,42.34651],[59.597,42.34709],[59.59698,42.3479],[59.5963,42.34904],[59.59292,42.35097]],[[59.57218,42.35712],[59.57225,42.35729]],[[59.59888,42.34419],[59.60059,42.346]],[[59.59625,42.34606],[59.59578,42.34569],[59.59472,42.34455],[59.59451,42.34422]],[[59.59459,42.34549],[59.5948,42.34582]],[[59.5721,42.35687],[59.57172,42.35568],[59.57147,42.35518],[59.5706,42.3539],[59.5576,42.34062],[59.55576,42.33872],[59.55478,42.33753],[59.55438,42.33667],[59.54932,42.31438]],[[59.56044,42.34351],[59.56135,42.3446],[59.57031,42.35368],[59.57139,42.35516],[59.57203,42.35686]],[[59.56789,42.35041],[59.57238,42.35145]],[[61.2285,41.24906],[61.22897,41.24993]],[[61.22753,41.24554],[61.23654,41.24091]],[[61.21887,41.2502],[61.21843,41.25036],[61.21235,41.25351],[61.21198,41.25375]],[[59.57477,42.34907],[59.58869,42.34157],[59.58925,42.34145],[59.59003,42.34146],[59.59094,42.34173],[59.59147,42.34208],[59.59361,42.34426]],[[59.57238,42.35145],[59.57303,42.35153],[59.57436,42.3514],[59.57641,42.35108],[59.57775,42.35075],[59.58413,42.34729]],[[59.58268,42.35293],[59.58284,42.35274],[59.58379,42.35218],[59.58456,42.35151],[59.58701,42.35021]],[[59.57238,42.35145],[59.57289,42.35164],[59.57319,42.35187],[59.57346,42.3526],[59.57404,42.35349]],[[59.57211,42.35713],[59.57216,42.3573]],[[59.55994,42.343],[59.5603,42.34327]],[[59.56804,42.35115],[59.57295,42.35607],[59.57336,42.35626],[59.57433,42.35647],[59.575,42.35643],[59.5772,42.35611]],[[59.63475,42.43086],[59.63264,42.42911]],[[59.63442,42.43077],[59.63674,42.43268]],[[59.63836,42.43409],[59.63872,42.43431]],[[59.6403,42.43542],[59.64101,42.43589],[59.64864,42.44217]],[[59.64813,42.44174],[59.64774,42.44133],[59.64114,42.43592],[59.6407,42.43568]],[[59.63986,42.43523],[59.64858,42.44239]],[[59.64864,42.44037],[59.64831,42.43937],[59.648,42.43894],[59.64616,42.43741]],[[59.6495,42.44306],[59.63989,42.43517]],[[59.64945,42.44295],[59.64895,42.44235],[59.64874,42.44183],[59.64864,42.44037],[59.64825,42.43969],[59.64801,42.43937],[59.64608,42.43784]],[[59.63735,42.37919],[59.63776,42.3795],[59.63818,42.37969],[59.63869,42.37975],[59.64193,42.37974],[59.64283,42.37983],[59.64365,42.37996],[59.64641,42.38067],[59.64879,42.38093]],[[59.64113,42.41713],[59.64131,42.41768],[59.64117,42.41819],[59.64046,42.41886],[59.63965,42.41931]],[[59.64064,42.41518],[59.64061,42.41584],[59.6402,42.41641],[59.63952,42.41674],[59.63848,42.417]],[[59.63792,42.43356],[59.64064,42.43538],[59.64751,42.44098]],[[59.64096,42.43575],[59.6403,42.43542]],[[59.6497,42.41764],[59.65033,42.41711],[59.65238,42.4158]],[[59.61654,42.43624],[59.62294,42.43639],[59.62339,42.43631],[59.62382,42.4361]],[[59.61763,42.43625],[59.61736,42.43619],[59.61516,42.43614]],[[59.63557,42.43153],[59.63475,42.43086],[59.63443,42.43048],[59.6343,42.43024],[59.63424,42.42988],[59.63444,42.42923],[59.63549,42.42828]],[[59.63409,42.42098],[59.63606,42.42007]],[[59.59112,42.37687],[59.59347,42.37837],[59.59451,42.37925],[59.59542,42.38018],[59.5963,42.38133],[59.59671,42.38199],[59.60142,42.39227],[59.60485,42.39804],[59.60525,42.39859],[59.60612,42.39951]],[[59.57525,42.37142],[59.56937,42.37859],[59.56763,42.38315]],[[60.89342,41.38512],[60.89547,41.3861],[60.89605,41.38631],[60.8968,41.38648],[60.89789,41.38639],[60.90431,41.38415],[60.90901,41.38221]],[[61.21924,41.25011],[61.22008,41.24962]],[[61.31828,41.31565],[61.3728,41.34784]],[[61.04692,41.32561],[61.04786,41.32544],[61.04973,41.32555],[61.05225,41.32677]],[[59.58317,42.34444],[59.58697,42.34229]],[[59.63699,42.37866],[59.63335,42.37337],[59.63155,42.37151],[59.63005,42.36946]],[[59.63699,42.37866],[59.63692,42.37839],[59.63691,42.37631],[59.63579,42.37443]],[[59.63113,42.42298],[59.63212,42.42216],[59.6327,42.42154],[59.63523,42.42045]],[[59.64093,42.41586],[59.6416,42.41654],[59.6421,42.4168],[59.64273,42.41689],[59.64432,42.41697]],[[59.64374,42.41808],[59.64441,42.41817],[59.64514,42.41841],[59.64571,42.41886],[59.64714,42.42222]],[[60.64394,41.53533],[60.64437,41.53528],[60.64503,41.53503]],[[60.62567,41.53622],[60.62723,41.53609],[60.62998,41.53519]],[[59.63913,42.43463],[59.64062,42.43596],[59.64523,42.43974],[59.64817,42.44212],[59.65026,42.44369]],[[59.64835,42.43985],[59.6476,42.43915],[59.64601,42.43786]],[[59.64979,42.44323],[59.64888,42.44242]],[[59.62805,42.43526],[59.62914,42.43442],[59.63065,42.43375],[59.6315,42.43313]],[[59.65091,42.44422],[59.65708,42.44931]],[[59.64901,42.44267],[59.64876,42.44239]],[[59.65026,42.44369],[59.65091,42.44422]],[[59.65026,42.44369],[59.65091,42.44422]],[[59.65349,42.44627],[59.65501,42.44686],[59.65619,42.44721],[59.6566,42.44732],[59.65717,42.44735],[59.65785,42.44724],[59.65853,42.44705],[59.66073,42.44593]],[[59.63992,42.37975],[59.64065,42.37956],[59.64413,42.37792]],[[59.58244,42.34489],[59.58361,42.34459],[59.58434,42.34422]],[[59.5824,42.37183],[59.58444,42.3729]],[[59.43107,42.40994],[59.43181,42.40937]],[[59.57476,42.36842],[59.57487,42.36933],[59.57534,42.37053],[59.57536,42.37098],[59.57525,42.37142]],[[59.59025,42.3415],[59.59341,42.34249],[59.59568,42.34287],[59.59708,42.34304],[59.59789,42.34339],[59.59826,42.34365],[59.60061,42.34572]],[[59.59324,42.34322],[59.59397,42.34368],[59.59537,42.3451]],[[59.59633,42.34594],[59.59722,42.34668]],[[59.64855,42.44207],[59.64775,42.44125],[59.64096,42.43575]],[[62.01862,41.16868],[62.17919,41.09977]],[[62.18166,41.0987],[62.17972,41.09982],[62.17777,41.10039]],[[62.17919,41.09977],[62.18007,41.09939]],[[59.65529,42.45069],[59.65536,42.45223],[59.65557,42.45375],[59.65607,42.45524],[59.65639,42.45583]],[[59.6513,42.44462],[59.65322,42.44622],[59.65423,42.44738],[59.65469,42.44817],[59.65505,42.44908],[59.65524,42.44983],[59.65529,42.45069]],[[61.91239,41.21403],[61.91587,41.21261],[61.9294,41.20685]],[[61.9294,41.20685],[61.93182,41.20582]],[[61.92815,41.208],[61.92727,41.20844]],[[61.28553,41.2232],[61.28738,41.22276],[61.28811,41.22268],[61.29035,41.22211],[61.29263,41.22177]],[[61.32546,41.21122],[61.32476,41.21144],[61.31699,41.21336],[61.29828,41.2179],[61.29792,41.21806],[61.29748,41.21847],[61.29645,41.22041],[61.29625,41.22062],[61.29566,41.22098],[61.28818,41.22284]],[[60.77626,41.4635],[60.77535,41.46386],[60.76323,41.46944],[60.76291,41.46964]],[[60.77644,41.46341],[60.77898,41.46222]],[[61.95559,41.19561],[61.96084,41.19331],[62.01862,41.16868]],[[62.22494,41.08008],[62.22574,41.07966],[62.23726,41.07469],[62.23812,41.07441]],[[62.22703,41.0791],[62.23345,41.07626]],[[59.65026,42.44369],[59.64979,42.44323]],[[58.84482,43.03831],[58.84351,43.03891],[58.83273,43.04509],[58.8296,43.04743]],[[58.85427,43.03213],[58.85172,43.03426]],[[58.8549,43.03154],[58.85333,43.03267],[58.85263,43.03327]],[[58.84622,43.0315],[58.84708,43.03081],[58.84957,43.02924]],[[58.85001,43.03009],[58.84842,43.03106],[58.84634,43.03157],[58.84589,43.03185]],[[61.26317,41.38067],[61.26289,41.3809],[61.2625,41.38107],[61.2621,41.38116],[61.26141,41.38118],[61.26091,41.3811],[61.25915,41.38051]],[[60.64095,41.53543],[60.64305,41.53446]],[[60.3792,41.37273],[60.3774,41.37592],[60.37708,41.37685],[60.37696,41.37764],[60.377,41.37811],[60.37742,41.3802]],[[60.76231,41.46997],[60.7632,41.46963],[60.77562,41.46392],[60.77631,41.46352]],[[60.74069,41.48158],[60.7428,41.48034]],[[60.66725,41.52484],[60.6667,41.52507],[60.66597,41.5252],[60.66555,41.52523],[60.66479,41.52515],[60.6628,41.52465],[60.65653,41.52288],[60.65575,41.52268],[60.65502,41.52258],[60.65418,41.52273],[60.65344,41.52307],[60.65228,41.524],[60.65172,41.52421],[60.65117,41.5243],[60.65044,41.5243],[60.64983,41.5242],[60.64938,41.52397],[60.64817,41.52289],[60.64734,41.5226],[60.64677,41.52253],[60.64374,41.52282],[60.64169,41.52337],[60.64082,41.5238]],[[60.63947,41.53567],[60.64077,41.53524],[60.64274,41.53444],[60.64363,41.53427],[60.64428,41.53423]],[[59.75237,42.56824],[59.75314,42.56812],[59.75358,42.56796],[59.75407,42.56766],[59.75439,42.56735],[59.75465,42.56688],[59.7547,42.56656],[59.7547,42.5662],[59.75453,42.56573]],[[59.73336,42.58234],[59.73385,42.58316],[59.73451,42.58467],[59.73549,42.58843]],[[59.73326,42.58215],[59.73336,42.58234]],[[59.72658,42.57125],[59.72747,42.57259]],[[59.73615,42.56833],[59.7435,42.56859]],[[59.34619,42.47689],[59.32774,42.49338]],[[59.43261,42.41461],[59.43299,42.41522],[59.43304,42.4156],[59.43294,42.4162],[59.43277,42.41652],[59.43244,42.41685],[59.43152,42.41763]],[[59.42621,42.41459],[59.42684,42.41427],[59.42779,42.41409],[59.42834,42.41411],[59.42939,42.41438]],[[59.43829,42.40283],[59.43935,42.40185],[59.44006,42.40131],[59.44308,42.39848]],[[59.44127,42.4002],[59.4417,42.39959],[59.44184,42.39899],[59.44176,42.39724],[59.44153,42.39655],[59.44087,42.39579],[59.44015,42.39545],[59.43921,42.3952],[59.4297,42.39312],[59.42887,42.39281],[59.4283,42.39242],[59.42793,42.39206],[59.42775,42.39175],[59.42714,42.38929]],[[61.03161,41.57851],[61.03163,41.57893]],[[61.00534,41.61272],[61.00497,41.61313]],[[60.28483,41.70185],[60.28542,41.70084],[60.28571,41.70057],[60.28642,41.70018]],[[59.07404,42.72211],[59.00822,42.81651]],[[60.85672,41.77714],[60.85657,41.77626],[60.85312,41.76749],[60.8529,41.76651],[60.85299,41.76504],[60.85313,41.76461],[60.8536,41.76379],[60.85485,41.76238]],[[61.01024,41.34071],[61.01083,41.34043]],[[61.06838,41.3168],[61.08341,41.31062]],[[59.64771,42.44181],[59.6488,42.44263]],[[59.65003,42.41747],[59.6513,42.41659]],[[59.63929,42.4068],[59.63932,42.40617],[59.64042,42.40008]],[[59.63954,42.4349],[59.63715,42.43292]],[[59.63707,42.43302],[59.63779,42.43381]],[[59.62428,42.43579],[59.6223,42.43737],[59.62193,42.4379],[59.62155,42.4388],[59.62081,42.43958]],[[59.639,42.43505],[59.6383,42.43447],[59.63772,42.43363]],[[59.30278,42.51567],[59.27037,42.54457]],[[58.62471,43.11933],[58.61294,43.12417],[58.60416,43.12688],[58.51355,43.15319],[58.51094,43.15386],[58.50361,43.15534]],[[58.83198,43.04083],[58.83316,43.04217],[58.83377,43.04258],[58.83448,43.04274],[58.8352,43.04271],[58.83668,43.04206]],[[58.83147,43.04262],[58.83225,43.04277]],[[58.83304,43.0429],[58.83373,43.043],[58.83458,43.04298],[58.83508,43.04284],[58.83616,43.04236]],[[60.78115,41.46046],[60.78137,41.46018]],[[60.84757,41.41669],[60.84814,41.41602]],[[60.96697,41.3585],[60.96735,41.35835]],[[61.00162,41.34423],[61.00194,41.3441]],[[61.14141,41.28686],[61.18071,41.27083]],[[59.23241,42.5784],[59.2235,42.58632]],[[59.2235,42.58632],[59.22318,42.58661]],[[59.20892,42.59939],[59.19717,42.60975],[59.19653,42.61024]],[[59.20579,42.60197],[59.20621,42.60167]],[[59.32106,42.49945],[59.31313,42.5065]],[[59.44154,42.40009],[59.44187,42.39986]],[[59.43109,42.41011],[59.43243,42.40888]],[[59.42755,42.41335],[59.42816,42.41302],[59.42898,42.4128],[59.42938,42.41276],[59.4304,42.41292],[59.43105,42.41329],[59.43625,42.41777]],[[59.42527,42.41546],[59.42567,42.41504]],[[59.42636,42.41385],[59.42578,42.41412],[59.42534,42.41424]],[[59.44349,42.39819],[59.43888,42.40244]],[[59.43674,42.40475],[59.429,42.41203],[59.42578,42.41496],[59.42421,42.41607],[59.42341,42.41655],[59.42156,42.41748]],[[60.75968,41.47117],[60.76051,41.47074],[60.77644,41.46341],[60.77705,41.46319]],[[60.7632,41.46963],[60.75908,41.47152]],[[60.77025,41.46553],[60.77188,41.46497],[60.774,41.4644],[60.77568,41.46372]],[[61.03195,41.5763],[61.03325,41.5674]],[[61.03188,41.57681],[61.03183,41.57589],[61.03208,41.57379]],[[61.03193,41.57693],[61.03233,41.57627],[61.03261,41.57598],[61.03435,41.57525]],[[61.03183,41.57751],[61.03188,41.57722]],[[61.0318,41.57721],[61.03177,41.57749]],[[61.03169,41.57798],[61.03182,41.57762]],[[61.03177,41.57749],[61.03075,41.58418],[61.02939,41.58712],[61.0286,41.58808],[61.02578,41.591],[61.00534,41.61272]],[[61.16947,41.42679],[61.15462,41.43715],[61.14299,41.44498],[61.13069,41.45511],[61.12862,41.45631],[61.12585,41.45769],[61.12432,41.45893],[61.12282,41.46046],[61.10621,41.48144],[61.10096,41.48885],[61.08046,41.51956],[61.07932,41.52069],[61.06378,41.53169],[61.06264,41.53306],[61.05544,41.54053],[61.05223,41.54358],[61.0476,41.54779],[61.03792,41.55517]],[[59.43508,42.39431],[59.43446,42.3943],[59.43366,42.39437],[59.4323,42.39418]],[[59.44018,42.40137],[59.43847,42.40288],[59.43077,42.41018]],[[59.41366,42.42135],[59.40219,42.42701],[59.40048,42.42832],[59.3918,42.43608]],[[57.49609,43.96519],[57.49399,43.9661],[57.49327,43.96665],[57.493,43.96703]],[[57.49737,43.96625],[57.49647,43.9671],[57.49599,43.96785],[57.49487,43.96872]],[[57.49668,43.96497],[57.49609,43.96519]],[[57.49992,43.96376],[57.49792,43.96443],[57.49642,43.96485]],[[57.49765,43.96605],[57.49894,43.96515],[57.49995,43.96481],[57.50056,43.96472],[57.5031,43.96469]],[[57.49968,43.96444],[57.50098,43.96349]],[[59.78206,42.82007],[59.78702,42.83308],[59.7873,42.83444],[59.78683,42.84717],[59.78934,42.86046]],[[60.2684,41.70313],[60.26978,41.70539],[60.27118,41.70729],[60.27132,41.70768],[60.27124,41.70828],[60.27068,41.70919],[60.27027,41.70964],[60.26943,41.71032],[60.26879,41.71074],[60.26496,41.71275]],[[60.27252,41.70336],[60.27329,41.70371],[60.27379,41.70387],[60.27433,41.70394],[60.27577,41.70398],[60.27761,41.70378]],[[60.30011,41.69182],[60.29974,41.69295],[60.29914,41.69373],[60.29875,41.6949],[60.2983,41.69535],[60.2808,41.70447]],[[60.29502,41.69706],[60.2958,41.69652],[60.29607,41.69616],[60.29622,41.69578],[60.29622,41.6953],[60.29603,41.69489],[60.2958,41.69445],[60.29518,41.69367]],[[60.27398,41.70468],[60.27513,41.70414],[60.27612,41.70396],[60.27805,41.70376],[60.27941,41.70395]],[[60.38154,42.10518],[60.38205,42.10478],[60.38495,42.1029],[60.38543,42.1025],[60.38561,42.10222],[60.38643,42.09977],[60.38653,42.09799],[60.38633,42.09641],[60.38599,42.09585],[60.38538,42.09535],[60.38423,42.09486],[60.37909,42.09388],[60.37468,42.09278],[60.37401,42.09268],[60.37017,42.09265],[60.36908,42.09256],[60.36797,42.09234],[60.36389,42.09114],[60.36261,42.09107],[60.36174,42.09119],[60.36068,42.09117],[60.35764,42.0903]],[[60.36288,42.09107],[60.36225,42.09122],[60.36178,42.09145],[60.3578,42.09418]],[[60.36637,42.09187],[60.36374,42.09123],[60.36326,42.0912],[60.3629,42.09125]],[[60.38288,42.10423],[60.38205,42.10461]],[[60.43882,42.02748],[60.43955,42.02709],[60.44029,42.02684],[60.44103,42.02673],[60.44214,42.02671],[60.44293,42.02683],[60.44396,42.02721],[60.4487,42.02971],[60.45458,42.03129]],[[60.44709,42.02886],[60.44866,42.02925],[60.45548,42.03011]],[[60.37108,42.10039],[60.37097,42.09924],[60.37108,42.09835]],[[58.97027,42.87078],[58.96671,42.87577]],[[58.9926,42.83884],[58.9925,42.83898]],[[59.00305,42.82382],[59.00238,42.82442],[59.00175,42.82469],[59.00029,42.82503],[58.99955,42.82508],[58.99836,42.82503],[58.99619,42.82434]],[[59.00801,42.81683],[58.99807,42.83113]],[[59.00094,42.82682],[59.00112,42.82666]],[[58.96554,42.87747],[58.95692,42.89072],[58.95445,42.89479]],[[58.9324,42.92908],[58.93225,42.92929]],[[59.78934,42.86046],[59.78938,42.86065]],[[59.78938,42.86065],[59.79198,42.8745],[59.7925,42.87674],[59.79863,42.89395],[59.80434,42.90956],[59.80476,42.91036],[59.80578,42.91177],[59.81136,42.91831],[59.81226,42.9195],[59.81761,42.92587],[59.81951,42.92791],[59.82138,42.93012]],[[59.78198,42.81987],[59.78206,42.82007]],[[59.81951,42.92791],[59.81136,42.91831]],[[59.79986,42.90978],[59.79841,42.90925],[59.79792,42.90899],[59.79756,42.90867],[59.79738,42.90826],[59.79734,42.90718]],[[60.60202,41.53828],[60.58966,41.53909],[60.58792,41.53929],[60.58645,41.53958],[60.58453,41.5401],[60.58293,41.54069],[60.58099,41.54158],[60.57964,41.54211],[60.57777,41.54264],[60.57517,41.54308],[60.57247,41.54312],[60.57076,41.54294],[60.56921,41.54265],[60.56748,41.54219],[60.56524,41.54131],[60.56375,41.54047],[60.56239,41.53945],[60.56113,41.53827],[60.56001,41.53684],[60.55906,41.53486],[60.55874,41.53382],[60.55853,41.53239],[60.55861,41.53078]],[[60.63999,41.5356],[60.64278,41.53448],[60.64354,41.53434]],[[60.60662,41.53793],[60.60732,41.53785]],[[60.61666,41.53734],[60.61841,41.53723]],[[60.61558,41.53735],[60.60898,41.53779],[60.60743,41.53779],[60.60637,41.53788]],[[60.60944,41.53776],[60.61028,41.53758],[60.6115,41.53704],[60.61239,41.53675],[60.61651,41.53645]],[[60.60713,41.53519],[60.6071,41.53483],[60.60725,41.53421],[60.60755,41.53381],[60.60796,41.5335],[60.60864,41.53321],[60.60907,41.53309],[60.61204,41.53293],[60.6131,41.53293],[60.61564,41.53275]],[[60.64307,41.53479],[60.64054,41.53553]],[[60.69369,41.50931],[60.69379,41.50925]],[[60.62176,41.5371],[60.62078,41.53719],[60.61941,41.53762],[60.61832,41.53775]],[[60.61204,41.53293],[60.6165,41.53263]],[[60.66092,41.52414],[60.66007,41.52405],[60.65933,41.5242],[60.65878,41.52445]],[[60.64415,41.52346],[60.64372,41.52386],[60.64349,41.52431],[60.6434,41.52481],[60.64336,41.5274]],[[60.60525,41.53804],[60.60584,41.53793],[60.60626,41.53776],[60.60661,41.53751],[60.60694,41.53716],[60.60722,41.53655],[60.60713,41.53519],[60.60695,41.53466],[60.60675,41.53432],[60.6056,41.53312]],[[60.63334,41.53055],[60.63324,41.53116],[60.63264,41.53186],[60.63169,41.53277]],[[60.63197,41.53265],[60.63296,41.53208]],[[60.63729,41.53018],[60.63423,41.53134],[60.63289,41.53202],[60.63135,41.53306]],[[60.63806,41.53593],[60.64282,41.53565]],[[60.6206,41.53703],[60.63555,41.53604]],[[60.61995,41.53712],[60.63706,41.53598]],[[60.62992,41.53713],[60.62803,41.53722],[60.62485,41.53699]],[[60.74679,41.47632],[60.75118,41.47381]],[[60.64794,41.52277],[60.64753,41.5226],[60.64698,41.52249],[60.646,41.52251],[60.64552,41.52258]],[[59.56887,42.3522],[59.56085,42.34404]],[[60.61651,41.53729],[60.61843,41.53712],[60.62185,41.53648],[60.62594,41.53617],[60.63367,41.53324]],[[60.62415,41.5307],[60.62445,41.53263],[60.62458,41.53292],[60.62538,41.53401],[60.62553,41.53461],[60.62546,41.53488],[60.62483,41.53544],[60.62436,41.53562],[60.6222,41.5358],[60.62137,41.53593]],[[60.64305,41.53458],[60.64111,41.53539]],[[60.67623,41.51962],[60.67791,41.51858]],[[60.60202,41.53828],[60.61634,41.53736]],[[56.41132,44.63803],[56.39609,44.647]],[[56.39609,44.647],[56.39463,44.64788]],[[56.39463,44.64788],[56.38684,44.65252]],[[56.49132,44.5905],[56.4897,44.59146]],[[56.80183,44.40556],[56.80309,44.40474],[56.80374,44.40394],[56.80459,44.40321]],[[57.44001,44.00728],[57.34284,44.07655],[57.33943,44.07884],[57.26512,44.1243]],[[57.26512,44.1243],[57.17482,44.17946],[57.13552,44.20335],[57.0717,44.24162],[57.03213,44.26601]],[[57.64478,43.85918],[57.6452,43.85872]],[[57.64433,43.8595],[57.66255,43.84325],[57.663,43.84291]],[[57.6529,43.8519],[57.63821,43.86505],[57.48972,43.97162]],[[58.85236,43.03324],[58.85279,43.03244],[58.85297,43.03148]],[[58.83508,43.04284],[58.8349,43.04295],[58.83431,43.0431],[58.83258,43.0431]],[[59.20485,42.60271],[59.20441,42.603],[59.20232,42.60487],[59.202,42.60525]],[[59.6513,42.41659],[59.65248,42.41589]],[[57.48972,43.97162],[57.48644,43.97398]],[[58.25675,43.1696],[58.2574,43.17016],[58.25912,43.17199]],[[58.50361,43.15534],[58.47581,43.16041],[58.47321,43.16075],[58.47104,43.16084],[58.46932,43.16078],[58.46784,43.16062],[58.46105,43.15952],[58.45976,43.15924],[58.45796,43.15874],[58.4565,43.1582],[58.45505,43.15755],[58.42191,43.14193],[58.41551,43.13876],[58.4024,43.13257],[58.39982,43.13154],[58.3963,43.13045],[58.38385,43.12779],[58.38087,43.1267],[58.37784,43.12518],[58.37384,43.12365],[58.36408,43.12171],[58.36209,43.1211],[58.36063,43.12034],[58.35852,43.11876],[58.34817,43.10986]],[[58.3519,43.1121],[58.35011,43.11064],[58.34981,43.11046]],[[58.34939,43.11029],[58.34815,43.1097]],[[58.36298,43.10281],[58.36122,43.10217],[58.36058,43.10175],[58.36001,43.10152]],[[59.64025,42.43548],[59.64085,42.4359],[59.6491,42.44265]],[[59.63407,42.42105],[59.63467,42.42078]],[[59.64888,42.44242],[59.64855,42.44207]],[[57.48207,43.97698],[57.48651,43.97381]],[[59.77574,42.78903],[59.77584,42.78954]],[[59.77781,42.80015],[59.77784,42.80031]],[[61.01083,41.34043],[61.01718,41.33788],[61.0491,41.32471]],[[59.20995,42.59833],[59.2073,42.60063]],[[59.64046,42.41896],[59.64229,42.41816],[59.64285,42.41801],[59.64441,42.41811],[59.64715,42.41844],[59.64814,42.41837],[59.64869,42.41816],[59.65003,42.41747],[59.65266,42.41592]],[[60.75472,41.47346],[60.75631,41.47232]],[[60.76844,41.46886],[60.76676,41.46959],[60.76606,41.46974]],[[60.77942,41.46204],[60.78025,41.46143],[60.78115,41.46046]],[[61.91577,41.21265],[61.91654,41.21242],[61.92204,41.21011],[61.92835,41.20739],[61.92905,41.20701]],[[61.05366,41.3229],[61.05521,41.32258],[61.0559,41.32263],[61.05644,41.32284],[61.05675,41.32314],[61.05694,41.32352],[61.05701,41.32403],[61.05708,41.32626]],[[61.23074,41.25178],[61.23111,41.25206]],[[61.14108,41.287],[61.14141,41.28686]],[[61.2446,41.27244],[61.24348,41.27142]],[[61.26389,41.37989],[61.26356,41.38015],[61.26311,41.38028],[61.26277,41.38036],[61.26222,41.38036],[61.26145,41.38025],[61.25969,41.3797]],[[61.19275,41.26465],[61.1901,41.26661],[61.18868,41.26747],[61.18778,41.2679],[61.18001,41.27105]],[[61.19359,41.26408],[61.19306,41.26441]],[[60.28208,41.70387],[60.28057,41.70479],[60.27054,41.71001],[60.26981,41.71034]],[[60.28133,41.70434],[60.26981,41.71034],[60.26919,41.71061]],[[60.36976,42.11294],[60.37233,42.11111],[60.37982,42.10619],[60.38039,42.10589]],[[59.57674,42.36818],[59.57889,42.36999],[59.58084,42.37101]],[[60.6781,41.51847],[60.69369,41.50931]],[[60.37777,41.38128],[60.37781,41.38154]],[[60.37872,41.37341],[60.37843,41.37376],[60.37733,41.37557],[60.37687,41.37676],[60.37676,41.37766],[60.37681,41.37846],[60.37714,41.37974],[60.37743,41.38034]],[[60.74793,41.47595],[60.74868,41.47536]],[[60.74899,41.47527],[60.74943,41.47511],[60.75136,41.474]],[[60.55969,41.5222],[60.55972,41.52184]],[[60.38428,41.36861],[60.38279,41.36942],[60.38188,41.36999],[60.38122,41.37049],[60.38033,41.37133],[60.379,41.37303],[60.37743,41.37574],[60.37706,41.37669],[60.37691,41.37776],[60.37715,41.37919],[60.37777,41.38128]],[[60.6365,41.53235],[60.63532,41.53203],[60.63468,41.53202],[60.63418,41.53211],[60.63361,41.53228],[60.62954,41.53397],[60.62584,41.53532],[60.62497,41.53556],[60.62412,41.53566]],[[60.63212,41.53059],[60.63184,41.53139],[60.63121,41.53274],[60.63078,41.53329],[60.63008,41.53373]],[[60.84814,41.41602],[60.85022,41.41379],[60.85634,41.40845],[60.86239,41.4034],[60.86494,41.40149],[60.86802,41.39969],[60.88478,41.39249],[60.96697,41.3585]],[[60.84099,41.42408],[60.84163,41.42337]],[[60.84163,41.42337],[60.84757,41.41669]],[[58.72813,43.07728],[58.72777,43.07737]],[[58.86872,43.01728],[58.86001,43.0293],[58.85914,43.03015],[58.85756,43.03132],[58.84137,43.04078]],[[58.36046,43.10153],[58.36195,43.10211],[58.36249,43.10219]],[[58.85198,43.03391],[58.85313,43.03276],[58.8543,43.03185]],[[58.82892,43.04064],[58.83062,43.04226],[58.83147,43.04262]],[[58.85652,43.03123],[58.85621,43.03157],[58.85481,43.03254]],[[57.80394,43.70172],[57.80462,43.70112]],[[58.84697,43.03722],[58.85096,43.03516]],[[58.84853,43.03638],[58.85086,43.03499],[58.85374,43.03251],[58.85503,43.03157],[58.85665,43.03072],[58.85826,43.02968],[58.8588,43.02922]],[[58.84743,43.0372],[58.84539,43.03822],[58.84369,43.03898],[58.83409,43.04451],[58.83113,43.04655]],[[57.81455,43.69251],[57.81327,43.69387],[57.81215,43.69487]],[[57.80358,43.7019],[57.81311,43.69361],[57.81361,43.69325]],[[57.49287,43.96331],[57.49338,43.96352],[57.49429,43.96375],[57.49575,43.9639],[57.49766,43.96395],[57.49957,43.96381],[57.50025,43.96368],[57.50102,43.96341],[57.50329,43.96183]],[[58.21163,43.14235],[58.21229,43.14157],[58.2129,43.14113],[58.21348,43.14092],[58.21454,43.14067],[58.21553,43.14063],[58.21666,43.14085],[58.21757,43.14128],[58.24635,43.16102],[58.25439,43.16753],[58.25632,43.16913],[58.25675,43.1696]],[[56.50634,44.58154],[56.49132,44.5905]],[[56.38684,44.65252],[56.32827,44.68726],[56.25972,44.7278],[56.23056,44.74522],[56.20648,44.75907],[56.19148,44.76798]],[[60.63431,41.53628],[60.64223,41.53581],[60.64324,41.53567],[60.64677,41.53543],[60.64821,41.53522],[60.64953,41.5349],[60.65097,41.5344],[60.65237,41.5337],[60.65597,41.53158],[60.65705,41.53103],[60.65968,41.53009],[60.6601,41.53],[60.66504,41.52992]],[[60.55861,41.53078],[60.5587,41.53009]],[[60.82255,41.79496],[60.82285,41.7948]],[[59.44515,42.39678],[59.43674,42.40475]],[[59.65077,42.44426],[59.65048,42.44394]],[[58.85665,43.03072],[58.85479,43.03199],[58.8542,43.03259],[58.85129,43.03476]],[[58.85113,43.03487],[58.85231,43.03387],[58.85396,43.03267]],[[59.20579,42.60197],[59.19705,42.60966],[59.19653,42.61024]],[[58.76586,43.07552],[58.76442,43.07599],[58.76219,43.0766],[58.75994,43.07711],[58.75738,43.07753],[58.75503,43.07781],[58.75257,43.07799],[58.75012,43.07804],[58.74768,43.07797],[58.73374,43.07681],[58.73146,43.07682],[58.7297,43.07698],[58.72813,43.07728]],[[58.85269,43.03406],[58.85345,43.03335],[58.85693,43.03078]],[[58.85622,43.03204],[58.85246,43.03425]],[[59.56872,42.3506],[59.56834,42.35043],[59.56815,42.35026],[59.56722,42.34921]],[[59.20619,42.6016],[59.20554,42.60207],[59.2048,42.6024],[59.20427,42.60252],[59.20343,42.60256]],[[59.5721,42.35687],[59.57218,42.35712]],[[59.65245,42.41586],[59.6497,42.41764]],[[60.61733,41.53734],[60.61558,41.53735],[60.61651,41.53729],[60.61768,41.53699],[60.61948,41.53669],[60.62054,41.5362],[60.62174,41.5358],[60.62227,41.53544],[60.62248,41.53519],[60.62267,41.53458],[60.62253,41.53336]],[[60.64327,41.53562],[60.64388,41.53563]],[[60.64389,41.53479],[60.64332,41.53504],[60.64231,41.5353]],[[60.64384,41.53529],[60.64494,41.53495]],[[60.61616,41.53747],[60.59005,41.53916],[60.58761,41.53946],[60.58612,41.53977],[60.58472,41.54015],[60.58303,41.54077],[60.58127,41.54161],[60.56347,41.55093],[60.56302,41.55125],[60.56278,41.55156],[60.56237,41.55248],[60.5619,41.55309],[60.56022,41.5549],[60.5597,41.55536],[60.55892,41.55589]],[[60.42207,41.6253],[60.57785,41.54332],[60.58277,41.54083],[60.58451,41.54018],[60.58634,41.53967],[60.58813,41.53933],[60.58977,41.53914],[60.63406,41.5363],[60.63608,41.5361],[60.64618,41.53543],[60.64824,41.53516],[60.64953,41.53484],[60.65058,41.53449],[60.65146,41.53411],[60.65261,41.53351],[60.67589,41.51982]],[[59.66608,42.45141],[59.67162,42.45081],[59.67308,42.45052],[59.67425,42.45018],[59.6764,42.44937],[59.67894,42.44784],[59.68185,42.44502],[59.6946,42.43219],[59.69588,42.43055],[59.69819,42.42623],[59.69889,42.4253],[59.70013,42.42432],[59.70136,42.4237],[59.70316,42.42321],[59.70466,42.42308],[59.70575,42.42313],[59.70679,42.42327],[59.70973,42.4241],[59.71128,42.42435],[59.7128,42.42447],[59.71435,42.42447],[59.79477,42.41423],[59.79695,42.41381],[59.79838,42.41336],[59.79977,42.41282],[59.80211,42.41155],[59.82223,42.3956],[59.82419,42.39442],[59.82732,42.39325],[59.83002,42.3928],[59.83188,42.39263],[59.83371,42.39271],[59.83588,42.39302],[59.85129,42.39619],[59.8533,42.39688],[59.86012,42.39988],[59.86191,42.40052],[59.86443,42.40111],[59.8656,42.40129],[59.86617,42.40137],[59.86912,42.40148],[59.87068,42.40143],[59.87188,42.4013],[59.88247,42.39936],[59.88894,42.39728],[59.89211,42.39664],[59.90482,42.39431],[59.90676,42.39409],[59.9087,42.3941],[59.91172,42.39428],[59.91251,42.39427],[59.91412,42.3941],[59.91611,42.39363],[59.91786,42.39297],[59.92003,42.39181],[59.93088,42.38262],[59.94737,42.36892],[59.95118,42.36584],[59.9535,42.36466],[59.95475,42.36436],[59.97547,42.36164],[59.9778,42.36158],[59.9795,42.36168],[59.9818,42.36193],[59.98357,42.36192],[59.98528,42.36158],[59.98652,42.36111],[59.98714,42.36077],[59.9878,42.36034],[59.9887,42.35948],[59.99415,42.35173],[59.99549,42.35025],[60.00464,42.34293],[60.04122,42.31339],[60.04283,42.3122],[60.07988,42.29728],[60.10599,42.29141],[60.10767,42.29088],[60.10913,42.29015],[60.11036,42.28931],[60.11171,42.28798],[60.11757,42.28126],[60.11884,42.28026],[60.12022,42.2795],[60.12141,42.27899],[60.12827,42.27723],[60.13053,42.27655],[60.13782,42.27347],[60.14672,42.27079],[60.14767,42.27054],[60.14911,42.27027],[60.15837,42.26921],[60.17361,42.26843],[60.17541,42.2682],[60.17666,42.26788],[60.17745,42.2676],[60.17888,42.26689],[60.19333,42.25808],[60.19436,42.25756],[60.19573,42.25706],[60.19801,42.25647],[60.20031,42.25611],[60.22782,42.25257],[60.22978,42.25202],[60.23146,42.25127],[60.24086,42.24506],[60.24212,42.24457],[60.24619,42.24329],[60.24764,42.24297],[60.2514,42.24114],[60.25376,42.2401],[60.25728,42.23943],[60.26202,42.23865],[60.26508,42.23757],[60.2672,42.23642],[60.29918,42.21282],[60.30069,42.21143],[60.30215,42.20949],[60.33834,42.15122],[60.33935,42.15024],[60.3402,42.1497],[60.34649,42.14651],[60.34864,42.14484],[60.36269,42.12996],[60.36371,42.1284],[60.3673,42.11519],[60.36883,42.11356],[60.38488,42.10304],[60.38557,42.10248],[60.38593,42.10181],[60.38652,42.10013],[60.38654,42.09456],[60.38679,42.09243],[60.38715,42.09097],[60.38797,42.08962],[60.39572,42.07903],[60.39742,42.07422],[60.39762,42.06834],[60.3972,42.06468],[60.39718,42.06337],[60.39786,42.06002],[60.39806,42.05573],[60.39844,42.05269],[60.3984,42.05141],[60.39797,42.04888],[60.39803,42.04795],[60.39825,42.04711],[60.39854,42.04649],[60.39964,42.0451],[60.40009,42.04472],[60.40114,42.04406],[60.41024,42.03993],[60.41252,42.03909],[60.41453,42.03849],[60.41585,42.03794],[60.41836,42.0366],[60.42012,42.03599],[60.42809,42.03449],[60.42911,42.03417],[60.4302,42.03371],[60.44546,42.02269],[60.44747,42.02166],[60.44941,42.02104],[60.45135,42.02068],[60.46299,42.01899],[60.46488,42.01853],[60.46703,42.01761],[60.46854,42.01686],[60.47819,42.01152],[60.47987,42.01085],[60.49673,42.00595],[60.50645,42.00218],[60.51024,42.00149],[60.5481,41.99535],[60.55417,41.99514],[60.58823,41.99475],[60.59013,41.99446],[60.59166,41.99397],[60.60158,41.99007],[60.61077,41.98745],[60.64066,41.97925],[60.65038,41.97397],[60.65827,41.96823],[60.66761,41.9635],[60.66979,41.96266],[60.67143,41.96221],[60.68032,41.96059],[60.68148,41.9603],[60.68377,41.95945],[60.68572,41.95843],[60.68672,41.95767],[60.68797,41.95656],[60.69541,41.94774]],[[60.69562,41.94748],[60.70422,41.93722],[60.70549,41.93547],[60.71137,41.92173],[60.71298,41.91748],[60.72011,41.91018],[60.73519,41.89503],[60.7414,41.88861],[60.75765,41.86804],[60.78101,41.83803],[60.82055,41.79634],[60.82202,41.79527],[60.82255,41.79496]],[[60.69541,41.94774],[60.69562,41.94748]],[[61.08667,41.30928],[61.14108,41.287]],[[61.08341,41.31062],[61.08658,41.30932]],[[61.08658,41.30932],[61.08667,41.30928]],[[60.10842,42.22566],[60.10315,42.22562],[60.10229,42.22552],[60.10159,42.22533],[60.1007,42.22498],[60.0988,42.22376]],[[60.1142,42.22622],[60.10842,42.22566]],[[60.14402,42.24903],[60.12998,42.23182],[60.12714,42.22973],[60.12487,42.22816],[60.12257,42.22723],[60.11934,42.22663],[60.1142,42.22622]],[[60.14499,42.25028],[60.14402,42.24903]]]}},{"type":"Feature","properties":{"branch":"qongirot","name":"Qo'ng'irot MTU","source_color":"brown","km":1361,"lod":"overview","parts":53},"geometry":{"type":"MultiLineString","coordinates":[[[61.2585,41.3861],[61.2519,41.3925],[61.2396,41.3938],[61.2161,41.4061],[61.2033,41.409],[61.1765,41.4224],[61.1243,41.4589],[61.1062,41.4814],[61.0805,41.5196],[61.0638,41.5317],[61.0354,41.5577],[61.0294,41.5871],[61.0019,41.6166],[60.9787,41.6586],[60.973,41.6615],[60.9397,41.6632],[60.9126,41.6789],[60.8883,41.722],[60.8772,41.7384],[60.8303,41.7908],[60.8206,41.7963],[60.781,41.838],[60.7414,41.8886],[60.713,41.9175],[60.7055,41.9355],[60.6875,41.957],[60.6815,41.9603],[60.6676,41.9635],[60.6407,41.9793],[60.5901,41.9945],[60.5481,41.9953],[60.5065,42.0022],[60.4799,42.0108],[60.4649,42.0185],[60.4475,42.0217],[60.4302,42.0337],[60.4184,42.0366],[60.4001,42.0447],[60.398,42.048],[60.3974,42.0742],[60.3871,42.091],[60.3856,42.1025],[60.3688,42.1136],[60.3627,42.13],[60.3486,42.1448],[60.3383,42.1512],[60.3007,42.2114],[60.2672,42.2364],[60.2409,42.2451],[60.2298,42.252],[60.1957,42.2571],[60.1767,42.2679],[60.1477,42.2705],[60.1214,42.279],[60.1077,42.2909],[60.0799,42.2973],[60.0428,42.3122],[59.9955,42.3502],[59.9871,42.3608],[59.9535,42.3647],[59.9161,42.3936],[59.9048,42.3943],[59.8691,42.4015],[59.8359,42.393],[59.8279,42.3931],[59.8222,42.3956],[59.8021,42.4116],[59.797,42.4138],[59.7143,42.4245],[59.7014,42.4237],[59.6801,42.4468],[59.6731,42.4505],[59.6604,42.4512],[59.6509,42.4442]],[[61.0491,41.3247],[60.868,41.3997],[60.8502,41.4138],[60.8313,41.4332],[60.789,41.4522],[60.7794,41.462],[60.7528,41.4745],[60.6518,41.534],[60.6462,41.5354],[60.5889,41.5392],[60.5821,41.5411],[60.3969,41.6384],[60.3861,41.6497],[60.2757,41.7071]],[[61.2585,41.3861],[61.2689,41.3749]],[[60.3778,41.3818],[60.377,41.3771],[60.3792,41.3727],[60.3895,41.3662],[60.3969,41.3663],[60.4125,41.3704],[60.417,41.3729],[60.4203,41.3777],[60.4235,41.3916],[60.4336,41.4098],[60.4617,41.427],[60.5125,41.4783],[60.5579,41.509],[60.5605,41.5151],[60.5587,41.5338],[60.5638,41.5405],[60.5752,41.5431],[60.5879,41.5393],[60.6163,41.5374]],[[58.3472,43.0972],[58.3649,43.1041]],[[57.4864,43.974],[57.6382,43.865],[57.684,43.824],[57.7068,43.7941],[57.7141,43.7759],[57.7322,43.7634],[57.8624,43.651],[57.8842,43.6297],[58.0921,43.3357],[58.2254,43.12],[58.2347,43.0985],[58.2544,43.0911],[58.2711,43.094],[58.3072,43.09],[58.3241,43.0932],[58.3337,43.099],[58.3621,43.1211],[58.3998,43.1315],[58.4572,43.1585],[58.4739,43.1607],[58.5121,43.1536],[58.6129,43.1242],[58.7278,43.0774],[58.7526,43.078],[58.7659,43.0755],[58.8199,43.0531],[58.8576,43.0313],[58.9397,42.9193],[58.9655,42.8775],[59.0808,42.7129],[59.4005,42.4283],[59.4262,42.4146],[59.5213,42.3253]],[[59.8214,42.9301],[59.8048,42.9104],[59.7925,42.8767],[59.7868,42.8472],[59.7873,42.8344],[59.7812,42.8174],[59.774,42.7795],[59.7718,42.7416],[59.7619,42.7145],[59.7565,42.6691],[59.7345,42.5847],[59.6788,42.5011],[59.6687,42.4733],[59.6564,42.4558],[59.6547,42.4482],[59.6513,42.4446]],[[59.6391,42.4346],[59.6321,42.4286],[59.6149,42.4055],[59.6053,42.3986],[59.5949,42.3797],[59.5762,42.3676],[59.5709,42.3543],[59.5545,42.3369],[59.5493,42.3144]],[[61.3401,41.2069],[61.3266,41.2116],[61.3249,41.2257],[61.3175,41.2329]],[[59.556,42.3388],[59.5734,42.3563],[59.5785,42.3557],[59.5866,42.3508]],[[61.307,41.3315],[61.3137,41.3272],[61.3228,41.325],[61.3322,41.3256],[61.3396,41.3282]],[[61.1807,41.2708],[61.1893,41.2672],[61.196,41.2624],[61.2202,41.2537],[61.2394,41.2678],[61.2584,41.2843],[61.294,41.2908],[61.299,41.2935],[61.3189,41.3162],[61.3194,41.3193],[61.2762,41.3634],[61.2771,41.3676],[61.282,41.3688]],[[61.2689,41.3749],[61.2744,41.3705],[61.282,41.3688]],[[61.3771,41.1982],[61.3558,41.1986],[61.3446,41.2051],[61.3331,41.2093],[61.2674,41.2252],[61.1807,41.2708]],[[61.2322,41.2535],[61.2265,41.2476],[61.2189,41.2502]],[[61.2189,41.2502],[61.2101,41.2547]],[[56.0334,44.8609],[56.6594,44.4903],[57.2295,44.1461],[57.3394,44.0788],[57.4864,43.974]],[[58.8571,43.0307],[58.8284,43.048]],[[58.358,43.0991],[58.3472,43.0972]],[[59.4402,42.4014],[59.4258,42.414],[59.42,42.4133],[59.4159,42.4107],[59.4138,42.4063],[59.41,42.4056]],[[59.5748,42.3676],[59.5714,42.3552],[59.5604,42.3435]],[[59.2141,42.5935],[59.2058,42.602]],[[59.637,42.3787],[59.6426,42.3873],[59.6427,42.3953],[59.6393,42.4068],[59.6414,42.4178],[59.6304,42.4234],[59.63,42.4256]],[[59.6543,42.4469],[59.6498,42.4432]],[[58.3598,43.1007],[58.3337,43.0922],[58.3303,43.0927],[58.3301,43.096],[58.3481,43.1097]],[[58.2494,43.1635],[58.2568,43.1696]],[[57.4864,43.974],[57.4984,43.9654]],[[57.9996,43.3823],[58.0316,43.3642],[58.0498,43.3666],[58.0696,43.3644],[58.0734,43.3622]],[[57.5248,44.0196],[57.5123,44.0195],[57.5063,44.0148]],[[57.5063,44.0148],[57.5181,44.031],[57.5216,44.0323]],[[58.3472,43.0972],[58.3631,43.1024]],[[60.8774,41.8231],[60.8797,41.8204],[60.8757,41.8137],[60.8557,41.7914],[60.8567,41.7766],[60.8529,41.7665],[60.8548,41.7624]],[[58.334,43.0991],[58.3481,43.1097]],[[58.249,43.1632],[58.2568,43.1696]],[[57.5063,44.0148],[57.4981,44.0038],[57.486,43.9958],[57.483,43.9918],[57.4795,43.9803],[57.4875,43.9733]],[[61.282,41.3688],[61.3038,41.3664],[61.3099,41.3677]],[[61.2689,41.3749],[61.2585,41.3861]],[[61.0684,41.3168],[61.0491,41.3247]],[[62.1801,41.0994],[61.7351,41.2885],[61.4327,41.3615],[61.4182,41.3638],[61.4015,41.363],[61.3866,41.3579],[61.3748,41.349],[61.3183,41.3157]],[[61.0684,41.3168],[61.0491,41.3247]],[[61.212,41.2538],[61.2189,41.2502]],[[59.6486,42.4422],[59.6403,42.4354]],[[59.6403,42.4354],[59.6486,42.4421]],[[59.5676,42.3832],[59.5752,42.3714],[59.5748,42.3684]],[[59.6301,42.3695],[59.637,42.3787]],[[59.6503,42.4437],[59.6391,42.4346]],[[61.2882,41.2228],[61.2957,41.221],[61.2983,41.2179],[61.3255,41.2112]],[[61.1807,41.2708],[61.0684,41.3168]],[[59.2058,42.602],[59.1965,42.6102],[59.2089,42.5994]],[[60.3576,42.0903],[60.3854,42.0953],[60.3856,42.1022],[60.3815,42.1052]],[[58.2568,43.1696],[58.2176,43.1413],[58.2145,43.1407],[58.2116,43.1424]],[[60.5589,41.5559],[60.5635,41.5509],[60.5847,41.5402],[60.6162,41.5375]],[[60.0988,42.2238],[60.1023,42.2255],[60.1249,42.2282],[60.13,42.2318],[60.145,42.2503]]]}},{"type":"Feature","properties":{"branch":"boshqa","name":"Boshqa","source_color":"green","km":12,"lod":"detail","parts":13},"geometry":{"type":"MultiLineString","coordinates":[[[72.87767,40.7102],[72.87326,40.70889],[72.87226,40.70842],[72.87106,40.70756]],[[72.87667,40.70995],[72.87599,40.70982]],[[72.88768,40.71311],[72.88684,40.71293],[72.8775,40.7103],[72.87686,40.71007]],[[72.89053,40.71389],[72.87667,40.70995]],[[72.89466,40.71505],[72.89053,40.71389]],[[70.45123,40.36949],[70.4549,40.373],[70.45608,40.37427]],[[72.87862,40.71043],[72.88111,40.71058],[72.88318,40.71116]],[[72.89003,40.71375],[72.88416,40.71202],[72.87695,40.71003]],[[72.89121,40.71413],[72.89053,40.71389]],[[72.92535,40.72687],[72.92545,40.72619],[72.92526,40.72467],[72.92447,40.7232],[72.92319,40.72193],[72.92164,40.72109],[72.92083,40.7208],[72.91998,40.72055],[72.918,40.72033],[72.91544,40.72041],[72.91344,40.72026],[72.91061,40.7196],[72.87686,40.71007]],[[72.92493,40.72857],[72.92535,40.72687]],[[72.88559,40.71265],[72.88141,40.71149],[72.88052,40.71115]],[[72.88951,40.71356],[72.88899,40.71335],[72.88532,40.71229],[72.87914,40.71055],[72.87823,40.71035]]]}},{"type":"Feature","properties":{"branch":"boshqa","name":"Boshqa","source_color":"green","km":12,"lod":"overview","parts":1},"geometry":{"type":"MultiLineString","coordinates":[[[72.9249,40.7286],[72.9253,40.7247],[72.9216,40.7211],[72.9106,40.7196],[72.8769,40.7101],[72.8877,40.7131]]]}}]}