{"type":"FeatureCollection","features":[{"type":"Feature","properties":{"name":"Andijon"},"geometry":{"type":"Polygon","coordinates":[[[71.97975,40.619067],[71.980812,40.616201],[71.981594,40.61535],[71.981895,40.614501],[71.983739,40.61442],[71.987195,40.614976],[71.988042,40.61343],[71.9904,40.613986],[71.99634,40.606035],[72.007448,40.611996],[72.009417,40.613463],[72.010409,40.614764],[72.01094,40.614531],[72.011331,40.614311],[72.013101,40.614714],[72.014662,40.614541],[72.015147,40.614655],[72.021239,40.614128],[72.023787,40.614091],[72.025101,40.613814],[72.026367,40.613883],[72.027676,40.613704],[72.028314,40.613842],[72.028905,40.613504],[72.029017,40.61315],[72.029999,40.613562],[72.036114,40.61311],[72.036785,40.613268],[72.037193,40.613032],[72.039124,40.613105],[72.039236,40.612955],[72.039859,40.61304],[72.040127,40.612906],[72.040234,40.613061],[72.040653,40.612853],[72.041645,40.61289],[72.041854,40.612715],[72.041967,40.612934],[72.042203,40.612772],[72.045346,40.612686],[72.046661,40.612405],[72.047573,40.612413],[72.047621,40.612291],[72.048672,40.612299],[72.048871,40.612144],[72.049171,40.612295],[72.049413,40.612124],[72.051816,40.61214],[72.051886,40.611908],[72.052186,40.612059],[72.053109,40.611912],[72.053195,40.612047],[72.053857,40.611792],[72.054648,40.611855],[72.055424,40.611609],[72.056982,40.611593],[72.058162,40.611369],[72.058315,40.61154],[72.058811,40.611434],[72.059289,40.611552],[72.058892,40.611656],[72.05916,40.611979],[72.059758,40.611666],[72.060345,40.61245],[72.060737,40.612372],[72.06056,40.612116],[72.060753,40.612112],[72.061574,40.612816],[72.061697,40.612625],[72.063065,40.613362],[72.064347,40.613484],[72.064535,40.613749],[72.064696,40.613639],[72.064814,40.613818],[72.065356,40.613859],[72.07105,40.616123],[72.08043,40.617369],[72.087704,40.617707],[72.091808,40.618591],[72.091684,40.615907],[72.093747,40.613674],[72.096094,40.612713],[72.096748,40.608137],[72.098379,40.606076],[72.098379,40.603788],[72.09998,40.603816],[72.104151,40.597434],[72.108464,40.595869],[72.125011,40.587219],[72.132797,40.586777],[72.138858,40.582311],[72.152576,40.571649],[72.156798,40.566143],[72.158896,40.563987],[72.159648,40.563595],[72.161403,40.562971],[72.161883,40.563521],[72.16373,40.564635],[72.164588,40.564864],[72.16498,40.565383],[72.166054,40.565507],[72.167649,40.566829],[72.169883,40.567506],[72.170735,40.568148],[72.171867,40.567727],[72.172999,40.567782],[72.173839,40.568051],[72.174492,40.567848],[72.176383,40.567704],[72.181047,40.565629],[72.18154,40.564224],[72.201252,40.567954],[72.207674,40.557805],[72.211868,40.556725],[72.215267,40.558694],[72.219217,40.557712],[72.223702,40.555015],[72.22444,40.551153],[72.224331,40.548528],[72.225504,40.548695],[72.227191,40.550816],[72.227931,40.550858],[72.22709,40.548081],[72.226838,40.544058],[72.227702,40.543512],[72.230148,40.54659],[72.231071,40.546207],[72.231898,40.546739],[72.234601,40.5451],[72.2357,40.544088],[72.234565,40.539035],[72.236702,40.536814],[72.234365,40.534321],[72.222959,40.527667],[72.217438,40.521961],[72.22269,40.485083],[72.22708,40.484347],[72.240227,40.483551],[72.241845,40.483032],[72.242547,40.484959],[72.242757,40.486546],[72.243081,40.48663],[72.24421,40.485771],[72.246467,40.484907],[72.246563,40.4843],[72.25106,40.481394],[72.253706,40.481015],[72.25395,40.480237],[72.253294,40.478751],[72.250775,40.474803],[72.247841,40.470857],[72.247419,40.468965],[72.243501,40.460299],[72.252914,40.457313],[72.254271,40.457299],[72.254334,40.45688],[72.261553,40.454108],[72.261919,40.453727],[72.263841,40.453263],[72.265383,40.453726],[72.271899,40.451218],[72.272169,40.450982],[72.273283,40.43906],[72.2727,40.438407],[72.277808,40.434242],[72.303114,40.438025],[72.305692,40.439803],[72.308192,40.443542],[72.309816,40.444686],[72.31174,40.445136],[72.312132,40.445506],[72.313455,40.444979],[72.314694,40.443296],[72.319281,40.438462],[72.325718,40.437922],[72.329918,40.436372],[72.331203,40.434792],[72.362197,40.418758],[72.368766,40.412067],[72.378541,40.407518],[72.38642,40.404972],[72.399017,40.404149],[72.410508,40.401239],[72.417038,40.402317],[72.420815,40.404926],[72.422157,40.415479],[72.416177,40.429272],[72.41735,40.445603],[72.418646,40.448689],[72.419061,40.45042],[72.421083,40.451709],[72.427384,40.453308],[72.432675,40.45505],[72.433566,40.455858],[72.43536,40.456459],[72.434875,40.459039],[72.432372,40.464873],[72.432988,40.468381],[72.433913,40.469778],[72.434887,40.473647],[72.434461,40.47533],[72.434728,40.476931],[72.436644,40.480144],[72.435369,40.480875],[72.43041,40.482513],[72.424421,40.484834],[72.424387,40.486077],[72.423563,40.487051],[72.423977,40.490511],[72.423383,40.491346],[72.423432,40.491824],[72.42261,40.492815],[72.422031,40.495637],[72.419635,40.500341],[72.419392,40.501746],[72.419625,40.502423],[72.419492,40.503796],[72.414948,40.506222],[72.414802,40.506487],[72.415425,40.507511],[72.41508,40.508438],[72.414221,40.508845],[72.411189,40.509439],[72.409811,40.509399],[72.408988,40.50918],[72.40793,40.509293],[72.406722,40.508973],[72.40627,40.508579],[72.405308,40.508619],[72.403603,40.508188],[72.400448,40.507905],[72.399552,40.50734],[72.393696,40.50695],[72.388769,40.508287],[72.387864,40.508949],[72.386957,40.50908],[72.38563,40.509595],[72.383796,40.511146],[72.378574,40.511828],[72.378639,40.51636],[72.37997,40.516453],[72.38225,40.517956],[72.383965,40.518585],[72.382169,40.522434],[72.382583,40.52274],[72.384509,40.522956],[72.387646,40.522368],[72.389807,40.522604],[72.392837,40.523294],[72.395349,40.523082],[72.396788,40.523328],[72.403168,40.525202],[72.405448,40.526088],[72.404984,40.527935],[72.404255,40.528477],[72.404467,40.528831],[72.406053,40.529551],[72.407786,40.53139],[72.408799,40.533331],[72.409702,40.533658],[72.412585,40.532946],[72.417696,40.534492],[72.421691,40.537621],[72.422448,40.538508],[72.422721,40.539869],[72.424365,40.539661],[72.425081,40.539937],[72.425989,40.539577],[72.426283,40.540562],[72.425715,40.541346],[72.42444,40.541844],[72.422015,40.542082],[72.419645,40.542847],[72.419516,40.544948],[72.418736,40.547413],[72.418018,40.54795],[72.419875,40.549216],[72.416062,40.551725],[72.416968,40.55273],[72.415615,40.556343],[72.418241,40.560228],[72.420181,40.561493],[72.419065,40.562151],[72.414235,40.563096],[72.412335,40.562648],[72.409456,40.561218],[72.408948,40.561254],[72.407135,40.561563],[72.405193,40.562806],[72.403902,40.563226],[72.398702,40.563146],[72.396092,40.564073],[72.394135,40.564009],[72.389862,40.56588],[72.388728,40.570548],[72.387634,40.571667],[72.389362,40.572697],[72.391675,40.571123],[72.396257,40.573986],[72.394751,40.575341],[72.392965,40.575795],[72.382797,40.576346],[72.379843,40.576816],[72.372497,40.580134],[72.368369,40.584046],[72.366919,40.586583],[72.365156,40.588474],[72.357294,40.593077],[72.356489,40.593206],[72.354996,40.59404],[72.354989,40.595113],[72.354023,40.595769],[72.353365,40.596681],[72.351462,40.597148],[72.344489,40.601022],[72.346206,40.602497],[72.346236,40.603002],[72.349072,40.603921],[72.349932,40.603927],[72.350788,40.603629],[72.352036,40.602659],[72.354332,40.602166],[72.355079,40.602207],[72.355892,40.602787],[72.35736,40.602664],[72.35836,40.603215],[72.35938,40.602967],[72.361222,40.603159],[72.362051,40.603709],[72.366891,40.602983],[72.367639,40.603909],[72.368649,40.604149],[72.373879,40.604085],[72.374815,40.604333],[72.375973,40.604085],[72.377162,40.602519],[72.378518,40.602424],[72.379604,40.603147],[72.38084,40.603458],[72.382051,40.602965],[72.383349,40.601516],[72.384225,40.602203],[72.385415,40.603995],[72.385097,40.610602],[72.383898,40.611369],[72.386275,40.613406],[72.389877,40.612099],[72.394226,40.61615],[72.395702,40.616941],[72.398128,40.617461],[72.401655,40.617156],[72.4049,40.617839],[72.405318,40.617371],[72.406699,40.617907],[72.40834,40.618184],[72.410476,40.616684],[72.41288,40.616391],[72.413984,40.614959],[72.413663,40.613964],[72.414167,40.611997],[72.415283,40.611423],[72.415058,40.610388],[72.415464,40.60951],[72.416468,40.608975],[72.416973,40.608955],[72.418029,40.608535],[72.421318,40.606652],[72.43057,40.601861],[72.436206,40.595659],[72.441874,40.587185],[72.446222,40.578316],[72.449051,40.576654],[72.449527,40.575952],[72.449528,40.575144],[72.450598,40.573021],[72.453455,40.569808],[72.472966,40.553295],[72.473994,40.552817],[72.476017,40.550555],[72.479702,40.549499],[72.480634,40.551632],[72.481252,40.551962],[72.488027,40.552188],[72.488873,40.55278],[72.49102,40.552895],[72.493382,40.555077],[72.493553,40.560981],[72.493191,40.56474],[72.492232,40.568782],[72.495282,40.570679],[72.499722,40.569855],[72.50073,40.567821],[72.501851,40.566847],[72.502194,40.565839],[72.503819,40.5633],[72.505696,40.562344],[72.507321,40.56064],[72.506726,40.559353],[72.507642,40.558031],[72.508443,40.557266],[72.509473,40.557336],[72.510617,40.556223],[72.511052,40.555336],[72.512197,40.551023],[72.511785,40.54958],[72.512952,40.548327],[72.518102,40.545962],[72.519269,40.546501],[72.521489,40.54664],[72.524213,40.54591],[72.526493,40.546189],[72.52789,40.545546],[72.528782,40.543546],[72.52956,40.543493],[72.53059,40.543841],[72.533474,40.543424],[72.536656,40.540554],[72.537777,40.54038],[72.539837,40.540919],[72.541233,40.540449],[72.542979,40.540503],[72.55117,40.537057],[72.570617,40.537747],[72.582977,40.535981],[72.603314,40.523503],[72.608634,40.518716],[72.607938,40.516991],[72.610117,40.515814],[72.615028,40.515028],[72.616286,40.514157],[72.621298,40.513649],[72.623993,40.513039],[72.625109,40.513152],[72.632911,40.510976],[72.645706,40.510352],[72.654567,40.510322],[72.655308,40.510487],[72.655525,40.510756],[72.656548,40.512866],[72.658882,40.512473],[72.66935,40.523383],[72.66955,40.529282],[72.669386,40.549088],[72.668662,40.550288],[72.668635,40.55176],[72.668121,40.554107],[72.667783,40.554582],[72.667778,40.555177],[72.667458,40.555503],[72.667683,40.556445],[72.668376,40.557544],[72.663689,40.561471],[72.663849,40.561889],[72.665754,40.562719],[72.666449,40.564421],[72.668036,40.563169],[72.669022,40.562934],[72.672738,40.563992],[72.673215,40.565079],[72.67337,40.567107],[72.672883,40.568823],[72.668753,40.57374],[72.668861,40.574883],[72.669208,40.575493],[72.667927,40.578604],[72.667286,40.579226],[72.665452,40.579227],[72.665099,40.579404],[72.664865,40.579897],[72.663497,40.580278],[72.665702,40.581993],[72.665429,40.582369],[72.665133,40.582516],[72.663619,40.582313],[72.663192,40.58192],[72.662452,40.581652],[72.66198,40.582503],[72.663027,40.583044],[72.663208,40.583375],[72.664262,40.58415],[72.664808,40.584297],[72.664871,40.584474],[72.663773,40.585196],[72.663738,40.585403],[72.665975,40.5852],[72.666783,40.585637],[72.667039,40.586052],[72.666425,40.586588],[72.666522,40.586817],[72.668192,40.58792],[72.668849,40.588036],[72.66947,40.588485],[72.670289,40.589643],[72.671587,40.589924],[72.672122,40.590196],[72.672685,40.590828],[72.674759,40.590768],[72.678206,40.592751],[72.682975,40.594237],[72.685576,40.595586],[72.687388,40.595184],[72.688023,40.595452],[72.68841,40.595862],[72.690817,40.596433],[72.6926,40.597214],[72.692677,40.598051],[72.694782,40.597921],[72.693658,40.596931],[72.693933,40.595287],[72.696802,40.593086],[72.697309,40.592961],[72.698491,40.59343],[72.699631,40.592904],[72.699763,40.592504],[72.699458,40.592167],[72.699645,40.591954],[72.700135,40.591814],[72.701152,40.591974],[72.701967,40.591755],[72.702344,40.590914],[72.701701,40.589464],[72.700795,40.588495],[72.701072,40.587832],[72.702921,40.58742],[72.704072,40.587844],[72.704345,40.587149],[72.706967,40.586212],[72.708686,40.585868],[72.710195,40.586306],[72.71307,40.586295],[72.714258,40.586941],[72.715006,40.588356],[72.715775,40.589281],[72.716284,40.589578],[72.717555,40.589848],[72.720057,40.588267],[72.723201,40.588],[72.724642,40.58763],[72.725866,40.586732],[72.726623,40.586483],[72.727015,40.586061],[72.728045,40.58666],[72.728538,40.586644],[72.729987,40.585957],[72.730379,40.584942],[72.731341,40.583898],[72.734636,40.582242],[72.736334,40.582863],[72.737512,40.583999],[72.739226,40.584383],[72.739926,40.58426],[72.74047,40.583748],[72.741601,40.583695],[72.742215,40.582548],[72.742801,40.582648],[72.743894,40.581865],[72.746376,40.580939],[72.747866,40.579995],[72.74752,40.579834],[72.74761,40.579471],[72.747089,40.579063],[72.746745,40.578142],[72.747283,40.577869],[72.74762,40.577316],[72.746814,40.576712],[72.746325,40.575789],[72.7449,40.574627],[72.746464,40.574591],[72.747794,40.573719],[72.747826,40.573275],[72.747355,40.572067],[72.747687,40.571354],[72.748984,40.57132],[72.749622,40.571551],[72.750303,40.571182],[72.750786,40.571244],[72.752032,40.572532],[72.752595,40.572799],[72.752952,40.57358],[72.753501,40.574147],[72.754044,40.574108],[72.754822,40.573059],[72.755659,40.572568],[72.75682,40.572473],[72.758907,40.571922],[72.760355,40.572808],[72.760259,40.573171],[72.760217,40.575506],[72.760583,40.576923],[72.760712,40.577331],[72.758933,40.577856],[72.758885,40.578222],[72.756792,40.579329],[72.755148,40.580918],[72.755243,40.581178],[72.755889,40.581504],[72.755915,40.581517],[72.75655,40.58191],[72.756503,40.582281],[72.752828,40.588765],[72.752444,40.591351],[72.750843,40.592944],[72.750379,40.594514],[72.749399,40.595471],[72.749002,40.596319],[72.749026,40.597375],[72.749559,40.599597],[72.749874,40.599977],[72.750313,40.602349],[72.749411,40.605196],[72.749418,40.607534],[72.750611,40.610433],[72.751261,40.611159],[72.752731,40.613889],[72.753436,40.614199],[72.754724,40.617328],[72.755733,40.618135],[72.756619,40.618489],[72.756923,40.61948],[72.756833,40.621836],[72.757792,40.623569],[72.761031,40.626642],[72.762879,40.627775],[72.763806,40.628057],[72.765103,40.629264],[72.768738,40.634298],[72.770037,40.63549],[72.77357,40.638191],[72.774986,40.63854],[72.768857,40.646823],[72.772971,40.647422],[72.781272,40.648405],[72.779259,40.660862],[72.784509,40.663921],[72.787455,40.66841],[72.789551,40.670363],[72.792792,40.674253],[72.795129,40.672985],[72.798203,40.671853],[72.800256,40.674764],[72.801336,40.677184],[72.806236,40.676397],[72.809499,40.676148],[72.810772,40.67702],[72.812631,40.677087],[72.814786,40.675936],[72.819945,40.676871],[72.83017,40.675464],[72.836746,40.673936],[72.846604,40.672633],[72.855249,40.68571],[72.86541,40.70068],[72.865259,40.701031],[72.858439,40.7007],[72.858488,40.703543],[72.859591,40.703594],[72.859687,40.707568],[72.858546,40.707636],[72.858555,40.708266],[72.856049,40.708125],[72.853289,40.708271],[72.853314,40.712166],[72.853318,40.712331],[72.859736,40.711716],[72.867638,40.711614],[72.87068,40.711096],[72.872748,40.711249],[72.879854,40.71286],[72.881647,40.713779],[72.884927,40.714879],[72.88603,40.7161],[72.888144,40.715933],[72.889229,40.71618],[72.891836,40.717675],[72.896226,40.719251],[72.904622,40.721504],[72.916878,40.723366],[72.92238,40.725882],[72.923318,40.727096],[72.92441,40.727786],[72.926205,40.72824],[72.933986,40.731177],[72.946131,40.731957],[72.967295,40.750441],[72.990384,40.764361],[72.991366,40.764656],[72.998955,40.763728],[73.004546,40.763733],[73.006869,40.764693],[73.020205,40.767724],[73.029332,40.76639],[73.030966,40.766335],[73.031102,40.765785],[73.032039,40.765466],[73.035885,40.764856],[73.036835,40.764552],[73.039483,40.764375],[73.043292,40.765382],[73.044014,40.76575],[73.047197,40.764616],[73.047951,40.764812],[73.052356,40.76455],[73.053012,40.764632],[73.055622,40.766577],[73.057211,40.767629],[73.057385,40.767544],[73.05761,40.766824],[73.058224,40.766425],[73.060825,40.76376],[73.062426,40.76321],[73.063249,40.763317],[73.064038,40.762536],[73.064847,40.760058],[73.064414,40.759555],[73.063788,40.759285],[73.062797,40.75922],[73.062605,40.759001],[73.062797,40.7568],[73.063509,40.756217],[73.064885,40.756195],[73.065751,40.755415],[73.065107,40.752535],[73.065059,40.75166],[73.065482,40.751099],[73.065453,40.750632],[73.06451,40.750005],[73.065463,40.749153],[73.066204,40.748766],[73.066897,40.74776],[73.06714,40.746706],[73.067896,40.746144],[73.067773,40.745758],[73.066827,40.745139],[73.066698,40.743856],[73.067344,40.742912],[73.067004,40.741412],[73.067508,40.740927],[73.068324,40.740556],[73.068712,40.740674],[73.06876,40.740896],[73.068821,40.743902],[73.068583,40.744624],[73.069515,40.745634],[73.06957,40.745938],[73.069379,40.746851],[73.069617,40.747681],[73.069501,40.748186],[73.068869,40.749078],[73.068909,40.749464],[73.069379,40.749897],[73.070246,40.749868],[73.070859,40.750182],[73.071614,40.750167],[73.072492,40.7516],[73.071362,40.753538],[73.069709,40.754683],[73.069273,40.755605],[73.070491,40.757775],[73.069028,40.761548],[73.06945,40.762713],[73.068926,40.764419],[73.068879,40.765439],[73.069328,40.766346],[73.069804,40.766759],[73.071328,40.767326],[73.071655,40.767387],[73.071975,40.767217],[73.07207,40.766635],[73.071274,40.766352],[73.071124,40.76596],[73.071804,40.764388],[73.072471,40.764037],[73.073151,40.762409],[73.073492,40.76212],[73.073818,40.762223],[73.07424,40.763264],[73.074676,40.763656],[73.075098,40.763759],[73.076037,40.762976],[73.076785,40.762883],[73.076499,40.763656],[73.076799,40.764109],[73.078377,40.76445],[73.081739,40.763419],[73.082161,40.762914],[73.084216,40.762738],[73.084964,40.762233],[73.085985,40.761883],[73.086475,40.761512],[73.086802,40.760708],[73.085536,40.75877],[73.085359,40.757863],[73.08574,40.75779],[73.087346,40.759481],[73.088054,40.759945],[73.088598,40.760069],[73.089401,40.759976],[73.090149,40.759636],[73.090735,40.758595],[73.090463,40.757388],[73.090667,40.756358],[73.091606,40.75777],[73.092341,40.75977],[73.093253,40.760429],[73.095131,40.760388],[73.096723,40.760687],[73.097648,40.759842],[73.101241,40.760213],[73.103596,40.759244],[73.104276,40.758161],[73.105161,40.757502],[73.105202,40.756492],[73.107733,40.755028],[73.107638,40.75445],[73.10561,40.752244],[73.105724,40.751831],[73.104992,40.751138],[73.104786,40.750566],[73.104237,40.750115],[73.102955,40.748259],[73.103275,40.747687],[73.104992,40.749109],[73.10593,40.749109],[73.108151,40.751484],[73.109089,40.751675],[73.109684,40.750964],[73.109936,40.749976],[73.109867,40.748034],[73.112225,40.745953],[73.112408,40.74493],[73.113232,40.742901],[73.112476,40.741306],[73.112339,40.740369],[73.112751,40.73952],[73.112545,40.738548],[73.111584,40.737959],[73.110302,40.736467],[73.110096,40.735132],[73.109066,40.733016],[73.109135,40.73038],[73.108837,40.730276],[73.108471,40.728784],[73.109226,40.726876],[73.109089,40.725263],[73.109501,40.723754],[73.110394,40.722349],[73.110482,40.718725],[73.112267,40.717788],[73.113205,40.71758],[73.114304,40.717927],[73.114258,40.718638],[73.114991,40.71817],[73.115929,40.718551],[73.116135,40.719453],[73.116547,40.719852],[73.118492,40.719852],[73.118859,40.718499],[73.119133,40.71817],[73.11998,40.718256],[73.121033,40.717372],[73.121216,40.718118],[73.120804,40.718829],[73.12172,40.719002],[73.121949,40.719245],[73.122612,40.719158],[73.123047,40.718551],[73.122818,40.718048],[73.123253,40.717615],[73.123711,40.716192],[73.124329,40.712375],[73.124901,40.711282],[73.124329,40.709009],[73.124535,40.708385],[73.124352,40.707778],[73.125107,40.706997],[73.125176,40.706285],[73.125725,40.70606],[73.125977,40.706615],[73.125748,40.707327],[73.126526,40.709287],[73.125908,40.709565],[73.125931,40.710033],[73.127076,40.709721],[73.127488,40.709235],[73.128769,40.709096],[73.128403,40.709894],[73.128449,40.710397],[73.129273,40.710172],[73.129547,40.709755],[73.128678,40.707361],[73.12909,40.707066],[73.130074,40.707014],[73.130509,40.707569],[73.130348,40.70861],[73.131424,40.708368],[73.131653,40.707864],[73.130509,40.706858],[73.130806,40.706181],[73.131562,40.705661],[73.13179,40.705279],[73.13234,40.705192],[73.133919,40.706615],[73.133576,40.70783],[73.132958,40.708073],[73.133004,40.70868],[73.133919,40.709842],[73.134377,40.709495],[73.133919,40.7092],[73.134354,40.708229],[73.135201,40.708732],[73.137719,40.707934],[73.13852,40.708263],[73.138474,40.709339],[73.139252,40.709686],[73.141953,40.709964],[73.142365,40.711022],[73.141518,40.711647],[73.141587,40.712184],[73.142319,40.712115],[73.143189,40.711525],[73.14383,40.711456],[73.145203,40.711751],[73.145111,40.712427],[73.144654,40.71274],[73.14589,40.713121],[73.1455,40.713919],[73.146599,40.714752],[73.145317,40.716556],[73.146073,40.716817],[73.148133,40.716921],[73.147698,40.719176],[73.14859,40.71921],[73.149689,40.720043],[73.150055,40.720893],[73.149575,40.721674],[73.148705,40.722368],[73.149208,40.723356],[73.149346,40.72549],[73.148545,40.726773],[73.146759,40.72771],[73.146347,40.7283],[73.144333,40.728994],[73.14264,40.729895],[73.14175,40.731202],[73.141134,40.732836],[73.13892,40.734965],[73.138362,40.737065],[73.13715,40.739224],[73.137419,40.741163],[73.137265,40.7416],[73.135514,40.742811],[73.134648,40.743875],[73.134167,40.744094],[73.133647,40.744677],[73.13305,40.744911],[73.132396,40.746033],[73.131164,40.746544],[73.130356,40.747302],[73.129355,40.747039],[73.128181,40.747419],[73.127719,40.748162],[73.127065,40.748643],[73.126968,40.749154],[73.126526,40.74946],[73.125775,40.74946],[73.124774,40.749985],[73.124274,40.750991],[73.12412,40.752449],[73.123542,40.754067],[73.123908,40.755029],[73.123504,40.755496],[73.123042,40.757114],[73.122619,40.757493],[73.121868,40.757697],[73.121579,40.758455],[73.120174,40.759695],[73.118346,40.760219],[73.117749,40.760948],[73.11773,40.762188],[73.120906,40.763456],[73.122099,40.763616],[73.124697,40.764462],[73.125409,40.76433],[73.127527,40.764403],[73.128489,40.764972],[73.129663,40.765016],[73.131491,40.764374],[73.132415,40.763645],[73.132742,40.763121],[73.13305,40.763398],[73.133243,40.764228],[73.13307,40.764505],[73.131915,40.765016],[73.131568,40.765599],[73.131761,40.765934],[73.132685,40.766969],[73.133974,40.76764],[73.1374,40.770642],[73.13867,40.771196],[73.139325,40.770832],[73.13971,40.770832],[73.141846,40.771662],[73.143174,40.771692],[73.148043,40.773149],[73.154568,40.774097],[73.155877,40.773688],[73.156223,40.773047],[73.157744,40.772158],[73.15861,40.771254],[73.159688,40.770628],[73.161169,40.770365],[73.162016,40.77054],[73.16269,40.77105],[73.164153,40.770978],[73.166058,40.770496],[73.169734,40.767071],[73.170062,40.766065],[73.169176,40.765059],[73.168964,40.763922],[73.169831,40.76366],[73.171062,40.761575],[73.172467,40.760934],[73.172891,40.760526],[73.173969,40.760307],[73.174546,40.759155],[73.175297,40.758543],[73.175681,40.75847],[73.176182,40.759082],[73.176836,40.758791],[73.176701,40.757756],[73.176451,40.757552],[73.176933,40.756998],[73.177702,40.756779],[73.178492,40.757435],[73.179088,40.757289],[73.179165,40.756735],[73.178665,40.756342],[73.178684,40.756123],[73.179473,40.755584],[73.181793,40.754792],[73.183738,40.755104],[73.18415,40.754965],[73.184059,40.75441],[73.185386,40.753405],[73.186004,40.753925],[73.188156,40.753578],[73.188774,40.753734],[73.19001,40.75259],[73.191085,40.753058],[73.190742,40.75363],[73.191383,40.753752],[73.191314,40.754549],[73.190307,40.754931],[73.190216,40.755295],[73.191886,40.755295],[73.19207,40.756231],[73.191085,40.756266],[73.190696,40.757011],[73.189964,40.757028],[73.188179,40.756422],[73.186508,40.758051],[73.185867,40.758398],[73.185546,40.759698],[73.185043,40.759681],[73.184951,40.760062],[73.185501,40.760374],[73.185775,40.760374],[73.186004,40.760028],[73.187263,40.760236],[73.188751,40.758832],[73.18946,40.758693],[73.189689,40.759092],[73.188591,40.760166],[73.189369,40.76034],[73.191543,40.760305],[73.193122,40.761085],[73.193649,40.760583],[73.194267,40.760583],[73.195133,40.760949],[73.195843,40.761677],[73.195293,40.763134],[73.194446,40.763429],[73.19376,40.76277],[73.192821,40.763134],[73.192478,40.762943],[73.19202,40.762146],[73.190327,40.76218],[73.189892,40.761695],[73.189297,40.761747],[73.18861,40.761001],[73.186298,40.761573],[73.185635,40.761504],[73.18465,40.762856],[73.183872,40.763151],[73.183483,40.764157],[73.183758,40.764642],[73.184582,40.765127],[73.185612,40.764885],[73.186047,40.765179],[73.186665,40.765127],[73.186916,40.765457],[73.186916,40.766011],[73.187214,40.766254],[73.18774,40.766289],[73.188473,40.764902],[73.189114,40.764902],[73.189274,40.765907],[73.189526,40.765977],[73.189068,40.767086],[73.188473,40.767641],[73.188724,40.768334],[73.187603,40.768941],[73.188061,40.769513],[73.188976,40.769721],[73.18948,40.770102],[73.190556,40.769964],[73.190716,40.770276],[73.189503,40.770518],[73.190761,40.772234],[73.191677,40.772633],[73.192432,40.772668],[73.19257,40.77213],[73.19202,40.771541],[73.192181,40.771056],[73.19392,40.771541],[73.19383,40.772306],[73.193258,40.772549],[73.19296,40.773],[73.193006,40.77371],[73.193624,40.773953],[73.195432,40.774092],[73.196211,40.77508],[73.196096,40.775444],[73.195112,40.776172],[73.195112,40.777073],[73.194471,40.777922],[73.194471,40.778581],[73.19502,40.779222],[73.193922,40.779465],[73.193761,40.779967],[73.191885,40.780678],[73.190077,40.779846],[73.188222,40.780401],[73.187238,40.78021],[73.185728,40.780921],[73.185361,40.781302],[73.18543,40.78229],[73.183256,40.784005],[73.181608,40.784213],[73.180875,40.784785],[73.180372,40.785808],[73.179388,40.785877],[73.178678,40.786276],[73.177053,40.786276],[73.171858,40.787194],[73.169157,40.7869],[73.167188,40.7869],[73.16625,40.787472],[73.165472,40.787541],[73.164785,40.788719],[73.164098,40.789083],[73.164648,40.790157],[73.166914,40.791353],[73.166502,40.792479],[73.166662,40.794212],[73.168424,40.794507],[73.169935,40.797314],[73.17156,40.798648],[73.173803,40.799185],[73.175382,40.800727],[73.176984,40.801368],[73.177511,40.802495],[73.178106,40.802598],[73.178587,40.802269],[73.17909,40.802477],[73.179502,40.803101],[73.182615,40.803465],[73.184858,40.80421],[73.188062,40.804747],[73.190122,40.805284],[73.192182,40.806652],[73.194036,40.806739],[73.199186,40.809927],[73.200147,40.810983],[73.203146,40.8123],[73.204725,40.81379],[73.204473,40.814517],[73.204931,40.814916],[73.205961,40.814933],[73.207655,40.815349],[73.209577,40.817012],[73.213354,40.818155],[73.214224,40.818883],[73.214773,40.8198],[73.214368,40.82011],[73.21375,40.819868],[73.213567,40.819486],[73.212949,40.819175],[73.211486,40.818778],[73.211074,40.819506],[73.209952,40.819765],[73.209449,40.819592],[73.208007,40.820753],[73.208327,40.822034],[73.207526,40.822312],[73.205558,40.822312],[73.2051,40.822519],[73.204184,40.822],[73.203338,40.822623],[73.202605,40.8229],[73.202491,40.821878],[73.204368,40.820389],[73.204368,40.8198],[73.204116,40.819575],[73.203658,40.820181],[73.202834,40.820666],[73.201781,40.820805],[73.200934,40.821238],[73.199653,40.821116],[73.196837,40.819956],[73.193908,40.820718],[73.192306,40.821792],[73.189307,40.821497],[73.187018,40.820753],[73.184363,40.820406],[73.180724,40.818553],[73.177245,40.818207],[73.176513,40.81767],[73.175528,40.817635],[73.174705,40.816855],[73.172736,40.816509],[73.172461,40.815695],[73.172049,40.815314],[73.170768,40.814881],[73.170218,40.814326],[73.167792,40.814257],[73.16706,40.813096],[73.16619,40.812611],[73.16429,40.810862],[73.162871,40.810862],[73.161704,40.809025],[73.159667,40.808003],[73.158065,40.80641],[73.156966,40.805994],[73.156257,40.805387],[73.155501,40.804123],[73.154334,40.802979],[73.152984,40.801957],[73.15216,40.801801],[73.148795,40.799271],[73.147765,40.798162],[73.147399,40.797036],[73.145751,40.795148],[73.143554,40.793138],[73.143279,40.79293],[73.1416,40.793037],[73.139655,40.805235],[73.139656,40.808081],[73.139929,40.809127],[73.141408,40.810139],[73.141136,40.81087],[73.141728,40.811617],[73.142942,40.811705],[73.143779,40.812687],[73.148502,40.816076],[73.145739,40.827239],[73.146487,40.832325],[73.138741,40.841521],[73.132152,40.84149],[73.121294,40.838404],[73.114492,40.844299],[73.083728,40.842646],[73.077965,40.842896],[73.068382,40.842503],[73.064011,40.841215],[73.063069,40.84154],[73.062365,40.841225],[73.05758,40.843088],[73.057369,40.84336],[73.057639,40.844069],[73.057499,40.844212],[73.054807,40.843255],[73.04678,40.844081],[73.043564,40.846919],[73.039495,40.844737],[73.039081,40.844351],[73.038245,40.844111],[73.03729,40.844229],[73.036466,40.843819],[73.033707,40.841168],[73.030964,40.839032],[73.029267,40.838957],[73.029007,40.83959],[73.028323,40.840333],[73.02616,40.8411],[73.0256,40.841769],[73.02565,40.843888],[73.025213,40.844549],[73.024378,40.845031],[73.023805,40.845613],[73.021625,40.846543],[73.020629,40.846294],[73.017992,40.846335],[73.014054,40.845357],[73.012937,40.844301],[73.012417,40.84459],[73.011325,40.843549],[73.008199,40.841383],[73.007405,40.841446],[73.006441,40.840998],[73.00588,40.83961],[72.999938,40.842898],[72.999738,40.840441],[72.997773,40.833925],[72.996956,40.833955],[72.994688,40.831433],[72.992997,40.830422],[72.990533,40.830284],[72.989706,40.83049],[72.985026,40.830457],[72.983755,40.830722],[72.983107,40.83026],[72.981181,40.829484],[72.980596,40.829351],[72.979914,40.829493],[72.980469,40.826654],[72.97932,40.82408],[72.978427,40.824191],[72.977965,40.822879],[72.977081,40.822873],[72.975945,40.822559],[72.976192,40.819738],[72.973567,40.819759],[72.973274,40.820583],[72.972622,40.820561],[72.972441,40.821312],[72.971712,40.820594],[72.969626,40.820138],[72.969223,40.82201],[72.966032,40.821397],[72.964697,40.820914],[72.963552,40.819327],[72.962265,40.818502],[72.962492,40.817202],[72.962164,40.817073],[72.961163,40.817565],[72.960973,40.817512],[72.960521,40.81642],[72.958772,40.815853],[72.958065,40.814611],[72.958465,40.812617],[72.957746,40.811634],[72.957933,40.808924],[72.95706,40.807771],[72.958134,40.805],[72.955261,40.804681],[72.947949,40.8034],[72.939054,40.800424],[72.927353,40.803988],[72.916085,40.806604],[72.900312,40.815544],[72.899783,40.821948],[72.892266,40.829857],[72.880691,40.83741],[72.867523,40.843719],[72.834007,40.85598],[72.829296,40.856816],[72.82142,40.853949],[72.802193,40.853225],[72.786503,40.852921],[72.772214,40.853117],[72.752212,40.851567],[72.719579,40.849827],[72.712603,40.848693],[72.697721,40.854615],[72.691693,40.850963],[72.676363,40.851661],[72.659703,40.854823],[72.642462,40.859858],[72.631649,40.861842],[72.629767,40.862328],[72.622214,40.865616],[72.620452,40.865911],[72.61901,40.866447],[72.616584,40.866828],[72.613654,40.86887],[72.611068,40.871415],[72.608527,40.87318],[72.606444,40.873561],[72.598433,40.870584],[72.596167,40.87029],[72.594313,40.870843],[72.589942,40.873249],[72.587287,40.873872],[72.581652,40.87463],[72.576506,40.875551],[72.573806,40.876728],[72.572821,40.877541],[72.572844,40.878943],[72.573371,40.87993],[72.574767,40.88031],[72.577056,40.882127],[72.577948,40.883339],[72.580571,40.885847],[72.584003,40.889366],[72.586711,40.894238],[72.587413,40.896476],[72.590831,40.900932],[72.591875,40.903869],[72.592935,40.905052],[72.591246,40.906844],[72.589158,40.91241],[72.584035,40.918],[72.580297,40.920611],[72.577045,40.922586],[72.573837,40.928139],[72.570932,40.931425],[72.57071,40.932555],[72.56938,40.934437],[72.567394,40.936376],[72.564106,40.938644],[72.56307,40.940259],[72.563573,40.941975],[72.563169,40.942606],[72.561328,40.942952],[72.560635,40.943427],[72.562446,40.946239],[72.561862,40.94721],[72.561395,40.948797],[72.559307,40.950414],[72.558894,40.951113],[72.558767,40.951897],[72.558224,40.952713],[72.55672,40.954769],[72.550701,40.956266],[72.549698,40.957543],[72.549926,40.958597],[72.551521,40.959891],[72.551656,40.961403],[72.551467,40.961821],[72.546328,40.96476],[72.544827,40.965802],[72.54263,40.964768],[72.543376,40.964177],[72.542193,40.963248],[72.540142,40.962233],[72.538096,40.961661],[72.531547,40.961331],[72.531239,40.961456],[72.529195,40.963928],[72.525116,40.959578],[72.521071,40.961866],[72.523813,40.963621],[72.525093,40.965426],[72.524873,40.96604],[72.522265,40.967608],[72.521946,40.967994],[72.51968,40.969452],[72.517909,40.96862],[72.517718,40.968861],[72.515861,40.969271],[72.515259,40.969137],[72.514268,40.969401],[72.514004,40.969682],[72.512736,40.969518],[72.511374,40.969673],[72.509282,40.969114],[72.507576,40.968423],[72.506407,40.969389],[72.506073,40.970712],[72.505568,40.971001],[72.503929,40.970475],[72.503623,40.970003],[72.50088,40.968338],[72.500135,40.967523],[72.49925,40.967268],[72.498719,40.967897],[72.49754,40.968539],[72.49708,40.96839],[72.49604,40.967467],[72.495789,40.967472],[72.495241,40.968211],[72.49082,40.970068],[72.489439,40.971902],[72.48865,40.972453],[72.487808,40.973661],[72.487804,40.974516],[72.488095,40.975132],[72.488546,40.975706],[72.494906,40.979756],[72.496679,40.981649],[72.500254,40.984324],[72.501605,40.987155],[72.499875,40.986919],[72.498573,40.986285],[72.498158,40.986282],[72.497022,40.986708],[72.496671,40.987107],[72.496834,40.9883],[72.494229,40.988395],[72.49097,40.989923],[72.487139,40.989917],[72.485489,40.990855],[72.488015,40.998423],[72.487873,41.000874],[72.486465,41.002644],[72.480389,41.008335],[72.473436,41.011917],[72.467367,41.015433],[72.453905,41.026389],[72.452705,41.027669],[72.450089,41.029005],[72.447795,41.029484],[72.446432,41.030236],[72.445112,41.031298],[72.444374,41.031602],[72.444115,41.031645],[72.443345,41.030476],[72.442492,41.031709],[72.440543,41.031288],[72.43712,41.031602],[72.435803,41.031938],[72.434919,41.032609],[72.432848,41.032962],[72.431036,41.033597],[72.428371,41.03367],[72.426122,41.034454],[72.42573,41.032885],[72.425228,41.032433],[72.423864,41.031791],[72.423506,41.030884],[72.423081,41.03058],[72.422878,41.030041],[72.422031,41.029076],[72.421029,41.028683],[72.418266,41.028449],[72.41678,41.026396],[72.410878,41.027114],[72.408308,41.027836],[72.405063,41.028069],[72.399406,41.027735],[72.396968,41.027833],[72.395117,41.027543],[72.393147,41.027556],[72.390033,41.028411],[72.388807,41.029067],[72.381361,41.03157],[72.377156,41.040965],[72.375746,41.040977],[72.374596,41.04125],[72.373501,41.041196],[72.37264,41.041567],[72.370628,41.041373],[72.368063,41.041532],[72.366027,41.041854],[72.364306,41.042597],[72.361909,41.043323],[72.360577,41.044238],[72.360472,41.04465],[72.360646,41.044634],[72.361446,41.0455],[72.361967,41.045715],[72.359596,41.046597],[72.35894,41.047615],[72.358236,41.04804],[72.357929,41.048535],[72.357121,41.049151],[72.357012,41.04961],[72.354693,41.053195],[72.353642,41.054171],[72.352821,41.055322],[72.352179,41.055782],[72.350943,41.057416],[72.350392,41.060351],[72.347698,41.060021],[72.347192,41.059425],[72.344913,41.055571],[72.341619,41.048416],[72.340127,41.045529],[72.339445,41.044615],[72.338523,41.043688],[72.337527,41.043043],[72.33538,41.043148],[72.334042,41.041783],[72.332548,41.041672],[72.329719,41.039138],[72.329596,41.038174],[72.330288,41.036926],[72.322542,41.034863],[72.321646,41.03398],[72.315786,41.030857],[72.31238,41.030109],[72.310959,41.029848],[72.310434,41.030083],[72.310538,41.03082],[72.310069,41.030987],[72.309016,41.030613],[72.308625,41.031534],[72.308723,41.032162],[72.308233,41.032455],[72.307385,41.03237],[72.30676,41.031652],[72.306169,41.030119],[72.305721,41.029927],[72.305211,41.030287],[72.304901,41.030269],[72.304114,41.02956],[72.303,41.029747],[72.30178,41.029051],[72.300649,41.02922],[72.29983,41.028993],[72.294496,41.029812],[72.292234,41.028597],[72.289731,41.028427],[72.289567,41.027843],[72.290762,41.027537],[72.290921,41.027321],[72.290419,41.026777],[72.288696,41.026505],[72.287899,41.025908],[72.28887,41.025182],[72.28889,41.024785],[72.288337,41.024105],[72.287257,41.023445],[72.286347,41.022182],[72.284075,41.020479],[72.282343,41.020378],[72.281807,41.019804],[72.279941,41.018785],[72.279788,41.016996],[72.279121,41.016482],[72.279014,41.015993],[72.278467,41.015633],[72.276419,41.014997],[72.275492,41.01424],[72.272857,41.01328],[72.272237,41.012413],[72.271421,41.011978],[72.271548,41.011532],[72.27076,41.011091],[72.269321,41.010833],[72.267036,41.011297],[72.266546,41.011642],[72.265906,41.011527],[72.264505,41.010415],[72.26445,41.010006],[72.263143,41.009665],[72.262855,41.009138],[72.262405,41.008945],[72.261751,41.00904],[72.260571,41.007892],[72.259634,41.007667],[72.259435,41.006842],[72.259895,41.006213],[72.259857,41.005929],[72.256917,41.004856],[72.25499,41.004486],[72.254346,41.004148],[72.253637,41.004136],[72.252103,41.003266],[72.24837,41.002302],[72.247282,41.001877],[72.246049,41.001043],[72.245804,41.001232],[72.244996,41.001326],[72.244995,41.001766],[72.244293,41.002575],[72.244918,41.003096],[72.246606,41.00378],[72.24471,41.004678],[72.242827,41.004298],[72.242022,41.005083],[72.241742,41.004683],[72.240289,41.003727],[72.239666,41.002761],[72.238776,41.002165],[72.237782,41.001939],[72.236781,41.001801],[72.236134,41.001994],[72.234578,41.001992],[72.233686,41.00165],[72.23018,41.00119],[72.227009,41.001017],[72.225857,41.000807],[72.223708,41.000039],[72.223107,41.000201],[72.221581,41.00017],[72.21998,41.000921],[72.218,41.000212],[72.216693,41.000027],[72.213566,40.999966],[72.209016,40.998814],[72.208796,40.998357],[72.209071,40.997627],[72.208911,40.997594],[72.200386,40.998694],[72.196506,40.997296],[72.195024,40.997284],[72.193351,40.997512],[72.192028,40.997253],[72.188108,40.997432],[72.184524,40.996875],[72.183593,40.994573],[72.181847,40.993952],[72.182239,40.992637],[72.177472,40.990089],[72.177234,40.989331],[72.17536,40.988639],[72.175305,40.988094],[72.175912,40.986963],[72.179851,40.982397],[72.178499,40.981283],[72.178395,40.977092],[72.176179,40.974605],[72.175214,40.973847],[72.17486,40.973177],[72.175702,40.963835],[72.177343,40.958666],[72.177311,40.958115],[72.176683,40.957167],[72.166435,40.952163],[72.169366,40.949495],[72.167398,40.94825],[72.164614,40.951231],[72.156381,40.949609],[72.154453,40.948873],[72.154518,40.947994],[72.153954,40.946207],[72.151938,40.945146],[72.15006,40.942183],[72.150342,40.940384],[72.14999,40.938176],[72.149035,40.935291],[72.148011,40.933159],[72.148622,40.929351],[72.15051,40.928792],[72.150832,40.927586],[72.150779,40.926763],[72.150355,40.926224],[72.148257,40.920834],[72.147745,40.916768],[72.14741,40.91661],[72.145811,40.916869],[72.140742,40.915912],[72.139862,40.915317],[72.13894,40.915077],[72.136558,40.914243],[72.133354,40.914157],[72.131706,40.912358],[72.13134,40.911251],[72.1315,40.909383],[72.130653,40.908795],[72.130882,40.908103],[72.132576,40.90793],[72.133926,40.907532],[72.13118,40.903588],[72.130447,40.90319],[72.130173,40.902654],[72.129532,40.895543],[72.129257,40.895422],[72.128845,40.895647],[72.126556,40.895924],[72.126213,40.893329],[72.124863,40.892792],[72.124496,40.892187],[72.124016,40.89082],[72.124817,40.890059],[72.125846,40.889572],[72.12477,40.889451],[72.121108,40.888292],[72.119323,40.886718],[72.118957,40.884901],[72.117652,40.883361],[72.114333,40.883084],[72.112594,40.884208],[72.111198,40.886129],[72.110328,40.887842],[72.109344,40.888136],[72.108268,40.887808],[72.107558,40.887116],[72.106826,40.887202],[72.105819,40.886718],[72.10733,40.886112],[72.109435,40.883014],[72.109184,40.881855],[72.108738,40.881268],[72.108319,40.88079],[72.108014,40.880725],[72.107585,40.880887],[72.106168,40.880911],[72.105342,40.881507],[72.103599,40.881078],[72.103154,40.881175],[72.102134,40.880291],[72.100986,40.878356],[72.098937,40.877415],[72.097725,40.877464],[72.096646,40.877885],[72.093852,40.877387],[72.093396,40.87746],[72.092312,40.878238],[72.091234,40.880023],[72.091282,40.881078],[72.091636,40.881641],[72.091926,40.883349],[72.091588,40.884127],[72.090982,40.884493],[72.090091,40.884712],[72.088568,40.884748],[72.087479,40.88431],[72.087318,40.883953],[72.085,40.883402],[72.084153,40.88384],[72.083777,40.884505],[72.083799,40.885251],[72.084303,40.8859],[72.085022,40.88624],[72.085569,40.886103],[72.087371,40.886281],[72.088814,40.887116],[72.090418,40.889396],[72.090284,40.8912],[72.088836,40.893244],[72.087715,40.894128],[72.086438,40.89425],[72.086154,40.894688],[72.08522,40.894461],[72.084603,40.894862],[72.083155,40.89453],[72.082264,40.89526],[72.079475,40.895292],[72.076321,40.896338],[72.075747,40.896383],[72.075087,40.896241],[72.074094,40.895551],[72.073853,40.894805],[72.072903,40.894667],[72.072528,40.893861],[72.071992,40.893467],[72.071069,40.891213],[72.068773,40.890961],[72.064927,40.89238],[72.062287,40.893001],[72.060732,40.893913],[72.060539,40.894157],[72.061075,40.895632],[72.060796,40.895981],[72.057406,40.897733],[72.056864,40.898524],[72.05592,40.899104],[72.055072,40.899302],[72.054482,40.899177],[72.053195,40.898321],[72.053039,40.897818],[72.051162,40.895819],[72.046183,40.89174],[72.045035,40.892048],[72.042417,40.891594],[72.040207,40.891683],[72.039467,40.891423],[72.037772,40.889882],[72.035841,40.889006],[72.034199,40.887968],[72.032955,40.88624],[72.030541,40.883758],[72.029441,40.883333],[72.027016,40.883333],[72.025643,40.883592],[72.024758,40.883949],[72.023476,40.884862],[72.021931,40.885365],[72.021062,40.88547],[72.020718,40.885356],[72.020504,40.885044],[72.020777,40.883852],[72.022526,40.882331],[72.022569,40.881386],[72.022172,40.881272],[72.019281,40.881917],[72.018476,40.882331],[72.01434,40.882217],[72.013214,40.882558],[72.012194,40.883377],[72.011658,40.884083],[72.011765,40.88624],[72.012929,40.888706],[72.013519,40.889294],[72.013096,40.891553],[72.010789,40.893054],[72.009711,40.893195],[72.009004,40.893529],[72.009051,40.89468],[72.008396,40.896699],[72.00727,40.897295],[72.003837,40.89841],[72.002592,40.89882],[72.001347,40.899193],[71.999309,40.899363],[71.998472,40.898917],[71.997582,40.898901],[71.995329,40.898228],[71.993912,40.897279],[71.993161,40.897222],[71.988162,40.895333],[71.987389,40.895122],[71.985705,40.895397],[71.984943,40.894781],[71.984417,40.894732],[71.983999,40.895122],[71.976414,40.895624],[71.973217,40.896038],[71.972423,40.896614],[71.972433,40.897336],[71.973957,40.898033],[71.974214,40.89873],[71.974,40.898982],[71.973356,40.899022],[71.972991,40.899314],[71.972229,40.901463],[71.969891,40.902144],[71.968249,40.902047],[71.967513,40.901685],[71.965754,40.901491],[71.961333,40.897549],[71.961054,40.895198],[71.961557,40.89377],[71.96305,40.892229],[71.96305,40.890802],[71.960904,40.889877],[71.959681,40.889893],[71.958265,40.890218],[71.952536,40.892375],[71.947429,40.896122],[71.945884,40.897809],[71.943792,40.89948],[71.941099,40.89952],[71.937987,40.896901],[71.936099,40.896771],[71.934211,40.89729],[71.934039,40.898977],[71.932151,40.903648],[71.930606,40.908448],[71.926829,40.911043],[71.924255,40.911562],[71.921679,40.911691],[71.918246,40.911043],[71.915671,40.914545],[71.913612,40.918307],[71.912066,40.919345],[71.90932,40.919475],[71.90726,40.919215],[71.904857,40.917529],[71.897388,40.915611],[71.893173,40.913078],[71.891135,40.912227],[71.889235,40.91247],[71.885287,40.914286],[71.884429,40.915324],[71.884429,40.917269],[71.887063,40.924008],[71.88695,40.924978],[71.88613,40.925471],[71.88506,40.925775],[71.882883,40.925717],[71.872369,40.924593],[71.859039,40.921898],[71.856017,40.920915],[71.852751,40.919002],[71.850636,40.916793],[71.848552,40.916232],[71.845645,40.915518],[71.840435,40.91601],[71.838363,40.916417],[71.832625,40.919194],[71.831039,40.919204],[71.829333,40.919491],[71.826231,40.919089],[71.824142,40.919135],[71.821421,40.918267],[71.816623,40.913767],[71.815203,40.911636],[71.813532,40.907976],[71.81281,40.907575],[71.811977,40.907375],[71.810695,40.907371],[71.809368,40.907796],[71.808369,40.908387],[71.805389,40.911682],[71.803519,40.913415],[71.803084,40.913641],[71.802194,40.913755],[71.793009,40.908699],[71.792511,40.908239],[71.791997,40.906852],[71.792354,40.904775],[71.792297,40.903895],[71.792067,40.903045],[71.791261,40.901648],[71.787156,40.903384],[71.785209,40.904556],[71.783329,40.905025],[71.78241,40.904823],[71.781581,40.904147],[71.781063,40.903374],[71.780648,40.902098],[71.780402,40.897939],[71.779958,40.89517],[71.77955,40.894339],[71.778558,40.893694],[71.777308,40.893577],[71.773478,40.894343],[71.769626,40.895973],[71.765296,40.89742],[71.761145,40.900539],[71.76004,40.900831],[71.757936,40.900854],[71.757463,40.900158],[71.752576,40.898205],[71.743754,40.900318],[71.739357,40.898978],[71.726817,40.897071],[71.725164,40.895914],[71.724118,40.89204],[71.724394,40.889295],[71.724437,40.887783],[71.724003,40.887047],[71.721701,40.885939],[71.719151,40.885499],[71.715943,40.885316],[71.71384,40.885995],[71.711286,40.887191],[71.710165,40.889095],[71.707278,40.892852],[71.703434,40.894444],[71.700382,40.893921],[71.6986,40.892712],[71.696202,40.890049],[71.695454,40.886354],[71.695444,40.884678],[71.691673,40.881887],[71.690039,40.881118],[71.681843,40.880287],[71.677834,40.879295],[71.675539,40.877798],[71.674091,40.874685],[71.675347,40.871492],[71.674746,40.867997],[71.673417,40.867205],[71.671789,40.866965],[71.668635,40.86694],[71.666679,40.867779],[71.664921,40.86927],[71.659462,40.870933],[71.657198,40.867765],[71.655558,40.866597],[71.64035,40.859024],[71.637661,40.858478],[71.635159,40.85833],[71.632339,40.858539],[71.630168,40.859052],[71.629536,40.858863],[71.629337,40.853726],[71.628118,40.851458],[71.626442,40.851813],[71.626122,40.85152],[71.624083,40.852121],[71.62407,40.850924],[71.619739,40.850139],[71.619587,40.849779],[71.615597,40.849017],[71.61541,40.849387],[71.613045,40.850499],[71.611654,40.850377],[71.611062,40.850799],[71.609126,40.850734],[71.607973,40.850458],[71.607034,40.851404],[71.60065,40.848358],[71.59898,40.846958],[71.595034,40.845429],[71.575584,40.830502],[71.575219,40.829906],[71.577112,40.827925],[71.577999,40.826506],[71.579125,40.825788],[71.581583,40.825105],[71.58085,40.824351],[71.546368,40.796663],[71.560886,40.786082],[71.569224,40.772717],[71.581433,40.754581],[71.556825,40.748703],[71.505958,40.737215],[71.495283,40.734975],[71.525112,40.717936],[71.537144,40.712971],[71.543422,40.704855],[71.57937,40.653681],[71.584532,40.636243],[71.586923,40.629089],[71.624525,40.662507],[71.626056,40.66326],[71.637546,40.665912],[71.634555,40.669794],[71.630791,40.675371],[71.623055,40.690111],[71.62424,40.690718],[71.630293,40.695377],[71.630579,40.69825],[71.631655,40.700565],[71.633994,40.708335],[71.632051,40.712228],[71.629437,40.71364],[71.628395,40.716749],[71.629216,40.722392],[71.635305,40.732633],[71.644474,40.737193],[71.645149,40.738329],[71.645663,40.740834],[71.646829,40.742335],[71.653321,40.746153],[71.654451,40.747118],[71.66114,40.74164],[71.663122,40.738533],[71.665075,40.736162],[71.676716,40.725578],[71.677489,40.724921],[71.681356,40.723621],[71.681836,40.723015],[71.681923,40.722509],[71.681215,40.71857],[71.708304,40.714374],[71.721873,40.709295],[71.728213,40.708237],[71.734647,40.708833],[71.737666,40.710443],[71.74158,40.711691],[71.744017,40.71239],[71.746332,40.712459],[71.748003,40.711515],[71.757222,40.704708],[71.770931,40.697159],[71.798593,40.687344],[71.809921,40.683548],[71.81392,40.680327],[71.819912,40.6766],[71.82584,40.673579],[71.826458,40.671982],[71.826985,40.668927],[71.827855,40.667503],[71.828061,40.666427],[71.829068,40.665229],[71.828399,40.663615],[71.829795,40.663032],[71.830539,40.661471],[71.830039,40.659622],[71.83049,40.656463],[71.83342,40.654369],[71.838488,40.64981],[71.840909,40.648903],[71.841264,40.647887],[71.858699,40.645392],[71.867451,40.639621],[71.882769,40.634646],[71.888223,40.631672],[71.904746,40.625288],[71.928949,40.624425],[71.931368,40.622804],[71.933337,40.622736],[71.933772,40.622878],[71.948245,40.622027],[71.949259,40.622166],[71.952708,40.621946],[71.953974,40.622096],[71.960256,40.621803],[71.961082,40.621917],[71.961694,40.621746],[71.962026,40.621885],[71.962756,40.621697],[71.966758,40.621795],[71.970491,40.622267],[71.971629,40.622186],[71.97327,40.621648],[71.973903,40.621225],[71.974794,40.621087],[71.976103,40.620419],[71.977176,40.620191],[71.977841,40.61967],[71.978366,40.619735],[71.978838,40.619425],[71.979203,40.619425],[71.97975,40.619067]]]}},{"type":"Feature","properties":{"name":"Namangan"},"geometry":{"type":"Polygon","coordinates":[[[71.099248,40.761679],[71.082786,40.738441],[71.062176,40.707246],[71.065575,40.705843],[71.069863,40.706978],[71.081332,40.707489],[71.115869,40.704636],[71.116705,40.703736],[71.118559,40.702591],[71.140783,40.692509],[71.169393,40.678676],[71.203085,40.670014],[71.204984,40.66793],[71.210638,40.665552],[71.253301,40.649456],[71.272001,40.642822],[71.287054,40.654222],[71.296576,40.658198],[71.326834,40.67273],[71.331686,40.673685],[71.347273,40.680871],[71.351324,40.687831],[71.361418,40.693332],[71.363867,40.694044],[71.369131,40.695102],[71.372221,40.694165],[71.385588,40.696942],[71.390106,40.698771],[71.390224,40.698422],[71.40305,40.698058],[71.412306,40.700863],[71.422864,40.705465],[71.427177,40.709629],[71.442247,40.713839],[71.448463,40.715956],[71.460776,40.723399],[71.472087,40.7283],[71.481311,40.728489],[71.487687,40.731373],[71.487601,40.735133],[71.486289,40.73781],[71.486428,40.738127],[71.487781,40.739116],[71.495283,40.734975],[71.505958,40.737215],[71.556825,40.748703],[71.581433,40.754581],[71.569224,40.772717],[71.560886,40.786082],[71.546368,40.796663],[71.58085,40.824351],[71.581583,40.825105],[71.579125,40.825788],[71.577999,40.826506],[71.577112,40.827925],[71.575219,40.829906],[71.575584,40.830502],[71.595034,40.845429],[71.59898,40.846958],[71.60065,40.848358],[71.607034,40.851404],[71.607973,40.850458],[71.609126,40.850734],[71.611062,40.850799],[71.611654,40.850377],[71.613045,40.850499],[71.61541,40.849387],[71.615597,40.849017],[71.619587,40.849779],[71.619739,40.850139],[71.62407,40.850924],[71.624083,40.852121],[71.626122,40.85152],[71.626442,40.851813],[71.628118,40.851458],[71.629337,40.853726],[71.629536,40.858863],[71.630168,40.859052],[71.632339,40.858539],[71.635159,40.85833],[71.637661,40.858478],[71.64035,40.859024],[71.655558,40.866597],[71.657198,40.867765],[71.659462,40.870933],[71.664921,40.86927],[71.666679,40.867779],[71.668635,40.86694],[71.671789,40.866965],[71.673417,40.867205],[71.674746,40.867997],[71.675347,40.871492],[71.674091,40.874685],[71.675539,40.877798],[71.677834,40.879295],[71.681843,40.880287],[71.690039,40.881118],[71.691673,40.881887],[71.695444,40.884678],[71.695454,40.886354],[71.696202,40.890049],[71.6986,40.892712],[71.700382,40.893921],[71.703434,40.894444],[71.707278,40.892852],[71.710165,40.889095],[71.711286,40.887191],[71.71384,40.885995],[71.715943,40.885316],[71.719151,40.885499],[71.721701,40.885939],[71.724003,40.887047],[71.724437,40.887783],[71.724394,40.889295],[71.724118,40.89204],[71.725164,40.895914],[71.726817,40.897071],[71.739357,40.898978],[71.743754,40.900318],[71.752576,40.898205],[71.757463,40.900158],[71.757936,40.900854],[71.76004,40.900831],[71.761145,40.900539],[71.765296,40.89742],[71.769626,40.895973],[71.773478,40.894343],[71.777308,40.893577],[71.778558,40.893694],[71.77955,40.894339],[71.779958,40.89517],[71.780402,40.897939],[71.780648,40.902098],[71.781063,40.903374],[71.781581,40.904147],[71.78241,40.904823],[71.783329,40.905025],[71.785209,40.904556],[71.787156,40.903384],[71.791261,40.901648],[71.792067,40.903045],[71.792297,40.903895],[71.792354,40.904775],[71.791997,40.906852],[71.792511,40.908239],[71.793009,40.908699],[71.802194,40.913755],[71.803084,40.913641],[71.803519,40.913415],[71.805389,40.911682],[71.808369,40.908387],[71.809368,40.907796],[71.810695,40.907371],[71.811977,40.907375],[71.81281,40.907575],[71.813532,40.907976],[71.815203,40.911636],[71.816623,40.913767],[71.821421,40.918267],[71.824142,40.919135],[71.826231,40.919089],[71.829333,40.919491],[71.831039,40.919204],[71.832625,40.919194],[71.838363,40.916417],[71.840435,40.91601],[71.845645,40.915518],[71.848552,40.916232],[71.850636,40.916793],[71.852751,40.919002],[71.856017,40.920915],[71.859039,40.921898],[71.872369,40.924593],[71.882883,40.925717],[71.88506,40.925775],[71.88613,40.925471],[71.88695,40.924978],[71.887063,40.924008],[71.884429,40.917269],[71.884429,40.915324],[71.885287,40.914286],[71.889235,40.91247],[71.891135,40.912227],[71.893173,40.913078],[71.897388,40.915611],[71.904857,40.917529],[71.90726,40.919215],[71.90932,40.919475],[71.912066,40.919345],[71.913612,40.918307],[71.915671,40.914545],[71.918246,40.911043],[71.921679,40.911691],[71.924255,40.911562],[71.926829,40.911043],[71.930606,40.908448],[71.932151,40.903648],[71.934039,40.898977],[71.934211,40.89729],[71.936099,40.896771],[71.937987,40.896901],[71.941099,40.89952],[71.943792,40.89948],[71.945884,40.897809],[71.947429,40.896122],[71.952536,40.892375],[71.958265,40.890218],[71.959681,40.889893],[71.960904,40.889877],[71.96305,40.890802],[71.96305,40.892229],[71.961557,40.89377],[71.961054,40.895198],[71.961333,40.897549],[71.965754,40.901491],[71.967513,40.901685],[71.968249,40.902047],[71.969891,40.902144],[71.972229,40.901463],[71.972991,40.899314],[71.973356,40.899022],[71.974,40.898982],[71.974214,40.89873],[71.973957,40.898033],[71.972433,40.897336],[71.972423,40.896614],[71.973217,40.896038],[71.976414,40.895624],[71.983999,40.895122],[71.984417,40.894732],[71.984943,40.894781],[71.985705,40.895397],[71.987389,40.895122],[71.988162,40.895333],[71.993161,40.897222],[71.993912,40.897279],[71.995329,40.898228],[71.997582,40.898901],[71.998472,40.898917],[71.999309,40.899363],[72.001347,40.899193],[72.002592,40.89882],[72.003837,40.89841],[72.00727,40.897295],[72.008396,40.896699],[72.009051,40.89468],[72.009004,40.893529],[72.009711,40.893195],[72.010789,40.893054],[72.013096,40.891553],[72.013519,40.889294],[72.012929,40.888706],[72.011765,40.88624],[72.011658,40.884083],[72.012194,40.883377],[72.013214,40.882558],[72.01434,40.882217],[72.018476,40.882331],[72.019281,40.881917],[72.022172,40.881272],[72.022569,40.881386],[72.022526,40.882331],[72.020777,40.883852],[72.020504,40.885044],[72.020718,40.885356],[72.021062,40.88547],[72.021931,40.885365],[72.023476,40.884862],[72.024758,40.883949],[72.025643,40.883592],[72.027016,40.883333],[72.029441,40.883333],[72.030541,40.883758],[72.032955,40.88624],[72.034199,40.887968],[72.035841,40.889006],[72.037772,40.889882],[72.039467,40.891423],[72.040207,40.891683],[72.042417,40.891594],[72.045035,40.892048],[72.046183,40.89174],[72.051162,40.895819],[72.053039,40.897818],[72.053195,40.898321],[72.054482,40.899177],[72.055072,40.899302],[72.05592,40.899104],[72.056864,40.898524],[72.057406,40.897733],[72.060796,40.895981],[72.061075,40.895632],[72.060539,40.894157],[72.060732,40.893913],[72.062287,40.893001],[72.064927,40.89238],[72.068773,40.890961],[72.071069,40.891213],[72.071992,40.893467],[72.072528,40.893861],[72.072903,40.894667],[72.073853,40.894805],[72.074094,40.895551],[72.075087,40.896241],[72.075747,40.896383],[72.076321,40.896338],[72.079475,40.895292],[72.082264,40.89526],[72.083155,40.89453],[72.084603,40.894862],[72.08522,40.894461],[72.086154,40.894688],[72.086438,40.89425],[72.087715,40.894128],[72.088836,40.893244],[72.090284,40.8912],[72.090418,40.889396],[72.088814,40.887116],[72.087371,40.886281],[72.085569,40.886103],[72.085022,40.88624],[72.084303,40.8859],[72.083799,40.885251],[72.083777,40.884505],[72.084153,40.88384],[72.085,40.883402],[72.087318,40.883953],[72.087479,40.88431],[72.088568,40.884748],[72.090091,40.884712],[72.090982,40.884493],[72.091588,40.884127],[72.091926,40.883349],[72.091636,40.881641],[72.091282,40.881078],[72.091234,40.880023],[72.092312,40.878238],[72.093396,40.87746],[72.093852,40.877387],[72.096646,40.877885],[72.097725,40.877464],[72.098937,40.877415],[72.100986,40.878356],[72.102134,40.880291],[72.103154,40.881175],[72.103599,40.881078],[72.105342,40.881507],[72.106168,40.880911],[72.107585,40.880887],[72.108014,40.880725],[72.108319,40.88079],[72.108738,40.881268],[72.109184,40.881855],[72.109435,40.883014],[72.10733,40.886112],[72.105819,40.886718],[72.106826,40.887202],[72.107558,40.887116],[72.108268,40.887808],[72.109344,40.888136],[72.110328,40.887842],[72.111198,40.886129],[72.112594,40.884208],[72.114333,40.883084],[72.117652,40.883361],[72.118957,40.884901],[72.119323,40.886718],[72.121108,40.888292],[72.12477,40.889451],[72.125846,40.889572],[72.124817,40.890059],[72.124016,40.89082],[72.124496,40.892187],[72.124863,40.892792],[72.126213,40.893329],[72.126556,40.895924],[72.128845,40.895647],[72.129257,40.895422],[72.129532,40.895543],[72.130173,40.902654],[72.130447,40.90319],[72.13118,40.903588],[72.133926,40.907532],[72.132576,40.90793],[72.130882,40.908103],[72.130653,40.908795],[72.1315,40.909383],[72.13134,40.911251],[72.131706,40.912358],[72.133354,40.914157],[72.136558,40.914243],[72.13894,40.915077],[72.139862,40.915317],[72.140742,40.915912],[72.145811,40.916869],[72.14741,40.91661],[72.147745,40.916768],[72.148257,40.920834],[72.150355,40.926224],[72.150779,40.926763],[72.150832,40.927586],[72.15051,40.928792],[72.148622,40.929351],[72.148011,40.933159],[72.149035,40.935291],[72.14999,40.938176],[72.150342,40.940384],[72.15006,40.942183],[72.151938,40.945146],[72.153954,40.946207],[72.154518,40.947994],[72.154453,40.948873],[72.156381,40.949609],[72.164614,40.951231],[72.167398,40.94825],[72.169366,40.949495],[72.166435,40.952163],[72.176683,40.957167],[72.177311,40.958115],[72.177343,40.958666],[72.175702,40.963835],[72.17486,40.973177],[72.175214,40.973847],[72.176179,40.974605],[72.178395,40.977092],[72.178499,40.981283],[72.179851,40.982397],[72.175912,40.986963],[72.175305,40.988094],[72.172003,40.987872],[72.171764,40.988032],[72.171401,40.989842],[72.171434,40.991508],[72.171017,40.991766],[72.171616,40.9924],[72.171537,40.994843],[72.166733,41.000071],[72.166169,41.001654],[72.165758,41.002144],[72.163219,41.003129],[72.159031,41.005322],[72.161534,41.013401],[72.182398,41.006903],[72.183274,41.008834],[72.184036,41.009346],[72.185967,41.012369],[72.190837,41.021286],[72.193045,41.024441],[72.196947,41.028122],[72.196818,41.028632],[72.197114,41.028855],[72.197471,41.031068],[72.201794,41.029724],[72.202052,41.028891],[72.205148,41.027872],[72.205908,41.027694],[72.20663,41.028218],[72.207758,41.028469],[72.208465,41.030985],[72.208213,41.032],[72.208789,41.033412],[72.208781,41.035075],[72.209347,41.037466],[72.208521,41.039218],[72.2088,41.040376],[72.208583,41.041477],[72.208694,41.042907],[72.209639,41.046097],[72.210115,41.050817],[72.208262,41.054936],[72.208477,41.059503],[72.207383,41.061917],[72.20622,41.062848],[72.203197,41.064518],[72.203128,41.065083],[72.203691,41.066774],[72.201488,41.072944],[72.198209,41.076569],[72.193111,41.086137],[72.190027,41.102164],[72.186578,41.101634],[72.185832,41.104],[72.179542,41.106428],[72.178873,41.116658],[72.168704,41.118997],[72.166699,41.12068],[72.163212,41.122552],[72.159702,41.123084],[72.158256,41.123765],[72.156852,41.123455],[72.150032,41.12534],[72.150873,41.136892],[72.149007,41.13637],[72.146148,41.136653],[72.145682,41.137424],[72.14567,41.137611],[72.146897,41.137819],[72.148071,41.137853],[72.149649,41.138253],[72.151512,41.138349],[72.164895,41.144645],[72.16952,41.148393],[72.171105,41.150081],[72.172837,41.151488],[72.176357,41.155837],[72.176188,41.156116],[72.17674,41.156771],[72.168559,41.163996],[72.166454,41.162113],[72.16384,41.164107],[72.155379,41.160201],[72.146919,41.159219],[72.139318,41.16142],[72.136966,41.16235],[72.133933,41.161538],[72.130652,41.159189],[72.126345,41.155725],[72.120354,41.153338],[72.110558,41.153985],[72.10738,41.152835],[72.104513,41.150538],[72.102176,41.148062],[72.099606,41.146381],[72.095441,41.141084],[72.094688,41.137007],[72.093697,41.134766],[72.079041,41.125202],[72.074165,41.121683],[72.07109,41.117437],[72.068599,41.118075],[72.067353,41.119472],[72.064296,41.121297],[72.062506,41.123555],[72.061871,41.124729],[72.06019,41.126025],[72.057815,41.12685],[72.05774,41.127482],[72.056838,41.127543],[72.055549,41.127203],[72.053985,41.129473],[72.052954,41.129776],[72.050537,41.129813],[72.049183,41.131779],[72.047684,41.132422],[72.045283,41.132459],[72.041953,41.133241],[72.036721,41.135705],[72.035726,41.135946],[72.0309,41.136602],[72.026387,41.136528],[72.021826,41.137887],[72.019466,41.139653],[72.016315,41.140763],[72.01281,41.142358],[72.010287,41.145757],[72.006253,41.152008],[72.006604,41.156521],[71.992877,41.157443],[71.987374,41.156994],[71.960175,41.15697],[71.95164,41.146104],[71.942625,41.145358],[71.93688,41.150357],[71.935844,41.150613],[71.934982,41.151673],[71.933807,41.151621],[71.932712,41.152015],[71.931374,41.15212],[71.930489,41.152401],[71.93064,41.153198],[71.930047,41.153584],[71.926857,41.154381],[71.925426,41.155065],[71.923994,41.156388],[71.92212,41.155547],[71.920467,41.156065],[71.918579,41.155966],[71.917649,41.156227],[71.916843,41.158005],[71.914933,41.159932],[71.91374,41.16053],[71.912069,41.159932],[71.907393,41.159214],[71.904571,41.159334],[71.895372,41.161875],[71.886365,41.167813],[71.883353,41.178829],[71.885163,41.190551],[71.883811,41.193256],[71.871643,41.194268],[71.863602,41.197459],[71.862007,41.200848],[71.869319,41.21761],[71.87855,41.225155],[71.88981,41.233026],[71.890401,41.235301],[71.89127,41.236414],[71.890755,41.238447],[71.895432,41.241255],[71.895196,41.243159],[71.89538,41.250092],[71.896731,41.251443],[71.898688,41.252561],[71.899174,41.25456],[71.900232,41.255457],[71.911197,41.256765],[71.913455,41.257966],[71.913149,41.261061],[71.913371,41.262582],[71.909258,41.277933],[71.910039,41.278669],[71.910329,41.28006],[71.912584,41.282479],[71.913446,41.283741],[71.914487,41.284095],[71.915796,41.284176],[71.916438,41.284601],[71.914247,41.285362],[71.918815,41.288604],[71.920443,41.290457],[71.922726,41.292008],[71.925132,41.294221],[71.92519,41.294563],[71.923556,41.295938],[71.920507,41.297424],[71.914045,41.301045],[71.909081,41.302967],[71.906642,41.305303],[71.90256,41.307419],[71.900315,41.309064],[71.89356,41.317712],[71.890616,41.321946],[71.88744,41.325805],[71.880415,41.337847],[71.893439,41.34268],[71.892079,41.350474],[71.883126,41.357322],[71.883184,41.358593],[71.884374,41.360214],[71.882619,41.362],[71.879734,41.362548],[71.878939,41.363616],[71.878928,41.3643],[71.878555,41.364369],[71.878599,41.363574],[71.878172,41.362255],[71.876375,41.361098],[71.874312,41.357629],[71.872621,41.355613],[71.870765,41.354004],[71.868777,41.35372],[71.867541,41.35298],[71.867119,41.351535],[71.867458,41.350097],[71.866674,41.349155],[71.857536,41.35136],[71.845829,41.352439],[71.843194,41.352499],[71.840179,41.354287],[71.838267,41.354729],[71.83799,41.355857],[71.836853,41.357516],[71.835372,41.35874],[71.834192,41.359046],[71.833482,41.362232],[71.833849,41.363781],[71.834943,41.365005],[71.834879,41.365891],[71.835523,41.366277],[71.835523,41.368548],[71.836381,41.368701],[71.840669,41.374477],[71.835791,41.37674],[71.833774,41.377034],[71.830813,41.376728],[71.830241,41.379376],[71.831137,41.379987],[71.831275,41.380518],[71.831754,41.380866],[71.831607,41.381145],[71.830798,41.381184],[71.830279,41.381548],[71.830323,41.38198],[71.831668,41.384255],[71.831561,41.384496],[71.830595,41.384931],[71.830466,41.386282],[71.830967,41.38765],[71.829683,41.38795],[71.827454,41.386899],[71.825835,41.388658],[71.820147,41.391537],[71.816935,41.392632],[71.815618,41.39202],[71.815074,41.392053],[71.814472,41.392204],[71.813913,41.392743],[71.813381,41.392664],[71.812443,41.393191],[71.812704,41.395814],[71.811759,41.395791],[71.809763,41.397779],[71.807859,41.401067],[71.807249,41.40125],[71.806952,41.401162],[71.80686,41.399963],[71.806339,41.399448],[71.805499,41.39927],[71.804474,41.399881],[71.799713,41.408059],[71.79702,41.40851],[71.796506,41.41109],[71.794595,41.413237],[71.792786,41.417196],[71.794584,41.419991],[71.793805,41.425566],[71.794886,41.42883],[71.793223,41.433731],[71.792086,41.439477],[71.786271,41.441922],[71.782147,41.443894],[71.777392,41.446673],[71.77362,41.447963],[71.769856,41.446162],[71.764031,41.440266],[71.75956,41.43528],[71.75293,41.434159],[71.748305,41.440885],[71.74531,41.4417],[71.742057,41.443169],[71.739356,41.442754],[71.735944,41.442614],[71.729817,41.444244],[71.725439,41.439822],[71.72245,41.435962],[71.724566,41.434958],[71.720234,41.43374],[71.728207,41.425697],[71.72091,41.41857],[71.720695,41.415692],[71.728369,41.412804],[71.727833,41.40889],[71.724891,41.402335],[71.717166,41.401938],[71.714296,41.399639],[71.712154,41.399033],[71.71005,41.399982],[71.708011,41.401484],[71.706396,41.401883],[71.705494,41.404483],[71.701241,41.407141],[71.698448,41.410409],[71.695758,41.412964],[71.692156,41.415414],[71.689445,41.416252],[71.689377,41.418189],[71.688161,41.419509],[71.6886,41.420245],[71.689678,41.421221],[71.69078,41.425147],[71.694351,41.428734],[71.695186,41.433974],[71.696078,41.43653],[71.695715,41.438018],[71.696516,41.438827],[71.698683,41.443163],[71.698768,41.443902],[71.698615,41.443974],[71.697008,41.443815],[71.696798,41.444015],[71.697063,41.444441],[71.696881,41.44533],[71.699278,41.448606],[71.703448,41.451528],[71.702942,41.45218],[71.704006,41.452419],[71.705443,41.45385],[71.707477,41.454148],[71.708145,41.454626],[71.707949,41.456812],[71.707059,41.457552],[71.706962,41.458591],[71.7084,41.457881],[71.70971,41.457944],[71.711523,41.458605],[71.711566,41.458993],[71.71192,41.459333],[71.715095,41.460829],[71.716364,41.460798],[71.717526,41.460445],[71.7188,41.461333],[71.719474,41.463478],[71.721015,41.464358],[71.721962,41.46685],[71.720125,41.467849],[71.719971,41.468488],[71.720889,41.469514],[71.719849,41.470503],[71.719005,41.471036],[71.71619,41.471833],[71.717802,41.473105],[71.714368,41.478377],[71.710992,41.487653],[71.71156,41.487655],[71.712861,41.487151],[71.714983,41.487562],[71.712651,41.492305],[71.71272,41.493268],[71.716437,41.492181],[71.717568,41.493381],[71.717669,41.494356],[71.718751,41.494479],[71.72081,41.494145],[71.72132,41.49366],[71.722237,41.493346],[71.723347,41.492417],[71.724329,41.491985],[71.725158,41.493138],[71.726053,41.49301],[71.727784,41.493236],[71.727563,41.493901],[71.726143,41.49579],[71.724534,41.497364],[71.723028,41.500654],[71.723918,41.502192],[71.725637,41.502154],[71.729761,41.504776],[71.729834,41.505225],[71.729219,41.506598],[71.729255,41.507473],[71.728113,41.508749],[71.729059,41.509374],[71.731274,41.509568],[71.729788,41.511269],[71.731726,41.515046],[71.73393,41.516063],[71.732371,41.516691],[71.729347,41.517282],[71.728174,41.517991],[71.724951,41.521363],[71.724004,41.521048],[71.723602,41.520241],[71.722788,41.520027],[71.720881,41.520192],[71.720117,41.520753],[71.719859,41.521532],[71.720455,41.522048],[71.720249,41.522599],[71.720838,41.523615],[71.722571,41.523563],[71.723908,41.524036],[71.724441,41.525019],[71.725538,41.525203],[71.726508,41.526295],[71.726915,41.526324],[71.727174,41.52524],[71.727551,41.525116],[71.728606,41.525419],[71.732141,41.527162],[71.734787,41.530004],[71.73545,41.531001],[71.7358,41.532317],[71.736934,41.533443],[71.73527,41.535871],[71.735495,41.536519],[71.737151,41.538762],[71.736084,41.539584],[71.735242,41.541444],[71.733574,41.543483],[71.729256,41.545629],[71.723157,41.547834],[71.717435,41.548241],[71.716934,41.547142],[71.714544,41.54523],[71.712159,41.544029],[71.710737,41.542846],[71.708316,41.542254],[71.706053,41.542327],[71.706214,41.535571],[71.699435,41.535299],[71.697766,41.53209],[71.6979,41.530508],[71.698361,41.528769],[71.69349,41.528088],[71.692166,41.527275],[71.692355,41.524955],[71.683005,41.520162],[71.676582,41.514934],[71.677797,41.512611],[71.678429,41.509001],[71.673894,41.505669],[71.673844,41.504729],[71.67348,41.503775],[71.672484,41.50288],[71.67144,41.501529],[71.670979,41.500305],[71.670837,41.498554],[71.670271,41.497757],[71.66945,41.497427],[71.666223,41.497701],[71.665196,41.497349],[71.663646,41.495083],[71.660956,41.492369],[71.657704,41.492107],[71.646358,41.487992],[71.643159,41.487075],[71.639425,41.487287],[71.63509,41.489037],[71.632146,41.488195],[71.630393,41.486452],[71.62833,41.487031],[71.627475,41.486599],[71.624107,41.488771],[71.621507,41.487758],[71.619928,41.487143],[71.618051,41.487566],[71.61825,41.485628],[71.612896,41.481243],[71.610682,41.480315],[71.609931,41.480295],[71.607199,41.47836],[71.604415,41.477447],[71.603537,41.477455],[71.60249,41.477725],[71.601592,41.476798],[71.605899,41.473416],[71.611711,41.472078],[71.617327,41.472512],[71.620093,41.472451],[71.624069,41.475987],[71.627198,41.476598],[71.629405,41.477696],[71.633597,41.478016],[71.636267,41.478634],[71.639162,41.479049],[71.641532,41.477896],[71.642161,41.478752],[71.643691,41.478909],[71.646938,41.479886],[71.649516,41.481421],[71.651087,41.481973],[71.657077,41.468364],[71.659392,41.465092],[71.661076,41.464466],[71.66287,41.464395],[71.664502,41.463656],[71.664483,41.461936],[71.665268,41.460574],[71.665594,41.458034],[71.664759,41.455139],[71.663137,41.451992],[71.672029,41.443917],[71.673146,41.437962],[71.674365,41.436472],[71.675978,41.43513],[71.675413,41.433689],[71.67784,41.432699],[71.67688,41.42814],[71.677136,41.42596],[71.68079,41.422047],[71.680207,41.420732],[71.679538,41.418462],[71.679345,41.416998],[71.678879,41.415816],[71.677891,41.415619],[71.675692,41.414534],[71.673548,41.412945],[71.672362,41.412404],[71.67125,41.411195],[71.671977,41.409146],[71.674574,41.408251],[71.675206,41.407693],[71.675138,41.40715],[71.674914,41.406995],[71.672553,41.407407],[71.671895,41.407942],[71.671373,41.407884],[71.670661,41.407173],[71.669343,41.40698],[71.667686,41.406275],[71.667234,41.405556],[71.666114,41.405148],[71.665388,41.404434],[71.666422,41.402409],[71.665701,41.401563],[71.661611,41.400021],[71.658987,41.399175],[71.657384,41.399258],[71.653851,41.400104],[71.653188,41.399937],[71.651495,41.398978],[71.650613,41.39825],[71.650799,41.395061],[71.650568,41.393778],[71.650834,41.393141],[71.659161,41.389601],[71.658253,41.387288],[71.659686,41.385053],[71.661493,41.383519],[71.662341,41.382118],[71.661217,41.380758],[71.660202,41.380129],[71.66002,41.378997],[71.660246,41.37834],[71.659769,41.377548],[71.658143,41.376164],[71.657268,41.37488],[71.655792,41.371651],[71.654768,41.370543],[71.654875,41.369765],[71.654657,41.36859],[71.652296,41.367149],[71.652023,41.365696],[71.650463,41.365518],[71.65043,41.362138],[71.64842,41.3599],[71.646593,41.359345],[71.64638,41.358266],[71.646679,41.357202],[71.644988,41.354428],[71.642203,41.352796],[71.63966,41.352651],[71.638325,41.350508],[71.637997,41.345583],[71.636351,41.342503],[71.630787,41.340081],[71.62824,41.339717],[71.625617,41.337648],[71.6203,41.335516],[71.614646,41.336249],[71.610921,41.335016],[71.606938,41.328316],[71.604957,41.327053],[71.604671,41.324759],[71.603203,41.322023],[71.601292,41.322012],[71.600105,41.319489],[71.596637,41.31657],[71.594711,41.315254],[71.592899,41.313276],[71.591855,41.310787],[71.588668,41.309224],[71.586221,41.308024],[71.582347,41.306832],[71.581092,41.304901],[71.57954,41.303126],[71.569811,41.295508],[71.563132,41.291142],[71.560267,41.289988],[71.550837,41.291279],[71.537034,41.294415],[71.535047,41.293855],[71.533518,41.293124],[71.532476,41.292865],[71.532487,41.292738],[71.530948,41.292773],[71.529746,41.293356],[71.529562,41.293635],[71.523601,41.291507],[71.521869,41.294057],[71.521817,41.295492],[71.522633,41.297214],[71.519983,41.30064],[71.519876,41.303898],[71.518913,41.305765],[71.516423,41.307385],[71.511397,41.306617],[71.499758,41.299388],[71.498152,41.296535],[71.489353,41.29478],[71.483067,41.295899],[71.476683,41.295245],[71.470515,41.296831],[71.465347,41.295755],[71.45983,41.293352],[71.449548,41.287472],[71.446611,41.285035],[71.447449,41.280975],[71.448533,41.280167],[71.452352,41.278018],[71.450281,41.268582],[71.453827,41.267524],[71.45687,41.262557],[71.447752,41.258214],[71.444347,41.254185],[71.442359,41.248133],[71.448189,41.244906],[71.451842,41.242153],[71.452186,41.238862],[71.454159,41.236506],[71.45109,41.230441],[71.448042,41.227055],[71.448433,41.225347],[71.451451,41.224942],[71.456112,41.22189],[71.458057,41.218016],[71.457225,41.215199],[71.460238,41.213375],[71.457856,41.210084],[71.458705,41.207342],[71.452859,41.202708],[71.448504,41.201079],[71.448627,41.200483],[71.446609,41.198858],[71.445032,41.198052],[71.444196,41.197362],[71.443535,41.195846],[71.442506,41.194596],[71.44134,41.194057],[71.440544,41.193995],[71.439495,41.193528],[71.436098,41.191541],[71.431084,41.189222],[71.430625,41.188192],[71.430984,41.187579],[71.430457,41.185155],[71.431809,41.184026],[71.432076,41.182974],[71.431917,41.182552],[71.432404,41.182114],[71.43242,41.180339],[71.432954,41.178441],[71.433259,41.178166],[71.436047,41.178738],[71.436152,41.178452],[71.435565,41.17821],[71.435352,41.177344],[71.435421,41.177118],[71.436465,41.17649],[71.435517,41.174128],[71.435301,41.17268],[71.436254,41.171873],[71.436244,41.170976],[71.437418,41.169981],[71.439351,41.170696],[71.441236,41.172245],[71.441605,41.17231],[71.442102,41.172024],[71.442495,41.171465],[71.442444,41.170796],[71.443297,41.169992],[71.443367,41.169588],[71.443042,41.168718],[71.443322,41.168532],[71.444691,41.168314],[71.445178,41.167607],[71.446121,41.167022],[71.446163,41.165666],[71.445507,41.165205],[71.445502,41.164925],[71.447607,41.164786],[71.448973,41.165009],[71.449565,41.164837],[71.449692,41.164451],[71.44923,41.163996],[71.449267,41.163712],[71.449903,41.163545],[71.450261,41.162258],[71.451182,41.162024],[71.451893,41.161052],[71.451726,41.160061],[71.451216,41.159222],[71.45113,41.157768],[71.451652,41.156998],[71.440971,41.146184],[71.439043,41.143592],[71.432006,41.132604],[71.412564,41.119036],[71.401803,41.112529],[71.397567,41.108834],[71.395693,41.107307],[71.387765,41.120843],[71.382937,41.119065],[71.378678,41.118865],[71.378785,41.120099],[71.381349,41.125207],[71.381412,41.126033],[71.378011,41.1256],[71.37681,41.126427],[71.375791,41.125993],[71.373224,41.125402],[71.373159,41.120983],[71.368882,41.120962],[71.356708,41.12512],[71.352246,41.124797],[71.351221,41.127224],[71.350417,41.127542],[71.346704,41.127237],[71.335089,41.12353],[71.322317,41.12182],[71.316099,41.116279],[71.311124,41.112625],[71.303626,41.110943],[71.303252,41.110498],[71.303827,41.109334],[71.293138,41.105281],[71.293475,41.102474],[71.283015,41.101653],[71.279983,41.100161],[71.277235,41.099419],[71.279381,41.101909],[71.279807,41.105869],[71.277713,41.109687],[71.275084,41.113326],[71.278197,41.150012],[71.272515,41.173389],[71.266938,41.180286],[71.257469,41.18636],[71.251843,41.183154],[71.239899,41.19123],[71.233464,41.191792],[71.232507,41.192276],[71.231859,41.192126],[71.232089,41.19168],[71.231439,41.191421],[71.230425,41.192024],[71.226707,41.188822],[71.224353,41.186309],[71.223641,41.179894],[71.224503,41.170998],[71.217766,41.16732],[71.211646,41.168247],[71.202384,41.185539],[71.195403,41.185744],[71.187836,41.180892],[71.177674,41.169082],[71.167358,41.169396],[71.161758,41.166905],[71.143906,41.152519],[71.127122,41.14358],[71.124063,41.143416],[71.123913,41.143249],[71.122623,41.143541],[71.122522,41.143338],[71.121556,41.143536],[71.121027,41.143798],[71.12113,41.144138],[71.119823,41.14555],[71.116351,41.145105],[71.111914,41.147329],[71.10625,41.154596],[71.101937,41.154823],[71.100049,41.153589],[71.097803,41.155827],[71.096603,41.155858],[71.096427,41.156851],[71.096184,41.157072],[71.094736,41.157448],[71.094484,41.158985],[71.091674,41.160746],[71.090393,41.161869],[71.088927,41.161943],[71.086521,41.164085],[71.084911,41.166742],[71.084424,41.168081],[71.083088,41.168769],[71.081414,41.168753],[71.08002,41.167816],[71.078937,41.167694],[71.077402,41.17221],[71.076436,41.17313],[71.075084,41.173227],[71.075363,41.173825],[71.074011,41.17565],[71.073132,41.175634],[71.072742,41.176134],[71.071308,41.176748],[71.070857,41.177362],[71.067381,41.177152],[71.061974,41.178234],[71.058324,41.179883],[71.05794,41.180253],[71.055686,41.180519],[71.05471,41.181206],[71.05412,41.180907],[71.049399,41.181456],[71.045255,41.184239],[71.044732,41.18492],[71.043724,41.185162],[71.042114,41.187504],[71.041342,41.187746],[71.038938,41.190423],[71.035688,41.190814],[71.035055,41.190632],[71.03454,41.189833],[71.033236,41.189147],[71.032555,41.187649],[71.029799,41.186929],[71.025814,41.187717],[71.013386,41.185271],[71.008158,41.183063],[70.996499,41.176714],[70.991945,41.177865],[70.978289,41.169286],[70.966744,41.166734],[70.966744,41.164052],[70.965779,41.163536],[70.9626,41.165755],[70.950644,41.169278],[70.942325,41.175908],[70.937683,41.186585],[70.934129,41.191282],[70.931168,41.192962],[70.928228,41.192881],[70.920514,41.194818],[70.919763,41.196231],[70.917424,41.197753],[70.915214,41.198064],[70.913272,41.19877],[70.912247,41.199565],[70.912172,41.200276],[70.911504,41.200989],[70.907468,41.202689],[70.905096,41.204699],[70.904152,41.20675],[70.899079,41.208639],[70.896712,41.20859],[70.894775,41.210769],[70.891857,41.211899],[70.888875,41.21411],[70.888617,41.215386],[70.886085,41.2175],[70.88572,41.219292],[70.884237,41.221955],[70.882437,41.223173],[70.882201,41.223036],[70.880538,41.22323],[70.880227,41.223875],[70.88049,41.224537],[70.880125,41.225284],[70.880222,41.226464],[70.879085,41.227491],[70.879943,41.228503],[70.879717,41.229691],[70.878671,41.230169],[70.878586,41.230775],[70.877064,41.232377],[70.876472,41.23351],[70.872431,41.235582],[70.871601,41.236753],[70.870968,41.236939],[70.86879,41.23806],[70.863794,41.242875],[70.862852,41.242905],[70.861816,41.24324],[70.858727,41.245385],[70.855243,41.250264],[70.853341,41.249758],[70.852514,41.249935],[70.851404,41.249076],[70.850091,41.248618],[70.846249,41.249282],[70.84446,41.250048],[70.840884,41.250992],[70.839275,41.250621],[70.837934,41.250814],[70.834225,41.2502],[70.82905,41.247354],[70.827516,41.246293],[70.824437,41.241352],[70.822853,41.24089],[70.818794,41.2399],[70.814656,41.238454],[70.811369,41.235382],[70.809631,41.233316],[70.807249,41.231807],[70.802035,41.231444],[70.799571,41.230547],[70.797232,41.227206],[70.796224,41.223317],[70.79749,41.215586],[70.79592,41.211271],[70.794096,41.21043],[70.787671,41.200464],[70.787335,41.196008],[70.786333,41.194854],[70.782555,41.198377],[70.781535,41.202964],[70.781418,41.20724],[70.775962,41.21655],[70.77517,41.220083],[70.775471,41.224666],[70.773668,41.233445],[70.773471,41.240162],[70.772682,41.244155],[70.773106,41.251052],[70.773964,41.253053],[70.773449,41.25625],[70.774002,41.257759],[70.773702,41.258694],[70.773047,41.259606],[70.770285,41.261809],[70.769458,41.262896],[70.768444,41.265162],[70.768573,41.266904],[70.770166,41.271089],[70.773435,41.276437],[70.775634,41.277783],[70.777182,41.280196],[70.778446,41.287576],[70.777931,41.291123],[70.774487,41.301563],[70.77321,41.30565],[70.775211,41.311302],[70.776815,41.313175],[70.776713,41.315573],[70.777445,41.316803],[70.783837,41.320408],[70.784718,41.322834],[70.784762,41.323733],[70.785313,41.325658],[70.782754,41.330406],[70.781962,41.330823],[70.77782,41.331057],[70.777029,41.331685],[70.777059,41.333062],[70.778968,41.335043],[70.77914,41.335882],[70.780698,41.338597],[70.780355,41.340208],[70.779962,41.344808],[70.781299,41.346168],[70.784206,41.34728],[70.786132,41.347338],[70.787071,41.348722],[70.785247,41.350783],[70.78456,41.353055],[70.781176,41.354379],[70.779379,41.359433],[70.779116,41.366064],[70.777678,41.367932],[70.77572,41.369659],[70.775071,41.370825],[70.777587,41.373749],[70.778753,41.375555],[70.779121,41.378531],[70.779024,41.380069],[70.778638,41.380874],[70.778724,41.383064],[70.779857,41.384894],[70.779507,41.386614],[70.77837,41.388384],[70.771391,41.392646],[70.769787,41.394566],[70.768521,41.396932],[70.76665,41.398971],[70.762934,41.401781],[70.757355,41.403535],[70.754389,41.407201],[70.754378,41.409577],[70.752465,41.413465],[70.749912,41.416104],[70.747181,41.418427],[70.742542,41.419588],[70.742351,41.421678],[70.738113,41.426818],[70.734401,41.427204],[70.734315,41.42899],[70.733617,41.429352],[70.733336,41.430386],[70.73357,41.431694],[70.73307,41.435055],[70.729949,41.436991],[70.728383,41.437473],[70.727073,41.438184],[70.724134,41.440272],[70.720879,41.442129],[70.717256,41.448905],[70.715912,41.451703],[70.715309,41.453595],[70.716494,41.455593],[70.716934,41.457814],[70.717765,41.459865],[70.716878,41.464359],[70.717164,41.465792],[70.715376,41.465742],[70.714131,41.465516],[70.707844,41.465886],[70.701573,41.465689],[70.696284,41.467627],[70.689771,41.468519],[70.688065,41.470055],[70.6868,41.471872],[70.68263,41.471606],[70.67812,41.46987],[70.674901,41.469725],[70.670803,41.470577],[70.66758,41.47043],[70.665996,41.470175],[70.663301,41.468532],[70.661951,41.467998],[70.65365,41.462857],[70.652644,41.460636],[70.649547,41.458609],[70.648085,41.45789],[70.641227,41.456919],[70.63826,41.457104],[70.636797,41.45839],[70.634243,41.459339],[70.630776,41.461119],[70.626926,41.4595],[70.622967,41.459418],[70.619712,41.459562],[70.615933,41.456578],[70.612178,41.454061],[70.608136,41.452485],[70.603662,41.452905],[70.601116,41.454141],[70.599198,41.455852],[70.596231,41.456179],[70.594263,41.456817],[70.592298,41.455745],[70.590937,41.454147],[70.590916,41.452813],[70.591538,41.45085],[70.591735,41.446585],[70.590692,41.445492],[70.585872,41.442951],[70.582844,41.443234],[70.580848,41.44288],[70.577724,41.442876],[70.577026,41.443536],[70.57402,41.44374],[70.571856,41.443263],[70.569834,41.442547],[70.568548,41.440541],[70.568616,41.438545],[70.569627,41.437407],[70.568222,41.436002],[70.567245,41.434364],[70.566419,41.432366],[70.566331,41.431631],[70.566931,41.429587],[70.567854,41.428556],[70.567988,41.427669],[70.567568,41.426842],[70.564794,41.42604],[70.560202,41.425469],[70.552906,41.420907],[70.552052,41.419393],[70.551831,41.416977],[70.552327,41.415339],[70.552037,41.412097],[70.551512,41.410238],[70.551018,41.409747],[70.549822,41.409087],[70.549108,41.408693],[70.548544,41.408746],[70.54295,41.40947],[70.541094,41.410242],[70.538712,41.408878],[70.535228,41.408856],[70.532449,41.406989],[70.529198,41.406168],[70.526004,41.404489],[70.523432,41.404474],[70.519278,41.402258],[70.517595,41.401879],[70.516243,41.400382],[70.513735,41.398875],[70.509838,41.399473],[70.507295,41.400865],[70.504557,41.402948],[70.501265,41.401161],[70.499528,41.400572],[70.498069,41.399341],[70.497455,41.399206],[70.49527,41.397547],[70.49441,41.396661],[70.493281,41.396043],[70.492648,41.392912],[70.489387,41.389564],[70.490224,41.387777],[70.491477,41.386564],[70.487306,41.376415],[70.481999,41.373415],[70.480439,41.370916],[70.474011,41.36481],[70.474683,41.361304],[70.475769,41.358513],[70.473964,41.357344],[70.472684,41.35606],[70.472486,41.355382],[70.472493,41.353473],[70.472371,41.3519],[70.471675,41.350845],[70.470435,41.347808],[70.466821,41.345898],[70.462086,41.344602],[70.454564,41.340657],[70.452409,41.337299],[70.451133,41.33609],[70.448239,41.334312],[70.447009,41.332667],[70.446595,41.331561],[70.44518,41.330117],[70.438619,41.326652],[70.435892,41.324237],[70.433292,41.321312],[70.431873,41.318388],[70.428506,41.317354],[70.427915,41.316757],[70.420988,41.313506],[70.419839,41.312697],[70.418449,41.311086],[70.416689,41.308433],[70.414986,41.307628],[70.412316,41.307898],[70.408274,41.308784],[70.405351,41.309865],[70.402915,41.31144],[70.401567,41.312605],[70.398852,41.310246],[70.394319,41.307304],[70.393387,41.304186],[70.393477,41.299176],[70.394229,41.296863],[70.389616,41.292188],[70.388203,41.290029],[70.38892,41.285671],[70.388257,41.28115],[70.388382,41.278229],[70.387554,41.275119],[70.387625,41.272438],[70.388281,41.269318],[70.387891,41.267486],[70.388432,41.260937],[70.390924,41.26174],[70.394829,41.26201],[70.396522,41.262556],[70.40195,41.262563],[70.402287,41.262622],[70.404704,41.265316],[70.412664,41.269251],[70.41465,41.269191],[70.416953,41.267956],[70.428095,41.262744],[70.446038,41.25992],[70.451188,41.256464],[70.449489,41.254233],[70.437263,41.249283],[70.429381,41.236869],[70.426556,41.22842],[70.428016,41.218665],[70.42533,41.207123],[70.435727,41.194889],[70.43437,41.184072],[70.450771,41.170361],[70.451511,41.162683],[70.438161,41.153633],[70.444829,41.142946],[70.455742,41.134531],[70.464145,41.129809],[70.483794,41.121503],[70.499266,41.109226],[70.519297,41.097101],[70.515632,41.09569],[70.508831,41.094568],[70.506352,41.093498],[70.502222,41.09097],[70.498813,41.090162],[70.495871,41.088929],[70.496614,41.087804],[70.497526,41.085363],[70.497486,41.082954],[70.496998,41.079354],[70.494504,41.076973],[70.492272,41.07301],[70.490386,41.070739],[70.488941,41.06792],[70.486762,41.06638],[70.48491,41.062078],[70.484036,41.060811],[70.481382,41.058929],[70.477171,41.051368],[70.476698,41.049377],[70.474973,41.045261],[70.474857,41.044115],[70.47254,41.04131],[70.474379,41.0395],[70.475204,41.03766],[70.475735,41.037301],[70.476312,41.03595],[70.477564,41.035208],[70.479811,41.03504],[70.480452,41.034878],[70.480975,41.034345],[70.48342,41.033732],[70.484088,41.031748],[70.485885,41.028895],[70.486882,41.027751],[70.487501,41.025352],[70.488957,41.023749],[70.490255,41.023051],[70.491575,41.022795],[70.494343,41.02269],[70.497057,41.018822],[70.500571,41.016799],[70.504053,41.016045],[70.506362,41.014739],[70.509133,41.013821],[70.514455,41.010482],[70.514498,41.009568],[70.513333,41.008961],[70.513051,41.007292],[70.515372,41.005501],[70.516524,41.00385],[70.517494,41.001242],[70.520308,40.997873],[70.520472,40.996211],[70.521403,40.993816],[70.521202,40.987233],[70.526326,40.984725],[70.529137,40.983932],[70.530403,40.983818],[70.532033,40.982377],[70.533707,40.980076],[70.536443,40.980072],[70.54184,40.980789],[70.546775,40.980578],[70.548298,40.980659],[70.554457,40.979363],[70.556211,40.97889],[70.560027,40.973066],[70.561785,40.971693],[70.562117,40.970923],[70.563115,40.97081],[70.563981,40.97034],[70.564542,40.969433],[70.565851,40.968817],[70.566875,40.967189],[70.566409,40.965576],[70.566795,40.964912],[70.568597,40.964588],[70.568124,40.96292],[70.568447,40.960845],[70.572953,40.957863],[70.57428,40.956403],[70.57977,40.952176],[70.586354,40.941473],[70.589302,40.938183],[70.595741,40.934573],[70.59839,40.932112],[70.598102,40.929694],[70.597375,40.927042],[70.599903,40.920916],[70.603971,40.917474],[70.606701,40.91234],[70.607757,40.90793],[70.610149,40.905212],[70.614581,40.901199],[70.619418,40.899169],[70.623886,40.897568],[70.627948,40.895739],[70.629227,40.894838],[70.630895,40.889074],[70.633918,40.885833],[70.640792,40.882662],[70.642658,40.8788],[70.642601,40.873553],[70.643291,40.869856],[70.645264,40.864835],[70.651792,40.858291],[70.665651,40.852334],[70.668276,40.850971],[70.669765,40.851107],[70.671253,40.850601],[70.672522,40.848898],[70.679392,40.842271],[70.686891,40.838218],[70.698963,40.834422],[70.700379,40.833489],[70.706495,40.8284],[70.716321,40.820859],[70.721069,40.815267],[70.723443,40.814378],[70.728211,40.809279],[70.723883,40.806132],[70.713454,40.799907],[70.710873,40.800232],[70.70416,40.800629],[70.703387,40.800506],[70.711993,40.790929],[70.717311,40.785427],[70.724932,40.77516],[70.727674,40.769215],[70.736137,40.76649],[70.738476,40.766649],[70.739869,40.766951],[70.741956,40.764986],[70.745863,40.764438],[70.751234,40.763484],[70.763991,40.758497],[70.772373,40.75324],[70.77618,40.750372],[70.776981,40.750279],[70.778913,40.749631],[70.78017,40.747316],[70.781778,40.745037],[70.785538,40.742862],[70.786958,40.742386],[70.788405,40.739919],[70.789327,40.738866],[70.794814,40.734565],[70.795845,40.732543],[70.796533,40.726026],[70.797344,40.719818],[70.804539,40.720469],[70.811305,40.721736],[70.816496,40.723166],[70.81992,40.7249],[70.824617,40.727735],[70.828122,40.730195],[70.828606,40.731325],[70.83418,40.733337],[70.83629,40.733458],[70.838953,40.733553],[70.840925,40.733068],[70.843211,40.732095],[70.845058,40.730879],[70.846361,40.729244],[70.850053,40.728049],[70.852865,40.727785],[70.855172,40.727995],[70.859292,40.728776],[70.862554,40.729816],[70.870845,40.729072],[70.874997,40.72873],[70.880235,40.729946],[70.884183,40.731767],[70.891862,40.736907],[70.895137,40.740829],[70.897441,40.741774],[70.899378,40.742912],[70.900564,40.744359],[70.901347,40.744692],[70.905154,40.74477],[70.907214,40.74555],[70.911077,40.747631],[70.912616,40.750163],[70.913293,40.750922],[70.916572,40.755106],[70.921104,40.752055],[70.921634,40.751373],[70.922751,40.751873],[70.923807,40.753499],[70.92431,40.75368],[70.926866,40.75264],[70.927826,40.752477],[70.928981,40.752888],[70.929209,40.753322],[70.92989,40.753686],[70.930566,40.754684],[70.931377,40.755298],[70.933468,40.755721],[70.935613,40.754538],[70.937851,40.753901],[70.940033,40.753004],[70.941457,40.751536],[70.944882,40.754116],[70.946267,40.755499],[70.946782,40.756409],[70.945924,40.758554],[70.951245,40.757644],[70.953563,40.757969],[70.956395,40.758944],[70.962489,40.758489],[70.966008,40.757124],[70.974334,40.752052],[70.975692,40.750267],[70.976158,40.749293],[70.976348,40.747343],[70.975135,40.745505],[70.973762,40.745123],[70.974906,40.742279],[70.973899,40.739921],[70.976417,40.739158],[70.977676,40.737025],[70.992347,40.737285],[70.991386,40.739609],[70.994224,40.740146],[70.993217,40.742869],[71.012855,40.748401],[71.026862,40.752059],[71.029769,40.747273],[71.031797,40.748399],[71.038091,40.747809],[71.052099,40.752699],[71.057592,40.753028],[71.061528,40.750566],[71.063451,40.750653],[71.06764,40.751363],[71.070707,40.74956],[71.075445,40.750028],[71.078031,40.750601],[71.078534,40.750063],[71.082151,40.751537],[71.085355,40.756582],[71.099248,40.761679]],[[70.550356,40.989911],[70.548733,40.991779],[70.549701,40.995271],[70.553467,40.999007],[70.555727,41.001962],[70.558621,41.004458],[70.564498,41.006601],[70.567095,41.005796],[70.572073,41.001326],[70.574144,40.99861],[70.586128,40.992516],[70.591192,40.986961],[70.604943,40.977543],[70.612156,40.973772],[70.620568,40.960116],[70.627432,40.955921],[70.637909,40.944644],[70.652052,40.931606],[70.65672,40.926639],[70.664774,40.920327],[70.668615,40.917607],[70.671455,40.915361],[70.671643,40.914894],[70.671385,40.915115],[70.670719,40.915224],[70.670236,40.91499],[70.666234,40.914851],[70.662501,40.914461],[70.656662,40.918425],[70.64991,40.924801],[70.643338,40.930426],[70.642314,40.931959],[70.636136,40.93813],[70.630568,40.943112],[70.625023,40.949234],[70.621566,40.955091],[70.618486,40.958269],[70.603599,40.972143],[70.599303,40.977403],[70.594415,40.980187],[70.586692,40.983883],[70.575292,40.991301],[70.573103,40.992192],[70.56869,40.992137],[70.559735,40.991269],[70.558233,40.991354],[70.552623,40.989498],[70.551195,40.989536],[70.550356,40.989911]]]}},{"type":"Feature","properties":{"name":"Farg'ona"},"geometry":{"type":"MultiPolygon","coordinates":[[[[71.495283,40.734975],[71.487781,40.739116],[71.486428,40.738127],[71.486289,40.73781],[71.487601,40.735133],[71.487687,40.731373],[71.481311,40.728489],[71.472087,40.7283],[71.460776,40.723399],[71.448463,40.715956],[71.442247,40.713839],[71.427177,40.709629],[71.422864,40.705465],[71.412306,40.700863],[71.40305,40.698058],[71.390224,40.698422],[71.390106,40.698771],[71.385588,40.696942],[71.372221,40.694165],[71.369131,40.695102],[71.363867,40.694044],[71.361418,40.693332],[71.351324,40.687831],[71.347273,40.680871],[71.331686,40.673685],[71.326834,40.67273],[71.296576,40.658198],[71.287054,40.654222],[71.272001,40.642822],[71.253301,40.649456],[71.210638,40.665552],[71.204984,40.66793],[71.203085,40.670014],[71.169393,40.678676],[71.140783,40.692509],[71.118559,40.702591],[71.116705,40.703736],[71.115869,40.704636],[71.081332,40.707489],[71.069863,40.706978],[71.065575,40.705843],[71.062176,40.707246],[71.082786,40.738441],[71.099248,40.761679],[71.085355,40.756582],[71.082151,40.751537],[71.078534,40.750063],[71.078031,40.750601],[71.075445,40.750028],[71.070707,40.74956],[71.06764,40.751363],[71.063451,40.750653],[71.061528,40.750566],[71.057592,40.753028],[71.052099,40.752699],[71.038091,40.747809],[71.031797,40.748399],[71.029769,40.747273],[71.026862,40.752059],[71.012855,40.748401],[70.993217,40.742869],[70.994224,40.740146],[70.991386,40.739609],[70.992347,40.737285],[70.977676,40.737025],[70.976417,40.739158],[70.973899,40.739921],[70.974906,40.742279],[70.973762,40.745123],[70.975135,40.745505],[70.976348,40.747343],[70.976158,40.749293],[70.975692,40.750267],[70.974334,40.752052],[70.966008,40.757124],[70.962489,40.758489],[70.956395,40.758944],[70.953563,40.757969],[70.951245,40.757644],[70.945924,40.758554],[70.946782,40.756409],[70.946267,40.755499],[70.944882,40.754116],[70.941457,40.751536],[70.940033,40.753004],[70.937851,40.753901],[70.935613,40.754538],[70.933468,40.755721],[70.931377,40.755298],[70.930566,40.754684],[70.92989,40.753686],[70.929209,40.753322],[70.928981,40.752888],[70.927826,40.752477],[70.926866,40.75264],[70.92431,40.75368],[70.923807,40.753499],[70.922751,40.751873],[70.921634,40.751373],[70.921104,40.752055],[70.916572,40.755106],[70.913293,40.750922],[70.912616,40.750163],[70.911077,40.747631],[70.907214,40.74555],[70.905154,40.74477],[70.901347,40.744692],[70.900564,40.744359],[70.899378,40.742912],[70.897441,40.741774],[70.895137,40.740829],[70.891862,40.736907],[70.884183,40.731767],[70.880235,40.729946],[70.874997,40.72873],[70.870845,40.729072],[70.862554,40.729816],[70.859292,40.728776],[70.855172,40.727995],[70.852865,40.727785],[70.850053,40.728049],[70.846361,40.729244],[70.845058,40.730879],[70.843211,40.732095],[70.840925,40.733068],[70.838953,40.733553],[70.83629,40.733458],[70.83418,40.733337],[70.828606,40.731325],[70.828122,40.730195],[70.824617,40.727735],[70.81992,40.7249],[70.816496,40.723166],[70.811305,40.721736],[70.804539,40.720469],[70.797344,40.719818],[70.796581,40.719693],[70.792191,40.719966],[70.782727,40.718617],[70.780686,40.718263],[70.778357,40.717528],[70.776439,40.716215],[70.775573,40.714359],[70.773068,40.706137],[70.772775,40.704445],[70.768998,40.700411],[70.768998,40.70015],[70.768827,40.698459],[70.768998,40.695335],[70.768449,40.691743],[70.766665,40.688232],[70.762545,40.684753],[70.760529,40.683523],[70.75732,40.682885],[70.752435,40.682821],[70.749899,40.683453],[70.747253,40.683852],[70.738927,40.687008],[70.735696,40.687525],[70.732263,40.687005],[70.730747,40.686037],[70.730023,40.684563],[70.729173,40.681277],[70.730413,40.677968],[70.730476,40.674078],[70.73295,40.671383],[70.736554,40.666956],[70.737584,40.664091],[70.736158,40.658622],[70.732894,40.656193],[70.728242,40.654949],[70.726144,40.655319],[70.723644,40.656263],[70.722615,40.658505],[70.720219,40.660898],[70.716814,40.662659],[70.710044,40.66373],[70.70494,40.662999],[70.699991,40.659273],[70.693328,40.656838],[70.689149,40.654683],[70.687459,40.652501],[70.683683,40.650808],[70.6748,40.644994],[70.672625,40.643077],[70.671495,40.642082],[70.669263,40.639086],[70.663576,40.63343],[70.658792,40.629185],[70.65496,40.626702],[70.651638,40.625807],[70.647977,40.625748],[70.642827,40.62671],[70.640081,40.62658],[70.636133,40.623713],[70.635103,40.62228],[70.628025,40.615147],[70.623661,40.608027],[70.621864,40.606242],[70.620445,40.602976],[70.618172,40.600219],[70.616801,40.59746],[70.613068,40.59165],[70.610727,40.586831],[70.608745,40.583867],[70.606779,40.582137],[70.600599,40.575749],[70.598644,40.574146],[70.596307,40.572228],[70.592016,40.570142],[70.589956,40.568577],[70.588067,40.566491],[70.581544,40.563883],[70.575708,40.563361],[70.572275,40.562709],[70.561975,40.558405],[70.557512,40.555667],[70.55322,40.554362],[70.550062,40.554362],[70.530561,40.554884],[70.520433,40.552536],[70.514906,40.549995],[70.51391,40.549536],[70.510648,40.546667],[70.506357,40.541058],[70.505842,40.540275],[70.503953,40.535839],[70.503438,40.530881],[70.501893,40.526706],[70.499147,40.523966],[70.495027,40.520573],[70.493654,40.514048],[70.488847,40.508697],[70.487067,40.505221],[70.48529,40.503404],[70.483011,40.501519],[70.480229,40.500436],[70.474771,40.499561],[70.462755,40.498386],[70.461381,40.498125],[70.457262,40.496558],[70.452455,40.495906],[70.445543,40.496815],[70.436662,40.492512],[70.432885,40.490031],[70.429624,40.489117],[70.414518,40.48729],[70.403875,40.483373],[70.399583,40.481545],[70.393575,40.47828],[70.377795,40.474425],[70.368681,40.47246],[70.352548,40.46692],[70.348428,40.465222],[70.346385,40.46267],[70.346025,40.460259],[70.343793,40.459475],[70.337614,40.459214],[70.33212,40.458561],[70.329202,40.456732],[70.328172,40.455165],[70.328344,40.447197],[70.329202,40.443147],[70.330575,40.440403],[70.333665,40.437268],[70.337817,40.433752],[70.344825,40.429504],[70.348023,40.42553],[70.350288,40.411871],[70.350471,40.408698],[70.353706,40.406621],[70.356211,40.405914],[70.359765,40.403743],[70.364873,40.397488],[70.369035,40.393299],[70.378953,40.38652],[70.386807,40.383758],[70.403696,40.380107],[70.422067,40.378314],[70.427078,40.375757],[70.432759,40.36937],[70.436099,40.368602],[70.445449,40.368341],[70.448738,40.367603],[70.449971,40.367118],[70.450954,40.366536],[70.456034,40.364513],[70.454429,40.362924],[70.454204,40.362031],[70.458782,40.359741],[70.463521,40.357913],[70.473165,40.353764],[70.476668,40.351955],[70.487588,40.350266],[70.496359,40.34811],[70.504825,40.35345],[70.525316,40.353157],[70.525626,40.356582],[70.55186,40.35478],[70.558639,40.352495],[70.562515,40.347882],[70.568331,40.345677],[70.570109,40.344583],[70.573632,40.340808],[70.574928,40.340222],[70.578218,40.340836],[70.581969,40.338905],[70.577468,40.33601],[70.562324,40.320891],[70.562542,40.320236],[70.562008,40.319939],[70.56022,40.317768],[70.559797,40.312059],[70.563002,40.305928],[70.56553,40.305347],[70.566131,40.304529],[70.567343,40.301316],[70.567846,40.298978],[70.568608,40.29755],[70.569341,40.29377],[70.572141,40.290991],[70.575439,40.289052],[70.576306,40.283622],[70.575985,40.282732],[70.575305,40.276752],[70.574022,40.272732],[70.574795,40.267678],[70.575542,40.265614],[70.575735,40.264283],[70.576561,40.263129],[70.577348,40.262632],[70.579949,40.259618],[70.580281,40.25853],[70.580754,40.258197],[70.581236,40.258251],[70.582517,40.256843],[70.582728,40.256355],[70.583942,40.255246],[70.584671,40.254064],[70.584689,40.253252],[70.585037,40.252605],[70.585389,40.252412],[70.58596,40.252466],[70.586039,40.253082],[70.586541,40.253268],[70.586684,40.253713],[70.588513,40.25334],[70.592448,40.249552],[70.595743,40.245911],[70.595503,40.244239],[70.598314,40.241958],[70.598494,40.240674],[70.597695,40.240092],[70.596205,40.239795],[70.579474,40.234353],[70.585122,40.223871],[70.5951,40.213126],[70.606079,40.205698],[70.611733,40.20109],[70.627344,40.181136],[70.63233,40.177295],[70.64765,40.178538],[70.662973,40.180545],[70.691624,40.184815],[70.700992,40.187456],[70.703291,40.188104],[70.713954,40.189862],[70.718616,40.189848],[70.72694,40.189313],[70.744251,40.187728],[70.759905,40.188189],[70.767581,40.191995],[70.77605,40.197285],[70.780199,40.198084],[70.783251,40.198069],[70.783008,40.199002],[70.787874,40.199474],[70.790183,40.201986],[70.793518,40.202139],[70.796757,40.203173],[70.803007,40.203096],[70.808505,40.203783],[70.80928,40.201313],[70.811294,40.201164],[70.813208,40.201953],[70.815244,40.201525],[70.817626,40.201807],[70.818393,40.202557],[70.820102,40.202237],[70.821764,40.203758],[70.825687,40.205045],[70.848664,40.210054],[70.850973,40.21463],[70.855188,40.21659],[70.861187,40.220391],[70.863014,40.220739],[70.954442,40.220446],[70.955579,40.221032],[70.984622,40.22241],[70.982578,40.229577],[70.982571,40.232539],[70.980514,40.238742],[70.980335,40.243222],[70.975167,40.250093],[70.976631,40.251609],[70.976668,40.257043],[70.960847,40.267593],[70.959142,40.285184],[70.963745,40.288329],[70.972368,40.288546],[70.984599,40.285989],[71.018844,40.296129],[71.027653,40.291162],[71.034628,40.286836],[71.036597,40.286583],[71.042098,40.288312],[71.050747,40.290228],[71.05453,40.290331],[71.05603,40.29233],[71.06236,40.293962],[71.071049,40.294246],[71.073174,40.297408],[71.07473,40.298455],[71.081203,40.30619],[71.089525,40.311006],[71.093723,40.312736],[71.098822,40.316565],[71.101284,40.319964],[71.102781,40.321232],[71.104656,40.323503],[71.106595,40.323673],[71.111605,40.325878],[71.120526,40.329994],[71.124265,40.332204],[71.127939,40.335105],[71.145968,40.333549],[71.150424,40.335287],[71.155452,40.335822],[71.166412,40.334922],[71.170512,40.338023],[71.1805,40.339863],[71.182298,40.340726],[71.187718,40.340993],[71.199488,40.342809],[71.201615,40.343964],[71.224656,40.341716],[71.243237,40.336907],[71.248702,40.333642],[71.250432,40.333193],[71.2524,40.331502],[71.251869,40.329507],[71.248961,40.327132],[71.247083,40.326102],[71.244571,40.325426],[71.243041,40.324562],[71.24205,40.323687],[71.241196,40.323551],[71.240265,40.32291],[71.240231,40.322681],[71.24112,40.322001],[71.244541,40.324044],[71.245402,40.324303],[71.245726,40.32421],[71.247362,40.324839],[71.247655,40.324098],[71.247515,40.323463],[71.248065,40.323334],[71.248447,40.32409],[71.248315,40.324616],[71.248982,40.325662],[71.25133,40.326608],[71.252949,40.327912],[71.254794,40.331203],[71.256055,40.330861],[71.256794,40.331454],[71.256778,40.331874],[71.257361,40.332425],[71.258566,40.332612],[71.265139,40.335483],[71.265935,40.336037],[71.266018,40.336329],[71.267608,40.337166],[71.269421,40.33937],[71.270613,40.339631],[71.272061,40.341949],[71.272632,40.342616],[71.272886,40.342518],[71.273758,40.343599],[71.276398,40.34318],[71.282763,40.34145],[71.285035,40.340419],[71.285947,40.339297],[71.287269,40.338598],[71.29028,40.337005],[71.291368,40.336143],[71.294082,40.335122],[71.297128,40.332449],[71.298267,40.331747],[71.300667,40.330802],[71.298594,40.328748],[71.294627,40.326971],[71.293053,40.325673],[71.29501,40.321181],[71.295876,40.319979],[71.297698,40.316346],[71.298617,40.314983],[71.300997,40.313247],[71.301363,40.313209],[71.308069,40.308341],[71.31066,40.307191],[71.312824,40.309759],[71.318105,40.311021],[71.320594,40.31429],[71.321341,40.314854],[71.323173,40.317416],[71.324084,40.317916],[71.330273,40.317867],[71.333584,40.317661],[71.335375,40.317366],[71.335523,40.317057],[71.334261,40.314098],[71.336775,40.313305],[71.339419,40.313722],[71.341421,40.314247],[71.343029,40.31424],[71.344253,40.31454],[71.345278,40.314584],[71.346632,40.315017],[71.345871,40.318084],[71.346224,40.318617],[71.347353,40.318365],[71.349671,40.319127],[71.349604,40.319708],[71.35252,40.320344],[71.352739,40.320302],[71.35369,40.318841],[71.356878,40.318846],[71.357463,40.318433],[71.358195,40.316519],[71.361686,40.316979],[71.362465,40.316847],[71.363802,40.316991],[71.367068,40.318563],[71.36906,40.318823],[71.369898,40.318304],[71.370474,40.317114],[71.371778,40.315395],[71.375261,40.316539],[71.376049,40.315525],[71.376642,40.314227],[71.374962,40.312232],[71.367818,40.30921],[71.367408,40.306053],[71.369976,40.305928],[71.376572,40.307562],[71.379896,40.307171],[71.381569,40.306435],[71.390075,40.309191],[71.391277,40.309088],[71.39299,40.308385],[71.394758,40.30703],[71.395612,40.307145],[71.397168,40.306357],[71.398156,40.304309],[71.398811,40.301954],[71.399984,40.301898],[71.401245,40.301227],[71.41408,40.291173],[71.417596,40.290145],[71.421788,40.287545],[71.42319,40.286675],[71.424635,40.285432],[71.42607,40.284979],[71.427982,40.284046],[71.439696,40.281232],[71.442601,40.280763],[71.448945,40.279249],[71.457719,40.278115],[71.45969,40.277396],[71.471527,40.277287],[71.472848,40.276997],[71.476522,40.275483],[71.478172,40.274979],[71.4796,40.274893],[71.484903,40.276759],[71.48619,40.277899],[71.486251,40.278636],[71.488209,40.278841],[71.489054,40.279335],[71.491485,40.279822],[71.492061,40.279352],[71.493377,40.279304],[71.493649,40.279038],[71.496329,40.277945],[71.49713,40.277222],[71.498766,40.277158],[71.500353,40.277798],[71.500922,40.277566],[71.50209,40.276784],[71.504897,40.273446],[71.505827,40.273153],[71.506748,40.27209],[71.507808,40.271311],[71.510224,40.270616],[71.511438,40.269359],[71.511172,40.268993],[71.511429,40.268266],[71.510651,40.266684],[71.511405,40.265566],[71.512049,40.265577],[71.512613,40.26359],[71.511317,40.258914],[71.512128,40.257736],[71.510965,40.257216],[71.511804,40.256115],[71.511566,40.256045],[71.511559,40.253381],[71.511318,40.252966],[71.51149,40.252385],[71.512135,40.251929],[71.512922,40.250443],[71.512679,40.248464],[71.511488,40.244158],[71.517498,40.239064],[71.517581,40.238715],[71.514353,40.233755],[71.512936,40.23099],[71.515993,40.229343],[71.517235,40.228178],[71.51795,40.226911],[71.520451,40.226146],[71.520343,40.225914],[71.521225,40.225719],[71.521481,40.225825],[71.521655,40.226365],[71.522621,40.22626],[71.523676,40.226677],[71.523706,40.226908],[71.530815,40.226337],[71.539979,40.223393],[71.542614,40.222856],[71.547363,40.221107],[71.555824,40.218358],[71.564581,40.216768],[71.564492,40.216532],[71.564703,40.216461],[71.564417,40.215868],[71.568898,40.215239],[71.5694,40.216406],[71.57413,40.215693],[71.574377,40.216014],[71.574899,40.216112],[71.575254,40.216936],[71.576892,40.216691],[71.578227,40.216739],[71.578417,40.216355],[71.578224,40.214763],[71.580004,40.214235],[71.580257,40.215979],[71.579874,40.216831],[71.580269,40.218686],[71.583955,40.218746],[71.584233,40.218394],[71.585602,40.217996],[71.589536,40.217687],[71.590986,40.218096],[71.592573,40.21795],[71.593018,40.217385],[71.594108,40.212371],[71.595427,40.212264],[71.595555,40.2115],[71.596126,40.211515],[71.598063,40.210782],[71.603371,40.210209],[71.605787,40.209611],[71.606114,40.209675],[71.607652,40.209336],[71.609602,40.208492],[71.61279,40.207846],[71.612877,40.207708],[71.616257,40.207712],[71.618164,40.207309],[71.61919,40.207446],[71.620996,40.213312],[71.618833,40.21506],[71.617745,40.215436],[71.617653,40.216438],[71.617207,40.216566],[71.616714,40.216384],[71.615621,40.21646],[71.615336,40.218172],[71.619215,40.217769],[71.621722,40.216926],[71.624746,40.216213],[71.624597,40.215663],[71.626665,40.214861],[71.628692,40.217518],[71.628238,40.217727],[71.627297,40.218724],[71.626311,40.219291],[71.625957,40.219767],[71.626235,40.22003],[71.625533,40.220674],[71.625147,40.221418],[71.625293,40.222305],[71.624221,40.224283],[71.624672,40.226009],[71.624468,40.226423],[71.624034,40.230761],[71.622414,40.231923],[71.621435,40.236172],[71.619682,40.237739],[71.619585,40.238052],[71.620677,40.244057],[71.621333,40.245949],[71.621375,40.247055],[71.622333,40.248953],[71.62066,40.249121],[71.6201,40.249351],[71.618994,40.250257],[71.618662,40.250827],[71.618599,40.252191],[71.61824,40.252449],[71.618416,40.25299],[71.619149,40.25382],[71.61908,40.254438],[71.618323,40.255035],[71.618172,40.25565],[71.619905,40.255732],[71.620242,40.25734],[71.618918,40.257542],[71.618851,40.258798],[71.619987,40.264454],[71.619683,40.265261],[71.620075,40.267129],[71.623134,40.267511],[71.626501,40.267545],[71.629282,40.26785],[71.631178,40.265958],[71.631641,40.264876],[71.633865,40.264694],[71.634956,40.265007],[71.636708,40.26517],[71.640603,40.266584],[71.643739,40.267177],[71.643596,40.267971],[71.644257,40.268682],[71.644524,40.268727],[71.645192,40.269771],[71.649561,40.270477],[71.652835,40.271306],[71.658027,40.271026],[71.668061,40.270969],[71.673108,40.269652],[71.676357,40.265714],[71.680149,40.261084],[71.680005,40.2597],[71.680416,40.25935],[71.68059,40.258598],[71.681119,40.258027],[71.681322,40.257252],[71.681044,40.25671],[71.681529,40.255919],[71.685607,40.252001],[71.687377,40.250651],[71.688791,40.250174],[71.689979,40.249083],[71.690617,40.248799],[71.694234,40.248296],[71.696901,40.246026],[71.698155,40.244555],[71.698708,40.244275],[71.700044,40.240562],[71.699801,40.240108],[71.70076,40.237321],[71.700818,40.235768],[71.700084,40.23336],[71.699608,40.232512],[71.698283,40.23166],[71.697919,40.230945],[71.696662,40.229523],[71.695867,40.228046],[71.69506,40.227457],[71.69498,40.226925],[71.694688,40.226754],[71.6942,40.224745],[71.695506,40.223881],[71.69725,40.221197],[71.697683,40.220859],[71.698298,40.217974],[71.698023,40.217031],[71.698899,40.215975],[71.699005,40.214955],[71.699665,40.214322],[71.700244,40.213168],[71.701601,40.211482],[71.702525,40.209672],[71.704015,40.208142],[71.70394,40.207154],[71.704317,40.2064],[71.704318,40.205482],[71.704998,40.204212],[71.705763,40.203769],[71.706558,40.202748],[71.70616,40.201383],[71.701638,40.203706],[71.699791,40.207586],[71.698621,40.20722],[71.697794,40.206564],[71.697937,40.20634],[71.697394,40.206133],[71.692787,40.20518],[71.693396,40.202795],[71.69411,40.201622],[71.694562,40.199655],[71.694762,40.199285],[71.695123,40.199149],[71.695603,40.197974],[71.695123,40.197102],[71.696725,40.195768],[71.69696,40.195182],[71.6979,40.194269],[71.702588,40.191498],[71.702385,40.191188],[71.701216,40.19153],[71.700211,40.191357],[71.695331,40.193646],[71.691231,40.194538],[71.690383,40.194574],[71.690254,40.194887],[71.689498,40.194834],[71.688288,40.195116],[71.687515,40.195805],[71.687118,40.195796],[71.68656,40.195357],[71.684503,40.195898],[71.6834,40.1955],[71.681889,40.196476],[71.68052,40.196804],[71.679836,40.196672],[71.679073,40.196835],[71.677678,40.196617],[71.677108,40.195912],[71.683471,40.194171],[71.68316,40.191853],[71.681367,40.188957],[71.682483,40.189045],[71.682732,40.188861],[71.684524,40.189198],[71.68497,40.189124],[71.685488,40.186928],[71.686416,40.18679],[71.687242,40.186987],[71.68794,40.186841],[71.689306,40.187338],[71.689924,40.186706],[71.691882,40.185572],[71.692641,40.183952],[71.697203,40.181446],[71.699469,40.179004],[71.700475,40.179052],[71.70161,40.178075],[71.702552,40.178268],[71.704596,40.177954],[71.705704,40.178028],[71.707005,40.177673],[71.707804,40.177747],[71.708291,40.177358],[71.709053,40.177506],[71.711452,40.177493],[71.715304,40.177287],[71.721722,40.171396],[71.723371,40.16753],[71.723721,40.165987],[71.723691,40.163597],[71.723185,40.155726],[71.722664,40.154566],[71.721819,40.153708],[71.723026,40.152385],[71.723623,40.151168],[71.723865,40.151082],[71.723764,40.150019],[71.725199,40.149774],[71.725397,40.149575],[71.726427,40.149565],[71.726351,40.149953],[71.728094,40.149137],[71.730718,40.148572],[71.735358,40.148701],[71.735283,40.150341],[71.734692,40.153154],[71.732129,40.153994],[71.733135,40.155817],[71.733768,40.157531],[71.734765,40.160641],[71.734722,40.162202],[71.735055,40.162565],[71.7398,40.164502],[71.749318,40.169482],[71.751162,40.171844],[71.753546,40.175699],[71.754761,40.176111],[71.75666,40.176119],[71.757739,40.177049],[71.760286,40.176416],[71.760625,40.17734],[71.762418,40.17744],[71.763344,40.177799],[71.764228,40.177909],[71.765469,40.177795],[71.768644,40.178906],[71.767727,40.180609],[71.768044,40.181105],[71.767813,40.181521],[71.768408,40.181787],[71.768357,40.183285],[71.768867,40.183548],[71.768612,40.184629],[71.770313,40.185634],[71.772225,40.186197],[71.777519,40.186256],[71.778483,40.190191],[71.778424,40.193489],[71.78036,40.194118],[71.780867,40.193227],[71.782112,40.192869],[71.798289,40.196982],[71.797607,40.192987],[71.798468,40.19084],[71.801507,40.192733],[71.803427,40.193459],[71.804768,40.194348],[71.805739,40.19561],[71.808052,40.196704],[71.813497,40.204987],[71.814876,40.204455],[71.815748,40.204401],[71.823155,40.204929],[71.823989,40.204618],[71.826894,40.205062],[71.828911,40.204844],[71.830646,40.205199],[71.831886,40.205945],[71.83258,40.207025],[71.836503,40.210549],[71.831283,40.218443],[71.830072,40.228075],[71.828575,40.241103],[71.83068,40.242489],[71.831505,40.243247],[71.831312,40.245808],[71.838252,40.247942],[71.83854,40.248202],[71.839187,40.252195],[71.840013,40.253153],[71.841153,40.253799],[71.842228,40.254131],[71.843036,40.253055],[71.846311,40.253532],[71.85092,40.254478],[71.854493,40.255549],[71.857185,40.256536],[71.858171,40.257098],[71.859597,40.257447],[71.860308,40.257272],[71.865431,40.257737],[71.867251,40.258509],[71.870159,40.259127],[71.87073,40.25942],[71.871767,40.26093],[71.873752,40.262039],[71.876437,40.262194],[71.878164,40.262773],[71.879449,40.261842],[71.882065,40.262377],[71.884632,40.262582],[71.885263,40.26221],[71.885934,40.261425],[71.886452,40.260043],[71.887658,40.260222],[71.888213,40.260074],[71.888697,40.260171],[71.889351,40.259912],[71.890033,40.260032],[71.889992,40.260522],[71.890646,40.260545],[71.890789,40.260394],[71.891376,40.260555],[71.892318,40.260256],[71.892799,40.259332],[71.893368,40.259275],[71.894814,40.259737],[71.896742,40.258401],[71.897049,40.258673],[71.897849,40.25818],[71.898264,40.25827],[71.89869,40.258644],[71.899357,40.258701],[71.900593,40.257324],[71.902201,40.25735],[71.903982,40.257057],[71.905606,40.257711],[71.907403,40.257711],[71.91195,40.257321],[71.915709,40.256482],[71.916578,40.255323],[71.917711,40.254739],[71.920647,40.254684],[71.921415,40.254812],[71.922145,40.254291],[71.922676,40.253473],[71.924025,40.253395],[71.926083,40.252624],[71.926865,40.251467],[71.92714,40.248984],[71.927023,40.241949],[71.928068,40.242606],[71.93026,40.242452],[71.931485,40.242189],[71.933331,40.241346],[71.934191,40.240654],[71.93703,40.239573],[71.937577,40.238997],[71.937417,40.238313],[71.938329,40.238264],[71.939455,40.239169],[71.940886,40.237878],[71.941948,40.237708],[71.945392,40.2379],[71.946544,40.238118],[71.949348,40.239175],[71.951902,40.239879],[71.954106,40.240114],[71.954813,40.240339],[71.957657,40.240503],[71.959077,40.240298],[71.963109,40.24081],[71.964918,40.241834],[71.965807,40.243715],[71.966756,40.244698],[71.962342,40.245779],[71.959312,40.246262],[71.958922,40.245787],[71.957265,40.246238],[71.956196,40.24802],[71.951499,40.248694],[71.950786,40.248359],[71.93948,40.250168],[71.949248,40.256184],[71.952248,40.256077],[71.958815,40.256554],[71.971894,40.256361],[71.978526,40.256584],[71.979467,40.25847],[71.980936,40.2588],[71.982925,40.259746],[71.984983,40.261263],[71.986317,40.263762],[71.99003,40.268357],[71.992597,40.269709],[71.997331,40.272666],[72.00163,40.274285],[72.004361,40.275832],[72.007989,40.274749],[72.012384,40.272711],[72.017161,40.268731],[72.018769,40.268757],[72.020643,40.266436],[72.024367,40.264733],[72.024888,40.265448],[72.025454,40.266922],[72.024435,40.268507],[72.02919,40.270801],[72.030758,40.271293],[72.031961,40.27263],[72.034212,40.273559],[72.035238,40.274216],[72.039883,40.275082],[72.042917,40.275027],[72.043455,40.275936],[72.044788,40.275727],[72.046906,40.276121],[72.050207,40.277157],[72.051206,40.277773],[72.052099,40.278771],[72.052302,40.279553],[72.052178,40.282826],[72.052779,40.284608],[72.051306,40.286828],[72.04998,40.287483],[72.04422,40.288896],[72.038801,40.289814],[72.032841,40.292007],[72.032085,40.2919],[72.030951,40.291407],[72.029507,40.29147],[72.029216,40.292113],[72.027833,40.292783],[72.026464,40.292834],[72.024019,40.293249],[72.01946,40.293252],[72.014601,40.294139],[72.012694,40.295025],[72.011163,40.294868],[72.008615,40.295058],[72.004136,40.296976],[72.002324,40.298009],[71.998251,40.298515],[71.996544,40.298302],[71.994799,40.297489],[71.993993,40.297442],[71.990063,40.300919],[71.98862,40.300957],[71.98647,40.301738],[71.985005,40.302075],[71.98468,40.301837],[71.984065,40.302235],[71.983722,40.302201],[71.983992,40.302878],[71.983626,40.303226],[71.98369,40.303424],[71.982359,40.303767],[71.982872,40.304695],[71.97224,40.310687],[71.972237,40.312117],[71.96907,40.314592],[71.967125,40.315582],[71.966568,40.317012],[71.96509,40.31914],[71.96541,40.320443],[71.965338,40.32119],[71.967072,40.32185],[71.967154,40.322613],[71.968204,40.322908],[71.968384,40.32383],[71.974121,40.326315],[71.977984,40.328669],[71.981666,40.330224],[71.985328,40.332338],[71.987497,40.333255],[71.990405,40.335905],[71.995462,40.337675],[71.998425,40.337841],[71.998024,40.338936],[72.000747,40.340751],[71.999774,40.341651],[72.00228,40.343504],[72.008508,40.3475],[72.015235,40.351314],[72.019465,40.354324],[72.026455,40.360285],[72.032351,40.36276],[72.033491,40.363502],[72.034147,40.364399],[72.045489,40.369125],[72.048288,40.370808],[72.048454,40.371429],[72.047166,40.373752],[72.043848,40.378333],[72.047556,40.379957],[72.054468,40.380694],[72.055124,40.380976],[72.057061,40.385718],[72.061154,40.385799],[72.063298,40.390172],[72.066446,40.395404],[72.068036,40.395702],[72.076825,40.400741],[72.079594,40.401035],[72.08209,40.401078],[72.085113,40.402786],[72.089105,40.405082],[72.088289,40.406482],[72.087891,40.407655],[72.088712,40.408191],[72.092019,40.408568],[72.092965,40.410347],[72.092979,40.41127],[72.094386,40.410725],[72.095429,40.411063],[72.096515,40.410801],[72.098662,40.411762],[72.097547,40.413116],[72.100608,40.417056],[72.103575,40.418979],[72.107669,40.42099],[72.112666,40.426994],[72.113095,40.427903],[72.110964,40.429835],[72.109906,40.429049],[72.10942,40.428933],[72.108127,40.429151],[72.107437,40.429099],[72.105774,40.429698],[72.105062,40.429704],[72.104792,40.429458],[72.10342,40.429622],[72.102766,40.430472],[72.101717,40.43097],[72.100376,40.433787],[72.10112,40.434416],[72.101368,40.439323],[72.10291,40.440623],[72.103803,40.441938],[72.104548,40.442632],[72.106058,40.443444],[72.1096,40.447132],[72.113771,40.44984],[72.115852,40.45295],[72.117244,40.454446],[72.119486,40.455184],[72.121153,40.45674],[72.121363,40.457487],[72.122925,40.457104],[72.125245,40.457285],[72.125997,40.45716],[72.12618,40.457661],[72.130186,40.456794],[72.128103,40.459679],[72.129643,40.461067],[72.131231,40.462077],[72.132288,40.462478],[72.148133,40.473269],[72.159206,40.483172],[72.172102,40.485746],[72.172451,40.494594],[72.172985,40.495476],[72.173947,40.495859],[72.176191,40.495128],[72.176496,40.492481],[72.186279,40.496056],[72.186892,40.492367],[72.187507,40.485447],[72.188254,40.483946],[72.193111,40.481122],[72.198679,40.481253],[72.200345,40.48547],[72.200518,40.486931],[72.203308,40.48644],[72.214331,40.486415],[72.22269,40.485083],[72.217438,40.521961],[72.222959,40.527667],[72.234365,40.534321],[72.236702,40.536814],[72.234565,40.539035],[72.2357,40.544088],[72.234601,40.5451],[72.231898,40.546739],[72.231071,40.546207],[72.230148,40.54659],[72.227702,40.543512],[72.226838,40.544058],[72.22709,40.548081],[72.227931,40.550858],[72.227191,40.550816],[72.225504,40.548695],[72.224331,40.548528],[72.22444,40.551153],[72.223702,40.555015],[72.219217,40.557712],[72.215267,40.558694],[72.211868,40.556725],[72.207674,40.557805],[72.201252,40.567954],[72.18154,40.564224],[72.181047,40.565629],[72.176383,40.567704],[72.174492,40.567848],[72.173839,40.568051],[72.172999,40.567782],[72.171867,40.567727],[72.170735,40.568148],[72.169883,40.567506],[72.167649,40.566829],[72.166054,40.565507],[72.16498,40.565383],[72.164588,40.564864],[72.16373,40.564635],[72.161883,40.563521],[72.161403,40.562971],[72.159648,40.563595],[72.158896,40.563987],[72.156798,40.566143],[72.152576,40.571649],[72.138858,40.582311],[72.132797,40.586777],[72.125011,40.587219],[72.108464,40.595869],[72.104151,40.597434],[72.09998,40.603816],[72.098379,40.603788],[72.098379,40.606076],[72.096748,40.608137],[72.096094,40.612713],[72.093747,40.613674],[72.091684,40.615907],[72.091808,40.618591],[72.087704,40.617707],[72.08043,40.617369],[72.07105,40.616123],[72.065356,40.613859],[72.064814,40.613818],[72.064696,40.613639],[72.064535,40.613749],[72.064347,40.613484],[72.063065,40.613362],[72.061697,40.612625],[72.061574,40.612816],[72.060753,40.612112],[72.06056,40.612116],[72.060737,40.612372],[72.060345,40.61245],[72.059758,40.611666],[72.05916,40.611979],[72.058892,40.611656],[72.059289,40.611552],[72.058811,40.611434],[72.058315,40.61154],[72.058162,40.611369],[72.056982,40.611593],[72.055424,40.611609],[72.054648,40.611855],[72.053857,40.611792],[72.053195,40.612047],[72.053109,40.611912],[72.052186,40.612059],[72.051886,40.611908],[72.051816,40.61214],[72.049413,40.612124],[72.049171,40.612295],[72.048871,40.612144],[72.048672,40.612299],[72.047621,40.612291],[72.047573,40.612413],[72.046661,40.612405],[72.045346,40.612686],[72.042203,40.612772],[72.041967,40.612934],[72.041854,40.612715],[72.041645,40.61289],[72.040653,40.612853],[72.040234,40.613061],[72.040127,40.612906],[72.039859,40.61304],[72.039236,40.612955],[72.039124,40.613105],[72.037193,40.613032],[72.036785,40.613268],[72.036114,40.61311],[72.029999,40.613562],[72.029017,40.61315],[72.028905,40.613504],[72.028314,40.613842],[72.027676,40.613704],[72.026367,40.613883],[72.025101,40.613814],[72.023787,40.614091],[72.021239,40.614128],[72.015147,40.614655],[72.014662,40.614541],[72.013101,40.614714],[72.011331,40.614311],[72.01094,40.614531],[72.010409,40.614764],[72.009417,40.613463],[72.007448,40.611996],[71.99634,40.606035],[71.9904,40.613986],[71.988042,40.61343],[71.987195,40.614976],[71.983739,40.61442],[71.981895,40.614501],[71.981594,40.61535],[71.980812,40.616201],[71.97975,40.619067],[71.979203,40.619425],[71.978838,40.619425],[71.978366,40.619735],[71.977841,40.61967],[71.977176,40.620191],[71.976103,40.620419],[71.974794,40.621087],[71.973903,40.621225],[71.97327,40.621648],[71.971629,40.622186],[71.970491,40.622267],[71.966758,40.621795],[71.962756,40.621697],[71.962026,40.621885],[71.961694,40.621746],[71.961082,40.621917],[71.960256,40.621803],[71.953974,40.622096],[71.952708,40.621946],[71.949259,40.622166],[71.948245,40.622027],[71.933772,40.622878],[71.933337,40.622736],[71.931368,40.622804],[71.928949,40.624425],[71.904746,40.625288],[71.888223,40.631672],[71.882769,40.634646],[71.867451,40.639621],[71.858699,40.645392],[71.841264,40.647887],[71.840909,40.648903],[71.838488,40.64981],[71.83342,40.654369],[71.83049,40.656463],[71.830039,40.659622],[71.830539,40.661471],[71.829795,40.663032],[71.828399,40.663615],[71.829068,40.665229],[71.828061,40.666427],[71.827855,40.667503],[71.826985,40.668927],[71.826458,40.671982],[71.82584,40.673579],[71.819912,40.6766],[71.81392,40.680327],[71.809921,40.683548],[71.798593,40.687344],[71.770931,40.697159],[71.757222,40.704708],[71.748003,40.711515],[71.746332,40.712459],[71.744017,40.71239],[71.74158,40.711691],[71.737666,40.710443],[71.734647,40.708833],[71.728213,40.708237],[71.721873,40.709295],[71.708304,40.714374],[71.681215,40.71857],[71.681923,40.722509],[71.681836,40.723015],[71.681356,40.723621],[71.677489,40.724921],[71.676716,40.725578],[71.665075,40.736162],[71.663122,40.738533],[71.66114,40.74164],[71.654451,40.747118],[71.653321,40.746153],[71.646829,40.742335],[71.645663,40.740834],[71.645149,40.738329],[71.644474,40.737193],[71.635305,40.732633],[71.629216,40.722392],[71.628395,40.716749],[71.629437,40.71364],[71.632051,40.712228],[71.633994,40.708335],[71.631655,40.700565],[71.630579,40.69825],[71.630293,40.695377],[71.62424,40.690718],[71.623055,40.690111],[71.630791,40.675371],[71.634555,40.669794],[71.637546,40.665912],[71.626056,40.66326],[71.624525,40.662507],[71.586923,40.629089],[71.584532,40.636243],[71.57937,40.653681],[71.543422,40.704855],[71.537144,40.712971],[71.525112,40.717936],[71.495283,40.734975]]],[[[71.07625,39.917868],[71.072173,39.91775],[71.064836,39.916856],[71.057469,39.908985],[71.05652,39.907001],[71.056008,39.906502],[71.059192,39.904527],[71.057106,39.902168],[71.058429,39.900663],[71.056012,39.899394],[71.05456,39.897219],[71.054801,39.896471],[71.05575,39.896441],[71.058304,39.898181],[71.060429,39.897802],[71.060772,39.897967],[71.06145,39.89768],[71.063519,39.897426],[71.066783,39.895298],[71.069916,39.895763],[71.068876,39.899065],[71.070422,39.899672],[71.073607,39.900009],[71.078502,39.899391],[71.084329,39.899362],[71.092071,39.899799],[71.095631,39.892164],[71.097407,39.886201],[71.097711,39.885784],[71.099411,39.888481],[71.098619,39.888841],[71.098412,39.889267],[71.099218,39.890558],[71.098512,39.891611],[71.099066,39.892189],[71.098896,39.893003],[71.09809,39.893803],[71.096669,39.89393],[71.096061,39.894429],[71.095815,39.895142],[71.096367,39.89635],[71.0963,39.896948],[71.094804,39.898034],[71.096146,39.901385],[71.096779,39.90206],[71.097693,39.902245],[71.09789,39.902733],[71.097286,39.905586],[71.097538,39.910138],[71.097767,39.911012],[71.098098,39.911112],[71.098902,39.91192],[71.099086,39.912466],[71.098892,39.913269],[71.098343,39.913782],[71.10014,39.914475],[71.101226,39.914652],[71.101758,39.913238],[71.103687,39.912531],[71.103674,39.910451],[71.103244,39.908028],[71.10403,39.907804],[71.103877,39.907356],[71.107842,39.906012],[71.108185,39.907912],[71.108578,39.908817],[71.108398,39.910685],[71.107845,39.911978],[71.106561,39.912383],[71.104906,39.913564],[71.104912,39.914469],[71.104325,39.915601],[71.105472,39.915682],[71.107255,39.914971],[71.109505,39.917423],[71.111648,39.918527],[71.112095,39.919955],[71.113597,39.92066],[71.115559,39.920712],[71.117324,39.921861],[71.118688,39.922179],[71.118925,39.92251],[71.120025,39.922691],[71.121755,39.921153],[71.122536,39.921343],[71.123156,39.920494],[71.123469,39.920455],[71.123634,39.919328],[71.125284,39.919068],[71.126653,39.916644],[71.126583,39.915519],[71.127663,39.914933],[71.128155,39.913761],[71.12907,39.912613],[71.131472,39.910371],[71.13355,39.910206],[71.135037,39.908068],[71.134114,39.905432],[71.133535,39.904763],[71.133299,39.903232],[71.131582,39.900353],[71.144822,39.899646],[71.201534,39.902955],[71.201277,39.90442],[71.198827,39.906593],[71.194198,39.90823],[71.196518,39.91128],[71.198509,39.913065],[71.203551,39.912762],[71.205432,39.913054],[71.205872,39.914051],[71.212929,39.914427],[71.215665,39.912929],[71.216773,39.913799],[71.217266,39.914589],[71.217992,39.915225],[71.214832,39.918959],[71.214737,39.920903],[71.213274,39.922344],[71.215075,39.921871],[71.217299,39.922189],[71.218515,39.922648],[71.217609,39.923991],[71.217794,39.924301],[71.218951,39.924286],[71.220714,39.923599],[71.221945,39.923323],[71.223146,39.923587],[71.224162,39.923364],[71.225611,39.923414],[71.225942,39.923488],[71.226355,39.925065],[71.225688,39.926828],[71.224988,39.9274],[71.224925,39.928289],[71.22556,39.929306],[71.225179,39.930514],[71.224289,39.931594],[71.22128,39.933598],[71.21423,39.936857],[71.212451,39.938268],[71.209316,39.938982],[71.207379,39.93918],[71.207392,39.939915],[71.207097,39.940381],[71.207221,39.940832],[71.206279,39.944423],[71.206287,39.945684],[71.20592,39.945862],[71.205937,39.946542],[71.205593,39.947229],[71.210755,39.949245],[71.215314,39.950324],[71.215071,39.951579],[71.21458,39.952187],[71.212422,39.952368],[71.209178,39.953442],[71.207925,39.953301],[71.206659,39.953528],[71.20438,39.952962],[71.203373,39.952075],[71.19862,39.952757],[71.197086,39.952419],[71.196219,39.952652],[71.195034,39.952211],[71.191828,39.952234],[71.189067,39.951013],[71.182543,39.953257],[71.185096,39.955577],[71.178626,39.9561],[71.174855,39.956192],[71.171744,39.956109],[71.165689,39.955592],[71.164151,39.969841],[71.165002,39.970801],[71.16548,39.971998],[71.164798,39.974315],[71.16462,39.976354],[71.164956,39.978442],[71.166758,39.981889],[71.167623,39.983008],[71.168212,39.984689],[71.168312,39.986207],[71.167571,39.987335],[71.165034,39.988928],[71.162906,39.990924],[71.16112,39.991724],[71.157269,39.994335],[71.151233,39.996591],[71.150151,39.997437],[71.148684,39.998038],[71.147422,39.999085],[71.144843,40.000665],[71.144962,40.001059],[71.146459,40.000857],[71.148464,39.99985],[71.152268,39.999185],[71.155092,39.999004],[71.157954,39.999393],[71.159145,39.999041],[71.165094,39.99837],[71.167097,39.997954],[71.170726,39.998293],[71.173493,39.999814],[71.177254,40.000183],[71.181839,40.000316],[71.184809,40.001017],[71.186053,40.001506],[71.185918,40.002833],[71.183737,40.003189],[71.183889,40.00368],[71.183455,40.00407],[71.183751,40.004235],[71.182985,40.004787],[71.184649,40.005465],[71.185975,40.006489],[71.186956,40.007882],[71.187007,40.010628],[71.196233,40.016408],[71.197651,40.021848],[71.200012,40.023688],[71.201163,40.026788],[71.202292,40.028174],[71.204016,40.02922],[71.206712,40.037437],[71.201335,40.036796],[71.193842,40.034545],[71.186856,40.032734],[71.182176,40.027955],[71.176867,40.027298],[71.166819,40.028307],[71.157678,40.025785],[71.152314,40.025525],[71.149714,40.026725],[71.144426,40.027088],[71.141074,40.026131],[71.134491,40.018082],[71.125246,40.015832],[71.123741,40.016457],[71.12171,40.016284],[71.120392,40.017354],[71.118441,40.018513],[71.116943,40.02001],[71.117332,40.022309],[71.117882,40.023028],[71.119138,40.023454],[71.119482,40.024024],[71.11839,40.025271],[71.119015,40.026666],[71.119135,40.028503],[71.118053,40.029212],[71.117693,40.03007],[71.119014,40.032317],[71.118919,40.035],[71.11611,40.041496],[71.113001,40.041622],[71.111827,40.043644],[71.110001,40.045275],[71.105957,40.049776],[71.104522,40.052255],[71.103934,40.054081],[71.10276,40.056168],[71.102369,40.058256],[71.102695,40.062104],[71.102173,40.064093],[71.101782,40.06455],[71.10196,40.06605],[71.101782,40.066898],[71.102612,40.069018],[71.101939,40.070574],[71.102097,40.074314],[71.1024,40.075182],[71.100182,40.07773],[71.100211,40.078515],[71.101541,40.078925],[71.101376,40.079644],[71.0958,40.08119],[71.095231,40.085027],[71.094315,40.086615],[71.089624,40.087271],[71.090292,40.096147],[71.089709,40.097549],[71.090932,40.104709],[71.090206,40.111442],[71.083644,40.119893],[71.08207,40.122943],[71.08263,40.125784],[71.081621,40.127793],[71.081289,40.129669],[71.079328,40.135765],[71.078401,40.13737],[71.077603,40.141806],[71.077463,40.144337],[71.075842,40.150384],[71.073601,40.153918],[71.071503,40.156123],[71.07014,40.158705],[71.067398,40.161484],[71.06534,40.165542],[71.063183,40.168046],[71.060077,40.170095],[71.059823,40.171298],[71.057599,40.173805],[71.054353,40.176717],[71.050383,40.179245],[71.048113,40.181664],[71.047736,40.181476],[71.047103,40.182259],[71.04669,40.183046],[71.046599,40.18405],[71.046396,40.18419],[71.04411,40.183279],[71.043918,40.182902],[71.044699,40.181597],[71.042919,40.181004],[71.043836,40.179297],[71.043611,40.178384],[71.04517,40.177321],[71.045336,40.176925],[71.04398,40.175334],[71.042542,40.174925],[71.041891,40.174987],[71.041261,40.176167],[71.039944,40.17679],[71.03729,40.178845],[71.029043,40.178067],[71.025299,40.178385],[71.020097,40.179334],[71.011118,40.182287],[71.00686,40.183136],[71.003264,40.184136],[71.000351,40.184419],[70.998506,40.183154],[70.998472,40.18176],[70.999927,40.178845],[71.001645,40.176082],[71.005017,40.173517],[71.006368,40.169575],[71.008534,40.165136],[71.010797,40.157136],[71.0141,40.143618],[71.019208,40.120154],[71.014614,40.093061],[71.004962,40.081814],[71.00543,40.077336],[71.00842,40.055096],[71.010087,40.04968],[71.01358,40.042727],[71.03372,40.030055],[71.046831,40.022837],[71.065787,40.024891],[71.069593,40.024784],[71.082446,40.023423],[71.08705,40.022662],[71.093276,40.019609],[71.100355,40.019969],[71.103912,40.019461],[71.106968,40.021441],[71.109935,40.021957],[71.109853,40.020303],[71.108234,40.01823],[71.109955,40.018082],[71.110696,40.014669],[71.114521,40.005703],[71.114368,40.00203],[71.113546,39.999207],[71.115019,39.997341],[71.115131,39.995303],[71.11486,39.99344],[71.114084,39.993465],[71.113032,39.992993],[71.111758,39.99278],[71.111574,39.992356],[71.109452,39.991764],[71.106767,39.990617],[71.104085,39.993873],[71.102586,39.99749],[71.102364,39.998821],[71.100294,39.998316],[71.098577,39.998366],[71.096204,39.996987],[71.093345,39.995652],[71.092709,39.993174],[71.092137,39.992348],[71.090275,39.991033],[71.089941,39.990353],[71.091969,39.986704],[71.094578,39.984516],[71.098518,39.982162],[71.100334,39.981434],[71.098731,39.977449],[71.099219,39.975547],[71.098473,39.974268],[71.09821,39.972734],[71.101485,39.970103],[71.102848,39.969339],[71.104185,39.969451],[71.104833,39.968419],[71.106115,39.968545],[71.107534,39.967805],[71.108014,39.966956],[71.109915,39.96731],[71.113,39.969304],[71.115273,39.970001],[71.118161,39.968231],[71.118125,39.967634],[71.117488,39.967789],[71.11732,39.967321],[71.117896,39.967008],[71.117987,39.966761],[71.117395,39.963874],[71.117791,39.96348],[71.118762,39.963091],[71.119165,39.962148],[71.118372,39.960928],[71.119221,39.960204],[71.120136,39.959898],[71.120067,39.959524],[71.115428,39.959016],[71.111234,39.957745],[71.104625,39.953423],[71.103925,39.953169],[71.102718,39.953296],[71.101292,39.950798],[71.096236,39.951167],[71.095283,39.950723],[71.09227,39.949959],[71.09057,39.949198],[71.090135,39.947291],[71.088801,39.946755],[71.08683,39.944939],[71.085331,39.943053],[71.083581,39.938542],[71.08176,39.936078],[71.079746,39.935322],[71.081046,39.932085],[71.079475,39.93056],[71.078703,39.929184],[71.078718,39.927472],[71.080715,39.925296],[71.079172,39.923348],[71.079045,39.920919],[71.07826,39.919844],[71.07625,39.917868]]],[[[71.818539,39.999629],[71.81759,40.000905],[71.815747,40.00227],[71.814672,40.00285],[71.812215,40.003601],[71.808017,40.003874],[71.804742,40.005002],[71.801684,40.005437],[71.799925,40.00621],[71.796504,40.007185],[71.796192,40.007188],[71.7959,40.006501],[71.795082,40.007422],[71.793949,40.00784],[71.792855,40.008015],[71.790711,40.010902],[71.789691,40.010346],[71.791114,40.009227],[71.793431,40.006819],[71.793556,40.0061],[71.79495,40.004735],[71.794976,40.003743],[71.79605,40.00249],[71.796014,40.00178],[71.794564,40.000918],[71.793475,39.999283],[71.792096,39.998629],[71.790506,39.996626],[71.789357,39.996179],[71.788641,39.995221],[71.787015,39.994445],[71.784261,39.993589],[71.778449,39.992268],[71.775268,39.990735],[71.773189,39.987967],[71.774117,39.987191],[71.77449,39.985748],[71.774509,39.984199],[71.774232,39.983714],[71.772361,39.9826],[71.771418,39.982376],[71.77034,39.982577],[71.769018,39.981881],[71.767208,39.981603],[71.765816,39.981046],[71.764215,39.979166],[71.763728,39.977914],[71.762962,39.977357],[71.758717,39.976522],[71.754263,39.976522],[71.750495,39.977672],[71.741787,39.977584],[71.738723,39.977004],[71.736284,39.97535],[71.729444,39.976317],[71.72564,39.976029],[71.718844,39.97772],[71.715765,39.976928],[71.712475,39.97714],[71.708928,39.976056],[71.710294,39.972922],[71.710162,39.971376],[71.711175,39.969763],[71.711768,39.967866],[71.714499,39.966072],[71.714996,39.964499],[71.715327,39.961766],[71.716321,39.960192],[71.716818,39.95895],[71.71657,39.955969],[71.717056,39.953727],[71.716834,39.952191],[71.718682,39.952242],[71.719344,39.95249],[71.71951,39.953815],[71.720169,39.955023],[71.722628,39.955935],[71.723627,39.9557],[71.725579,39.954182],[71.726894,39.953541],[71.727774,39.952615],[71.726919,39.948659],[71.727014,39.945698],[71.728031,39.94375],[71.729925,39.944248],[71.734664,39.944807],[71.745265,39.944167],[71.744603,39.942594],[71.744271,39.94102],[71.743278,39.939695],[71.742532,39.938039],[71.742532,39.936797],[71.743443,39.934726],[71.744437,39.934312],[71.7451,39.933733],[71.746259,39.933815],[71.747253,39.934312],[71.74946,39.934865],[71.750643,39.935005],[71.752383,39.934726],[71.753914,39.934865],[71.755167,39.936397],[71.772428,39.948786],[71.775255,39.950336],[71.775908,39.952474],[71.777022,39.954771],[71.777579,39.958251],[71.777648,39.96194],[71.778483,39.962984],[71.781685,39.965072],[71.783634,39.965908],[71.787183,39.966603],[71.788715,39.966673],[71.79049,39.966256],[71.792717,39.964376],[71.793761,39.963123],[71.79557,39.960061],[71.797658,39.95853],[71.799051,39.958321],[71.800303,39.957834],[71.802461,39.957347],[71.809491,39.956651],[71.81144,39.956303],[71.816311,39.956094],[71.820557,39.956163],[71.822576,39.956372],[71.826543,39.956303],[71.83065,39.95505],[71.83225,39.954145],[71.838688,39.949342],[71.839741,39.947706],[71.842385,39.946655],[71.84544,39.946419],[71.847249,39.950108],[71.847806,39.953171],[71.847945,39.960687],[71.848432,39.961731],[71.854975,39.969318],[71.855184,39.971963],[71.856089,39.976487],[71.856645,39.97767],[71.857898,39.981985],[71.858872,39.984213],[71.858455,39.984909],[71.857689,39.985048],[71.851843,39.985048],[71.849616,39.984839],[71.84718,39.984978],[71.844605,39.985465],[71.837157,39.985605],[71.832494,39.985953],[71.829118,39.98557],[71.827518,39.985987],[71.822715,39.987727],[71.819931,39.989259],[71.819722,39.99079],[71.820418,39.993504],[71.818539,39.999629]]]]}},{"type":"Feature","properties":{"name":"Qoraqalpog'iston"},"geometry":{"type":"Polygon","coordinates":[[[59.752569,42.293168],[59.812059,42.272927],[59.839182,42.276928],[59.844546,42.276896],[59.84652,42.286009],[59.852571,42.293628],[59.872742,42.299024],[59.890766,42.302389],[59.8936,42.297655],[59.894096,42.290737],[59.893915,42.284166],[59.897338,42.283548],[59.897837,42.281995],[59.901964,42.279789],[59.907662,42.277648],[59.915249,42.279047],[59.921529,42.278578],[59.926714,42.277525],[59.928858,42.275484],[59.929983,42.2755],[59.930789,42.275127],[59.931664,42.274292],[59.928688,42.267484],[59.941008,42.262399],[59.941942,42.258087],[59.940281,42.249502],[59.940751,42.247373],[59.954865,42.231505],[59.956572,42.231574],[59.963207,42.232458],[59.969001,42.232299],[59.972356,42.232994],[59.986299,42.225741],[59.985257,42.217996],[59.992486,42.209998],[59.994179,42.210067],[59.997929,42.21503],[59.997856,42.216822],[60.002843,42.216235],[60.012781,42.212923],[60.012452,42.209002],[60.010276,42.194607],[60.020396,42.187379],[60.019177,42.184867],[60.021255,42.178754],[60.015266,42.164915],[60.007298,42.166782],[60.001174,42.17022],[59.99448,42.172625],[59.977736,42.176819],[59.967144,42.179192],[59.971659,42.15754],[59.965097,42.156987],[59.963636,42.152654],[59.963225,42.152154],[59.950417,42.144425],[59.949869,42.14394],[59.950202,42.143164],[59.959066,42.135138],[59.969623,42.12922],[59.976507,42.124779],[59.984658,42.121573],[59.993417,42.119255],[60.005726,42.11563],[60.008032,42.118599],[60.013665,42.118734],[60.019534,42.117691],[60.020401,42.11791],[60.023443,42.114634],[60.03057,42.1016],[60.037033,42.098821],[60.040788,42.097826],[60.045755,42.093159],[60.047235,42.090946],[60.048295,42.090152],[60.048323,42.087822],[60.0469,42.083397],[60.04318,42.082108],[60.039535,42.081097],[60.036768,42.079764],[60.034983,42.076374],[60.035026,42.075243],[60.036611,42.074987],[60.040691,42.073539],[60.041635,42.072854],[60.041994,42.069647],[60.039666,42.0656],[60.038317,42.063866],[60.036828,42.060325],[60.036228,42.059999],[60.034833,42.057147],[60.034404,42.05377],[60.034511,42.049978],[60.034361,42.049452],[60.035836,42.048268],[60.035989,42.047179],[60.034515,42.041345],[60.032773,42.039859],[60.033138,42.037676],[60.036668,42.033741],[60.037129,42.034122],[60.037429,42.033899],[60.03685,42.033277],[60.036271,42.031205],[60.040884,42.026694],[60.038442,42.023446],[60.03876,42.023283],[60.035252,42.018738],[60.032715,42.019901],[60.032194,42.017943],[60.025576,42.005515],[60.024852,42.00266],[60.024287,42.002573],[60.022731,42.001736],[60.021261,41.999855],[60.021486,41.994871],[60.014899,41.99334],[60.010607,41.991172],[60.006638,41.992368],[60.003419,41.994808],[59.999556,41.995733],[59.992068,42.000437],[59.984849,42.006326],[59.977947,42.01151],[59.966941,42.012379],[59.950504,42.019745],[59.94617,42.016174],[59.941471,42.013113],[59.940977,42.012858],[59.939454,42.012571],[59.937909,42.011694],[59.929154,42.012826],[59.927824,42.012252],[59.921644,42.006879],[59.919956,42.004986],[59.916472,41.991714],[59.932735,41.978358],[59.933553,41.976019],[59.934797,41.970658],[59.937823,41.97026],[59.937939,41.96925],[59.938029,41.968466],[59.936628,41.961735],[59.954066,41.950714],[59.955225,41.950187],[59.959946,41.945639],[59.963379,41.944186],[59.969752,41.940516],[59.97164,41.940132],[59.974773,41.941106],[59.974923,41.941441],[59.97988,41.942223],[59.983914,41.943723],[59.983421,41.947976],[59.982939,41.948323],[59.986219,41.951232],[59.987857,41.95128],[59.988448,41.95147],[59.988889,41.951906],[59.990775,41.955185],[59.992441,41.956163],[59.994297,41.956816],[59.997135,41.957325],[60.006835,41.960446],[60.008504,41.96082],[60.009936,41.961361],[60.012188,41.96267],[60.013858,41.963229],[60.015939,41.963261],[60.017332,41.96305],[60.019314,41.962411],[60.021561,41.962023],[60.023502,41.961431],[60.024707,41.960813],[60.026258,41.959681],[60.027038,41.958842],[60.026595,41.958442],[60.026369,41.956964],[60.02647,41.954943],[60.026123,41.953897],[60.02646,41.953314],[60.027146,41.952983],[60.027396,41.952312],[60.028185,41.951675],[60.028473,41.950496],[60.029786,41.948475],[60.029683,41.945935],[60.029173,41.941558],[60.027814,41.939307],[60.026465,41.937619],[60.025516,41.935646],[60.025493,41.932641],[60.027522,41.927598],[60.030028,41.924302],[60.033273,41.921154],[60.035817,41.91985],[60.041582,41.915648],[60.045158,41.913878],[60.047731,41.913117],[60.049241,41.912284],[60.050342,41.911958],[60.053152,41.910402],[60.057713,41.908839],[60.065703,41.907841],[60.067794,41.907341],[60.075117,41.907506],[60.078696,41.906982],[60.089639,41.904601],[60.091972,41.905537],[60.093196,41.911373],[60.096771,41.911885],[60.099235,41.911566],[60.100031,41.910962],[60.100655,41.909863],[60.101134,41.909563],[60.102551,41.909293],[60.1051,41.909154],[60.106709,41.908635],[60.107383,41.908117],[60.10767,41.906877],[60.108032,41.906591],[60.109465,41.906314],[60.112448,41.906523],[60.114312,41.906264],[60.115825,41.905564],[60.116968,41.904501],[60.117566,41.903357],[60.118766,41.902485],[60.120042,41.902035],[60.123183,41.901871],[60.12457,41.901458],[60.125183,41.901095],[60.125685,41.899835],[60.128379,41.899006],[60.131185,41.897673],[60.132511,41.895979],[60.13315,41.894484],[60.132831,41.890843],[60.133678,41.885158],[60.132527,41.880581],[60.133171,41.879368],[60.13482,41.87782],[60.135507,41.876658],[60.140472,41.874016],[60.142058,41.872917],[60.145422,41.869751],[60.146024,41.868881],[60.148407,41.866976],[60.151133,41.865442],[60.155418,41.864102],[60.156433,41.863601],[60.157996,41.862384],[60.17684,41.874961],[60.180555,41.876834],[60.169201,41.89033],[60.154009,41.902788],[60.151005,41.909112],[60.145311,41.91446],[60.144826,41.921001],[60.144095,41.925334],[60.142894,41.928527],[60.143065,41.93006],[60.147915,41.940851],[60.151246,41.946273],[60.157296,41.954173],[60.164823,41.954512],[60.17179,41.953606],[60.174828,41.950922],[60.180805,41.948488],[60.186574,41.946465],[60.190245,41.942756],[60.193877,41.934777],[60.20649,41.931234],[60.21409,41.930904],[60.223427,41.933972],[60.226785,41.935939],[60.228111,41.938372],[60.228902,41.943953],[60.237811,41.957133],[60.24492,41.953649],[60.254983,41.958495],[60.256534,41.962745],[60.258577,41.962677],[60.258486,41.960224],[60.25927,41.959259],[60.260113,41.959933],[60.260482,41.964309],[60.25913,41.966207],[60.25722,41.966064],[60.260294,41.969748],[60.257986,41.97641],[60.259194,41.978124],[60.266919,41.977359],[60.288291,41.978124],[60.293457,41.979098],[60.294269,41.984229],[60.30867,41.996576],[60.331238,41.979045],[60.337365,41.978013],[60.349258,41.976199],[60.379168,41.969897],[60.428615,41.958761],[60.432986,41.957563],[60.448523,41.943812],[60.457111,41.936724],[60.451691,41.886288],[60.451455,41.881319],[60.457978,41.871733],[60.463589,41.8641],[60.472012,41.858119],[60.48243,41.854968],[60.492188,41.849691],[60.500723,41.848149],[60.508257,41.847044],[60.513883,41.845104],[60.509992,41.813547],[60.50879,41.808269],[60.509157,41.798599],[60.509155,41.795376],[60.50998,41.792532],[60.510936,41.788049],[60.51868,41.781197],[60.524154,41.777489],[60.532561,41.77477],[60.566425,41.769903],[60.587628,41.771169],[60.59829,41.765214],[60.610253,41.755859],[60.615553,41.752065],[60.620466,41.751152],[60.626517,41.747502],[60.646722,41.746872],[60.653286,41.745125],[60.654316,41.738336],[60.653475,41.731188],[60.651938,41.727712],[60.651938,41.720541],[60.656368,41.716537],[60.66124,41.709842],[60.665911,41.697873],[60.668821,41.69253],[60.670854,41.689635],[60.67308,41.685761],[60.695929,41.659255],[60.70245,41.654699],[60.719663,41.646763],[60.734321,41.643483],[60.74103,41.640242],[60.753533,41.641675],[60.758889,41.638393],[60.770376,41.637211],[60.771932,41.629977],[60.790023,41.622211],[60.799498,41.614448],[60.809617,41.611297],[60.819251,41.60217],[60.821171,41.598932],[60.825224,41.595068],[60.833309,41.594594],[60.840511,41.591406],[60.84101,41.585804],[60.862155,41.578075],[60.892229,41.549913],[60.896972,41.545471],[60.901559,41.53974],[60.907954,41.535072],[60.912096,41.533276],[60.920883,41.530904],[60.932325,41.526577],[60.934734,41.522678],[60.943958,41.518614],[60.952084,41.511713],[60.969163,41.509254],[60.967235,41.497613],[60.96134,41.489116],[60.957748,41.480934],[60.96094,41.476781],[60.981001,41.477895],[60.991244,41.476528],[60.996477,41.476624],[61.003132,41.472991],[61.005449,41.468264],[61.002128,41.460215],[61.003094,41.455964],[61.037738,41.440278],[61.061205,41.425277],[61.072513,41.420242],[61.078901,41.414993],[61.084992,41.406983],[61.108103,41.389882],[61.118473,41.380619],[61.134981,41.371845],[61.144645,41.370048],[61.151032,41.364252],[61.161146,41.350526],[61.179272,41.339686],[61.224232,41.327326],[61.231242,41.322958],[61.254604,41.307412],[61.261552,41.30183],[61.267359,41.299855],[61.271584,41.292616],[61.273187,41.287442],[61.272352,41.279228],[61.279411,41.26659],[61.293701,41.261482],[61.299099,41.251099],[61.30365,41.245422],[61.313,41.238773],[61.320164,41.235763],[61.330274,41.229154],[61.336531,41.223506],[61.343565,41.217558],[61.354162,41.211133],[61.372075,41.209962],[61.385572,41.208122],[61.395502,41.208406],[61.399252,41.212676],[61.40435,41.213883],[61.405842,41.21461],[61.403181,41.218101],[61.398493,41.222855],[61.392667,41.242629],[61.389832,41.251434],[61.390657,41.263582],[61.391407,41.282421],[61.38834,41.303893],[61.38824,41.311607],[61.390755,41.319928],[61.396943,41.333179],[61.418602,41.347142],[61.432011,41.355164],[61.439406,41.354622],[61.504898,41.34318],[61.572842,41.33995],[61.67635,41.331289],[61.704791,41.329954],[61.717586,41.329195],[61.76659,41.296535],[61.828823,41.254194],[61.901151,41.190632],[61.928795,41.164197],[61.959543,41.13484],[61.984691,41.113762],[62.068977,41.048159],[62.108298,41.019075],[62.140443,40.993619],[62.218414,41.016008],[62.304348,41.040959],[62.451617,41.083771],[62.432809,41.103977],[62.422862,41.115013],[62.402461,41.13665],[62.374299,41.167219],[62.261066,41.287771],[62.220039,41.333127],[62.151013,41.406239],[62.085586,41.474493],[62.029134,41.538413],[61.995152,41.570134],[61.938951,41.628621],[61.891169,41.677569],[61.870931,41.697792],[61.825905,41.745317],[61.692178,41.88154],[61.680164,41.893461],[61.701949,41.89381],[61.776525,41.92657],[61.892474,41.967667],[61.948814,41.978124],[62.00343,41.993566],[61.998253,42.000836],[61.948499,42.084604],[61.860923,42.229789],[61.871223,42.284294],[61.892509,42.423457],[61.916353,42.562851],[62.008496,42.67403],[62.240356,42.947088],[62.280417,42.994911],[62.371101,43.101234],[62.443886,43.186029],[62.498668,43.249021],[62.375564,43.274956],[62.309987,43.288356],[62.244634,43.302068],[62.004055,43.505401],[61.927995,43.572042],[61.425448,43.999477],[61.138082,44.22485],[61.107596,44.360495],[61.066861,44.371739],[60.873053,44.480707],[60.583849,44.641821],[59.844881,44.984372],[59.097302,45.321844],[58.990284,45.369416],[58.587941,45.590678],[58.308436,45.530341],[58.171782,45.500524],[58.035228,45.470562],[57.686308,45.393115],[57.44905,45.339542],[57.225865,45.288858],[57.018079,45.241155],[56.744106,45.177411],[56.357742,45.086318],[56.184548,45.044893],[55.99892,45.000136],[55.99914,44.927646],[55.999555,44.788835],[56.000527,44.452865],[55.99892,43.75327],[55.998973,42.565542],[55.999012,41.64396],[55.998732,41.33719],[55.998553,41.32221],[56.155718,41.314475],[56.204473,41.31163],[56.250304,41.309411],[56.357106,41.30418],[56.429171,41.300035],[56.462149,41.298609],[56.496602,41.296584],[56.534877,41.294678],[56.55744,41.293926],[56.597579,41.291458],[56.70396,41.286247],[56.729273,41.284459],[56.789242,41.281503],[56.799427,41.28002],[56.812446,41.277776],[56.916827,41.262047],[56.995249,41.248457],[57.001274,41.247647],[57.01045,41.245399],[57.030954,41.240936],[57.041409,41.240975],[57.047375,41.243352],[57.052458,41.246829],[57.060053,41.256278],[57.0672,41.270402],[57.070154,41.275187],[57.071165,41.280121],[57.07267,41.290232],[57.071422,41.296915],[57.069508,41.300922],[57.06345,41.307005],[57.060864,41.310614],[57.059054,41.313755],[57.058348,41.316288],[57.059615,41.321875],[57.070756,41.321788],[57.088903,41.334663],[57.116935,41.336887],[57.130144,41.33593],[57.135447,41.336657],[57.140254,41.337696],[57.145606,41.340997],[57.14988,41.343052],[57.153018,41.343673],[57.15503,41.343817],[57.156917,41.343435],[57.158345,41.342688],[57.159518,41.341233],[57.161125,41.340505],[57.162374,41.340486],[57.165714,41.341252],[57.168009,41.341309],[57.171273,41.339625],[57.173466,41.339472],[57.175276,41.340467],[57.177214,41.340869],[57.180861,41.340582],[57.182671,41.340793],[57.185399,41.342611],[57.186776,41.342822],[57.187745,41.342496],[57.188969,41.341673],[57.189887,41.341731],[57.190295,41.342496],[57.189989,41.343243],[57.188485,41.34464],[57.188485,41.345234],[57.189046,41.346344],[57.191136,41.348718],[57.191035,41.349445],[57.189606,41.350211],[57.187618,41.348986],[57.185476,41.348488],[57.18466,41.350249],[57.186037,41.352431],[57.186955,41.354996],[57.186904,41.356642],[57.185629,41.357446],[57.18466,41.356412],[57.184558,41.354001],[57.183471,41.351974],[57.181804,41.352393],[57.18109,41.355723],[57.182263,41.365522],[57.181396,41.368163],[57.178234,41.370153],[57.173542,41.372028],[57.170941,41.374516],[57.170401,41.376954],[57.16829,41.378687],[57.166201,41.379932],[57.162527,41.380256],[57.154367,41.382131],[57.152175,41.381787],[57.148292,41.379043],[57.145813,41.372097],[57.129548,41.361378],[57.122494,41.359398],[57.109082,41.361121],[57.100692,41.363534],[57.09567,41.367933],[57.091699,41.373672],[57.08925,41.381274],[57.06757,41.40432],[57.061654,41.409255],[57.052038,41.419605],[57.045108,41.431265],[57.039896,41.441279],[57.040745,41.448141],[57.043703,41.45204],[57.041459,41.464576],[57.042989,41.473289],[57.048497,41.479478],[57.049517,41.483528],[57.046151,41.489412],[57.037221,41.500946],[57.03636,41.509502],[57.034932,41.519736],[57.03555,41.52536],[57.041109,41.528851],[57.041868,41.534129],[57.041807,41.541722],[57.040591,41.547653],[57.043499,41.556916],[57.042552,41.565355],[57.02648,41.590987],[57.019808,41.597818],[57.01897,41.601587],[57.017848,41.604065],[57.011798,41.613861],[56.998928,41.632735],[56.989952,41.6516],[56.985134,41.658274],[56.977503,41.671213],[56.978427,41.691331],[56.98174,41.698775],[56.981181,41.707476],[56.979447,41.709608],[56.977203,41.708694],[56.976591,41.709989],[56.978019,41.712958],[56.978733,41.713187],[56.979447,41.71608],[56.977481,41.720767],[56.975775,41.733817],[56.97399,41.744053],[56.974908,41.749532],[56.974169,41.753961],[56.972091,41.758245],[56.971746,41.766955],[56.970038,41.774315],[56.96979,41.779667],[56.97065,41.786161],[56.970497,41.789602],[56.969451,41.797739],[56.967575,41.804566],[56.965079,41.817724],[56.963764,41.826237],[56.963383,41.839564],[56.963944,41.852367],[56.964654,41.856272],[56.964711,41.860662],[56.965598,41.875105],[56.96685,41.882976],[56.966913,41.889147],[56.986427,41.902183],[56.999511,41.910248],[57.011014,41.914672],[57.036524,41.921658],[57.046868,41.923642],[57.047885,41.923893],[57.073108,41.925875],[57.095081,41.924703],[57.106634,41.923817],[57.116757,41.924239],[57.128155,41.929281],[57.135279,41.937975],[57.145494,41.947945],[57.162105,41.968414],[57.167526,41.975043],[57.170707,41.980387],[57.174539,41.985011],[57.187044,42.002199],[57.206889,42.031072],[57.219726,42.047982],[57.233821,42.068749],[57.242389,42.079658],[57.264592,42.109846],[57.271924,42.118876],[57.280452,42.129915],[57.287776,42.13557],[57.293622,42.137988],[57.320432,42.144782],[57.358821,42.149957],[57.384192,42.153822],[57.433493,42.156315],[57.45383,42.155986],[57.467453,42.156037],[57.486972,42.155383],[57.504552,42.15445],[57.550718,42.15251],[57.597817,42.148414],[57.617831,42.145628],[57.632945,42.143043],[57.639326,42.141904],[57.649627,42.139521],[57.652291,42.138369],[57.654739,42.138641],[57.660082,42.140164],[57.673571,42.146139],[57.680351,42.149476],[57.693952,42.15429],[57.703558,42.157364],[57.729276,42.164777],[57.738431,42.167693],[57.744712,42.168746],[57.750959,42.169502],[57.769471,42.171184],[57.780935,42.171405],[57.792241,42.170806],[57.801829,42.169369],[57.816006,42.170881],[57.832631,42.170881],[57.841096,42.17194],[57.843646,42.17519],[57.844156,42.179196],[57.843034,42.183353],[57.844462,42.184487],[57.849256,42.185545],[57.850888,42.184033],[57.851704,42.182559],[57.85405,42.180708],[57.853999,42.179083],[57.852571,42.176173],[57.853591,42.173187],[57.856753,42.171637],[57.858475,42.171712],[57.859354,42.171751],[57.860272,42.172204],[57.860833,42.173338],[57.862413,42.174434],[57.862668,42.175719],[57.860782,42.180443],[57.859762,42.185356],[57.858844,42.19159],[57.854407,42.199978],[57.850225,42.205644],[57.847267,42.207193],[57.843187,42.208289],[57.836456,42.213048],[57.834977,42.214294],[57.835385,42.21539],[57.836507,42.215427],[57.845737,42.213766],[57.84895,42.21471],[57.849307,42.216334],[57.849307,42.219204],[57.848287,42.220677],[57.837833,42.22672],[57.837374,42.227928],[57.83819,42.228268],[57.843136,42.227248],[57.844666,42.228155],[57.844819,42.22925],[57.843901,42.231213],[57.842168,42.232762],[57.840179,42.23582],[57.840179,42.237595],[57.840791,42.238199],[57.842576,42.237519],[57.844207,42.236311],[57.845788,42.233592],[57.847777,42.23178],[57.849817,42.231402],[57.853897,42.232799],[57.854764,42.23212],[57.854815,42.228872],[57.856447,42.227664],[57.860068,42.227324],[57.863535,42.22672],[57.865575,42.225851],[57.867921,42.222528],[57.86991,42.218827],[57.872664,42.216447],[57.875724,42.215012],[57.878223,42.212784],[57.883526,42.211801],[57.889799,42.212557],[57.899947,42.215352],[57.904282,42.216221],[57.899705,42.2181],[57.897143,42.219922],[57.895562,42.222906],[57.895575,42.223906],[57.8969,42.224718],[57.897857,42.226059],[57.896875,42.229231],[57.897041,42.23026],[57.89829,42.231478],[57.89908,42.231808],[57.901414,42.232025],[57.905353,42.231242],[57.906985,42.231412],[57.909624,42.232044],[57.916942,42.233073],[57.921647,42.233403],[57.925166,42.233196],[57.932637,42.232176],[57.934651,42.231732],[57.942364,42.229089],[57.945768,42.228211],[57.947439,42.228079],[57.948204,42.228353],[57.948637,42.228948],[57.945858,42.234243],[57.943996,42.236717],[57.942339,42.24002],[57.942619,42.246061],[57.943142,42.250383],[57.943601,42.261754],[57.944417,42.264094],[57.938399,42.273076],[57.937685,42.275868],[57.936665,42.284093],[57.93539,42.287753],[57.931056,42.293751],[57.928812,42.297901],[57.928621,42.302672],[57.929182,42.30468],[57.931987,42.30963],[57.935607,42.315165],[57.943703,42.333612],[57.944825,42.334158],[57.953291,42.339964],[57.956962,42.341924],[57.958696,42.343055],[57.960991,42.347578],[57.962113,42.353533],[57.962113,42.362709],[57.961833,42.364649],[57.957804,42.371073],[57.957141,42.371224],[57.955305,42.370621],[57.953699,42.370546],[57.95199,42.371073],[57.9512,42.371996],[57.950919,42.372788],[57.951404,42.373334],[57.953291,42.37356],[57.953699,42.373824],[57.953673,42.3742],[57.952653,42.374897],[57.950843,42.375481],[57.950052,42.376348],[57.950027,42.377083],[57.951123,42.377403],[57.958747,42.375651],[57.959436,42.376141],[57.960277,42.380963],[57.957702,42.383355],[57.952755,42.386105],[57.950792,42.387931],[57.949287,42.390869],[57.947885,42.392187],[57.946916,42.393977],[57.943831,42.395879],[57.941459,42.396839],[57.940108,42.398289],[57.940159,42.399437],[57.941255,42.400812],[57.941026,42.40213],[57.94021,42.402638],[57.938119,42.403448],[57.933376,42.403749],[57.930061,42.405086],[57.926058,42.404578],[57.924605,42.405067],[57.924477,42.405764],[57.92486,42.406423],[57.928276,42.407477],[57.931872,42.407854],[57.937456,42.407628],[57.941102,42.407232],[57.941638,42.407609],[57.941179,42.40823],[57.939955,42.40872],[57.934447,42.408965],[57.932662,42.409435],[57.930673,42.411883],[57.929832,42.412278],[57.929041,42.412278],[57.927155,42.411657],[57.926135,42.411657],[57.925446,42.412203],[57.924656,42.414217],[57.924401,42.415685],[57.923738,42.417154],[57.922616,42.418208],[57.921188,42.419017],[57.918051,42.419525],[57.915935,42.419281],[57.914431,42.419789],[57.91262,42.422293],[57.911269,42.422725],[57.907775,42.422857],[57.907036,42.423328],[57.906526,42.423968],[57.907291,42.425474],[57.909917,42.426716],[57.911218,42.427713],[57.912442,42.429031],[57.91285,42.430649],[57.91336,42.431477],[57.915782,42.431986],[57.91976,42.433999],[57.922794,42.434922],[57.928149,42.43575],[57.92871,42.43686],[57.928149,42.439231],[57.940822,42.444067],[57.942632,42.444575],[57.94406,42.444481],[57.949746,42.440172],[57.950511,42.438779],[57.950588,42.43718],[57.950919,42.435975],[57.952143,42.434601],[57.954744,42.433566],[57.955688,42.431647],[57.958237,42.429464],[57.959359,42.429181],[57.961833,42.430028],[57.963235,42.430028],[57.967723,42.427826],[57.968666,42.428974],[57.970069,42.4324],[57.971216,42.436333],[57.97142,42.43908],[57.972695,42.442656],[57.976035,42.448112],[57.977132,42.450351],[57.977897,42.457162],[57.976316,42.461639],[57.976418,42.462335],[57.977106,42.462636],[57.982563,42.463915],[57.983252,42.46478],[57.983685,42.465834],[57.98366,42.468655],[57.982716,42.474523],[57.982767,42.475614],[57.983022,42.476235],[57.984756,42.477062],[57.985113,42.477626],[57.984807,42.478416],[57.984424,42.478679],[57.983506,42.478811],[57.980727,42.478115],[57.979631,42.478266],[57.978968,42.478999],[57.979019,42.482685],[57.978585,42.483795],[57.978993,42.484753],[57.9806,42.485562],[57.98292,42.486051],[57.983736,42.485919],[57.98473,42.483362],[57.985572,42.483024],[57.986337,42.48323],[57.988249,42.485336],[57.98932,42.485637],[57.990621,42.485336],[57.993273,42.482948],[57.994955,42.482459],[57.998933,42.482516],[58.001661,42.488909],[58.001687,42.491053],[57.999953,42.496806],[57.999953,42.498648],[58.000208,42.500058],[58.00003,42.501562],[58.000234,42.502596],[58.000922,42.502803],[58.001815,42.502295],[58.003166,42.500265],[58.004543,42.499269],[58.005792,42.499062],[58.006685,42.4994],[58.006812,42.500547],[58.006073,42.502558],[58.003166,42.508029],[58.002503,42.510341],[58.002197,42.51222],[58.002987,42.514363],[58.003701,42.515096],[58.006685,42.51316],[58.008699,42.510284],[58.011887,42.502953],[58.012167,42.500359],[58.011632,42.495546],[58.012167,42.494888],[58.01464,42.494437],[58.018695,42.495076],[58.024024,42.497558],[58.028818,42.499231],[58.03022,42.500077],[58.033203,42.502577],[58.034504,42.504814],[58.035167,42.506412],[58.035855,42.506882],[58.038685,42.507427],[58.039272,42.508423],[58.039654,42.509608],[58.039093,42.511393],[58.038074,42.512841],[58.038125,42.514043],[58.040802,42.516374],[58.043658,42.516675],[58.046106,42.516149],[58.048043,42.518103],[58.047024,42.521787],[58.04529,42.525921],[58.046819,42.527424],[58.048961,42.526071],[58.049165,42.528402],[58.049981,42.529153],[58.053041,42.526222],[58.054877,42.527575],[58.053653,42.529905],[58.052939,42.537421],[58.051511,42.541103],[58.052429,42.543357],[58.054061,42.544184],[58.057529,42.541253],[58.060385,42.537947],[58.063241,42.53727],[58.064669,42.537872],[58.067014,42.539224],[58.069054,42.537571],[58.069462,42.536143],[58.064974,42.53246],[58.062629,42.527875],[58.062221,42.519381],[58.064159,42.516675],[58.062425,42.510811],[58.063037,42.50848],[58.064669,42.508104],[58.070074,42.50863],[58.074562,42.506826],[58.077214,42.504946],[58.096491,42.50254],[58.10669,42.498554],[58.1174,42.493516],[58.120765,42.491636],[58.122092,42.491636],[58.122092,42.494644],[58.120358,42.498404],[58.121684,42.499381],[58.123315,42.499381],[58.123417,42.500735],[58.122092,42.502465],[58.122295,42.503367],[58.138819,42.49517],[58.144836,42.491259],[58.145958,42.488251],[58.14402,42.487499],[58.141776,42.488025],[58.137493,42.490883],[58.135861,42.490432],[58.136575,42.482986],[58.135453,42.4632],[58.132597,42.444537],[58.134025,42.444688],[58.143612,42.452289],[58.161461,42.456428],[58.182472,42.463953],[58.196548,42.470423],[58.209603,42.472454],[58.231532,42.467865],[58.25703,42.463577],[58.278755,42.458836],[58.30558,42.455826],[58.324449,42.448602],[58.337912,42.43972],[58.353007,42.42873],[58.368204,42.416081],[58.380648,42.399965],[58.389929,42.376386],[58.396355,42.357094],[58.40023,42.340359],[58.401251,42.327466],[58.398191,42.31442],[58.397224,42.295775],[58.395053,42.287216],[58.395614,42.286966],[58.406113,42.28904],[58.416351,42.292478],[58.426027,42.294006],[58.437356,42.295034],[58.445006,42.296166],[58.463671,42.294204],[58.470403,42.29262],[58.488864,42.286433],[58.498553,42.282056],[58.501817,42.282207],[58.507937,42.280396],[58.511813,42.281528],[58.513954,42.284773],[58.513954,42.286961],[58.512731,42.289375],[58.510181,42.295864],[58.510589,42.303785],[58.512323,42.307858],[58.515076,42.311403],[58.516606,42.319096],[58.513546,42.325129],[58.506509,42.330558],[58.501919,42.331991],[58.498757,42.332141],[58.495086,42.334026],[58.48917,42.33561],[58.484172,42.339907],[58.463875,42.350461],[58.440518,42.363877],[58.432053,42.37292],[58.427055,42.373748],[58.420731,42.370433],[58.41757,42.369152],[58.415288,42.369321],[58.411501,42.371102],[58.410009,42.373042],[58.409525,42.374229],[58.40788,42.389118],[58.40839,42.393939],[58.409308,42.397931],[58.40686,42.403354],[58.349845,42.470574],[58.32251,42.514194],[58.317615,42.535241],[58.299256,42.559287],[58.276409,42.559287],[58.26009,42.561991],[58.246626,42.568902],[58.236427,42.572508],[58.229492,42.57431],[58.212153,42.58137],[58.198281,42.587828],[58.18339,42.592183],[58.166459,42.599091],[58.156464,42.605247],[58.151568,42.609751],[58.15065,42.61084],[58.151262,42.611778],[58.152843,42.611553],[58.154679,42.610877],[58.155291,42.611328],[58.152792,42.619209],[58.151109,42.623524],[58.150446,42.630091],[58.151721,42.632079],[58.153557,42.63373],[58.155597,42.63373],[58.15779,42.632717],[58.159677,42.631366],[58.161257,42.631216],[58.161512,42.631929],[58.161155,42.633543],[58.161155,42.635006],[58.162787,42.636244],[58.164419,42.636657],[58.169417,42.635568],[58.17314,42.636319],[58.180891,42.639208],[58.186246,42.643784],[58.193386,42.646898],[58.198689,42.652787],[58.206288,42.657475],[58.222913,42.664488],[58.227299,42.666438],[58.229849,42.6679],[58.238773,42.670412],[58.24627,42.676299],[58.251931,42.676974],[58.254327,42.678286],[58.256928,42.681511],[58.259223,42.683497],[58.265751,42.686084],[58.274318,42.687996],[58.293034,42.687734],[58.30252,42.686609],[58.308436,42.686159],[58.317666,42.686496],[58.331588,42.685147],[58.362187,42.677499],[58.399211,42.66685],[58.401353,42.664525],[58.413796,42.656725],[58.419711,42.6541],[58.43088,42.65455],[58.445516,42.652562],[58.454747,42.648736],[58.459897,42.647273],[58.464028,42.647123],[58.469281,42.645322],[58.471729,42.645622],[58.47331,42.646898],[58.475961,42.647123],[58.480041,42.644872],[58.484172,42.642921],[58.486212,42.643072],[58.489833,42.645172],[58.496615,42.64686],[58.513036,42.649599],[58.538433,42.652899],[58.541085,42.652937],[58.551947,42.652524],[58.567502,42.650836],[58.569746,42.650086],[58.570753,42.649345],[58.573379,42.648726],[58.58581,42.648286],[58.590374,42.648989],[58.591815,42.650208],[58.591878,42.653087],[58.593,42.653649],[58.59453,42.652787],[58.595346,42.653237],[58.601721,42.663625],[58.60422,42.666888],[58.604985,42.670862],[58.604373,42.672475],[58.606005,42.673862],[58.606412,42.67465],[58.606617,42.676262],[58.604985,42.677349],[58.603149,42.679261],[58.602741,42.681435],[58.604016,42.685747],[58.608401,42.696317],[58.6083,42.698135],[58.607177,42.699765],[58.604679,42.702089],[58.604449,42.703138],[58.604934,42.705499],[58.604424,42.706549],[58.601313,42.708385],[58.599171,42.709266],[58.597564,42.710568],[58.596162,42.712029],[58.594989,42.714774],[58.594632,42.717078],[58.595499,42.719944],[58.597794,42.721911],[58.601593,42.722829],[58.61079,42.724026],[58.613197,42.723089],[58.617023,42.720777],[58.621995,42.717416],[58.627122,42.715715],[58.628974,42.715382],[58.630455,42.715352],[58.635195,42.716112],[58.639711,42.717559],[58.642426,42.718858],[58.643907,42.720158],[58.645805,42.723301],[58.646064,42.725856],[58.644816,42.731312],[58.643084,42.733561],[58.63878,42.736235],[58.634239,42.738591],[58.631319,42.739619],[58.627287,42.741975],[58.623708,42.744755],[58.619923,42.746538],[58.617167,42.74835],[58.615316,42.750132],[58.613506,42.752972],[58.612765,42.7548],[58.612559,42.756567],[58.613053,42.758047],[58.61404,42.758711],[58.615521,42.75921],[58.616735,42.759225],[58.618442,42.758772],[58.619615,42.757941],[58.623214,42.754392],[58.624346,42.753833],[58.625456,42.753546],[58.626423,42.753622],[58.627143,42.754739],[58.627081,42.755419],[58.625333,42.758198],[58.622392,42.761581],[58.621569,42.763091],[58.620417,42.766322],[58.62036,42.768091],[58.620674,42.770241],[58.621506,42.773353],[58.62233,42.774839],[58.623667,42.776499],[58.624397,42.776899],[58.625899,42.776998],[58.627117,42.777517],[58.627817,42.778293],[58.627754,42.779946],[58.626901,42.7823],[58.623903,42.788391],[58.622713,42.793818],[58.622885,42.795671],[58.623843,42.797606],[58.62544,42.799669],[58.664806,42.770369],[58.702329,42.742827],[58.714495,42.732824],[58.725762,42.725411],[58.764979,42.696478],[58.807866,42.66443],[58.882977,42.612386],[58.908529,42.594447],[58.918776,42.587546],[58.96856,42.553139],[58.975685,42.547867],[58.997304,42.533064],[58.999314,42.532004],[59.006937,42.526136],[59.008644,42.525136],[59.012467,42.524054],[59.01638,42.523542],[59.045504,42.521725],[59.049598,42.521164],[59.055193,42.519967],[59.062207,42.519785],[59.066383,42.51936],[59.071813,42.519345],[59.074638,42.51998],[59.106596,42.523059],[59.122763,42.525121],[59.129695,42.525727],[59.135587,42.526802],[59.15988,42.529597],[59.171336,42.531092],[59.173344,42.531],[59.240209,42.459166],[59.249723,42.449666],[59.259963,42.438188],[59.268969,42.428617],[59.269359,42.424369],[59.267769,42.420318],[59.258759,42.415101],[59.258595,42.414451],[59.264177,42.406655],[59.265648,42.404239],[59.271315,42.39714],[59.271927,42.395897],[59.27208,42.395031],[59.270958,42.393751],[59.272641,42.392018],[59.27565,42.391001],[59.286308,42.383543],[59.289878,42.381358],[59.293295,42.37744],[59.297916,42.373354],[59.299169,42.371836],[59.299977,42.370003],[59.303443,42.360655],[59.30772,42.359678],[59.3102,42.359449],[59.314293,42.358411],[59.316269,42.358187],[59.318385,42.357659],[59.322695,42.355247],[59.326672,42.354003],[59.330191,42.354286],[59.333684,42.35423],[59.339728,42.352232],[59.344761,42.350065],[59.35261,42.347416],[59.372167,42.340321],[59.381979,42.336185],[59.385508,42.333762],[59.413711,42.32643],[59.418192,42.324899],[59.418955,42.317693],[59.420217,42.311214],[59.420877,42.309794],[59.420849,42.306747],[59.421313,42.305912],[59.422283,42.305184],[59.430261,42.301201],[59.43165,42.300051],[59.432492,42.298551],[59.434712,42.292359],[59.435233,42.291912],[59.436521,42.291573],[59.447153,42.289764],[59.462411,42.289382],[59.46383,42.289554],[59.46702,42.291822],[59.468254,42.292223],[59.471199,42.292006],[59.479979,42.289788],[59.48386,42.289765],[59.487567,42.289376],[59.489491,42.289659],[59.505545,42.290375],[59.518397,42.29003],[59.529011,42.290832],[59.532127,42.290832],[59.537976,42.291408],[59.547155,42.292826],[59.553177,42.294166],[59.554885,42.293449],[59.556772,42.292242],[59.559704,42.289507],[59.561413,42.288394],[59.562892,42.287923],[59.564422,42.287753],[59.568272,42.287923],[59.569955,42.287678],[59.571281,42.287187],[59.572122,42.286621],[59.576279,42.286282],[59.578675,42.285735],[59.5911,42.288916],[59.593206,42.2898],[59.59739,42.294111],[59.598521,42.294961],[59.601407,42.296568],[59.607709,42.298017],[59.609835,42.298259],[59.610935,42.298134],[59.614264,42.297159],[59.625006,42.293374],[59.642971,42.289224],[59.646119,42.289017],[59.653743,42.289111],[59.66003,42.289927],[59.672944,42.292582],[59.687919,42.296385],[59.692684,42.297929],[59.698644,42.299387],[59.720875,42.301283],[59.724457,42.301753],[59.73551,42.302286],[59.73774,42.302014],[59.741084,42.301133],[59.742509,42.300305],[59.743643,42.299337],[59.74421,42.298444],[59.74546,42.297175],[59.752569,42.293168]]]}},{"type":"Feature","properties":{"name":"Xorazm"},"geometry":{"type":"MultiPolygon","coordinates":[[[[60.653475,41.731188],[60.654316,41.738336],[60.653286,41.745125],[60.646722,41.746872],[60.626517,41.747502],[60.620466,41.751152],[60.615553,41.752065],[60.610253,41.755859],[60.59829,41.765214],[60.587628,41.771169],[60.566425,41.769903],[60.532561,41.77477],[60.524154,41.777489],[60.51868,41.781197],[60.510936,41.788049],[60.50998,41.792532],[60.509155,41.795376],[60.509157,41.798599],[60.50879,41.808269],[60.509992,41.813547],[60.513883,41.845104],[60.508257,41.847044],[60.500723,41.848149],[60.492188,41.849691],[60.48243,41.854968],[60.472012,41.858119],[60.463589,41.8641],[60.457978,41.871733],[60.451455,41.881319],[60.451691,41.886288],[60.457111,41.936724],[60.448523,41.943812],[60.432986,41.957563],[60.428615,41.958761],[60.379168,41.969897],[60.349258,41.976199],[60.337365,41.978013],[60.331238,41.979045],[60.30867,41.996576],[60.294269,41.984229],[60.293457,41.979098],[60.288291,41.978124],[60.266919,41.977359],[60.259194,41.978124],[60.257986,41.97641],[60.260294,41.969748],[60.25722,41.966064],[60.25913,41.966207],[60.260482,41.964309],[60.260113,41.959933],[60.25927,41.959259],[60.258486,41.960224],[60.258577,41.962677],[60.256534,41.962745],[60.254983,41.958495],[60.24492,41.953649],[60.237811,41.957133],[60.228902,41.943953],[60.228111,41.938372],[60.226785,41.935939],[60.223427,41.933972],[60.21409,41.930904],[60.20649,41.931234],[60.193877,41.934777],[60.190245,41.942756],[60.186574,41.946465],[60.180805,41.948488],[60.174828,41.950922],[60.17179,41.953606],[60.164823,41.954512],[60.157296,41.954173],[60.151246,41.946273],[60.147915,41.940851],[60.143065,41.93006],[60.142894,41.928527],[60.144095,41.925334],[60.144826,41.921001],[60.145311,41.91446],[60.151005,41.909112],[60.154009,41.902788],[60.169201,41.89033],[60.180555,41.876834],[60.17684,41.874961],[60.157996,41.862384],[60.161847,41.85415],[60.162464,41.853248],[60.165103,41.850944],[60.169178,41.849018],[60.170945,41.847083],[60.175265,41.844863],[60.175524,41.844321],[60.175499,41.843724],[60.175086,41.842443],[60.175598,41.841417],[60.176866,41.840023],[60.184179,41.83451],[60.185592,41.833221],[60.193471,41.83088],[60.199077,41.82828],[60.201723,41.827466],[60.203551,41.827355],[60.207059,41.826252],[60.210389,41.826667],[60.222315,41.825242],[60.226275,41.825061],[60.228545,41.824741],[60.232134,41.82474],[60.242547,41.823841],[60.245168,41.823911],[60.250306,41.823091],[60.25393,41.82313],[60.256117,41.822769],[60.257535,41.820183],[60.257655,41.819467],[60.264053,41.81439],[60.276078,41.80407],[60.282786,41.799524],[60.28861,41.796145],[60.288677,41.79599],[60.288184,41.795652],[60.283992,41.793892],[60.283431,41.793117],[60.283817,41.791419],[60.287506,41.789343],[60.288235,41.789896],[60.288822,41.789884],[60.291354,41.788201],[60.292906,41.787523],[60.293299,41.787508],[60.295206,41.788964],[60.295986,41.788821],[60.296843,41.788192],[60.297433,41.787456],[60.298329,41.785705],[60.299557,41.785257],[60.301308,41.785224],[60.301933,41.78435],[60.302864,41.783787],[60.303633,41.783018],[60.309111,41.78025],[60.309679,41.780274],[60.310259,41.778911],[60.310518,41.776707],[60.313899,41.771732],[60.314945,41.772166],[60.315737,41.772231],[60.316552,41.772834],[60.318255,41.773409],[60.319077,41.773342],[60.321393,41.770992],[60.32289,41.76988],[60.324841,41.768788],[60.325162,41.768376],[60.325936,41.768367],[60.327944,41.767864],[60.330317,41.768115],[60.331131,41.768397],[60.332155,41.767768],[60.330644,41.765558],[60.327238,41.760532],[60.326523,41.75974],[60.326125,41.760015],[60.322765,41.755997],[60.321326,41.753842],[60.319892,41.752741],[60.318593,41.750877],[60.31395,41.75363],[60.312472,41.753726],[60.311211,41.754163],[60.309997,41.753339],[60.306621,41.75265],[60.301148,41.754001],[60.298883,41.753784],[60.294675,41.754792],[60.292111,41.752822],[60.291066,41.7491],[60.290923,41.748776],[60.292245,41.748137],[60.294001,41.746706],[60.294719,41.746359],[60.298402,41.745593],[60.300919,41.744779],[60.299897,41.743913],[60.299213,41.74302],[60.299228,41.736887],[60.293226,41.735336],[60.29217,41.735861],[60.292491,41.733655],[60.287826,41.733319],[60.283407,41.733775],[60.282675,41.738337],[60.282195,41.741212],[60.279411,41.745285],[60.277238,41.749194],[60.276725,41.749118],[60.27378,41.750592],[60.27349,41.751245],[60.273379,41.753357],[60.272604,41.754603],[60.270458,41.75585],[60.266864,41.757336],[60.263123,41.760194],[60.260055,41.760556],[60.249975,41.760713],[60.249202,41.760264],[60.249136,41.759378],[60.250388,41.75558],[60.245079,41.754029],[60.24295,41.754603],[60.242572,41.754213],[60.241893,41.751978],[60.24078,41.751015],[60.240012,41.750837],[60.239686,41.750495],[60.239029,41.750662],[60.238315,41.750539],[60.237228,41.75111],[60.231277,41.758344],[60.228019,41.762791],[60.226802,41.764776],[60.22847,41.765947],[60.224365,41.768802],[60.224656,41.769281],[60.220659,41.77443],[60.219116,41.774702],[60.217918,41.775461],[60.217235,41.776171],[60.215402,41.776429],[60.213909,41.776948],[60.210271,41.777728],[60.203606,41.780591],[60.203903,41.780946],[60.203921,41.781472],[60.202567,41.783462],[60.201427,41.786222],[60.201466,41.78727],[60.200171,41.787986],[60.199709,41.788685],[60.193538,41.794187],[60.191669,41.795853],[60.189848,41.796279],[60.187813,41.793408],[60.187443,41.793244],[60.186108,41.791538],[60.183978,41.789669],[60.182729,41.788189],[60.181324,41.78692],[60.176152,41.788423],[60.173145,41.789867],[60.170961,41.791533],[60.171615,41.792164],[60.1705,41.795921],[60.170165,41.795982],[60.168575,41.797405],[60.166488,41.798454],[60.165465,41.799188],[60.164148,41.798957],[60.163968,41.798772],[60.163526,41.79893],[60.161333,41.79903],[60.159331,41.800298],[60.15773,41.800325],[60.154873,41.799562],[60.154288,41.799784],[60.152868,41.799658],[60.152098,41.799824],[60.144478,41.800194],[60.143869,41.800581],[60.142897,41.801651],[60.141874,41.802301],[60.142358,41.802987],[60.142458,41.803791],[60.142946,41.804633],[60.14228,41.805387],[60.139941,41.805049],[60.139675,41.803909],[60.138574,41.804],[60.13557,41.803308],[60.132921,41.803335],[60.132385,41.802161],[60.131003,41.802108],[60.129588,41.801694],[60.127938,41.801986],[60.127486,41.801889],[60.126399,41.801721],[60.126317,41.801506],[60.128473,41.797641],[60.128445,41.797322],[60.1249,41.796267],[60.122346,41.796333],[60.120022,41.797506],[60.119241,41.798519],[60.117831,41.799705],[60.115358,41.799427],[60.113112,41.79949],[60.10484,41.801399],[60.10194,41.802335],[60.099569,41.804082],[60.10093,41.806068],[60.101135,41.806863],[60.096741,41.80908],[60.093102,41.809753],[60.092636,41.81025],[60.092594,41.810826],[60.088965,41.810658],[60.088473,41.810845],[60.088505,41.811258],[60.087804,41.8119],[60.085334,41.810701],[60.084744,41.809267],[60.0846,41.807798],[60.083508,41.8033],[60.083204,41.802975],[60.082582,41.800982],[60.080973,41.799917],[60.080456,41.799906],[60.079621,41.799007],[60.078982,41.7975],[60.079121,41.796997],[60.080419,41.796289],[60.079788,41.795361],[60.08,41.793812],[60.081413,41.792894],[60.079389,41.79098],[60.079437,41.790413],[60.078695,41.789636],[60.076332,41.778117],[60.075403,41.775077],[60.075123,41.774782],[60.066709,41.771201],[60.061651,41.769625],[60.057298,41.766048],[60.058891,41.76442],[60.056568,41.762229],[60.048587,41.758668],[60.046507,41.750768],[60.055459,41.73995],[60.06868,41.719777],[60.081895,41.703267],[60.119506,41.678544],[60.145558,41.658665],[60.151801,41.652358],[60.160063,41.643426],[60.16925,41.628153],[60.172506,41.616139],[60.177205,41.606763],[60.174057,41.605266],[60.172504,41.602723],[60.175917,41.594782],[60.178993,41.591358],[60.178278,41.588362],[60.173556,41.587987],[60.172363,41.584365],[60.176512,41.577661],[60.169576,41.581255],[60.163736,41.579571],[60.158456,41.580643],[60.153444,41.579174],[60.153018,41.578918],[60.151395,41.578693],[60.145345,41.573302],[60.14184,41.568863],[60.145561,41.563986],[60.140703,41.562339],[60.140989,41.555917],[60.128257,41.550135],[60.122741,41.553705],[60.103908,41.542131],[60.103643,41.537148],[60.090808,41.500398],[60.074077,41.457487],[60.077486,41.448678],[60.075854,41.441828],[60.076917,41.434836],[60.093114,41.413193],[60.109749,41.406231],[60.130401,41.395278],[60.151752,41.379861],[60.169323,41.369337],[60.230022,41.337201],[60.242567,41.333363],[60.276258,41.330378],[60.283412,41.326408],[60.312537,41.311585],[60.342788,41.295384],[60.405722,41.253079],[60.425292,41.243488],[60.430271,41.241048],[60.459934,41.228022],[60.475815,41.221381],[60.491466,41.217479],[60.512035,41.216481],[60.568263,41.223373],[60.579104,41.223481],[60.680931,41.255412],[60.702092,41.256846],[60.766867,41.258588],[60.816012,41.258828],[60.915767,41.25005],[60.940864,41.248085],[60.944894,41.247642],[60.950265,41.247346],[60.968565,41.245795],[60.994982,41.242672],[60.999007,41.242193],[61.00047,41.243215],[61.001801,41.233339],[61.024991,41.222315],[61.029796,41.222658],[61.030247,41.25954],[61.028059,41.259707],[61.028879,41.26288],[61.030729,41.262659],[61.031709,41.265751],[61.03353,41.269236],[61.033891,41.267619],[61.034149,41.262058],[61.037552,41.261187],[61.04225,41.265724],[61.044987,41.264888],[61.042936,41.255673],[61.051617,41.245906],[61.054802,41.257575],[61.055042,41.257659],[61.055324,41.257434],[61.055102,41.255067],[61.056009,41.254656],[61.059747,41.254219],[61.060303,41.254367],[61.060585,41.254887],[61.061124,41.255037],[61.062082,41.25568],[61.065025,41.254265],[61.064768,41.248053],[61.065778,41.246908],[61.065598,41.243682],[61.068111,41.239917],[61.075461,41.226783],[61.080127,41.216722],[61.082444,41.214726],[61.085148,41.216911],[61.086202,41.225774],[61.090418,41.230105],[61.10139,41.211731],[61.102736,41.210535],[61.112619,41.203106],[61.128608,41.190227],[61.157054,41.178769],[61.171334,41.173243],[61.178481,41.170116],[61.217757,41.154432],[61.240384,41.145333],[61.292144,41.147366],[61.314857,41.147967],[61.328986,41.148591],[61.330455,41.147812],[61.380824,41.186341],[61.388213,41.192189],[61.38897,41.192417],[61.390074,41.193332],[61.391594,41.194055],[61.39358,41.194945],[61.394423,41.195065],[61.397467,41.196536],[61.397896,41.19732],[61.39728,41.197857],[61.397207,41.198613],[61.397794,41.199602],[61.397787,41.200257],[61.398813,41.200753],[61.399543,41.201444],[61.399032,41.202257],[61.399158,41.20357],[61.395502,41.208406],[61.385572,41.208122],[61.372075,41.209962],[61.354162,41.211133],[61.343565,41.217558],[61.336531,41.223506],[61.330274,41.229154],[61.320164,41.235763],[61.313,41.238773],[61.30365,41.245422],[61.299099,41.251099],[61.293701,41.261482],[61.279411,41.26659],[61.272352,41.279228],[61.273187,41.287442],[61.271584,41.292616],[61.267359,41.299855],[61.261552,41.30183],[61.254604,41.307412],[61.231242,41.322958],[61.224232,41.327326],[61.179272,41.339686],[61.161146,41.350526],[61.151032,41.364252],[61.144645,41.370048],[61.134981,41.371845],[61.118473,41.380619],[61.108103,41.389882],[61.084992,41.406983],[61.078901,41.414993],[61.072513,41.420242],[61.061205,41.425277],[61.037738,41.440278],[61.003094,41.455964],[61.002128,41.460215],[61.005449,41.468264],[61.003132,41.472991],[60.996477,41.476624],[60.991244,41.476528],[60.981001,41.477895],[60.96094,41.476781],[60.957748,41.480934],[60.96134,41.489116],[60.967235,41.497613],[60.969163,41.509254],[60.952084,41.511713],[60.943958,41.518614],[60.934734,41.522678],[60.932325,41.526577],[60.920883,41.530904],[60.912096,41.533276],[60.907954,41.535072],[60.901559,41.53974],[60.896972,41.545471],[60.892229,41.549913],[60.862155,41.578075],[60.84101,41.585804],[60.840511,41.591406],[60.833309,41.594594],[60.825224,41.595068],[60.821171,41.598932],[60.819251,41.60217],[60.809617,41.611297],[60.799498,41.614448],[60.790023,41.622211],[60.771932,41.629977],[60.770376,41.637211],[60.758889,41.638393],[60.753533,41.641675],[60.74103,41.640242],[60.734321,41.643483],[60.719663,41.646763],[60.70245,41.654699],[60.695929,41.659255],[60.67308,41.685761],[60.670854,41.689635],[60.668821,41.69253],[60.665911,41.697873],[60.66124,41.709842],[60.656368,41.716537],[60.651938,41.720541],[60.651938,41.727712],[60.653475,41.731188]]],[[[62.155862,40.550072],[62.334992,40.643326],[62.434159,40.727768],[62.451385,40.790276],[62.451934,40.815544],[62.437211,40.834434],[62.309434,40.944154],[62.261665,40.98333],[62.218414,41.016008],[62.140443,40.993619],[62.108298,41.019075],[62.068977,41.048159],[61.984691,41.113762],[61.959543,41.13484],[61.928795,41.164197],[61.901151,41.190632],[61.828823,41.254194],[61.76659,41.296535],[61.717586,41.329195],[61.704791,41.329954],[61.67635,41.331289],[61.572842,41.33995],[61.504898,41.34318],[61.439406,41.354622],[61.432011,41.355164],[61.418602,41.347142],[61.396943,41.333179],[61.390755,41.319928],[61.38824,41.311607],[61.38834,41.303893],[61.391407,41.282421],[61.390657,41.263582],[61.389832,41.251434],[61.392667,41.242629],[61.398493,41.222855],[61.403181,41.218101],[61.404304,41.222181],[61.40232,41.251311],[61.405437,41.263683],[61.408618,41.274311],[61.408498,41.287813],[61.431764,41.290895],[61.446444,41.289087],[61.459064,41.286062],[61.481034,41.286728],[61.493583,41.2823],[61.5159,41.272137],[61.530785,41.266479],[61.54541,41.26155],[61.55468,41.264001],[61.560001,41.268001],[61.568241,41.268775],[61.570228,41.266205],[61.585045,41.262167],[61.598927,41.256469],[61.609227,41.256207],[61.624049,41.26232],[61.626885,41.264988],[61.635147,41.253104],[61.641118,41.237613],[61.649934,41.231434],[61.660596,41.225891],[61.674968,41.222083],[61.70245,41.219986],[61.712834,41.215139],[61.736694,41.193902],[61.746232,41.184033],[61.756748,41.175739],[61.780686,41.163186],[61.788979,41.159297],[61.813232,41.153599],[61.854058,41.121338],[61.875208,41.116201],[61.88271,41.11007],[61.885668,41.107213],[61.889533,41.097841],[61.898533,41.077976],[61.900462,41.069025],[61.8973,41.05814],[61.900956,41.053418],[61.912605,41.050646],[61.92408,41.048238],[61.946992,41.036994],[61.954723,41.034485],[61.963734,41.027358],[61.97088,41.019137],[61.977161,41.005909],[61.976632,40.995396],[61.980573,40.983608],[61.991565,40.980087],[61.996369,40.973536],[61.991401,40.946902],[61.99273,40.931302],[61.995629,40.922978],[61.995815,40.916565],[61.996898,40.900283],[62.000118,40.892406],[61.986855,40.871506],[61.993368,40.85207],[61.98856,40.846061],[61.985688,40.836943],[61.989777,40.826286],[61.99604,40.816818],[62.003256,40.810094],[62.012902,40.803331],[62.026401,40.786816],[62.032165,40.769939],[62.042075,40.757743],[62.04546,40.712106],[62.051999,40.698869],[62.062496,40.691124],[62.066815,40.688813],[62.07819,40.676342],[62.091011,40.656965],[62.097798,40.643028],[62.105492,40.629291],[62.1073,40.612077],[62.110363,40.601684],[62.113073,40.596107],[62.126285,40.579002],[62.128144,40.574369],[62.143873,40.554535],[62.155862,40.550072]]]]}},{"type":"Feature","properties":{"name":"Navoiy"},"geometry":{"type":"Polygon","coordinates":[[[65.51914,40.162359],[65.519699,40.16241],[65.520329,40.163067],[65.52073,40.163208],[65.522211,40.162988],[65.523171,40.163219],[65.524317,40.164515],[65.524063,40.165474],[65.524921,40.166598],[65.525868,40.167032],[65.528153,40.166955],[65.530125,40.167109],[65.530626,40.168122],[65.530392,40.168743],[65.530637,40.169791],[65.531395,40.170234],[65.532576,40.16985],[65.533799,40.170182],[65.535816,40.169219],[65.538338,40.165751],[65.538842,40.163632],[65.541111,40.16421],[65.542372,40.16498],[65.543632,40.162572],[65.545523,40.162572],[65.547036,40.164113],[65.547828,40.162785],[65.546252,40.160292],[65.54559,40.159449],[65.544518,40.158558],[65.545433,40.158197],[65.546315,40.158678],[65.547292,40.158534],[65.547071,40.157787],[65.546189,40.156751],[65.546063,40.155571],[65.546945,40.154535],[65.548427,40.154246],[65.54912,40.153235],[65.548143,40.152753],[65.547197,40.152705],[65.54726,40.151982],[65.548458,40.151404],[65.547891,40.150537],[65.54767,40.149501],[65.547765,40.14808],[65.548773,40.14714],[65.552145,40.14726],[65.553847,40.146441],[65.553816,40.145092],[65.554288,40.144273],[65.555455,40.143912],[65.557188,40.144442],[65.55952,40.144321],[65.56056,40.143358],[65.560529,40.142153],[65.561096,40.14078],[65.562293,40.140346],[65.56409,40.140707],[65.567588,40.142225],[65.569366,40.142038],[65.570926,40.14139],[65.570859,40.140709],[65.569667,40.139193],[65.569678,40.138196],[65.570168,40.137736],[65.571383,40.137821],[65.574102,40.138801],[65.576263,40.138622],[65.577188,40.137949],[65.578291,40.135853],[65.579584,40.135095],[65.582759,40.134328],[65.583551,40.13369],[65.583907,40.13265],[65.584587,40.131841],[65.58579,40.131662],[65.587863,40.132079],[65.588806,40.133653],[65.591034,40.133655],[65.591662,40.133291],[65.592108,40.131483],[65.592877,40.130793],[65.593947,40.130699],[65.597278,40.132301],[65.598983,40.13265],[65.599975,40.13334],[65.600888,40.133144],[65.601122,40.132292],[65.601167,40.13041],[65.602014,40.129524],[65.602961,40.128885],[65.603072,40.128331],[65.601925,40.127019],[65.602192,40.126124],[65.603652,40.125161],[65.603652,40.123926],[65.601423,40.122248],[65.601223,40.12143],[65.602069,40.119078],[65.60276,40.118362],[65.603718,40.118584],[65.604955,40.119632],[65.605657,40.119734],[65.608465,40.1182],[65.609481,40.117095],[65.610062,40.117047],[65.610558,40.11725],[65.610867,40.11776],[65.610968,40.11886],[65.61069,40.119249],[65.610844,40.119755],[65.611605,40.120058],[65.612449,40.120026],[65.61378,40.11918],[65.614416,40.118367],[65.614783,40.114834],[65.615151,40.114059],[65.615296,40.112525],[65.615151,40.111733],[65.616276,40.110275],[65.616956,40.110471],[65.617925,40.111545],[65.618449,40.111673],[65.621625,40.110778],[65.622271,40.109875],[65.623185,40.109935],[65.624533,40.110838],[65.624031,40.112014],[65.624065,40.11296],[65.625045,40.11307],[65.626383,40.11244],[65.629447,40.110523],[65.630305,40.110326],[65.632544,40.110727],[65.633725,40.11002],[65.63436,40.108188],[65.636995,40.105489],[65.63819,40.105123],[65.638822,40.105534],[65.639199,40.106141],[65.637634,40.107388],[65.637705,40.108365],[65.638383,40.109827],[65.639549,40.110326],[65.640735,40.110538],[65.641793,40.110346],[65.642503,40.109575],[65.643676,40.109318],[65.644428,40.109441],[65.644935,40.109711],[65.645652,40.110488],[65.646094,40.110555],[65.648334,40.109534],[65.649186,40.108804],[65.649965,40.107607],[65.650353,40.104807],[65.651445,40.103073],[65.653178,40.101464],[65.659542,40.0973],[65.661865,40.094506],[65.662886,40.094191],[65.664529,40.09419],[65.665133,40.093886],[65.664592,40.092323],[65.664884,40.091773],[65.665728,40.091291],[65.666474,40.091146],[65.667659,40.091206],[65.668742,40.090587],[65.669744,40.089258],[65.670201,40.085022],[65.673077,40.08276],[65.6734,40.081876],[65.672647,40.08058],[65.670443,40.079222],[65.668615,40.077823],[65.667513,40.076301],[65.667082,40.07482],[65.667029,40.073092],[65.666007,40.068752],[65.666061,40.064719],[65.667298,40.064123],[65.667593,40.063032],[65.668158,40.062292],[65.66891,40.062189],[65.671209,40.062806],[65.673709,40.062929],[65.676397,40.062621],[65.677849,40.061551],[65.678413,40.059226],[65.679408,40.058691],[65.68086,40.058917],[65.681854,40.059823],[65.682042,40.061242],[65.682499,40.062312],[65.683575,40.062991],[65.684973,40.062683],[65.685591,40.061633],[65.684838,40.059308],[65.684919,40.058547],[65.685994,40.058218],[65.687607,40.058547],[65.688521,40.059103],[65.689946,40.059041],[65.690483,40.058197],[65.690537,40.056839],[65.691424,40.056181],[65.694381,40.05721],[65.699865,40.056407],[65.701156,40.05651],[65.70164,40.057436],[65.704543,40.059082],[65.705511,40.059329],[65.707043,40.058629],[65.707581,40.057271],[65.707204,40.055193],[65.707634,40.054082],[65.709167,40.05295],[65.710699,40.052662],[65.712393,40.053424],[65.713522,40.053671],[65.715081,40.05258],[65.715834,40.049905],[65.717339,40.047127],[65.718172,40.04725],[65.719274,40.047826],[65.720027,40.048814],[65.721049,40.049596],[65.722205,40.049617],[65.722527,40.048999],[65.722043,40.047785],[65.722715,40.047435],[65.724086,40.047538],[65.726189,40.049528],[65.726973,40.049597],[65.727439,40.049383],[65.728237,40.048288],[65.728921,40.046833],[65.730518,40.045057],[65.732685,40.044505],[65.735461,40.044621],[65.736753,40.044243],[65.736867,40.043253],[65.735651,40.042234],[65.734852,40.04107],[65.735384,40.039644],[65.732533,40.036791],[65.732267,40.035685],[65.733294,40.034958],[65.735004,40.034608],[65.736449,40.036064],[65.735993,40.037461],[65.736031,40.038421],[65.738236,40.038654],[65.73968,40.038189],[65.739947,40.037403],[65.741163,40.036617],[65.742342,40.036966],[65.742722,40.038218],[65.743482,40.039149],[65.745307,40.039236],[65.747284,40.038945],[65.748805,40.038451],[65.749527,40.037345],[65.748805,40.036471],[65.747284,40.0365],[65.746029,40.035976],[65.746714,40.03487],[65.748576,40.034346],[65.749489,40.034725],[65.749945,40.03618],[65.751132,40.036749],[65.752644,40.037053],[65.754041,40.037043],[65.755458,40.036675],[65.760096,40.033706],[65.762491,40.033328],[65.766114,40.031526],[65.767794,40.030384],[65.768614,40.030837],[65.769098,40.031588],[65.770066,40.031907],[65.771289,40.031496],[65.772956,40.030271],[65.773762,40.029427],[65.774811,40.029437],[65.775967,40.029767],[65.776854,40.029705],[65.777808,40.029159],[65.781094,40.029015],[65.781605,40.029314],[65.781726,40.030425],[65.783003,40.030137],[65.783608,40.029468],[65.784616,40.02882],[65.78553,40.028912],[65.785664,40.02955],[65.786256,40.030508],[65.787425,40.030044],[65.787734,40.028923],[65.78885,40.028429],[65.790517,40.029015],[65.791753,40.031691],[65.79467,40.032864],[65.796133,40.032818],[65.799825,40.031594],[65.801357,40.030823],[65.802492,40.030772],[65.805158,40.031636],[65.807526,40.030819],[65.808337,40.030875],[65.80943,40.031309],[65.810137,40.031907],[65.810943,40.032248],[65.811938,40.032402],[65.812926,40.032281],[65.813292,40.031977],[65.813585,40.030683],[65.814043,40.030421],[65.816398,40.030837],[65.817576,40.0308],[65.818375,40.030197],[65.818778,40.02959],[65.8189,40.028015],[65.819266,40.027637],[65.820188,40.027534],[65.82402,40.028389],[65.826576,40.028585],[65.827364,40.027856],[65.827425,40.027314],[65.827162,40.026707],[65.824752,40.025104],[65.824294,40.024375],[65.824245,40.02366],[65.82477,40.023328],[65.825631,40.023263],[65.828151,40.023744],[65.828505,40.02487],[65.829103,40.025328],[65.830225,40.025188],[65.831116,40.024412],[65.831629,40.023553],[65.831665,40.022936],[65.831482,40.022235],[65.831104,40.021777],[65.830219,40.021483],[65.829847,40.021048],[65.829792,40.020539],[65.830134,40.020067],[65.831629,40.020067],[65.832895,40.020411],[65.83518,40.018595],[65.837829,40.017548],[65.838475,40.016796],[65.838671,40.015931],[65.838713,40.015071],[65.83803,40.01315],[65.838054,40.012337],[65.838439,40.011907],[65.839513,40.011482],[65.840959,40.01143],[65.844388,40.011851],[65.845529,40.011332],[65.845499,40.009636],[65.845737,40.008935],[65.846414,40.008701],[65.853181,40.009252],[65.853846,40.009668],[65.85442,40.010444],[65.855109,40.010823],[65.855653,40.010669],[65.856861,40.009393],[65.85838,40.00878],[65.85932,40.008766],[65.860229,40.008523],[65.861164,40.007829],[65.861268,40.007234],[65.861906,40.006877],[65.863693,40.006805],[65.865444,40.007241],[65.86591,40.007909],[65.866031,40.008973],[65.870872,40.011411],[65.871671,40.011528],[65.872886,40.010972],[65.873661,40.009785],[65.874521,40.009341],[65.876181,40.009617],[65.877834,40.011112],[65.878799,40.011711],[65.880001,40.011925],[65.880837,40.011832],[65.882368,40.010953],[65.883119,40.01101],[65.884406,40.012641],[65.885236,40.017113],[65.885669,40.017912],[65.886457,40.018197],[65.887079,40.017903],[65.889355,40.015697],[65.893395,40.014463],[65.894237,40.014351],[65.894682,40.014445],[65.895024,40.014903],[65.894597,40.015893],[65.893736,40.016449],[65.893395,40.017099],[65.893565,40.017697],[65.894133,40.018155],[65.894768,40.018249],[65.895634,40.018099],[65.89885,40.017398],[65.900583,40.016795],[65.901443,40.016921],[65.904897,40.019071],[65.906581,40.019389],[65.908585,40.019194],[65.909472,40.018877],[65.910224,40.018462],[65.910836,40.017475],[65.911956,40.016747],[65.913286,40.016925],[65.91377,40.016805],[65.914855,40.016005],[65.915963,40.015885],[65.916599,40.016434],[65.916313,40.017399],[65.915729,40.018042],[65.915922,40.01923],[65.916208,40.019614],[65.917211,40.019851],[65.91822,40.020735],[65.920063,40.020941],[65.920728,40.020914],[65.921521,40.020633],[65.922244,40.019838],[65.922454,40.018708],[65.922011,40.01768],[65.921328,40.017091],[65.92169,40.016497],[65.92232,40.01618],[65.924075,40.016193],[65.924612,40.016399],[65.925527,40.017167],[65.926256,40.017203],[65.927137,40.016939],[65.92737,40.015228],[65.927674,40.014777],[65.928379,40.014397],[65.929423,40.014165],[65.931138,40.014335],[65.932578,40.015581],[65.93343,40.01584],[65.934392,40.015809],[65.93508,40.015536],[65.936194,40.014732],[65.936947,40.014598],[65.938002,40.014724],[65.939705,40.014107],[65.94016,40.013794],[65.940493,40.012923],[65.940434,40.012254],[65.940981,40.011815],[65.94192,40.011792],[65.944349,40.012998],[65.945005,40.012926],[65.94588,40.012345],[65.946872,40.012007],[65.947172,40.012306],[65.947586,40.014164],[65.948175,40.014678],[65.950397,40.015799],[65.951009,40.016817],[65.952123,40.017103],[65.952677,40.017443],[65.953482,40.01838],[65.95424,40.018568],[65.9555,40.018144],[65.957629,40.018193],[65.959553,40.017791],[65.961962,40.017907],[65.962347,40.018809],[65.962755,40.019073],[65.964384,40.018989],[65.964681,40.019056],[65.96548,40.020019],[65.965915,40.020146],[65.96739,40.019847],[65.969601,40.020537],[65.970549,40.021207],[65.97138,40.021434],[65.97354,40.022616],[65.975255,40.023918],[65.97645,40.024518],[65.977232,40.024503],[65.978075,40.025103],[65.979816,40.025723],[65.98128,40.025701],[65.98261,40.025089],[65.983736,40.025326],[65.984191,40.025956],[65.984091,40.02717],[65.984634,40.027912],[65.984517,40.02922],[65.984908,40.029694],[65.985643,40.03002],[65.988151,40.02956],[65.989719,40.030841],[65.990402,40.030761],[65.991393,40.030029],[65.992705,40.030015],[65.994251,40.031274],[65.995487,40.031243],[65.995802,40.032051],[65.996135,40.03231],[65.997838,40.031962],[65.998351,40.03148],[65.999127,40.029685],[65.998677,40.029162],[65.998637,40.028805],[65.999074,40.02801],[65.998946,40.027278],[65.999331,40.027179],[65.999966,40.027519],[66.001885,40.02926],[66.003518,40.029953],[66.004429,40.029943],[66.006306,40.028807],[66.008048,40.028442],[66.008878,40.028073],[66.009952,40.02832],[66.010666,40.02925],[66.01116,40.029311],[66.012063,40.028699],[66.01304,40.028344],[66.015547,40.028432],[66.015901,40.028671],[66.015956,40.028956],[66.015682,40.029269],[66.014803,40.029647],[66.014675,40.030297],[66.014882,40.03046],[66.015316,40.030404],[66.016365,40.029764],[66.016786,40.029722],[66.017433,40.029974],[66.017848,40.031199],[66.017744,40.032399],[66.018208,40.033479],[66.018952,40.033857],[66.01847,40.034745],[66.018586,40.03509],[66.019062,40.035431],[66.020008,40.035614],[66.020777,40.035329],[66.021759,40.035558],[66.021955,40.035413],[66.021942,40.034787],[66.02229,40.034623],[66.023871,40.034974],[66.024993,40.035025],[66.02741,40.035782],[66.028356,40.036623],[66.029558,40.036763],[66.030034,40.036029],[66.030534,40.035992],[66.031199,40.03645],[66.031004,40.037945],[66.031254,40.038239],[66.031706,40.038333],[66.032517,40.037936],[66.033219,40.037973],[66.034422,40.038609],[66.035124,40.039618],[66.035438,40.039639],[66.036161,40.039359],[66.036356,40.038887],[66.036063,40.038266],[66.035466,40.038011],[66.035682,40.037172],[66.037128,40.03749],[66.038764,40.037256],[66.04082,40.035766],[66.041241,40.035058],[66.042074,40.034664],[66.042642,40.034972],[66.042587,40.035855],[66.043169,40.037004],[66.044225,40.037179],[66.044939,40.037182],[66.045268,40.037018],[66.045823,40.036497],[66.04597,40.035645],[66.046721,40.035126],[66.047705,40.033997],[66.049538,40.032979],[66.049733,40.030614],[66.049922,40.030372],[66.050181,40.030237],[66.050755,40.030584],[66.051096,40.030594],[66.05271,40.029507],[66.05318,40.0295],[66.053995,40.029807],[66.054664,40.030551],[66.055117,40.030538],[66.055583,40.031046],[66.05551,40.032183],[66.054669,40.033075],[66.054906,40.033821],[66.05535,40.034056],[66.055765,40.034162],[66.056653,40.033934],[66.057271,40.033987],[66.057542,40.033785],[66.057642,40.032863],[66.057952,40.032725],[66.060127,40.033458],[66.061037,40.033574],[66.061408,40.033045],[66.061305,40.03254],[66.061961,40.031981],[66.062569,40.03213],[66.064209,40.033154],[66.064761,40.034149],[66.065072,40.034238],[66.066105,40.033554],[66.06676,40.033732],[66.067075,40.03351],[66.067431,40.031433],[66.067994,40.031691],[66.069228,40.032835],[66.069292,40.033174],[66.068999,40.033574],[66.069131,40.033926],[66.069457,40.034041],[66.071177,40.033269],[66.075539,40.032609],[66.076318,40.032717],[66.076703,40.033098],[66.076656,40.033417],[66.076906,40.0335],[66.077395,40.033145],[66.077691,40.033136],[66.078254,40.03337],[66.077943,40.033709],[66.078172,40.0342],[66.078952,40.033888],[66.079851,40.034124],[66.082023,40.035158],[66.08411,40.036521],[66.085541,40.03681],[66.086238,40.037221],[66.08676,40.037073],[66.086954,40.037174],[66.087296,40.03782],[66.086599,40.03824],[66.0865,40.03868],[66.087012,40.039176],[66.08787,40.039593],[66.088398,40.044928],[66.089129,40.046181],[66.089164,40.047141],[66.089425,40.047647],[66.091793,40.050713],[66.093887,40.051886],[66.096394,40.054418],[66.097508,40.055831],[66.097822,40.05727],[66.098187,40.057821],[66.100995,40.056525],[66.109921,40.05593],[66.110928,40.055947],[66.111363,40.056438],[66.11237,40.056525],[66.114842,40.056245],[66.11649,40.055667],[66.116833,40.056123],[66.118664,40.055877],[66.119671,40.055965],[66.12061,40.056368],[66.122212,40.05649],[66.123448,40.057384],[66.12418,40.057664],[66.127041,40.057577],[66.129948,40.05798],[66.131576,40.061937],[66.13359,40.062865],[66.137435,40.06572],[66.1408,40.067157],[66.14357,40.067998],[66.148353,40.068996],[66.152121,40.070884],[66.152784,40.07232],[66.152922,40.073318],[66.155005,40.077522],[66.156057,40.078468],[66.15663,40.079431],[66.157431,40.080254],[66.163794,40.084684],[66.168074,40.089885],[66.164911,40.090151],[66.172097,40.11123],[66.169786,40.116709],[66.168138,40.119195],[66.166009,40.12469],[66.166215,40.12672],[66.167772,40.132285],[66.174798,40.142609],[66.179834,40.142767],[66.18258,40.146633],[66.191118,40.1558],[66.187618,40.162936],[66.185261,40.164685],[66.181461,40.166924],[66.179997,40.16479],[66.180065,40.162639],[66.179653,40.161904],[66.179422,40.159773],[66.178331,40.157642],[66.176819,40.155949],[66.177377,40.154895],[66.178433,40.153908],[66.178417,40.153686],[66.177561,40.152977],[66.176334,40.153245],[66.171986,40.155082],[66.166561,40.158318],[66.165737,40.158598],[66.161755,40.159134],[66.15688,40.160533],[66.155393,40.161985],[66.151959,40.163612],[66.150884,40.164346],[66.145802,40.166445],[66.140012,40.167775],[66.140286,40.169541],[66.140035,40.172916],[66.140355,40.178722],[66.140103,40.18799],[66.141481,40.200226],[66.14242,40.201922],[66.142236,40.206537],[66.141756,40.210679],[66.141664,40.220205],[66.143312,40.222826],[66.145029,40.225063],[66.148462,40.231931],[66.152971,40.237138],[66.153406,40.237941],[66.155946,40.240318],[66.158029,40.241855],[66.160776,40.246974],[66.162035,40.250782],[66.163683,40.254119],[66.164209,40.257018],[66.165788,40.262904],[66.166338,40.268231],[66.16762,40.271357],[66.169359,40.272737],[66.172403,40.276491],[66.176821,40.284],[66.178079,40.284349],[66.178514,40.286043],[66.180345,40.287247],[66.18284,40.289866],[66.183206,40.290268],[66.183084,40.290933],[66.185442,40.291876],[66.186243,40.293081],[66.187296,40.293622],[66.188395,40.294477],[66.188601,40.294896],[66.189974,40.295717],[66.19034,40.29624],[66.190386,40.297427],[66.191233,40.297829],[66.190969,40.298452],[66.191096,40.299138],[66.190913,40.300221],[66.19018,40.302629],[66.191462,40.304008],[66.192561,40.306243],[66.192149,40.307307],[66.18954,40.307918],[66.188945,40.311234],[66.18986,40.312421],[66.18883,40.314987],[66.189517,40.317064],[66.190941,40.318449],[66.190814,40.325452],[66.189903,40.326298],[66.189012,40.331431],[66.18953,40.332666],[66.189061,40.333535],[66.189279,40.334405],[66.188149,40.335771],[66.188267,40.339222],[66.189954,40.343459],[66.19566,40.346533],[66.201977,40.364908],[66.20977,40.374701],[66.223302,40.399811],[66.225255,40.404813],[66.226758,40.407753],[66.210781,40.412537],[66.213854,40.425244],[66.220002,40.444274],[66.193928,40.447935],[66.200354,40.468039],[66.203023,40.467387],[66.210322,40.473129],[66.212937,40.47852],[66.221559,40.480055],[66.223026,40.481687],[66.228612,40.480034],[66.230783,40.480151],[66.235793,40.481439],[66.237282,40.48276],[66.240117,40.484009],[66.239956,40.488084],[66.226377,40.489189],[66.219285,40.502348],[66.224007,40.518007],[66.226424,40.522503],[66.225254,40.525719],[66.227036,40.531975],[66.225832,40.536897],[66.226859,40.541501],[66.230095,40.548753],[66.230623,40.558509],[66.234169,40.573557],[66.239217,40.582242],[66.242368,40.58286],[66.242689,40.586701],[66.244449,40.587876],[66.24525,40.590284],[66.245266,40.598022],[66.243445,40.600999],[66.244326,40.603666],[66.247142,40.604247],[66.248275,40.606727],[66.245581,40.610918],[66.244528,40.613356],[66.289635,40.612678],[66.304874,40.617047],[66.309037,40.616955],[66.310406,40.61405],[66.310017,40.610176],[66.311297,40.608154],[66.312772,40.60746],[66.315733,40.605308],[66.316998,40.603349],[66.318554,40.602827],[66.320174,40.600692],[66.324563,40.597973],[66.326554,40.598962],[66.331349,40.599204],[66.332741,40.597667],[66.337301,40.594341],[66.338936,40.592799],[66.34596,40.593343],[66.347847,40.592966],[66.350555,40.593875],[66.351985,40.593258],[66.353045,40.591759],[66.354591,40.590876],[66.356416,40.5873],[66.357114,40.586505],[66.358318,40.586276],[66.361089,40.584397],[66.371099,40.584857],[66.389306,40.583883],[66.419846,40.582876],[66.44854,40.581704],[66.454952,40.581932],[66.464993,40.583897],[66.470244,40.588358],[66.480755,40.599474],[66.485218,40.599049],[66.490732,40.603366],[66.499277,40.605278],[66.502401,40.605329],[66.505004,40.604698],[66.508413,40.607723],[66.51723,40.611373],[66.520418,40.613382],[66.522649,40.617366],[66.523313,40.619416],[66.528016,40.622126],[66.529415,40.620227],[66.531132,40.619296],[66.533213,40.619281],[66.535353,40.618055],[66.542945,40.617292],[66.545927,40.618309],[66.552782,40.61679],[66.554181,40.614739],[66.556718,40.613521],[66.559905,40.609271],[66.566433,40.608173],[66.565213,40.605061],[66.559292,40.597477],[66.560862,40.596336],[66.563376,40.592424],[66.567705,40.589351],[66.567846,40.579788],[66.574789,40.579836],[66.581746,40.580449],[66.587046,40.579101],[66.591742,40.575316],[66.591972,40.573667],[66.592732,40.57289],[66.596559,40.571384],[66.598407,40.571198],[66.600911,40.570256],[66.602981,40.568435],[66.60305,40.567639],[66.601083,40.565692],[66.599058,40.562896],[66.595665,40.559219],[66.590695,40.556965],[66.588767,40.555369],[66.581653,40.553938],[66.577468,40.54592],[66.578107,40.542958],[66.589667,40.536539],[66.593984,40.529546],[66.598089,40.521198],[66.601641,40.520546],[66.604366,40.514648],[66.604578,40.511734],[66.604197,40.509977],[66.601833,40.50993],[66.600207,40.504171],[66.59957,40.498275],[66.602682,40.498765],[66.607145,40.495469],[66.60953,40.495802],[66.610818,40.497629],[66.617068,40.500446],[66.624593,40.499965],[66.625494,40.49861],[66.63268,40.497333],[66.634523,40.495588],[66.646394,40.495257],[66.653887,40.491934],[66.661228,40.495712],[66.663124,40.502871],[66.663171,40.507338],[66.665703,40.512292],[66.666034,40.517306],[66.667597,40.52116],[66.66676,40.527943],[66.666306,40.534211],[66.669988,40.539229],[66.672127,40.544992],[66.67038,40.553205],[66.668512,40.555766],[66.671102,40.560309],[66.67994,40.56597],[66.695645,40.572846],[66.696559,40.582392],[66.697648,40.585496],[66.700881,40.588796],[66.703085,40.589437],[66.704646,40.590833],[66.704194,40.592548],[66.699735,40.594017],[66.699906,40.595007],[66.700596,40.596147],[66.699809,40.596954],[66.700687,40.598898],[66.698602,40.600205],[66.69622,40.602421],[66.696444,40.603043],[66.695661,40.605534],[66.697179,40.609312],[66.705094,40.609915],[66.710334,40.609078],[66.712053,40.610594],[66.712183,40.613217],[66.715544,40.615281],[66.718908,40.636507],[66.734301,40.676171],[66.737046,40.678068],[66.743188,40.681527],[66.767869,40.707618],[66.771259,40.730772],[66.775114,40.739316],[66.77783,40.756308],[66.771026,40.766413],[66.767262,40.772002],[66.750924,40.818106],[66.707263,40.897023],[66.686468,40.899535],[66.674687,40.894547],[66.647963,40.898053],[66.647753,41.028276],[66.64558,41.069656],[66.643363,41.111816],[66.760133,41.12304],[66.752391,41.142272],[66.709152,41.142526],[66.645411,41.347682],[66.60668,41.49379],[66.533107,41.876947],[65.99871,41.937179],[66.001937,42.360736],[66.070676,42.337941],[66.095024,42.566158],[66.096693,42.938138],[65.844156,42.858255],[65.74182,42.999845],[65.643864,43.15542],[65.559258,43.289475],[65.532129,43.315093],[65.495469,43.332914],[65.184862,43.495162],[65.002156,43.715397],[64.932263,43.735374],[64.723078,43.649387],[64.639924,43.61468],[64.534861,43.570687],[63.857628,43.599258],[63.349076,43.650485],[62.242499,43.518554],[62.090519,43.509699],[62.0908,43.511071],[62.091583,43.511608],[62.092034,43.513405],[62.08771,43.514339],[62.085403,43.514113],[62.084598,43.513078],[62.086726,43.509435],[62.004055,43.505401],[62.244634,43.302068],[62.309987,43.288356],[62.375564,43.274956],[62.498668,43.249021],[62.443886,43.186029],[62.371101,43.101234],[62.280417,42.994911],[62.240356,42.947088],[62.008496,42.67403],[61.916353,42.562851],[61.892509,42.423457],[61.871223,42.284294],[61.860923,42.229789],[61.948499,42.084604],[61.998253,42.000836],[62.00343,41.993566],[61.948814,41.978124],[61.892474,41.967667],[61.776525,41.92657],[61.701949,41.89381],[61.680164,41.893461],[61.692178,41.88154],[61.825905,41.745317],[61.870931,41.697792],[61.891169,41.677569],[61.938951,41.628621],[61.995152,41.570134],[62.029134,41.538413],[62.085586,41.474493],[62.151013,41.406239],[62.264772,41.436824],[62.562493,41.466659],[62.585266,41.468047],[62.657494,41.358886],[62.687492,41.325271],[62.734162,41.287499],[62.785828,41.262214],[62.81305,41.251937],[62.862496,41.231102],[62.896384,41.20527],[62.941376,41.134163],[62.971657,41.049995],[62.98388,41.027215],[63.003052,41.028603],[63.012773,41.034722],[63.056938,41.035554],[63.125266,41.020546],[63.241662,40.982765],[63.474209,40.930497],[63.637771,40.813607],[63.683602,40.786109],[63.710156,40.775579],[63.709142,40.753931],[63.720252,40.732539],[63.719476,40.719708],[63.762868,40.726008],[63.821181,40.732566],[63.848228,40.737633],[63.95166,40.916382],[63.97416,40.934433],[63.996101,40.943604],[64.021653,40.953605],[64.040542,40.951103],[64.07666,40.919441],[64.078873,40.794442],[64.26416,40.77749],[64.429153,40.763329],[64.433319,40.771377],[64.451097,40.845269],[64.463317,40.848328],[64.571929,40.857772],[64.653869,40.858887],[64.703048,40.864997],[64.727478,40.909158],[64.743042,40.943604],[64.752776,40.946656],[64.773879,40.943046],[64.790818,40.896659],[64.813601,40.754007],[64.877631,40.722457],[64.89254,40.715483],[64.913743,40.711881],[65.088044,40.679993],[65.216385,40.669716],[65.313389,40.670238],[65.315443,40.667403],[65.321272,40.666151],[65.323069,40.668981],[65.327492,40.668715],[65.326908,40.667382],[65.327961,40.664019],[65.330708,40.663568],[65.332229,40.660353],[65.336468,40.656989],[65.340952,40.657899],[65.343652,40.661296],[65.35634,40.659093],[65.379223,40.666544],[65.374213,40.618748],[65.352494,40.518589],[65.3482,40.507651],[65.352929,40.495687],[65.354554,40.4901],[65.354576,40.486757],[65.353468,40.482426],[65.292209,40.505749],[65.276164,40.505958],[65.271014,40.505053],[65.261973,40.504844],[65.24515,40.504061],[65.239703,40.503121],[65.238559,40.502042],[65.229332,40.503504],[65.227286,40.498079],[65.226851,40.491656],[65.224723,40.480864],[65.229209,40.47867],[65.231314,40.47719],[65.237815,40.474422],[65.240367,40.472518],[65.229217,40.414041],[65.18757,40.409101],[65.183995,40.392608],[65.161105,40.333],[65.157636,40.319903],[65.152141,40.312038],[65.144247,40.314573],[65.133719,40.316406],[65.127836,40.341689],[65.128614,40.348876],[65.128546,40.350673],[65.126806,40.360754],[65.125776,40.362288],[65.112936,40.374652],[65.06526,40.421419],[65.059195,40.427117],[65.058302,40.428371],[65.051046,40.44182],[65.034567,40.47322],[65.021383,40.49787],[65.016198,40.507084],[65.034521,40.523015],[65.037382,40.526356],[65.037634,40.530757],[65.03665,40.53187],[65.033445,40.534358],[65.030562,40.53608],[65.028936,40.536671],[65.023947,40.537802],[65.022619,40.537941],[65.019278,40.539646],[65.013487,40.54109],[65.011038,40.541037],[65.009207,40.541716],[65.006826,40.541646],[65.004492,40.542481],[64.998472,40.543194],[64.980963,40.548986],[64.971807,40.545473],[64.970755,40.540202],[64.971098,40.538463],[64.969656,40.52392],[64.990278,40.523033],[64.994398,40.509547],[64.995634,40.503457],[64.998701,40.493501],[65.005407,40.467108],[65.005522,40.458489],[65.007376,40.450181],[65.008726,40.44837],[65.010855,40.44621],[65.014654,40.443283],[65.024684,40.425539],[65.029857,40.421479],[65.038211,40.413498],[65.038051,40.411895],[65.034137,40.400949],[65.023677,40.375479],[65.01514,40.348971],[65.01102,40.333497],[65.012851,40.328576],[65.018893,40.314668],[65.001521,40.314249],[64.97877,40.333619],[64.951098,40.356628],[64.876006,40.357271],[64.870185,40.354036],[64.86665,40.349648],[64.858893,40.33795],[64.854952,40.315552],[64.854334,40.285953],[64.887485,40.270571],[64.8879,40.268918],[64.880759,40.254027],[64.865458,40.220328],[64.863027,40.215556],[64.855726,40.21795],[64.854399,40.219191],[64.851904,40.222546],[64.850347,40.225675],[64.84799,40.227544],[64.843733,40.225849],[64.842817,40.224976],[64.842085,40.223245],[64.842748,40.220519],[64.84934,40.21809],[64.855451,40.21206],[64.862501,40.212427],[64.858541,40.20353],[64.874562,40.195321],[64.877812,40.191597],[64.879483,40.189341],[64.883236,40.187488],[64.886876,40.185022],[64.890835,40.18483],[64.895825,40.176314],[64.897931,40.17418],[64.904202,40.169301],[64.903561,40.164648],[64.90157,40.163529],[64.869801,40.162357],[64.869023,40.16108],[64.86987,40.160258],[64.871682,40.159096],[64.874109,40.158782],[64.874066,40.157989],[64.87298,40.154401],[64.870663,40.153832],[64.866933,40.153964],[64.862815,40.15323],[64.857324,40.153932],[64.853964,40.153654],[64.854269,40.153186],[64.854747,40.150571],[64.844914,40.148311],[64.842044,40.145429],[64.841738,40.143948],[64.841112,40.143242],[64.835381,40.141696],[64.831893,40.140053],[64.829516,40.137746],[64.827947,40.137022],[64.825655,40.136546],[64.824235,40.13666],[64.822466,40.135975],[64.821171,40.134432],[64.82132,40.132946],[64.822317,40.131899],[64.821968,40.131137],[64.819153,40.130184],[64.818381,40.129042],[64.819078,40.128185],[64.819598,40.127025],[64.819299,40.126379],[64.816586,40.125409],[64.815054,40.125355],[64.814261,40.125086],[64.814507,40.12421],[64.81567,40.123187],[64.816093,40.122392],[64.815476,40.121826],[64.813591,40.12122],[64.812341,40.120291],[64.808848,40.119149],[64.808873,40.118502],[64.809857,40.117959],[64.811838,40.117587],[64.812074,40.11693],[64.811775,40.116078],[64.809239,40.115068],[64.809014,40.11161],[64.808541,40.109743],[64.807594,40.108989],[64.807482,40.108207],[64.808292,40.107064],[64.809039,40.106702],[64.808939,40.10574],[64.808159,40.105094],[64.807243,40.104757],[64.806697,40.104137],[64.806926,40.103342],[64.806538,40.102035],[64.805481,40.101321],[64.803244,40.098408],[64.803631,40.096657],[64.803402,40.095282],[64.801676,40.094716],[64.799948,40.093894],[64.798803,40.091967],[64.797253,40.09097],[64.793935,40.088279],[64.790473,40.084982],[64.78828,40.082504],[64.787532,40.080312],[64.784445,40.078255],[64.780862,40.075528],[64.779433,40.073476],[64.777962,40.06867],[64.776951,40.067143],[64.77502,40.0652],[64.77435,40.064228],[64.774505,40.055194],[64.776211,40.053519],[64.775563,40.052304],[64.774373,40.050896],[64.772582,40.050513],[64.770514,40.04949],[64.768838,40.049333],[64.768287,40.048857],[64.765751,40.047922],[64.76527,40.047517],[64.764378,40.047281],[64.762816,40.047496],[64.761562,40.047256],[64.759205,40.047169],[64.757843,40.046698],[64.754448,40.046229],[64.753236,40.045685],[64.75269,40.044763],[64.751749,40.043862],[64.75136,40.042911],[64.749884,40.042604],[64.74928,40.042109],[64.749391,40.041225],[64.747197,40.038545],[64.745798,40.037199],[64.745076,40.036078],[64.741647,40.033283],[64.740233,40.032558],[64.739171,40.030629],[64.738433,40.029997],[64.737078,40.029822],[64.7354,40.030796],[64.734796,40.030948],[64.733638,40.030369],[64.731391,40.027173],[64.727928,40.024873],[64.723577,40.021181],[64.720972,40.019753],[64.720172,40.019053],[64.717372,40.018275],[64.715481,40.018412],[64.713811,40.018056],[64.711723,40.018114],[64.711811,40.01754],[64.71313,40.016229],[64.713206,40.015842],[64.712977,40.015362],[64.71232,40.014841],[64.71128,40.014677],[64.710707,40.014891],[64.71029,40.015424],[64.709931,40.016674],[64.709197,40.0173],[64.708643,40.017321],[64.7068,40.016656],[64.705899,40.016864],[64.705142,40.017461],[64.704607,40.018647],[64.704018,40.018603],[64.703754,40.018269],[64.703498,40.017177],[64.703785,40.015622],[64.703672,40.014479],[64.70338,40.013585],[64.702753,40.013034],[64.701764,40.013262],[64.701213,40.014848],[64.700413,40.015617],[64.699548,40.015825],[64.697878,40.015858],[64.697553,40.015684],[64.697175,40.015121],[64.696013,40.014756],[64.695602,40.014297],[64.695699,40.012877],[64.695283,40.012471],[64.693937,40.011738],[64.692824,40.010765],[64.691142,40.010165],[64.689234,40.008414],[64.687872,40.006683],[64.685332,40.005901],[64.683972,40.004381],[64.683134,40.00328],[64.682993,40.001205],[64.68181,39.998506],[64.680058,39.995259],[64.67774,39.991909],[64.677183,39.990468],[64.676534,39.989793],[64.676221,39.989031],[64.67528,39.988082],[64.669577,39.985337],[64.668134,39.985283],[64.667377,39.985432],[64.664664,39.985262],[64.661772,39.984603],[64.659691,39.98387],[64.657361,39.982723],[64.654934,39.981203],[64.653183,39.979658],[64.651691,39.978714],[64.650475,39.976539],[64.647086,39.97214],[64.645064,39.968689],[64.644226,39.967894],[64.643183,39.9662],[64.643097,39.965657],[64.641767,39.963034],[64.626627,39.946879],[64.625216,39.945118],[64.623821,39.941861],[64.622319,39.939391],[64.612038,39.91988],[64.61047,39.916419],[64.610643,39.915948],[64.611713,39.915472],[64.61338,39.914627],[64.613955,39.913999],[64.619107,39.902538],[64.620045,39.90124],[64.636331,39.890937],[64.657057,39.86396],[64.658145,39.863017],[64.65959,39.862431],[64.664728,39.861248],[64.665933,39.86046],[64.676141,39.848857],[64.677074,39.847518],[64.677324,39.846082],[64.677733,39.827041],[64.677779,39.826503],[64.678125,39.826021],[64.681333,39.824835],[64.685608,39.824312],[64.689429,39.824328],[64.694769,39.822992],[64.696799,39.822825],[64.697655,39.822774],[64.699693,39.822547],[64.702505,39.821604],[64.708274,39.815926],[64.711077,39.805563],[64.711755,39.804025],[64.713237,39.802662],[64.714984,39.801984],[64.7337,39.798726],[64.734757,39.798415],[64.736149,39.797673],[64.737918,39.796126],[64.739809,39.787016],[64.742043,39.785552],[64.761737,39.78456],[64.763067,39.784124],[64.770408,39.779393],[64.771345,39.779039],[64.776767,39.779326],[64.777865,39.778802],[64.77843,39.778062],[64.778695,39.777039],[64.778793,39.774381],[64.779046,39.773505],[64.780378,39.771493],[64.780658,39.770621],[64.780461,39.769808],[64.776818,39.767176],[64.776475,39.766649],[64.776475,39.765722],[64.776904,39.764774],[64.798911,39.752165],[64.804201,39.75039],[64.803518,39.747746],[64.802552,39.745704],[64.794704,39.73691],[64.823859,39.714247],[64.852126,39.746019],[64.878934,39.737536],[64.863259,39.715482],[65.011836,39.677318],[65.016366,39.577189],[65.090285,39.589844],[65.09017,39.583814],[65.097963,39.5821],[65.107091,39.577238],[65.115411,39.565439],[65.119838,39.551264],[65.1326,39.540592],[65.135351,39.480496],[65.132079,39.480355],[65.13183,39.468815],[65.139484,39.4634],[65.149155,39.468049],[65.160813,39.4711],[65.179153,39.474159],[65.21721,39.477767],[65.235534,39.480819],[65.246932,39.484436],[65.251937,39.487214],[65.255479,39.491622],[65.231659,39.526383],[65.227477,39.530274],[65.209716,39.555267],[65.192201,39.585547],[65.188584,39.599158],[65.189423,39.609718],[65.203049,39.633332],[65.214707,39.64888],[65.225447,39.672513],[65.227477,39.678604],[65.22943,39.68943],[65.240736,39.697485],[65.237828,39.720417],[65.237742,39.740122],[65.226227,39.785501],[65.223486,39.789093],[65.222906,39.789853],[65.219922,39.792148],[65.209099,39.807106],[65.205393,39.811064],[65.200243,39.816092],[65.194453,39.823264],[65.19419,39.827603],[65.193955,39.831472],[65.156435,39.879614],[65.213355,39.884253],[65.262351,39.888245],[65.26278,39.888146],[65.264368,39.888937],[65.266728,39.887801],[65.268831,39.888929],[65.270097,39.890114],[65.273573,39.891925],[65.275719,39.891514],[65.277007,39.891876],[65.277457,39.892863],[65.277951,39.895481],[65.279646,39.899136],[65.27882,39.900658],[65.281556,39.905819],[65.284399,39.906765],[65.287006,39.908683],[65.288841,39.90972],[65.29222,39.911135],[65.294344,39.912279],[65.29693,39.912633],[65.298844,39.913548],[65.300503,39.91511],[65.301672,39.917217],[65.306286,39.91953],[65.307359,39.923026],[65.309579,39.927041],[65.313206,39.928514],[65.314729,39.929879],[65.315566,39.932249],[65.316917,39.933937],[65.318162,39.934618],[65.320169,39.934815],[65.323532,39.933525],[65.325403,39.933525],[65.330028,39.93425],[65.347445,39.926495],[65.354513,39.925442],[65.359682,39.922682],[65.382679,39.918187],[65.390779,39.918214],[65.406751,39.915684],[65.41592,39.913151],[65.418537,39.911464],[65.422365,39.906769],[65.461836,39.90208],[65.46325,39.903171],[65.463756,39.908804],[65.463827,39.918433],[65.465426,39.933998],[65.466069,39.936945],[65.463473,39.940027],[65.46435,39.941357],[65.476389,39.951164],[65.476464,39.96058],[65.471058,39.960027],[65.468448,39.960464],[65.466475,39.962798],[65.463643,39.967528],[65.460737,39.973948],[65.457166,39.985576],[65.453229,39.986733],[65.446729,39.990311],[65.447507,39.993415],[65.448965,39.995639],[65.449057,39.996831],[65.448816,39.998074],[65.449872,39.998121],[65.453161,39.997085],[65.455481,39.997089],[65.456221,39.997535],[65.456953,39.997449],[65.45801,39.996676],[65.458665,39.996378],[65.458938,39.996465],[65.465392,39.996634],[65.470271,39.996996],[65.473406,39.996996],[65.479151,39.997697],[65.48382,39.9991],[65.485903,40.000011],[65.484095,40.008392],[65.49293,40.011004],[65.495791,40.010899],[65.499201,40.011179],[65.501902,40.011793],[65.503458,40.013108],[65.503756,40.013721],[65.503642,40.016386],[65.504466,40.017315],[65.505496,40.01777],[65.50664,40.018822],[65.506915,40.019523],[65.506434,40.020207],[65.504913,40.023798],[65.499934,40.024116],[65.497805,40.024554],[65.494189,40.02678],[65.490962,40.030635],[65.489611,40.033352],[65.487391,40.035315],[65.485835,40.039704],[65.483365,40.044804],[65.475404,40.045239],[65.464442,40.04642],[65.456773,40.046429],[65.450197,40.047982],[65.446287,40.051729],[65.440931,40.052129],[65.441122,40.056953],[65.44343,40.061452],[65.447301,40.070762],[65.447201,40.073187],[65.447535,40.073789],[65.456616,40.074976],[65.463505,40.074715],[65.465591,40.085779],[65.465884,40.086369],[65.468743,40.088459],[65.46825,40.090112],[65.470627,40.089767],[65.476694,40.094545],[65.481623,40.100953],[65.48173,40.102018],[65.481486,40.102842],[65.481818,40.103556],[65.490669,40.116891],[65.490631,40.122737],[65.500132,40.130281],[65.509579,40.140154],[65.514942,40.144612],[65.514379,40.148731],[65.518497,40.156951],[65.518723,40.161203],[65.51914,40.162359]]]}},{"type":"Feature","properties":{"name":"Surxondaryo"},"geometry":{"type":"Polygon","coordinates":[[[67.517021,38.844096],[67.51408,38.837033],[67.512744,38.834496],[67.51652,38.824428],[67.520709,38.816592],[67.522474,38.813996],[67.528036,38.813068],[67.526073,38.806526],[67.527742,38.804511],[67.528182,38.796938],[67.530386,38.794469],[67.530681,38.791416],[67.532039,38.7894],[67.535751,38.788275],[67.535451,38.784338],[67.536009,38.773597],[67.538014,38.771497],[67.538995,38.768524],[67.541002,38.765858],[67.540377,38.762453],[67.537427,38.759583],[67.539776,38.755821],[67.536459,38.753592],[67.53395,38.74971],[67.53153,38.749989],[67.52948,38.747585],[67.524317,38.745155],[67.521315,38.742435],[67.517886,38.741439],[67.518158,38.739175],[67.521283,38.736296],[67.520865,38.734287],[67.521696,38.732047],[67.517062,38.717483],[67.513777,38.717838],[67.513059,38.712862],[67.509975,38.70957],[67.504502,38.707133],[67.500615,38.712715],[67.487387,38.712996],[67.483969,38.712762],[67.48215,38.714821],[67.473303,38.714385],[67.470104,38.715218],[67.468105,38.716883],[67.465911,38.719781],[67.463763,38.720239],[67.461513,38.722306],[67.459487,38.72104],[67.455153,38.721207],[67.451616,38.718905],[67.446804,38.718016],[67.441825,38.719362],[67.435911,38.719819],[67.433045,38.721898],[67.425416,38.724543],[67.423449,38.723818],[67.416566,38.718879],[67.408317,38.719791],[67.399852,38.720399],[67.39569,38.722736],[67.392454,38.721449],[67.389315,38.721946],[67.386941,38.720194],[67.376409,38.717791],[67.374162,38.716643],[67.367471,38.715769],[67.360542,38.696962],[67.352108,38.690041],[67.352423,38.686134],[67.348096,38.682733],[67.345063,38.682632],[67.336839,38.689463],[67.333684,38.691195],[67.329757,38.691369],[67.326029,38.683985],[67.325195,38.674513],[67.326782,38.667768],[67.325326,38.664971],[67.314,38.655231],[67.308155,38.64934],[67.307686,38.64614],[67.305403,38.64356],[67.304865,38.63522],[67.307625,38.632494],[67.306161,38.628974],[67.307435,38.625443],[67.305755,38.623596],[67.305551,38.619971],[67.303434,38.618231],[67.291647,38.616735],[67.283651,38.61047],[67.275302,38.601566],[67.272039,38.593685],[67.2678,38.591696],[67.264934,38.586547],[67.258843,38.582694],[67.25564,38.58197],[67.255669,38.581721],[67.254953,38.581303],[67.254776,38.580896],[67.253412,38.579644],[67.252398,38.579256],[67.251487,38.578095],[67.250556,38.577624],[67.249083,38.577439],[67.244572,38.576346],[67.242948,38.576522],[67.242077,38.576056],[67.241303,38.575879],[67.240577,38.574908],[67.238218,38.574224],[67.236182,38.57424],[67.235479,38.573812],[67.231531,38.572865],[67.22503,38.572336],[67.224439,38.571984],[67.222873,38.572009],[67.220641,38.571732],[67.218992,38.571019],[67.218355,38.569988],[67.216874,38.569443],[67.214627,38.567587],[67.211412,38.564051],[67.210641,38.562895],[67.210512,38.561487],[67.209012,38.557415],[67.205561,38.553945],[67.204618,38.552319],[67.203628,38.551406],[67.202446,38.549598],[67.201679,38.549198],[67.200374,38.547384],[67.198022,38.545045],[67.199051,38.54401],[67.196821,38.540033],[67.195253,38.537915],[67.193378,38.538327],[67.192581,38.538049],[67.191528,38.53825],[67.191258,38.53757],[67.190449,38.537694],[67.190155,38.537321],[67.188366,38.536928],[67.188121,38.536333],[67.186957,38.53573],[67.186063,38.535864],[67.185493,38.535762],[67.184715,38.535624],[67.184237,38.535231],[67.183208,38.535193],[67.182007,38.534762],[67.179936,38.532873],[67.177008,38.532145],[67.176052,38.531685],[67.174667,38.52948],[67.173332,38.528301],[67.17229,38.528512],[67.169717,38.527381],[67.168933,38.527889],[67.16821,38.527822],[67.167193,38.527208],[67.166568,38.526077],[67.165955,38.525684],[67.16533,38.524773],[67.161973,38.522291],[67.161029,38.521255],[67.160025,38.520728],[67.159486,38.52022],[67.158456,38.51999],[67.158052,38.519367],[67.157721,38.517938],[67.158468,38.517267],[67.158383,38.517018],[67.157072,38.516491],[67.157549,38.515944],[67.156863,38.512876],[67.156569,38.512435],[67.15576,38.511936],[67.155062,38.510949],[67.153935,38.510709],[67.152403,38.510939],[67.15097,38.510824],[67.150308,38.51045],[67.149377,38.509511],[67.148752,38.508159],[67.147379,38.507027],[67.146632,38.506653],[67.146145,38.505865],[67.147196,38.501633],[67.146402,38.500239],[67.146188,38.499147],[67.145094,38.498459],[67.144621,38.496494],[67.142485,38.495513],[67.141681,38.494774],[67.141699,38.493939],[67.140297,38.492468],[67.139885,38.491773],[67.139894,38.490126],[67.139577,38.488121],[67.138492,38.487111],[67.138613,38.486057],[67.137893,38.485237],[67.137024,38.48318],[67.136318,38.47622],[67.13413,38.474814],[67.133288,38.473416],[67.132718,38.47294],[67.131942,38.471242],[67.131989,38.468885],[67.132765,38.46641],[67.132718,38.464704],[67.133428,38.463657],[67.132765,38.461636],[67.133195,38.460626],[67.133101,38.459835],[67.131578,38.457111],[67.131241,38.456043],[67.130513,38.455356],[67.126908,38.454273],[67.125712,38.452401],[67.125768,38.452006],[67.12687,38.45028],[67.127842,38.44968],[67.128234,38.446622],[67.127655,38.445584],[67.127678,38.443928],[67.128043,38.442985],[67.125637,38.44105],[67.125175,38.440461],[67.122442,38.438612],[67.120929,38.43821],[67.119901,38.438585],[67.11873,38.438417],[67.117892,38.438097],[67.117312,38.436861],[67.116453,38.435792],[67.115594,38.435119],[67.113531,38.434017],[67.113145,38.433344],[67.113628,38.432006],[67.113607,38.431173],[67.111695,38.427498],[67.111695,38.426976],[67.1123,38.42655],[67.112177,38.426115],[67.111041,38.424888],[67.110807,38.424047],[67.10829,38.421331],[67.108093,38.420664],[67.106131,38.418943],[67.105181,38.417609],[67.101841,38.418012],[67.100685,38.41769],[67.099566,38.417979],[67.099013,38.417812],[67.098273,38.417976],[67.0979,38.417464],[67.097337,38.417434],[67.096688,38.418443],[67.094633,38.418906],[67.089478,38.418519],[67.087954,38.417817],[67.087949,38.417115],[67.087241,38.416493],[67.086485,38.416199],[67.085755,38.416153],[67.085135,38.415728],[67.082745,38.414781],[67.082125,38.414245],[67.080703,38.413704],[67.079726,38.413003],[67.078611,38.413111],[67.077213,38.413744],[67.076194,38.413633],[67.075833,38.413429],[67.074832,38.413396],[67.074569,38.412518],[67.074161,38.412047],[67.073213,38.411749],[67.071768,38.411679],[67.067244,38.412058],[67.061662,38.409261],[67.060666,38.409305],[67.060092,38.409532],[67.059435,38.409456],[67.059165,38.409272],[67.05864,38.407776],[67.057955,38.406838],[67.059001,38.405667],[67.059001,38.405298],[67.057397,38.404731],[67.055919,38.404887],[67.054252,38.404008],[67.053256,38.40395],[67.052869,38.403449],[67.053141,38.402603],[67.052931,38.402291],[67.05138,38.401445],[67.051296,38.400911],[67.05188,38.39902],[67.05118,38.398434],[67.050639,38.397274],[67.049875,38.396863],[67.049907,38.395828],[67.050305,38.394569],[67.050957,38.393484],[67.050655,38.393023],[67.047426,38.392187],[67.045517,38.391277],[67.04181,38.391202],[67.03963,38.390603],[67.036989,38.390192],[67.034014,38.390392],[67.033155,38.390217],[67.030658,38.390354],[67.028287,38.388982],[67.022942,38.387262],[67.020237,38.387337],[67.015107,38.386235],[67.011643,38.38333],[67.010321,38.382483],[67.009366,38.382006],[67.005566,38.381002],[67.002512,38.379233],[66.999668,38.378386],[66.999269,38.377908],[66.997394,38.376878],[66.997191,38.376304],[66.993458,38.372925],[66.991075,38.372934],[66.989364,38.372045],[66.98789,38.370448],[66.987016,38.368555],[66.985268,38.36848],[66.984219,38.367197],[66.983425,38.366611],[66.980167,38.366711],[66.977386,38.365851],[66.977068,38.364942],[66.97629,38.364207],[66.975941,38.363105],[66.976323,38.361139],[66.976858,38.360667],[66.97702,38.360241],[66.976848,38.35932],[66.977144,38.358848],[66.977202,38.357182],[66.976995,38.353555],[66.975128,38.353336],[66.974442,38.353538],[66.974066,38.354144],[66.973422,38.354228],[66.968627,38.353959],[66.966331,38.354051],[66.964979,38.353378],[66.963852,38.35241],[66.962383,38.352587],[66.961159,38.352486],[66.959175,38.352722],[66.958821,38.352899],[66.957512,38.35268],[66.955545,38.349891],[66.955125,38.348895],[66.954521,38.346418],[66.954496,38.345256],[66.954138,38.34455],[66.953645,38.344124],[66.953104,38.342337],[66.953405,38.340755],[66.952428,38.339064],[66.95275,38.338474],[66.953255,38.338129],[66.953428,38.336712],[66.954653,38.334943],[66.954921,38.333957],[66.954073,38.332542],[66.952945,38.331868],[66.950367,38.331927],[66.946092,38.333241],[66.944864,38.332764],[66.944733,38.331929],[66.94294,38.329526],[66.941352,38.328002],[66.937672,38.327577],[66.936738,38.327591],[66.935524,38.327943],[66.934814,38.327093],[66.932927,38.326434],[66.93218,38.32576],[66.931489,38.323943],[66.930312,38.323488],[66.929416,38.322345],[66.927824,38.321554],[66.928725,38.320426],[66.928768,38.319988],[66.927759,38.319063],[66.927824,38.316083],[66.927338,38.313436],[66.92357,38.308518],[66.91621,38.305966],[66.904758,38.300669],[66.902611,38.294022],[66.885094,38.286894],[66.879904,38.285542],[66.873716,38.283052],[66.871999,38.284193],[66.871148,38.283425],[66.869304,38.284002],[66.867308,38.283487],[66.866319,38.282668],[66.863198,38.285133],[66.8622,38.28677],[66.858723,38.28577],[66.858506,38.284236],[66.856844,38.282753],[66.855524,38.281902],[66.849749,38.281503],[66.848681,38.280988],[66.84774,38.28109],[66.846237,38.278855],[66.845023,38.278676],[66.843508,38.277781],[66.840754,38.278023],[66.839578,38.276446],[66.831888,38.27496],[66.831983,38.270384],[66.834195,38.265396],[66.837543,38.263007],[66.839063,38.259936],[66.839931,38.258658],[66.839853,38.256997],[66.835701,38.252129],[66.831831,38.25072],[66.831899,38.2487],[66.827659,38.247452],[66.827698,38.24674],[66.826548,38.245178],[66.825437,38.244558],[66.824296,38.243165],[66.823019,38.242361],[66.822746,38.241833],[66.820195,38.240517],[66.820086,38.240171],[66.820372,38.239952],[66.820424,38.238905],[66.819874,38.237598],[66.818616,38.237857],[66.818733,38.237224],[66.818117,38.236637],[66.820552,38.235466],[66.82112,38.235431],[66.822524,38.234605],[66.824854,38.231487],[66.825022,38.230204],[66.826367,38.228832],[66.830767,38.226836],[66.833096,38.225222],[66.831907,38.223937],[66.835058,38.222507],[66.837566,38.221714],[66.838218,38.2211],[66.8379,38.218423],[66.83627,38.216787],[66.836699,38.215708],[66.8376,38.214865],[66.837908,38.212517],[66.837443,38.211946],[66.837338,38.211215],[66.837876,38.209987],[66.838351,38.209622],[66.838083,38.207439],[66.837717,38.20679],[66.837673,38.205105],[66.837951,38.204666],[66.838016,38.202086],[66.837565,38.200821],[66.83675,38.200181],[66.835806,38.197854],[66.835763,38.196521],[66.835012,38.194885],[66.832716,38.193536],[66.830613,38.193148],[66.827072,38.190012],[66.826343,38.186318],[66.825892,38.185407],[66.825806,38.183906],[66.826257,38.182894],[66.82512,38.181747],[66.824197,38.178441],[66.820721,38.17667],[66.820227,38.172605],[66.818489,38.171239],[66.817609,38.169265],[66.816558,38.164879],[66.812996,38.162348],[66.807826,38.16151],[66.802515,38.157384],[66.801835,38.155651],[66.797652,38.152808],[66.793038,38.151942],[66.791412,38.15107],[66.791079,38.147827],[66.789666,38.146654],[66.788475,38.147232],[66.785398,38.147316],[66.78293,38.146633],[66.782025,38.145127],[66.781337,38.144647],[66.776992,38.143698],[66.775984,38.143275],[66.774388,38.143565],[66.773684,38.143019],[66.771924,38.138911],[66.77031,38.137923],[66.767343,38.139283],[66.759818,38.136477],[66.755505,38.136173],[66.751342,38.133844],[66.744519,38.132815],[66.74336,38.130097],[66.739111,38.13003],[66.729756,38.130992],[66.729112,38.130789],[66.725486,38.125574],[66.714993,38.116407],[66.711565,38.117049],[66.709044,38.116748],[66.707803,38.115839],[66.707634,38.113674],[66.706183,38.111459],[66.70525,38.110566],[66.704616,38.109077],[66.704221,38.106497],[66.694016,38.099381],[66.682068,38.088065],[66.676477,38.08101],[66.671863,38.077078],[66.670398,38.075562],[66.66879,38.074666],[66.668136,38.073304],[66.66532,38.072383],[66.665025,38.071921],[66.664499,38.071671],[66.661957,38.069176],[66.660115,38.068869],[66.660444,38.067778],[66.660368,38.066487],[66.66194,38.065499],[66.661357,38.063011],[66.660559,38.062272],[66.661001,38.061591],[66.661144,38.060019],[66.659841,38.059099],[66.659293,38.05836],[66.658083,38.057798],[66.656039,38.055026],[66.655263,38.05224],[66.650859,38.048799],[66.648853,38.04293],[66.645855,38.03956],[66.64352,38.039368],[66.640307,38.036308],[66.641764,38.035352],[66.639635,38.030349],[66.637281,38.029216],[66.635694,38.026582],[66.633134,38.028083],[66.629678,38.023433],[66.628296,38.023227],[66.626914,38.024096],[66.624783,38.020494],[66.624665,38.018758],[66.623948,38.018055],[66.62159,38.017665],[66.617182,38.018371],[66.616434,38.017017],[66.615052,38.016222],[66.61451,38.014471],[66.612941,38.014044],[66.611148,38.011101],[66.609234,38.0105],[66.607654,38.00924],[66.607083,38.008545],[66.605103,38.009072],[66.603031,38.007559],[66.601835,38.007821],[66.600325,38.007753],[66.615925,38.003763],[66.621039,38.002004],[66.621919,38.001328],[66.62424,38.000056],[66.643354,37.99192],[66.672337,37.97505],[66.674514,37.972716],[66.686725,37.951386],[66.705088,37.922404],[66.7063,37.92164],[66.707436,37.920045],[66.70748,37.91871],[66.707165,37.917778],[66.70632,37.916993],[66.706131,37.916498],[66.706243,37.914718],[66.705848,37.914138],[66.704929,37.913783],[66.702015,37.913117],[66.700783,37.913438],[66.698885,37.913156],[66.69801,37.913399],[66.696444,37.912952],[66.693474,37.91304],[66.692778,37.91274],[66.690659,37.913043],[66.689911,37.913993],[66.689283,37.914096],[66.687537,37.91516],[66.68658,37.915097],[66.685108,37.914275],[66.683923,37.914668],[66.682216,37.914206],[66.681574,37.914449],[66.68097,37.914309],[66.680108,37.914467],[66.679463,37.913646],[66.67684,37.913234],[66.676067,37.912351],[66.674143,37.91148],[66.672761,37.911444],[66.670071,37.9108],[66.66914,37.909568],[66.667107,37.908404],[66.663899,37.907376],[66.663292,37.906401],[66.66253,37.906103],[66.661968,37.905372],[66.660134,37.904486],[66.658936,37.904833],[66.65777,37.902314],[66.656717,37.90138],[66.65479,37.900446],[66.653132,37.899255],[66.651132,37.898964],[66.650083,37.897713],[66.645523,37.897577],[66.644231,37.896982],[66.641475,37.897227],[66.64191,37.895083],[66.641162,37.89452],[66.640431,37.894431],[66.639429,37.893379],[66.638925,37.891988],[66.638072,37.891035],[66.637711,37.888797],[66.636638,37.887962],[66.636732,37.8866],[66.63565,37.88568],[66.633814,37.884993],[66.632645,37.885519],[66.632384,37.883943],[66.63202,37.88368],[66.630554,37.883488],[66.629071,37.882456],[66.627531,37.881815],[66.626165,37.881724],[66.625391,37.881408],[66.62453,37.880612],[66.623174,37.8801],[66.622179,37.880022],[66.620841,37.879594],[66.620501,37.879064],[66.619716,37.878844],[66.618175,37.877462],[66.615828,37.875835],[66.613829,37.873491],[66.612954,37.871879],[66.611782,37.871493],[66.60982,37.870497],[66.60718,37.868613],[66.606177,37.867312],[66.605166,37.865315],[66.603368,37.863705],[66.602446,37.862233],[66.601969,37.860003],[66.601142,37.858761],[66.600777,37.856238],[66.599647,37.854464],[66.598662,37.85175],[66.596738,37.85044],[66.596398,37.849793],[66.59463,37.848949],[66.590518,37.846187],[66.589712,37.845495],[66.588405,37.844869],[66.587887,37.844296],[66.586867,37.844186],[66.586061,37.843713],[66.585762,37.842522],[66.584966,37.841588],[66.5839,37.841189],[66.582711,37.839968],[66.581858,37.839861],[66.58095,37.839236],[66.581339,37.838591],[66.580751,37.837929],[66.578567,37.8374],[66.579206,37.836807],[66.579786,37.835846],[66.579056,37.834351],[66.577173,37.833307],[66.576921,37.832804],[66.577244,37.831187],[66.576645,37.829832],[66.576292,37.828139],[66.576601,37.826624],[66.575109,37.823865],[66.573606,37.822478],[66.573776,37.821552],[66.572134,37.819861],[66.571666,37.818108],[66.571109,37.817394],[66.570555,37.8173],[66.569877,37.81673],[66.569051,37.81554],[66.567152,37.814347],[66.566448,37.812577],[66.566192,37.810762],[66.564906,37.80884],[66.564645,37.807882],[66.563929,37.807209],[66.563304,37.806196],[66.563185,37.805279],[66.56293,37.804963],[66.562181,37.804657],[66.561832,37.803933],[66.560901,37.803858],[66.559503,37.802217],[66.559859,37.801763],[66.559684,37.801067],[66.560858,37.79934],[66.560604,37.798207],[66.560813,37.79732],[66.560615,37.796755],[66.561376,37.795511],[66.561194,37.794881],[66.559631,37.793503],[66.559271,37.792076],[66.558222,37.791383],[66.557395,37.790366],[66.557436,37.789799],[66.556688,37.789129],[66.554591,37.788331],[66.554166,37.787529],[66.552145,37.786279],[66.552262,37.785802],[66.551791,37.785358],[66.551293,37.784038],[66.547641,37.778574],[66.547248,37.77761],[66.547892,37.776655],[66.546574,37.775043],[66.545992,37.773882],[66.545149,37.773295],[66.543457,37.772887],[66.542624,37.77251],[66.542889,37.771813],[66.543873,37.771433],[66.544375,37.770795],[66.544132,37.769603],[66.545109,37.767588],[66.545605,37.767093],[66.545734,37.765831],[66.546238,37.764949],[66.545685,37.763429],[66.545758,37.762737],[66.544638,37.760167],[66.544893,37.758443],[66.544707,37.757602],[66.544318,37.757114],[66.544669,37.756136],[66.544444,37.755151],[66.544949,37.753803],[66.544858,37.75298],[66.545214,37.752265],[66.545583,37.749198],[66.544755,37.748777],[66.543905,37.747175],[66.542807,37.746809],[66.542082,37.745991],[66.541284,37.74416],[66.541534,37.743334],[66.541518,37.74228],[66.542484,37.740936],[66.542278,37.740162],[66.542358,37.739289],[66.542788,37.737555],[66.543211,37.736791],[66.543291,37.735878],[66.542763,37.734596],[66.542756,37.733256],[66.5431,37.731826],[66.54363,37.731354],[66.543558,37.729543],[66.543792,37.728527],[66.544705,37.727635],[66.54549,37.725714],[66.545836,37.721888],[66.546637,37.720207],[66.547273,37.717825],[66.547314,37.715222],[66.548393,37.712487],[66.549085,37.710171],[66.549003,37.709111],[66.549663,37.707615],[66.549036,37.706512],[66.548949,37.705775],[66.550044,37.703322],[66.549798,37.702001],[66.550702,37.70008],[66.551418,37.69718],[66.550934,37.696168],[66.549213,37.69448],[66.54783,37.690551],[66.547822,37.689498],[66.549083,37.688304],[66.549127,37.68785],[66.550146,37.68707],[66.54965,37.686061],[66.549453,37.684561],[66.547344,37.68127],[66.543868,37.677087],[66.543347,37.675815],[66.543919,37.67473],[66.544076,37.673237],[66.543546,37.671631],[66.543707,37.669421],[66.544135,37.668412],[66.542609,37.665953],[66.542314,37.663956],[66.542575,37.660607],[66.543009,37.658965],[66.54207,37.653457],[66.543134,37.653373],[66.543414,37.651193],[66.543165,37.65037],[66.541546,37.647968],[66.540758,37.647221],[66.540334,37.645914],[66.539956,37.645434],[66.541772,37.643485],[66.541889,37.642669],[66.541518,37.641568],[66.53834,37.636769],[66.536938,37.635751],[66.536075,37.634458],[66.536764,37.630157],[66.536288,37.628879],[66.534411,37.626893],[66.53466,37.625554],[66.533988,37.621018],[66.531863,37.6184],[66.531078,37.61666],[66.530079,37.615385],[66.529581,37.612914],[66.527679,37.610761],[66.526408,37.608642],[66.524723,37.60657],[66.522454,37.599048],[66.522428,37.598023],[66.522654,37.597385],[66.523469,37.596748],[66.523959,37.596],[66.52491,37.59012],[66.527097,37.588571],[66.527729,37.587527],[66.528969,37.586473],[66.53162,37.581862],[66.530387,37.577591],[66.529906,37.573239],[66.527337,37.562073],[66.525621,37.558093],[66.527658,37.537888],[66.533626,37.526067],[66.533918,37.51437],[66.534998,37.512266],[66.535537,37.511694],[66.54033,37.509577],[66.540959,37.509005],[66.541552,37.508038],[66.542395,37.507468],[66.543476,37.506026],[66.547131,37.503085],[66.553857,37.49928],[66.554296,37.498583],[66.554267,37.497611],[66.565446,37.49405],[66.566821,37.49393],[66.567749,37.493512],[66.568882,37.490947],[66.56976,37.490264],[66.56958,37.489587],[66.569855,37.489365],[66.570176,37.489441],[66.570541,37.489286],[66.571622,37.488258],[66.572248,37.486206],[66.572894,37.485835],[66.572872,37.485495],[66.573413,37.484971],[66.573775,37.483312],[66.573619,37.482875],[66.57411,37.481357],[66.573901,37.480618],[66.57459,37.479732],[66.574681,37.478634],[66.576457,37.476338],[66.576578,37.475349],[66.577615,37.474278],[66.577593,37.471864],[66.577913,37.470971],[66.580092,37.469066],[66.580507,37.467627],[66.573582,37.451983],[66.571985,37.450606],[66.568179,37.448344],[66.561805,37.445283],[66.559328,37.444539],[66.55655,37.442319],[66.553806,37.440836],[66.553366,37.440233],[66.552616,37.439848],[66.55249,37.439351],[66.550836,37.436822],[66.549706,37.435868],[66.547543,37.434919],[66.546458,37.434711],[66.545198,37.432438],[66.539161,37.427862],[66.535648,37.423635],[66.534642,37.421019],[66.532102,37.41934],[66.531036,37.418032],[66.52982,37.415852],[66.528949,37.415069],[66.526274,37.413671],[66.524884,37.413173],[66.522827,37.41149],[66.522012,37.411206],[66.521403,37.409895],[66.520313,37.408707],[66.51883,37.405865],[66.517904,37.405346],[66.516663,37.404004],[66.514221,37.403708],[66.513732,37.403444],[66.513543,37.402834],[66.512274,37.401711],[66.512138,37.401277],[66.511419,37.401119],[66.511286,37.400719],[66.510609,37.400712],[66.510455,37.400342],[66.509839,37.40023],[66.509604,37.399788],[66.509098,37.399614],[66.508747,37.398431],[66.508156,37.398321],[66.505694,37.396802],[66.502251,37.395761],[66.502151,37.395186],[66.500178,37.392719],[66.501611,37.392049],[66.504686,37.392022],[66.505649,37.391137],[66.506238,37.389931],[66.508746,37.389046],[66.509128,37.389259],[66.509253,37.389705],[66.510236,37.389987],[66.510944,37.389914],[66.51127,37.389502],[66.511785,37.389391],[66.512299,37.388836],[66.512177,37.388458],[66.512923,37.387856],[66.512842,37.387291],[66.512424,37.386841],[66.513046,37.386378],[66.512881,37.386052],[66.514217,37.385281],[66.514364,37.384549],[66.515473,37.38415],[66.515644,37.383639],[66.515266,37.383297],[66.515231,37.38234],[66.517287,37.381839],[66.518237,37.380995],[66.518198,37.380393],[66.518521,37.379901],[66.521265,37.378291],[66.521531,37.375883],[66.521883,37.372429],[66.526915,37.373012],[66.528636,37.371643],[66.536082,37.369813],[66.537557,37.369293],[66.5433,37.365899],[66.54537,37.362677],[66.546988,37.360684],[66.546678,37.358876],[66.55149,37.354385],[66.560478,37.362453],[66.563303,37.363602],[66.571517,37.367832],[66.575097,37.36917],[66.578887,37.369627],[66.58373,37.369872],[66.588731,37.369613],[66.593677,37.368724],[66.595676,37.367462],[66.596728,37.366285],[66.598148,37.365527],[66.602042,37.36485],[66.604041,37.363671],[66.607089,37.360728],[66.608666,37.358921],[66.609716,37.357198],[66.610345,37.355182],[66.610024,37.351195],[66.610022,37.349726],[66.610232,37.349054],[66.613385,37.34611],[66.61533,37.34489],[66.617117,37.343376],[66.619691,37.340307],[66.621003,37.338416],[66.621948,37.336525],[66.622313,37.33451],[66.622258,37.332999],[66.622888,37.332032],[66.625363,37.330207],[66.626895,37.329551],[66.630618,37.328589],[66.637466,37.328978],[66.643655,37.328668],[66.646831,37.327967],[66.648692,37.327398],[66.649622,37.326743],[66.652244,37.323554],[66.653229,37.323117],[66.655365,37.323028],[66.65668,37.323245],[66.659092,37.324203],[66.66156,37.325642],[66.663205,37.326295],[66.663809,37.326819],[66.665838,37.32769],[66.667155,37.328693],[66.668693,37.330438],[66.669573,37.332096],[66.670251,37.332896],[66.671842,37.336408],[66.672329,37.338385],[66.672193,37.339484],[66.671577,37.340969],[66.671647,37.341628],[66.672061,37.342067],[66.674061,37.343271],[66.675096,37.344203],[66.685857,37.351596],[66.688343,37.354172],[66.690275,37.355706],[66.692621,37.357019],[66.694964,37.357508],[66.697444,37.357502],[66.704811,37.356441],[66.708461,37.356102],[66.710597,37.356372],[66.717903,37.357947],[66.727905,37.362646],[66.730319,37.363574],[66.732868,37.363732],[66.734726,37.362903],[66.736926,37.361578],[66.738506,37.3602],[66.739947,37.358438],[66.740976,37.356787],[66.742762,37.355354],[66.745308,37.354578],[66.751191,37.35381],[66.75543,37.355534],[66.759657,37.357765],[66.769011,37.360855],[66.773861,37.361111],[66.781435,37.361129],[66.786212,37.362121],[66.793359,37.363101],[66.799484,37.363281],[66.800872,37.363255],[66.803089,37.362364],[66.806579,37.361398],[66.80971,37.361028],[66.811286,37.360312],[66.814042,37.358597],[66.816551,37.357525],[66.823928,37.355969],[66.845416,37.354573],[66.84979,37.354104],[66.855646,37.357985],[66.865163,37.362507],[66.870501,37.365248],[66.871191,37.365442],[66.872674,37.366386],[66.880492,37.368569],[66.887455,37.370187],[66.897188,37.372027],[66.8996,37.372844],[66.902803,37.374549],[66.904125,37.374936],[66.907541,37.37752],[66.912366,37.381877],[66.914302,37.383379],[66.918772,37.385331],[66.923322,37.386269],[66.925264,37.387494],[66.927325,37.388491],[66.931029,37.391217],[66.935311,37.39395],[66.945062,37.398001],[66.947482,37.398494],[66.949974,37.39825],[66.951138,37.397942],[66.957891,37.395815],[66.962553,37.394076],[66.966702,37.392007],[66.969925,37.38988],[66.974451,37.389199],[66.977039,37.387018],[66.979374,37.38594],[66.988705,37.384952],[66.989456,37.385007],[66.99126,37.38443],[66.99231,37.383982],[66.993194,37.383163],[66.997452,37.378371],[66.998942,37.37754],[67.000752,37.376944],[67.005197,37.37638],[67.007247,37.375739],[67.010045,37.373728],[67.01107,37.373407],[67.020696,37.374287],[67.022726,37.374646],[67.029442,37.377203],[67.031459,37.378132],[67.038675,37.379743],[67.043573,37.380421],[67.044771,37.380436],[67.048087,37.379429],[67.051616,37.376806],[67.057431,37.373687],[67.059192,37.372518],[67.060841,37.370967],[67.06348,37.367857],[67.068292,37.361013],[67.069148,37.360166],[67.075761,37.355961],[67.079821,37.353629],[67.081765,37.352271],[67.0869,37.350047],[67.087755,37.349248],[67.087845,37.347726],[67.086895,37.344335],[67.086728,37.342946],[67.086829,37.341669],[67.087263,37.34096],[67.090609,37.338334],[67.092488,37.337166],[67.096486,37.33488],[67.098709,37.334478],[67.103144,37.334244],[67.104648,37.333193],[67.107594,37.330459],[67.108445,37.329981],[67.110141,37.329436],[67.112035,37.328109],[67.112424,37.327069],[67.112056,37.323338],[67.112138,37.320879],[67.113306,37.317832],[67.11366,37.316008],[67.113629,37.314853],[67.111987,37.30765],[67.111892,37.305275],[67.111267,37.302901],[67.107356,37.296936],[67.106781,37.293897],[67.106742,37.291377],[67.107761,37.288993],[67.107759,37.286599],[67.108176,37.285863],[67.110703,37.284801],[67.113962,37.282299],[67.123412,37.275831],[67.123896,37.274717],[67.125228,37.273236],[67.127877,37.271468],[67.132482,37.270387],[67.134239,37.268049],[67.138476,37.265074],[67.142951,37.265127],[67.151612,37.266215],[67.15371,37.26571],[67.158224,37.26575],[67.163328,37.266681],[67.169758,37.267417],[67.173863,37.26719],[67.180167,37.264318],[67.18837,37.260101],[67.191319,37.2595],[67.198906,37.258838],[67.20584,37.255571],[67.223629,37.243864],[67.234162,37.216012],[67.246186,37.189022],[67.257416,37.183242],[67.270036,37.182116],[67.304817,37.194039],[67.325464,37.197748],[67.340294,37.204062],[67.361262,37.209602],[67.377261,37.219494],[67.401708,37.217516],[67.418601,37.224559],[67.453096,37.236481],[67.456361,37.238306],[67.464683,37.246979],[67.474254,37.259764],[67.484928,37.265563],[67.493732,37.268796],[67.502605,37.269596],[67.51681,37.265154],[67.524942,37.259626],[67.53742,37.247517],[67.546162,37.236464],[67.558246,37.222444],[67.56598,37.218385],[67.573304,37.217219],[67.576446,37.220751],[67.589077,37.227323],[67.597429,37.229985],[67.607354,37.229265],[67.617906,37.227787],[67.642657,37.221096],[67.681492,37.220002],[67.689226,37.218907],[67.707474,37.218907],[67.722518,37.213966],[67.740548,37.209345],[67.751982,37.202799],[67.771796,37.193422],[67.778755,37.188841],[67.780901,37.1816],[67.789258,37.186655],[67.795314,37.188714],[67.79609,37.189395],[67.796323,37.18995],[67.794964,37.195465],[67.797423,37.196028],[67.798738,37.196553],[67.798798,37.19701],[67.79851,37.1987],[67.797706,37.20105],[67.796326,37.202199],[67.814897,37.245986],[67.813691,37.249223],[67.810658,37.261245],[67.810584,37.263011],[67.811364,37.264555],[67.813096,37.266233],[67.811934,37.268328],[67.812396,37.269111],[67.815657,37.269774],[67.817215,37.270939],[67.817823,37.271629],[67.818906,37.273622],[67.819468,37.274267],[67.82268,37.276097],[67.823116,37.276711],[67.82614,37.283543],[67.826313,37.285778],[67.825008,37.287907],[67.825542,37.288928],[67.826606,37.289734],[67.829578,37.291031],[67.833073,37.296699],[67.837658,37.30185],[67.84072,37.308402],[67.841722,37.320716],[67.841881,37.328194],[67.84168,37.329167],[67.839627,37.334467],[67.831083,37.3483],[67.822243,37.35612],[67.820376,37.359077],[67.818922,37.364449],[67.818039,37.370637],[67.814866,37.377069],[67.81386,37.378229],[67.804597,37.384524],[67.802819,37.386166],[67.801159,37.387779],[67.80073,37.388637],[67.800823,37.391742],[67.80065,37.392733],[67.798891,37.396793],[67.799032,37.397473],[67.800276,37.398869],[67.800349,37.399614],[67.800092,37.400303],[67.791579,37.411405],[67.790536,37.414152],[67.79016,37.418203],[67.790412,37.419131],[67.795298,37.424724],[67.800278,37.428132],[67.803167,37.430764],[67.805555,37.433622],[67.809289,37.462079],[67.808837,37.467302],[67.814662,37.479823],[67.820427,37.485887],[67.823773,37.494258],[67.827776,37.501992],[67.833243,37.507019],[67.833332,37.50728],[67.833386,37.509613],[67.834947,37.515472],[67.83535,37.522902],[67.831375,37.533989],[67.831457,37.538755],[67.830699,37.542477],[67.830641,37.544013],[67.837826,37.554068],[67.83809,37.559877],[67.841308,37.56824],[67.842501,37.56985],[67.845516,37.572546],[67.848687,37.577266],[67.852178,37.5804],[67.851988,37.583653],[67.85238,37.584697],[67.853169,37.585252],[67.854837,37.585384],[67.855723,37.585765],[67.859896,37.590705],[67.861636,37.591466],[67.862288,37.592361],[67.862758,37.596152],[67.8625,37.596415],[67.8608,37.596962],[67.859924,37.598895],[67.85956,37.600595],[67.85882,37.601304],[67.857761,37.60172],[67.857325,37.602288],[67.857193,37.603905],[67.856681,37.605053],[67.857046,37.606342],[67.856609,37.607621],[67.853924,37.608348],[67.853311,37.608712],[67.852506,37.609651],[67.852293,37.610916],[67.852539,37.611566],[67.854597,37.613827],[67.855562,37.614303],[67.858213,37.615139],[67.859876,37.614452],[67.86125,37.614485],[67.865712,37.616925],[67.86643,37.61752],[67.867368,37.619263],[67.86756,37.623027],[67.867332,37.62535],[67.867352,37.631317],[67.866116,37.632194],[67.864131,37.635442],[67.863418,37.636833],[67.863237,37.637575],[67.863388,37.638345],[67.863613,37.638479],[67.866217,37.638317],[67.867242,37.638754],[67.869531,37.639272],[67.869975,37.639577],[67.871071,37.641043],[67.871883,37.641328],[67.872273,37.641183],[67.873132,37.639731],[67.874787,37.638844],[67.875412,37.638207],[67.878676,37.637641],[67.880153,37.636288],[67.883046,37.634725],[67.883255,37.63325],[67.887361,37.629393],[67.88946,37.628409],[67.891848,37.628087],[67.89288,37.628482],[67.893554,37.62918],[67.893806,37.630056],[67.894529,37.630337],[67.89748,37.630428],[67.898193,37.630835],[67.89862,37.631965],[67.900239,37.632103],[67.904441,37.634336],[67.905654,37.63475],[67.907314,37.636861],[67.90979,37.638157],[67.912991,37.639426],[67.913682,37.640339],[67.914094,37.642135],[67.918228,37.643592],[67.918887,37.644029],[67.921304,37.644959],[67.922444,37.646489],[67.923799,37.646692],[67.925162,37.646606],[67.926119,37.647234],[67.926388,37.647704],[67.927439,37.647852],[67.926897,37.648571],[67.927177,37.650785],[67.928844,37.652155],[67.929502,37.654108],[67.930394,37.654516],[67.930732,37.654991],[67.931543,37.655501],[67.930781,37.656512],[67.931451,37.658019],[67.932643,37.658861],[67.934629,37.6587],[67.935974,37.659017],[67.937669,37.658797],[67.939194,37.659087],[67.940351,37.660059],[67.940694,37.660589],[67.94138,37.663196],[67.946779,37.664609],[67.947759,37.665319],[67.947346,37.667806],[67.950677,37.670367],[67.952369,37.671082],[67.954824,37.672595],[67.958566,37.674448],[67.958053,37.678005],[67.959812,37.678698],[67.962302,37.680139],[67.965302,37.683246],[67.969241,37.683989],[67.969884,37.683689],[67.971833,37.684235],[67.97272,37.685192],[67.976225,37.687269],[67.976606,37.688604],[67.978908,37.689394],[67.980706,37.689205],[67.983365,37.69047],[67.98375,37.690915],[67.984351,37.690985],[67.986539,37.691955],[67.988012,37.692035],[67.988522,37.692479],[67.992633,37.694255],[67.993666,37.694416],[67.995195,37.694169],[67.995853,37.693689],[67.996567,37.69384],[67.997025,37.694568],[67.999142,37.695866],[68.000716,37.69621],[68.001546,37.697026],[68.004393,37.69691],[68.005271,37.697895],[68.005911,37.698206],[68.006488,37.699109],[68.007602,37.699315],[68.00881,37.70024],[68.00903,37.700926],[68.009883,37.700836],[68.010804,37.701521],[68.010363,37.702373],[68.010694,37.703361],[68.013301,37.704092],[68.013382,37.705243],[68.01474,37.705881],[68.015949,37.706909],[68.016414,37.708968],[68.017098,37.709845],[68.016794,37.711061],[68.012015,37.715061],[68.007192,37.720044],[68.01165,37.719431],[68.014388,37.719739],[68.015284,37.719527],[68.016491,37.721126],[68.018282,37.721042],[68.019338,37.721855],[68.020565,37.723546],[68.021193,37.725097],[68.020879,37.726231],[68.021381,37.728069],[68.019973,37.731261],[68.020478,37.731987],[68.020932,37.733445],[68.022291,37.734412],[68.026884,37.733534],[68.028777,37.73356],[68.029149,37.734245],[68.030271,37.738315],[68.031605,37.738951],[68.040769,37.744506],[68.042337,37.746975],[68.039694,37.749011],[68.040154,37.749747],[68.045267,37.751243],[68.045231,37.752107],[68.045529,37.753261],[68.050197,37.759244],[68.050883,37.761303],[68.051785,37.761412],[68.052416,37.762567],[68.052962,37.764488],[68.053711,37.765277],[68.054092,37.766346],[68.05604,37.768637],[68.057051,37.774721],[68.057279,37.777463],[68.057163,37.778849],[68.057394,37.779417],[68.058825,37.780935],[68.059898,37.782487],[68.060376,37.783859],[68.061176,37.785231],[68.061832,37.7875],[68.062543,37.788681],[68.06401,37.790496],[68.06796,37.792974],[68.068908,37.793937],[68.070675,37.794914],[68.071308,37.795688],[68.0734,37.797343],[68.073979,37.798347],[68.073983,37.799844],[68.074417,37.800156],[68.075155,37.80132],[68.075517,37.803005],[68.076038,37.803581],[68.078705,37.804428],[68.079812,37.80519],[68.08149,37.807891],[68.083044,37.812809],[68.087273,37.820913],[68.089278,37.823904],[68.089466,37.824909],[68.091512,37.82769],[68.091634,37.828437],[68.092553,37.829556],[68.093428,37.831607],[68.094069,37.832301],[68.094494,37.833723],[68.095516,37.834836],[68.096049,37.835964],[68.096411,37.838955],[68.097651,37.840652],[68.101224,37.843473],[68.102453,37.845138],[68.105956,37.847989],[68.107102,37.850308],[68.106804,37.852475],[68.107557,37.854117],[68.108727,37.855142],[68.109854,37.856878],[68.113073,37.860043],[68.113392,37.861545],[68.113775,37.862233],[68.114284,37.862933],[68.115553,37.863825],[68.115893,37.866165],[68.116211,37.86676],[68.118134,37.869824],[68.119731,37.87127],[68.119986,37.871922],[68.119972,37.872328],[68.118898,37.873165],[68.118589,37.874578],[68.119765,37.87664],[68.119655,37.878113],[68.119185,37.878457],[68.119078,37.879104],[68.119272,37.879953],[68.121256,37.883352],[68.124173,37.887423],[68.124234,37.888086],[68.12464,37.888578],[68.125389,37.888935],[68.12598,37.891207],[68.126494,37.892046],[68.12802,37.893808],[68.128728,37.894206],[68.128953,37.894575],[68.131447,37.894923],[68.131883,37.8953],[68.132746,37.896422],[68.133112,37.897638],[68.133638,37.898754],[68.134395,37.899583],[68.134773,37.900776],[68.134662,37.901796],[68.135109,37.904204],[68.134961,37.90496],[68.133513,37.907388],[68.132814,37.908031],[68.132632,37.908965],[68.129156,37.911701],[68.127828,37.914868],[68.12856,37.915745],[68.130567,37.91613],[68.131925,37.917713],[68.136997,37.920303],[68.137581,37.921606],[68.137575,37.922151],[68.137071,37.922708],[68.134399,37.924078],[68.134223,37.924418],[68.134104,37.925422],[68.134849,37.926687],[68.137292,37.928231],[68.138921,37.928725],[68.139877,37.928706],[68.141878,37.928172],[68.142793,37.928328],[68.144487,37.929497],[68.146732,37.931071],[68.147975,37.931468],[68.148763,37.931461],[68.149656,37.931009],[68.15105,37.930745],[68.151909,37.930169],[68.155422,37.930735],[68.155633,37.931223],[68.156316,37.931589],[68.157022,37.931849],[68.157822,37.931756],[68.158523,37.932745],[68.159952,37.933706],[68.161864,37.934337],[68.162047,37.935019],[68.163583,37.935191],[68.164012,37.935065],[68.164412,37.935232],[68.165018,37.935933],[68.166548,37.935775],[68.167784,37.936105],[68.169278,37.935153],[68.171573,37.935232],[68.172785,37.933854],[68.173273,37.933733],[68.173379,37.933302],[68.17375,37.933116],[68.174827,37.933163],[68.17495,37.932805],[68.175556,37.932499],[68.175797,37.931956],[68.176568,37.931515],[68.177451,37.931441],[68.177668,37.931543],[68.17758,37.932309],[68.177857,37.93248],[68.178645,37.932383],[68.178928,37.932592],[68.179139,37.933283],[68.179922,37.933037],[68.17971,37.933808],[68.180816,37.933288],[68.181222,37.933627],[68.181093,37.934165],[68.181352,37.934365],[68.181999,37.934211],[68.182999,37.934569],[68.183429,37.934327],[68.184252,37.934518],[68.184453,37.934193],[68.1851,37.934411],[68.18547,37.934086],[68.185712,37.934304],[68.185412,37.934583],[68.185629,37.934782],[68.185818,37.934778],[68.186041,37.934327],[68.186229,37.934346],[68.186382,37.934648],[68.187083,37.934624],[68.187794,37.935172],[68.18873,37.935061],[68.188771,37.935451],[68.190154,37.934792],[68.191072,37.935061],[68.19235,37.934774],[68.1914,37.933573],[68.191266,37.93301],[68.192382,37.932409],[68.192639,37.9326],[68.19339,37.932392],[68.193787,37.932765],[68.194147,37.932549],[68.194651,37.932629],[68.195128,37.932341],[68.196448,37.93232],[68.196915,37.932532],[68.199055,37.932286],[68.200305,37.932642],[68.201035,37.932299],[68.201233,37.932752],[68.201673,37.933056],[68.202097,37.933188],[68.202725,37.933018],[68.203631,37.93392],[68.205042,37.9329],[68.206329,37.932824],[68.206614,37.93235],[68.207037,37.932392],[68.20722,37.932159],[68.20752,37.932151],[68.208314,37.932642],[68.208566,37.932464],[68.209269,37.932523],[68.210235,37.932155],[68.210476,37.932223],[68.210723,37.932714],[68.21112,37.932583],[68.211699,37.932756],[68.212085,37.932604],[68.212836,37.932815],[68.213958,37.932752],[68.21436,37.932397],[68.215401,37.932727],[68.216211,37.932515],[68.216586,37.932849],[68.217622,37.932519],[68.218008,37.932752],[68.217917,37.93342],[68.218879,37.933181],[68.219411,37.932673],[68.220583,37.932588],[68.220649,37.932386],[68.220308,37.932117],[68.220672,37.93194],[68.221088,37.932279],[68.221405,37.932293],[68.221882,37.932035],[68.223339,37.932032],[68.22395,37.931457],[68.224637,37.931247],[68.225543,37.931461],[68.226192,37.931126],[68.226486,37.931446],[68.226696,37.931391],[68.226687,37.930735],[68.227509,37.930558],[68.227257,37.930098],[68.227971,37.929973],[68.228088,37.929608],[68.228705,37.929715],[68.229041,37.929431],[68.229475,37.929531],[68.229583,37.929022],[68.231866,37.928389],[68.232898,37.927917],[68.233725,37.928183],[68.233734,37.927976],[68.234593,37.927774],[68.235429,37.927199],[68.235836,37.927671],[68.236055,37.92735],[68.23655,37.92756],[68.237012,37.927221],[68.2379,37.927486],[68.238502,37.926768],[68.240071,37.926768],[68.242383,37.926061],[68.243233,37.926168],[68.244386,37.925641],[68.245657,37.924414],[68.245773,37.923976],[68.246427,37.923681],[68.247109,37.922944],[68.249042,37.922528],[68.25,37.921891],[68.250709,37.92185],[68.250817,37.921412],[68.251172,37.921161],[68.253792,37.921279],[68.253913,37.920553],[68.254217,37.920406],[68.254604,37.920671],[68.254782,37.920542],[68.254861,37.91961],[68.255422,37.919249],[68.255599,37.91849],[68.256416,37.918756],[68.256211,37.917739],[68.256706,37.917466],[68.256706,37.91716],[68.256973,37.916934],[68.257785,37.917089],[68.25842,37.916854],[68.258468,37.915825],[68.258961,37.914944],[68.258319,37.914598],[68.25838,37.914326],[68.258555,37.914096],[68.259056,37.914155],[68.259279,37.914011],[68.259069,37.913712],[68.259468,37.913077],[68.259434,37.911824],[68.259104,37.911489],[68.259171,37.910828],[68.260072,37.909763],[68.262502,37.908408],[68.26371,37.908577],[68.264771,37.908295],[68.265385,37.908309],[68.26737,37.908751],[68.267952,37.909119],[68.268342,37.909657],[68.269954,37.913057],[68.270632,37.91501],[68.2742,37.917684],[68.279658,37.922887],[68.282406,37.924486],[68.283675,37.926088],[68.284004,37.926994],[68.283428,37.927984],[68.281538,37.929342],[68.275927,37.93121],[68.274411,37.937998],[68.281309,37.94369],[68.282394,37.946496],[68.281162,37.950609],[68.281812,37.95198],[68.283899,37.953426],[68.284517,37.955183],[68.281294,37.961152],[68.279777,37.964834],[68.280197,37.965697],[68.283037,37.967186],[68.287025,37.970316],[68.287354,37.97334],[68.284441,37.976845],[68.284389,37.979116],[68.285175,37.980713],[68.287194,37.981575],[68.287637,37.982683],[68.285723,37.986467],[68.285622,37.98841],[68.287472,37.991312],[68.287775,37.995824],[68.28841,37.997259],[68.288833,37.999287],[68.290407,38.0016],[68.292402,38.003901],[68.297075,38.007125],[68.299845,38.010144],[68.300352,38.011602],[68.300949,38.01723],[68.30179,38.018611],[68.302793,38.021377],[68.304787,38.024102],[68.306798,38.025967],[68.307496,38.029209],[68.308556,38.029535],[68.311971,38.030002],[68.316239,38.032499],[68.318418,38.032942],[68.321328,38.03236],[68.322247,38.032549],[68.323156,38.033696],[68.323513,38.037046],[68.324152,38.038499],[68.332565,38.043173],[68.334805,38.050754],[68.338566,38.053544],[68.341776,38.055042],[68.342764,38.056073],[68.343241,38.060001],[68.345077,38.061698],[68.347301,38.062429],[68.351305,38.06241],[68.354652,38.063681],[68.357608,38.064296],[68.358758,38.065292],[68.359955,38.067704],[68.361307,38.068532],[68.365108,38.068532],[68.368729,38.071827],[68.371293,38.076479],[68.372706,38.081042],[68.37707,38.084515],[68.377339,38.085414],[68.376596,38.086967],[68.374352,38.089447],[68.373027,38.092652],[68.373077,38.093816],[68.374627,38.095149],[68.374673,38.096318],[68.374137,38.098312],[68.378105,38.101138],[68.37903,38.103043],[68.380672,38.104649],[68.380122,38.106418],[68.376452,38.110343],[68.378248,38.116672],[68.377742,38.118357],[68.378652,38.119672],[68.383392,38.125144],[68.385538,38.130284],[68.387727,38.132886],[68.388409,38.135899],[68.386524,38.140947],[68.387216,38.143455],[68.388924,38.143796],[68.393837,38.142867],[68.395139,38.144103],[68.395234,38.148919],[68.394586,38.154086],[68.396126,38.15618],[68.399487,38.157863],[68.399272,38.158674],[68.397222,38.161186],[68.396491,38.163599],[68.397539,38.165534],[68.401286,38.169756],[68.403564,38.173375],[68.405344,38.180743],[68.404055,38.184534],[68.404556,38.18611],[68.404131,38.187521],[68.404083,38.189349],[68.402093,38.192855],[68.402568,38.193859],[68.404653,38.196578],[68.403953,38.198909],[68.398861,38.198211],[68.396983,38.197573],[68.390807,38.199052],[68.389298,38.199579],[68.387054,38.199999],[68.383948,38.201654],[68.380403,38.201848],[68.376912,38.202892],[68.372124,38.207032],[68.370996,38.211449],[68.374261,38.219068],[68.372044,38.220901],[68.373448,38.225759],[68.370863,38.225488],[68.368369,38.221626],[68.36643,38.22126],[68.364792,38.221939],[68.362125,38.226745],[68.356138,38.229852],[68.356031,38.232642],[68.348486,38.237277],[68.344643,38.238147],[68.340789,38.236648],[68.333358,38.234297],[68.329239,38.234951],[68.319096,38.240784],[68.319658,38.243581],[68.319404,38.248533],[68.31694,38.25069],[68.312824,38.25242],[68.305133,38.253727],[68.302392,38.255669],[68.300756,38.258901],[68.300224,38.263207],[68.293158,38.283885],[68.291258,38.290346],[68.290725,38.294652],[68.292665,38.298308],[68.286872,38.302],[68.287472,38.305304],[68.283264,38.30824],[68.279155,38.30884],[68.277414,38.311967],[68.277703,38.313302],[68.273801,38.313792],[68.273364,38.31651],[68.273224,38.320742],[68.26761,38.321664],[68.263588,38.320312],[68.258644,38.322903],[68.255893,38.322907],[68.254307,38.324089],[68.248485,38.326734],[68.245128,38.32868],[68.239036,38.328647],[68.232437,38.327585],[68.223249,38.331186],[68.221078,38.334063],[68.219178,38.335143],[68.21232,38.335574],[68.210293,38.336195],[68.209732,38.337812],[68.210529,38.338666],[68.209173,38.34209],[68.207817,38.343694],[68.205114,38.345414],[68.201408,38.348739],[68.197265,38.34981],[68.192743,38.352631],[68.189624,38.355843],[68.185984,38.363112],[68.182626,38.367846],[68.182129,38.368263],[68.180932,38.368574],[68.169818,38.36754],[68.167615,38.368009],[68.165545,38.368558],[68.160676,38.371914],[68.156994,38.374116],[68.156372,38.379128],[68.152759,38.389407],[68.149681,38.393346],[68.149729,38.394635],[68.149248,38.395266],[68.148885,38.395267],[68.14792,38.394647],[68.146936,38.396515],[68.143646,38.39836],[68.143005,38.398311],[68.141021,38.39971],[68.137603,38.410214],[68.136604,38.410607],[68.135753,38.410845],[68.130895,38.409782],[68.130369,38.40933],[68.112384,38.402278],[68.10984,38.402105],[68.103922,38.397028],[68.099588,38.393873],[68.092685,38.389308],[68.089135,38.391785],[68.08023,38.388234],[68.079496,38.390115],[68.07679,38.389821],[68.07003,38.391944],[68.066454,38.392168],[68.061915,38.392725],[68.063995,38.403938],[68.064848,38.404749],[68.064828,38.406897],[68.064164,38.407291],[68.064762,38.410141],[68.070442,38.41989],[68.077306,38.42265],[68.077403,38.422944],[68.079007,38.423752],[68.081609,38.426051],[68.096746,38.443187],[68.09699,38.443926],[68.101832,38.449726],[68.116424,38.468112],[68.109086,38.48295],[68.10826,38.48295],[68.097772,38.492185],[68.100942,38.494949],[68.106573,38.496579],[68.107353,38.496955],[68.109046,38.497192],[68.10911,38.497503],[68.109076,38.497846],[68.107887,38.498873],[68.10752,38.500796],[68.106159,38.501695],[68.105342,38.503027],[68.105142,38.503793],[68.104305,38.503827],[68.103148,38.504384],[68.101473,38.504869],[68.101048,38.512174],[68.100892,38.512639],[68.100611,38.512769],[68.100042,38.5121],[68.099064,38.511803],[68.098043,38.511978],[68.097026,38.51287],[68.089629,38.515319],[68.08869,38.515242],[68.086406,38.51629],[68.083236,38.5202],[68.081224,38.522106],[68.075548,38.525102],[68.073078,38.526861],[68.069844,38.528266],[68.06602,38.52881],[68.064699,38.530016],[68.06401,38.532295],[68.064956,38.53344],[68.06413,38.535429],[68.064195,38.536354],[68.065048,38.539074],[68.065131,38.540369],[68.063435,38.541737],[68.063233,38.542952],[68.061964,38.544179],[68.062571,38.547537],[68.06261,38.55044],[68.063016,38.551754],[68.062394,38.552813],[68.062118,38.554244],[68.060613,38.557879],[68.059835,38.559367],[68.058964,38.559912],[68.060418,38.565279],[68.06199,38.567179],[68.060999,38.5728],[68.061715,38.57574],[68.0624,38.578091],[68.064763,38.582128],[68.067639,38.583691],[68.069661,38.587652],[68.071931,38.591404],[68.074962,38.594333],[68.076038,38.600777],[68.07465,38.606408],[68.078434,38.61189],[68.080104,38.626311],[68.081491,38.631692],[68.085086,38.635136],[68.090893,38.639011],[68.092832,38.642455],[68.089234,38.64705],[68.08108,38.653273],[68.082576,38.656099],[68.08169,38.657556],[68.080957,38.662271],[68.077586,38.665682],[68.077592,38.666619],[68.079002,38.669215],[68.082148,38.670789],[68.082386,38.672559],[68.081086,38.673408],[68.079622,38.675059],[68.077422,38.676783],[68.073444,38.681143],[68.073978,38.682817],[68.074316,38.68562],[68.072952,38.68991],[68.069823,38.691478],[68.06515,38.694366],[68.065947,38.697322],[68.065501,38.699681],[68.063108,38.701288],[68.060976,38.703387],[68.059741,38.707493],[68.058234,38.707686],[68.057259,38.711921],[68.057684,38.712458],[68.05669,38.714569],[68.057985,38.71559],[68.058736,38.71728],[68.060438,38.718085],[68.06243,38.718332],[68.064255,38.719207],[68.068866,38.720109],[68.074483,38.723847],[68.078764,38.726961],[68.083363,38.727607],[68.085602,38.727338],[68.089408,38.728762],[68.092243,38.728122],[68.0962,38.727669],[68.103682,38.727816],[68.105467,38.728308],[68.109016,38.727962],[68.115126,38.729887],[68.11876,38.729911],[68.120998,38.731811],[68.127214,38.731805],[68.12848,38.732668],[68.126306,38.73434],[68.128339,38.736329],[68.124926,38.741969],[68.123815,38.746731],[68.122239,38.751716],[68.120729,38.752214],[68.119646,38.753136],[68.116779,38.754011],[68.116296,38.755742],[68.116688,38.756852],[68.1119,38.761011],[68.10941,38.764803],[68.106885,38.765804],[68.104525,38.768812],[68.102114,38.771259],[68.101645,38.772478],[68.100241,38.774248],[68.100143,38.779416],[68.097466,38.784037],[68.094601,38.787392],[68.0936,38.790319],[68.092654,38.791327],[68.08946,38.791643],[68.084136,38.793632],[68.080631,38.793395],[68.07765,38.794371],[68.07538,38.796601],[68.073646,38.796917],[68.071888,38.796346],[68.070259,38.796645],[68.067125,38.798922],[68.065658,38.801117],[68.065824,38.802601],[68.069258,38.80326],[68.069489,38.803964],[68.067714,38.805402],[68.066776,38.807261],[68.067475,38.808178],[68.068423,38.808854],[68.06864,38.809684],[68.067398,38.811068],[68.06868,38.811836],[68.068816,38.813065],[68.06945,38.81369],[68.068917,38.815867],[68.06974,38.818338],[68.074076,38.817161],[68.086191,38.815465],[68.087151,38.814454],[68.091835,38.813395],[68.0946,38.81336],[68.098351,38.816434],[68.099871,38.81583],[68.10268,38.815897],[68.105473,38.816422],[68.108712,38.815778],[68.111295,38.816583],[68.111912,38.81736],[68.113869,38.818592],[68.115993,38.818385],[68.119208,38.816845],[68.124441,38.817035],[68.127051,38.817815],[68.128403,38.818754],[68.130525,38.817817],[68.13199,38.817481],[68.134606,38.818796],[68.134584,38.819956],[68.134123,38.820683],[68.132448,38.821967],[68.132097,38.822756],[68.132716,38.825995],[68.133733,38.826622],[68.137662,38.825989],[68.140535,38.826729],[68.142308,38.826064],[68.144581,38.826753],[68.145648,38.826274],[68.148161,38.82609],[68.150304,38.826213],[68.151229,38.825724],[68.153925,38.825909],[68.157851,38.827299],[68.158282,38.828506],[68.158991,38.828818],[68.163016,38.828862],[68.166475,38.83072],[68.169404,38.830798],[68.170428,38.830999],[68.170737,38.835218],[68.171465,38.836036],[68.170462,38.836749],[68.171488,38.838746],[68.17339,38.839582],[68.173098,38.841543],[68.174894,38.84182],[68.174842,38.845338],[68.17671,38.84578],[68.178008,38.846367],[68.179223,38.8483],[68.180564,38.848422],[68.181967,38.849069],[68.183509,38.849245],[68.185777,38.850318],[68.187161,38.852265],[68.190198,38.853887],[68.192804,38.853734],[68.195416,38.853028],[68.195776,38.853136],[68.195593,38.854347],[68.197348,38.8559],[68.2016,38.855832],[68.20126,38.856747],[68.201635,38.85801],[68.200991,38.8596],[68.20135,38.860717],[68.200343,38.861545],[68.200002,38.862741],[68.200353,38.864225],[68.201903,38.8663],[68.199837,38.867348],[68.19765,38.867922],[68.195429,38.868951],[68.19332,38.870406],[68.191229,38.871052],[68.190046,38.872176],[68.188407,38.873059],[68.187392,38.873963],[68.183713,38.875795],[68.181784,38.876139],[68.180045,38.875869],[68.179011,38.878835],[68.177296,38.881652],[68.17831,38.883615],[68.181202,38.886224],[68.180574,38.887956],[68.178424,38.889027],[68.177597,38.891056],[68.178767,38.892245],[68.18134,38.892837],[68.180716,38.894134],[68.181433,38.894931],[68.182484,38.894956],[68.182441,38.894213],[68.1829,38.894175],[68.187638,38.895569],[68.190333,38.895823],[68.192282,38.895359],[68.194178,38.900234],[68.19491,38.901494],[68.195162,38.90376],[68.196398,38.904703],[68.196672,38.905954],[68.196812,38.907921],[68.195004,38.913433],[68.197181,38.915363],[68.200136,38.916232],[68.204679,38.915977],[68.207621,38.918082],[68.208154,38.919388],[68.207825,38.921654],[68.203962,38.923946],[68.204083,38.925268],[68.202881,38.926096],[68.20205,38.927487],[68.202406,38.928668],[68.20178,38.930173],[68.20024,38.931295],[68.198021,38.935497],[68.196079,38.938527],[68.194955,38.939806],[68.190224,38.939638],[68.189277,38.940131],[68.188298,38.941438],[68.185071,38.942889],[68.177646,38.944428],[68.176931,38.945239],[68.173045,38.947836],[68.169159,38.948269],[68.163053,38.948268],[68.158612,38.949133],[68.152783,38.951297],[68.150006,38.954543],[68.145286,38.956923],[68.140565,38.959952],[68.136639,38.960967],[68.133942,38.96268],[68.135644,38.963628],[68.135995,38.965243],[68.134451,38.966138],[68.13475,38.970324],[68.138694,38.97307],[68.139466,38.975462],[68.140126,38.976046],[68.139641,38.976436],[68.14007,38.97795],[68.139371,38.979006],[68.137693,38.979193],[68.133885,38.985275],[68.132932,38.98582],[68.132682,38.986432],[68.133358,38.988139],[68.133024,38.990515],[68.131671,38.991269],[68.130225,38.991559],[68.129418,38.992604],[68.129588,38.993922],[68.13066,38.996021],[68.130848,38.997374],[68.130054,38.998071],[68.127727,38.997697],[68.126693,38.998047],[68.12546,38.997965],[68.121693,39.00005],[68.121247,39.000516],[68.1181,39.001196],[68.116443,39.00278],[68.117004,39.005648],[68.118616,39.006391],[68.11864,39.008975],[68.117177,39.010386],[68.115775,39.013174],[68.112599,39.015147],[68.110901,39.015181],[68.109034,39.016381],[68.10802,39.01622],[68.107201,39.016991],[68.105664,39.016786],[68.104627,39.016111],[68.101967,39.016241],[68.101213,39.017894],[68.09862,39.018952],[68.095895,39.021122],[68.094509,39.022974],[68.090934,39.022273],[68.088085,39.02225],[68.086626,39.022693],[68.079229,39.025828],[68.078307,39.026678],[68.077339,39.025398],[68.074678,39.023765],[68.071002,39.023979],[68.070739,39.025849],[68.068187,39.026308],[68.066844,39.025466],[68.064955,39.022454],[68.064821,39.021161],[68.063955,39.02007],[68.064193,39.01827],[68.060643,39.016797],[68.058548,39.016345],[68.046494,39.016661],[68.044882,39.015778],[68.04105,39.016234],[68.040059,39.01455],[68.037046,39.013097],[68.035094,39.011601],[68.031287,39.011379],[68.027429,39.009592],[68.024981,39.010884],[68.024015,39.012183],[68.021065,39.013189],[68.016817,39.013727],[68.014412,39.014604],[68.011552,39.014538],[68.008509,39.015087],[68.007182,39.015039],[68.002394,39.016537],[67.999887,39.018996],[67.997413,39.020757],[67.995159,39.021953],[67.994136,39.028282],[67.992772,39.031809],[67.988397,39.035125],[67.98269,39.035035],[67.981475,39.032207],[67.976136,39.028352],[67.973596,39.025772],[67.966608,39.023018],[67.960509,39.023947],[67.955506,39.023778],[67.950764,39.022522],[67.94477,39.021248],[67.942986,39.021208],[67.939889,39.023947],[67.935507,39.024189],[67.930775,39.023582],[67.924669,39.024075],[67.921648,39.026491],[67.919694,39.025858],[67.915208,39.023078],[67.909062,39.020748],[67.904022,39.017973],[67.900698,39.018655],[67.894886,39.020228],[67.890704,39.019181],[67.888719,39.016377],[67.883125,39.013606],[67.882261,39.011443],[67.878843,39.005396],[67.874385,39.004351],[67.869066,39.001359],[67.858642,39.002261],[67.849416,39.006528],[67.843071,39.00984],[67.834467,39.010349],[67.83144,39.012547],[67.828586,39.013317],[67.825216,39.012475],[67.822572,39.014143],[67.820101,39.016335],[67.815084,39.015075],[67.813332,39.013718],[67.813373,39.012513],[67.806185,39.011164],[67.803143,39.013354],[67.801078,39.013878],[67.799479,39.011615],[67.797489,39.01085],[67.794817,39.011205],[67.791617,39.012827],[67.789097,39.013815],[67.786957,39.013071],[67.785235,39.012996],[67.777659,39.015317],[67.776118,39.0151],[67.775272,39.014386],[67.773204,39.014366],[67.769179,39.015003],[67.766211,39.017512],[67.765125,39.017185],[67.764775,39.014624],[67.762441,39.013485],[67.76165,39.01237],[67.762452,39.011084],[67.760695,39.010932],[67.759365,39.008289],[67.757584,39.008015],[67.757429,39.007188],[67.754147,39.004478],[67.751752,39.001641],[67.749774,39.002231],[67.744704,39.002264],[67.745255,39.004109],[67.741767,39.00557],[67.738882,39.006113],[67.735495,39.003354],[67.727413,39.001029],[67.724153,39.000553],[67.72143,38.997155],[67.715535,38.996261],[67.709762,38.996732],[67.706352,38.997183],[67.706976,39.000743],[67.703983,39.00031],[67.701974,39.002254],[67.69954,39.002787],[67.69736,39.004505],[67.694938,39.004887],[67.691247,39.007015],[67.691365,39.008928],[67.693133,39.011641],[67.693403,39.013351],[67.690539,39.016213],[67.686093,39.017122],[67.685608,39.018834],[67.683674,39.018965],[67.682928,39.020778],[67.679812,39.020264],[67.678838,39.020356],[67.67574,39.018754],[67.674671,39.016933],[67.672392,39.015803],[67.664198,39.013375],[67.662398,39.012101],[67.660559,39.008892],[67.657769,39.006975],[67.652284,39.004489],[67.650063,39.004273],[67.649057,39.003302],[67.646637,39.002935],[67.643173,39.002068],[67.63585,39.003877],[67.629494,39.002265],[67.620799,39.005115],[67.607537,38.998859],[67.607077,38.996159],[67.602753,38.992253],[67.588443,38.993305],[67.586739,38.996132],[67.583467,38.996308],[67.577597,38.998181],[67.57492,38.997988],[67.567751,39.000776],[67.56421,38.998658],[67.557652,39.000503],[67.556267,39.002903],[67.549469,39.004286],[67.542849,39.003873],[67.541986,38.998685],[67.536511,38.996035],[67.535747,38.992211],[67.53473,38.990128],[67.53175,38.988635],[67.527875,38.98705],[67.520967,38.987847],[67.517389,38.98695],[67.504142,38.97798],[67.496022,38.977003],[67.488182,38.979695],[67.487488,38.977121],[67.484283,38.975862],[67.485298,38.974027],[67.484607,38.973058],[67.482534,38.972203],[67.482756,38.970265],[67.485476,38.966956],[67.485082,38.965637],[67.486833,38.963504],[67.486956,38.95907],[67.478704,38.954021],[67.480763,38.950273],[67.482251,38.945119],[67.481731,38.939501],[67.489015,38.934712],[67.493886,38.933583],[67.500788,38.930523],[67.502752,38.922151],[67.50398,38.920768],[67.503576,38.917455],[67.500108,38.914665],[67.505236,38.912041],[67.504414,38.909112],[67.509807,38.905657],[67.509155,38.903836],[67.507708,38.902883],[67.508581,38.892664],[67.509798,38.883082],[67.517862,38.878326],[67.530344,38.873287],[67.540532,38.870058],[67.540383,38.866728],[67.54459,38.862929],[67.53829,38.858734],[67.531553,38.857938],[67.529625,38.857294],[67.529807,38.855598],[67.525146,38.849368],[67.517021,38.844096]]]}},{"type":"Feature","properties":{"name":"Samarqand"},"geometry":{"type":"Polygon","coordinates":[[[66.515102,39.350942],[66.518962,39.352869],[66.51961,39.355031],[66.519413,39.362553],[66.520058,39.364274],[66.519694,39.366385],[66.522513,39.374844],[66.521269,39.376074],[66.520564,39.378821],[66.521132,39.380409],[66.52958,39.385258],[66.53762,39.380881],[66.539434,39.379033],[66.547592,39.373448],[66.55525,39.37769],[66.555421,39.378855],[66.558069,39.379257],[66.565882,39.378696],[66.5674,39.378008],[66.568586,39.3777],[66.568559,39.378628],[66.570069,39.380419],[66.570459,39.380518],[66.573357,39.379896],[66.57525,39.378984],[66.576153,39.378989],[66.576797,39.379782],[66.584162,39.380006],[66.589343,39.381532],[66.591577,39.381825],[66.592753,39.381714],[66.593951,39.380935],[66.595635,39.380686],[66.598308,39.381561],[66.59975,39.38135],[66.601943,39.381397],[66.603724,39.382436],[66.605374,39.383781],[66.605885,39.383943],[66.607399,39.385269],[66.610921,39.38659],[66.612928,39.389909],[66.613374,39.391936],[66.613154,39.392526],[66.613624,39.393131],[66.614921,39.394032],[66.615823,39.396615],[66.616554,39.397969],[66.617412,39.400748],[66.618381,39.40128],[66.618366,39.401765],[66.616731,39.403334],[66.615073,39.407054],[66.614232,39.407716],[66.614112,39.409081],[66.612711,39.41108],[66.612754,39.412217],[66.613538,39.413281],[66.615413,39.41402],[66.616469,39.415235],[66.617578,39.415804],[66.618907,39.416171],[66.619807,39.416156],[66.621944,39.416702],[66.624539,39.416814],[66.628967,39.417428],[66.630011,39.419162],[66.631335,39.419992],[66.636779,39.426803],[66.645171,39.430293],[66.646449,39.432203],[66.648341,39.433986],[66.648256,39.436044],[66.651257,39.434967],[66.655015,39.434019],[66.656004,39.433618],[66.657651,39.433714],[66.660296,39.432918],[66.662212,39.433186],[66.663625,39.434569],[66.664171,39.435523],[66.66715,39.435899],[66.6699,39.43773],[66.677305,39.439306],[66.68005,39.441093],[66.682965,39.441672],[66.685416,39.439884],[66.689079,39.440648],[66.690538,39.442184],[66.692892,39.440683],[66.696469,39.441572],[66.698311,39.441592],[66.700616,39.438705],[66.702485,39.439554],[66.707501,39.440301],[66.71243,39.441966],[66.717197,39.443984],[66.724126,39.445952],[66.736829,39.45111],[66.739357,39.450952],[66.741702,39.450806],[66.749672,39.451628],[66.753708,39.449991],[66.755786,39.449996],[66.756503,39.450598],[66.757562,39.450942],[66.763212,39.450843],[66.768161,39.45158],[66.771432,39.449298],[66.771937,39.448549],[66.771218,39.44423],[66.772409,39.443126],[66.771765,39.439814],[66.772029,39.436665],[66.771184,39.431605],[66.773602,39.428353],[66.779494,39.427605],[66.784438,39.425798],[66.791562,39.421632],[66.794011,39.421203],[66.802355,39.418759],[66.806494,39.420158],[66.809852,39.419278],[66.815972,39.416451],[66.828255,39.416886],[66.833168,39.420949],[66.84027,39.423425],[66.846707,39.422651],[66.848262,39.423174],[66.84982,39.422866],[66.853117,39.422733],[66.855315,39.422892],[66.856413,39.422097],[66.85694,39.420735],[66.859211,39.420029],[66.860793,39.414466],[66.86492,39.409845],[66.863436,39.407021],[66.864799,39.40544],[66.870099,39.407641],[66.880075,39.40313],[66.88388,39.398047],[66.888259,39.39802],[66.891478,39.395475],[66.891346,39.391243],[66.894367,39.390953],[66.89214,39.384385],[66.893451,39.379317],[66.892846,39.376782],[66.890318,39.371912],[66.885644,39.366912],[66.884243,39.364296],[66.884959,39.362386],[66.886392,39.359663],[66.886193,39.357658],[66.887825,39.356879],[66.88674,39.355953],[66.893501,39.353263],[66.893122,39.351692],[66.894248,39.350654],[66.895837,39.350703],[66.897292,39.349882],[66.893269,39.344253],[66.891414,39.337133],[66.881325,39.32984],[66.878463,39.325762],[66.873227,39.319566],[66.86969,39.318038],[66.867377,39.312316],[66.880262,39.310333],[66.880436,39.308632],[66.876171,39.301409],[66.868819,39.300764],[66.860146,39.294919],[66.862355,39.290034],[66.864487,39.287072],[66.869634,39.28554],[66.874203,39.285508],[66.880237,39.28697],[66.881195,39.290167],[66.88188,39.291525],[66.883918,39.29309],[66.887415,39.294089],[66.890175,39.296838],[66.894495,39.302107],[66.89647,39.302633],[66.90056,39.301111],[66.905997,39.299457],[66.906354,39.29638],[66.91056,39.293176],[66.911149,39.290349],[66.91287,39.289437],[66.912835,39.287292],[66.914517,39.286251],[66.930705,39.285129],[66.931505,39.283631],[66.934862,39.28482],[66.937713,39.285077],[66.937886,39.286149],[66.942373,39.286679],[66.943366,39.285698],[66.949319,39.28618],[66.952283,39.289436],[66.957364,39.286924],[66.962252,39.286511],[66.962841,39.286956],[66.975004,39.287134],[66.977274,39.28695],[66.980345,39.285047],[66.986131,39.285645],[66.992199,39.282443],[66.99212,39.281622],[66.996704,39.279999],[67.002271,39.281925],[67.004286,39.281227],[67.007517,39.279643],[67.013313,39.279328],[67.018431,39.278028],[67.023348,39.277095],[67.029067,39.279448],[67.024826,39.281948],[67.025857,39.283967],[67.025412,39.286575],[67.028919,39.292287],[67.032993,39.295604],[67.035768,39.30088],[67.038212,39.302807],[67.041427,39.304205],[67.041919,39.30776],[67.041174,39.311549],[67.038024,39.312479],[67.034269,39.320313],[67.037876,39.323703],[67.039303,39.323576],[67.040825,39.324563],[67.041726,39.326439],[67.049474,39.32963],[67.052668,39.334852],[67.051973,39.341997],[67.052168,39.343794],[67.050891,39.345609],[67.05247,39.348887],[67.056278,39.348263],[67.058069,39.346364],[67.06278,39.345578],[67.064507,39.346101],[67.06478,39.348206],[67.067985,39.349908],[67.075822,39.352218],[67.078938,39.35161],[67.082628,39.352413],[67.083856,39.353619],[67.086776,39.352654],[67.087181,39.35321],[67.088314,39.353557],[67.090648,39.352786],[67.092724,39.351371],[67.097763,39.348993],[67.099462,39.347301],[67.101293,39.346588],[67.101701,39.346249],[67.102558,39.346039],[67.102643,39.345719],[67.102971,39.345574],[67.103462,39.345742],[67.103831,39.345557],[67.10504,39.345809],[67.106286,39.345475],[67.107763,39.345426],[67.108441,39.345572],[67.109254,39.345327],[67.109878,39.345404],[67.1106,39.345804],[67.112244,39.346289],[67.113296,39.345889],[67.116869,39.347406],[67.118933,39.347712],[67.12094,39.346677],[67.122849,39.346643],[67.125063,39.347342],[67.125835,39.347057],[67.126801,39.346172],[67.129218,39.345196],[67.130116,39.345452],[67.131415,39.346148],[67.132274,39.346345],[67.132906,39.346999],[67.133677,39.34704],[67.134472,39.346469],[67.134805,39.345699],[67.136564,39.343601],[67.137356,39.343136],[67.138532,39.342989],[67.139138,39.342137],[67.13986,39.341827],[67.140677,39.340887],[67.143248,39.340005],[67.143725,39.339104],[67.146741,39.338575],[67.147419,39.337758],[67.150779,39.336151],[67.151031,39.335408],[67.153739,39.334767],[67.155363,39.334631],[67.156249,39.334093],[67.157002,39.333967],[67.157982,39.334235],[67.159825,39.333483],[67.165466,39.333424],[67.165869,39.333582],[67.165025,39.334237],[67.165796,39.335097],[67.167691,39.336285],[67.170096,39.336314],[67.17128,39.336473],[67.172599,39.336897],[67.174545,39.339368],[67.176313,39.339698],[67.178838,39.338393],[67.180455,39.33907],[67.18155,39.33865],[67.183893,39.338694],[67.184746,39.338043],[67.186288,39.337924],[67.186912,39.338055],[67.187456,39.337874],[67.190636,39.334883],[67.192634,39.334704],[67.194456,39.332929],[67.195755,39.332794],[67.198632,39.333084],[67.200896,39.332916],[67.205319,39.331536],[67.206777,39.330513],[67.207296,39.329769],[67.207344,39.329146],[67.206873,39.328671],[67.205805,39.328269],[67.206232,39.327797],[67.207,39.327449],[67.208437,39.327637],[67.208536,39.328476],[67.209203,39.329222],[67.219259,39.330661],[67.222039,39.329125],[67.226713,39.328682],[67.228964,39.326495],[67.231547,39.325631],[67.231963,39.324987],[67.232673,39.324994],[67.233885,39.324258],[67.235247,39.32418],[67.236789,39.323296],[67.237642,39.32345],[67.242599,39.323589],[67.245731,39.323086],[67.258227,39.317933],[67.259581,39.31796],[67.262431,39.317678],[67.265381,39.31863],[67.267252,39.318987],[67.26996,39.318917],[67.27576,39.316646],[67.278806,39.313731],[67.28271,39.311121],[67.283822,39.311269],[67.288833,39.314955],[67.289709,39.317111],[67.291484,39.317825],[67.293143,39.318195],[67.296994,39.316487],[67.300588,39.315581],[67.30504,39.3148],[67.309457,39.314471],[67.312152,39.313821],[67.321185,39.312597],[67.325874,39.310469],[67.327304,39.308152],[67.326471,39.306064],[67.32712,39.30422],[67.32894,39.305376],[67.330665,39.305437],[67.333277,39.304229],[67.336118,39.305038],[67.344005,39.308539],[67.348162,39.307993],[67.350075,39.308786],[67.361566,39.308876],[67.365866,39.309875],[67.368141,39.311118],[67.370369,39.310779],[67.3754,39.311893],[67.377907,39.313457],[67.380083,39.313226],[67.386753,39.314407],[67.391321,39.314235],[67.395331,39.313119],[67.400053,39.310495],[67.404458,39.310321],[67.410219,39.310845],[67.413495,39.313663],[67.415563,39.312934],[67.42098,39.310548],[67.426803,39.311181],[67.430126,39.30995],[67.433293,39.3099],[67.438929,39.311061],[67.441144,39.312921],[67.444581,39.312376],[67.449176,39.312553],[67.451907,39.314121],[67.45468,39.313742],[67.457673,39.316189],[67.459564,39.3164],[67.462722,39.317536],[67.465925,39.319079],[67.467608,39.321389],[67.474024,39.322948],[67.475746,39.329967],[67.474391,39.333778],[67.471049,39.335454],[67.469654,39.339472],[67.471212,39.342213],[67.473254,39.346803],[67.474035,39.355584],[67.475827,39.360414],[67.477876,39.361545],[67.479334,39.363134],[67.480321,39.366391],[67.478007,39.367799],[67.48324,39.377429],[67.476626,39.378511],[67.477501,39.381783],[67.478126,39.383258],[67.477829,39.386335],[67.476513,39.392224],[67.47669,39.394472],[67.477993,39.396909],[67.478308,39.399224],[67.476622,39.400917],[67.463544,39.408499],[67.460577,39.411818],[67.457399,39.414741],[67.455999,39.414747],[67.454465,39.414311],[67.45334,39.41508],[67.452097,39.417541],[67.451446,39.420912],[67.451881,39.42319],[67.452728,39.424817],[67.452645,39.433975],[67.452236,39.435786],[67.450798,39.436982],[67.451605,39.440642],[67.455702,39.441104],[67.457168,39.443729],[67.45823,39.445057],[67.461424,39.451168],[67.461921,39.452669],[67.463647,39.452026],[67.464644,39.456232],[67.464543,39.462721],[67.463843,39.464351],[67.462013,39.466461],[67.459394,39.470196],[67.45815,39.473826],[67.454965,39.476401],[67.451509,39.479918],[67.450278,39.482867],[67.448409,39.485457],[67.4483,39.487388],[67.447261,39.489308],[67.445948,39.489972],[67.440215,39.495468],[67.436613,39.498354],[67.435947,39.498799],[67.421606,39.503567],[67.41591,39.504814],[67.414003,39.505922],[67.412585,39.506185],[67.411389,39.506672],[67.41088,39.506521],[67.409099,39.506508],[67.407537,39.508141],[67.404545,39.508665],[67.404751,39.509117],[67.403345,39.509994],[67.403035,39.510528],[67.403477,39.513042],[67.4032,39.513607],[67.40329,39.51447],[67.398224,39.515649],[67.399216,39.518179],[67.399473,39.518133],[67.399541,39.518324],[67.399268,39.518495],[67.399372,39.518814],[67.397481,39.519254],[67.398174,39.521648],[67.394559,39.523141],[67.395611,39.525614],[67.396727,39.528054],[67.398644,39.530233],[67.399395,39.530748],[67.401922,39.533435],[67.404068,39.533046],[67.410004,39.532731],[67.407809,39.537485],[67.411458,39.537349],[67.416309,39.538487],[67.422296,39.535095],[67.426638,39.533861],[67.432251,39.529814],[67.442836,39.529205],[67.445138,39.53138],[67.446782,39.531711],[67.449175,39.531649],[67.451444,39.532671],[67.455509,39.533221],[67.45922,39.533377],[67.460817,39.533012],[67.463627,39.533561],[67.467299,39.53172],[67.468711,39.531307],[67.46877,39.531534],[67.468151,39.531942],[67.470622,39.534531],[67.471463,39.536173],[67.471471,39.536756],[67.470301,39.537935],[67.470106,39.53893],[67.470087,39.539955],[67.47058,39.54163],[67.466147,39.543028],[67.464149,39.543292],[67.463476,39.542856],[67.46051,39.542103],[67.459291,39.5429],[67.458983,39.543844],[67.45709,39.5456],[67.456118,39.545893],[67.455794,39.546895],[67.453403,39.547667],[67.451325,39.548754],[67.450699,39.548363],[67.449608,39.5483],[67.449261,39.548048],[67.447833,39.548],[67.445812,39.548319],[67.444477,39.549124],[67.443928,39.550232],[67.44449,39.551553],[67.444401,39.553144],[67.444965,39.556352],[67.450031,39.567194],[67.451929,39.570207],[67.454425,39.572723],[67.455857,39.573031],[67.456142,39.574455],[67.452319,39.575516],[67.451444,39.578022],[67.452171,39.578618],[67.456473,39.578254],[67.457805,39.577185],[67.460975,39.575858],[67.462801,39.57472],[67.46337,39.575142],[67.465083,39.574914],[67.468613,39.575995],[67.470455,39.577334],[67.473586,39.577512],[67.47626,39.576838],[67.478454,39.577872],[67.482751,39.576445],[67.489261,39.578371],[67.493139,39.58089],[67.496266,39.581878],[67.499435,39.5839],[67.47557,39.592828],[67.47637,39.627785],[67.465004,39.635938],[67.435496,39.649138],[67.433631,39.645023],[67.421679,39.646791],[67.413225,39.646659],[67.412281,39.649402],[67.407539,39.64993],[67.403456,39.652166],[67.398054,39.65302],[67.395665,39.655818],[67.394015,39.663016],[67.39643,39.669974],[67.396109,39.675365],[67.396105,39.681178],[67.392096,39.68173],[67.393793,39.686006],[67.398111,39.691318],[67.404677,39.694423],[67.406348,39.69798],[67.405073,39.701087],[67.403656,39.706803],[67.403976,39.711333],[67.399345,39.715496],[67.395642,39.720308],[67.391689,39.724598],[67.386512,39.73128],[67.382165,39.737407],[67.380321,39.738146],[67.382149,39.74085],[67.38752,39.742507],[67.388099,39.746248],[67.397998,39.751521],[67.401949,39.75079],[67.406544,39.755508],[67.41952,39.762736],[67.442391,39.774252],[67.453703,39.776814],[67.455636,39.776264],[67.462038,39.777137],[67.469975,39.780035],[67.47317,39.780608],[67.471788,39.787769],[67.476326,39.791086],[67.481573,39.791458],[67.482723,39.792269],[67.475677,39.799596],[67.496052,39.807788],[67.497462,39.806888],[67.506468,39.812619],[67.511242,39.814484],[67.513592,39.811693],[67.526563,39.808253],[67.527863,39.809738],[67.524045,39.811845],[67.525867,39.814578],[67.52063,39.815694],[67.520123,39.818121],[67.528122,39.821396],[67.53437,39.821781],[67.535341,39.822743],[67.53444,39.823996],[67.526886,39.826698],[67.513411,39.824326],[67.51575,39.828116],[67.51726,39.830123],[67.513869,39.831833],[67.501352,39.838884],[67.492153,39.845289],[67.493548,39.846929],[67.474444,39.855273],[67.477071,39.859448],[67.470835,39.862998],[67.474778,39.868676],[67.467997,39.873538],[67.446015,39.870291],[67.424308,39.889669],[67.421716,39.888429],[67.401161,39.9115],[67.412193,39.921257],[67.407309,39.924983],[67.3902,39.918866],[67.373307,39.913842],[67.367189,39.908224],[67.363532,39.906684],[67.358548,39.908527],[67.357958,39.910475],[67.358593,39.911538],[67.356093,39.912121],[67.355241,39.913036],[67.347228,39.915628],[67.345201,39.915894],[67.340704,39.91307],[67.339525,39.915849],[67.337879,39.916202],[67.331688,39.914912],[67.328309,39.916626],[67.324762,39.914938],[67.321363,39.91579],[67.316364,39.913774],[67.313125,39.916779],[67.310744,39.916624],[67.30873,39.914997],[67.306581,39.916635],[67.302807,39.918085],[67.300725,39.91774],[67.298893,39.917151],[67.295689,39.917528],[67.294002,39.917499],[67.293731,39.91859],[67.29261,39.919397],[67.29153,39.918977],[67.289556,39.917176],[67.286735,39.917383],[67.282378,39.916704],[67.277849,39.91479],[67.276816,39.91572],[67.274593,39.914978],[67.27281,39.916528],[67.272132,39.918504],[67.270163,39.921279],[67.265961,39.921652],[67.265096,39.923097],[67.263046,39.923898],[67.260639,39.922986],[67.257864,39.922747],[67.256612,39.92222],[67.255748,39.920023],[67.254797,39.919519],[67.25348,39.916246],[67.251261,39.915398],[67.249803,39.916624],[67.248905,39.91621],[67.245483,39.91634],[67.244675,39.915934],[67.24184,39.916243],[67.24005,39.917805],[67.235554,39.91583],[67.233274,39.917373],[67.229851,39.917323],[67.229275,39.920846],[67.226296,39.920973],[67.223437,39.922428],[67.221814,39.925005],[67.214761,39.92945],[67.212171,39.930277],[67.210901,39.932373],[67.204387,39.936056],[67.202636,39.935507],[67.199597,39.933324],[67.199864,39.930185],[67.198007,39.930215],[67.195346,39.929808],[67.193698,39.928445],[67.192275,39.926223],[67.185093,39.92396],[67.182133,39.922745],[67.180122,39.923382],[67.178004,39.921847],[67.171043,39.9267],[67.166619,39.927471],[67.165682,39.929944],[67.156603,39.934022],[67.15352,39.933468],[67.148638,39.931594],[67.142465,39.932053],[67.138853,39.931567],[67.136854,39.933368],[67.131188,39.935166],[67.125072,39.934811],[67.122404,39.936346],[67.116467,39.936668],[67.109556,39.93561],[67.10755,39.937884],[67.104595,39.937404],[67.10264,39.937387],[67.099392,39.939771],[67.098386,39.940889],[67.09595,39.940553],[67.096701,39.943589],[67.09805,39.945766],[67.095067,39.949114],[67.094975,39.955422],[67.080278,39.986745],[67.077573,39.987063],[67.064132,39.976997],[67.061432,39.974361],[67.05466,39.967748],[67.052845,39.967792],[67.033414,39.984324],[67.022987,39.996195],[67.021372,39.999396],[67.027436,40.002277],[67.042474,40.008569],[67.047797,40.0097],[67.048226,40.009166],[67.053147,40.015669],[67.06595,40.02037],[67.07595,40.024398],[67.069885,40.028295],[67.069819,40.041111],[67.070316,40.056315],[67.061444,40.059287],[67.057543,40.063442],[67.054595,40.074398],[67.046511,40.086763],[67.033112,40.090105],[67.031744,40.094001],[67.028875,40.095006],[67.027104,40.098031],[67.007321,40.107103],[66.988654,40.114375],[66.977441,40.117064],[66.96628,40.120458],[66.96247,40.118902],[66.952905,40.124706],[66.945556,40.127314],[66.938573,40.125468],[66.935877,40.122843],[66.930004,40.12401],[66.929962,40.125507],[66.927139,40.127264],[66.935953,40.13225],[66.937355,40.133319],[66.942713,40.133307],[66.944602,40.134246],[66.947578,40.135367],[66.951309,40.136451],[66.957289,40.14317],[66.966237,40.15079],[66.974489,40.164022],[66.982075,40.171782],[66.985022,40.176023],[66.987617,40.184201],[66.993875,40.192014],[66.992041,40.19328],[66.988108,40.192735],[66.983438,40.191175],[66.98164,40.195595],[66.978515,40.200277],[66.972277,40.20508],[66.962131,40.212158],[66.958448,40.212302],[66.959332,40.218919],[66.950864,40.217991],[66.946406,40.22613],[66.942134,40.230721],[66.940384,40.231257],[66.939892,40.235236],[66.924067,40.240173],[66.903066,40.24197],[66.887242,40.238737],[66.879174,40.25256],[66.87728,40.257004],[66.876039,40.261203],[66.880897,40.264883],[66.88036,40.267869],[66.881605,40.272336],[66.884813,40.278525],[66.879697,40.290807],[66.879017,40.294806],[66.876694,40.299405],[66.871588,40.301781],[66.8694,40.307037],[66.864968,40.309153],[66.866198,40.310736],[66.864557,40.311644],[66.861119,40.310977],[66.866825,40.316605],[66.869966,40.316929],[66.878523,40.32692],[66.880555,40.331155],[66.880293,40.340892],[66.881588,40.344947],[66.881453,40.347476],[66.883679,40.349283],[66.882829,40.351142],[66.881762,40.351742],[66.882251,40.354659],[66.87891,40.363954],[66.88008,40.368021],[66.881684,40.36949],[66.88221,40.371332],[66.883663,40.373052],[66.882734,40.374794],[66.884268,40.377121],[66.88312,40.379793],[66.884548,40.383904],[66.885137,40.387253],[66.887079,40.390983],[66.887498,40.394622],[66.88482,40.396573],[66.885381,40.397613],[66.883833,40.399455],[66.882416,40.405022],[66.882519,40.412154],[66.886554,40.416796],[66.892022,40.421443],[66.893067,40.421329],[66.894379,40.42389],[66.896353,40.425912],[66.897593,40.426757],[66.898416,40.428465],[66.898459,40.433352],[66.899653,40.435592],[66.897929,40.437295],[66.894803,40.438857],[66.894991,40.440573],[66.892832,40.442232],[66.891259,40.445486],[66.892409,40.447971],[66.891271,40.448459],[66.889468,40.450177],[66.885619,40.451205],[66.885711,40.452487],[66.882756,40.455629],[66.883225,40.456542],[66.880848,40.458828],[66.879838,40.461119],[66.878208,40.46281],[66.878534,40.464534],[66.873524,40.467837],[66.87387,40.468718],[66.873824,40.471714],[66.878513,40.473058],[66.879986,40.474435],[66.881081,40.478304],[66.884007,40.484061],[66.885824,40.486117],[66.883813,40.486877],[66.881807,40.486936],[66.88054,40.488043],[66.878054,40.487538],[66.87493,40.488553],[66.87257,40.488996],[66.870478,40.487035],[66.86832,40.486054],[66.867721,40.485318],[66.866643,40.485154],[66.865268,40.484333],[66.864884,40.481603],[66.864086,40.480601],[66.863847,40.479912],[66.863904,40.478705],[66.863081,40.477803],[66.861941,40.477688],[66.860339,40.478354],[66.860852,40.479382],[66.860157,40.480715],[66.857653,40.482121],[66.85811,40.483836],[66.856903,40.485709],[66.856459,40.486908],[66.856482,40.48771],[66.855783,40.488343],[66.854122,40.487446],[66.85234,40.487951],[66.851313,40.488645],[66.850408,40.48881],[66.849766,40.488346],[66.847795,40.487992],[66.846635,40.486804],[66.845121,40.4869],[66.842185,40.485104],[66.839294,40.485478],[66.831553,40.48146],[66.829956,40.481711],[66.826379,40.479989],[66.822438,40.479633],[66.818187,40.480892],[66.814717,40.480016],[66.812863,40.477161],[66.808432,40.47661],[66.805027,40.478095],[66.797991,40.480119],[66.78229,40.483631],[66.780925,40.482526],[66.775369,40.481946],[66.773528,40.482585],[66.770932,40.481438],[66.769741,40.479331],[66.769256,40.471414],[66.766649,40.46998],[66.764262,40.46999],[66.761319,40.468617],[66.758358,40.46839],[66.75699,40.469947],[66.752945,40.473179],[66.751664,40.475132],[66.749889,40.474723],[66.747202,40.475005],[66.745969,40.476435],[66.744517,40.476757],[66.743764,40.478324],[66.740802,40.480213],[66.732804,40.48342],[66.730131,40.485638],[66.727337,40.488531],[66.724857,40.490328],[66.722293,40.494106],[66.721526,40.494536],[66.72035,40.494659],[66.71975,40.494446],[66.719343,40.493008],[66.713523,40.489132],[66.705911,40.487604],[66.702037,40.484367],[66.698325,40.48322],[66.693185,40.479239],[66.689838,40.477366],[66.686146,40.477032],[66.685881,40.475435],[66.683929,40.475053],[66.681588,40.473507],[66.676888,40.473869],[66.670879,40.472709],[66.669406,40.475096],[66.66488,40.473033],[66.661641,40.474091],[66.657457,40.472937],[66.654262,40.474957],[66.652406,40.477652],[66.653224,40.480176],[66.654829,40.481608],[66.653242,40.484443],[66.654654,40.488534],[66.653823,40.490878],[66.653887,40.491934],[66.646394,40.495257],[66.634523,40.495588],[66.63268,40.497333],[66.625494,40.49861],[66.624593,40.499965],[66.617068,40.500446],[66.610818,40.497629],[66.60953,40.495802],[66.607145,40.495469],[66.602682,40.498765],[66.59957,40.498275],[66.600207,40.504171],[66.601833,40.50993],[66.604197,40.509977],[66.604578,40.511734],[66.604366,40.514648],[66.601641,40.520546],[66.598089,40.521198],[66.593984,40.529546],[66.589667,40.536539],[66.578107,40.542958],[66.577468,40.54592],[66.581653,40.553938],[66.588767,40.555369],[66.590695,40.556965],[66.595665,40.559219],[66.599058,40.562896],[66.601083,40.565692],[66.60305,40.567639],[66.602981,40.568435],[66.600911,40.570256],[66.598407,40.571198],[66.596559,40.571384],[66.592732,40.57289],[66.591972,40.573667],[66.591742,40.575316],[66.587046,40.579101],[66.581746,40.580449],[66.574789,40.579836],[66.567846,40.579788],[66.567705,40.589351],[66.563376,40.592424],[66.560862,40.596336],[66.559292,40.597477],[66.565213,40.605061],[66.566433,40.608173],[66.559905,40.609271],[66.556718,40.613521],[66.554181,40.614739],[66.552782,40.61679],[66.545927,40.618309],[66.542945,40.617292],[66.535353,40.618055],[66.533213,40.619281],[66.531132,40.619296],[66.529415,40.620227],[66.528016,40.622126],[66.523313,40.619416],[66.522649,40.617366],[66.520418,40.613382],[66.51723,40.611373],[66.508413,40.607723],[66.505004,40.604698],[66.502401,40.605329],[66.499277,40.605278],[66.490732,40.603366],[66.485218,40.599049],[66.480755,40.599474],[66.470244,40.588358],[66.464993,40.583897],[66.454952,40.581932],[66.44854,40.581704],[66.419846,40.582876],[66.389306,40.583883],[66.371099,40.584857],[66.361089,40.584397],[66.358318,40.586276],[66.357114,40.586505],[66.356416,40.5873],[66.354591,40.590876],[66.353045,40.591759],[66.351985,40.593258],[66.350555,40.593875],[66.347847,40.592966],[66.34596,40.593343],[66.338936,40.592799],[66.337301,40.594341],[66.332741,40.597667],[66.331349,40.599204],[66.326554,40.598962],[66.324563,40.597973],[66.320174,40.600692],[66.318554,40.602827],[66.316998,40.603349],[66.315733,40.605308],[66.312772,40.60746],[66.311297,40.608154],[66.310017,40.610176],[66.310406,40.61405],[66.309037,40.616955],[66.304874,40.617047],[66.289635,40.612678],[66.244528,40.613356],[66.245581,40.610918],[66.248275,40.606727],[66.247142,40.604247],[66.244326,40.603666],[66.243445,40.600999],[66.245266,40.598022],[66.24525,40.590284],[66.244449,40.587876],[66.242689,40.586701],[66.242368,40.58286],[66.239217,40.582242],[66.234169,40.573557],[66.230623,40.558509],[66.230095,40.548753],[66.226859,40.541501],[66.225832,40.536897],[66.227036,40.531975],[66.225254,40.525719],[66.226424,40.522503],[66.224007,40.518007],[66.219285,40.502348],[66.226377,40.489189],[66.239956,40.488084],[66.240117,40.484009],[66.237282,40.48276],[66.235793,40.481439],[66.230783,40.480151],[66.228612,40.480034],[66.223026,40.481687],[66.221559,40.480055],[66.212937,40.47852],[66.210322,40.473129],[66.203023,40.467387],[66.200354,40.468039],[66.193928,40.447935],[66.220002,40.444274],[66.213854,40.425244],[66.210781,40.412537],[66.226758,40.407753],[66.225255,40.404813],[66.223302,40.399811],[66.20977,40.374701],[66.201977,40.364908],[66.19566,40.346533],[66.189954,40.343459],[66.188267,40.339222],[66.188149,40.335771],[66.189279,40.334405],[66.189061,40.333535],[66.18953,40.332666],[66.189012,40.331431],[66.189903,40.326298],[66.190814,40.325452],[66.190941,40.318449],[66.189517,40.317064],[66.18883,40.314987],[66.18986,40.312421],[66.188945,40.311234],[66.18954,40.307918],[66.192149,40.307307],[66.192561,40.306243],[66.191462,40.304008],[66.19018,40.302629],[66.190913,40.300221],[66.191096,40.299138],[66.190969,40.298452],[66.191233,40.297829],[66.190386,40.297427],[66.19034,40.29624],[66.189974,40.295717],[66.188601,40.294896],[66.188395,40.294477],[66.187296,40.293622],[66.186243,40.293081],[66.185442,40.291876],[66.183084,40.290933],[66.183206,40.290268],[66.18284,40.289866],[66.180345,40.287247],[66.178514,40.286043],[66.178079,40.284349],[66.176821,40.284],[66.172403,40.276491],[66.169359,40.272737],[66.16762,40.271357],[66.166338,40.268231],[66.165788,40.262904],[66.164209,40.257018],[66.163683,40.254119],[66.162035,40.250782],[66.160776,40.246974],[66.158029,40.241855],[66.155946,40.240318],[66.153406,40.237941],[66.152971,40.237138],[66.148462,40.231931],[66.145029,40.225063],[66.143312,40.222826],[66.141664,40.220205],[66.141756,40.210679],[66.142236,40.206537],[66.14242,40.201922],[66.141481,40.200226],[66.140103,40.18799],[66.140355,40.178722],[66.140035,40.172916],[66.140286,40.169541],[66.140012,40.167775],[66.145802,40.166445],[66.150884,40.164346],[66.151959,40.163612],[66.155393,40.161985],[66.15688,40.160533],[66.161755,40.159134],[66.165737,40.158598],[66.166561,40.158318],[66.171986,40.155082],[66.176334,40.153245],[66.177561,40.152977],[66.178417,40.153686],[66.178433,40.153908],[66.177377,40.154895],[66.176819,40.155949],[66.178331,40.157642],[66.179422,40.159773],[66.179653,40.161904],[66.180065,40.162639],[66.179997,40.16479],[66.181461,40.166924],[66.185261,40.164685],[66.187618,40.162936],[66.191118,40.1558],[66.18258,40.146633],[66.179834,40.142767],[66.174798,40.142609],[66.167772,40.132285],[66.166215,40.12672],[66.166009,40.12469],[66.168138,40.119195],[66.169786,40.116709],[66.172097,40.11123],[66.164911,40.090151],[66.168074,40.089885],[66.163794,40.084684],[66.157431,40.080254],[66.15663,40.079431],[66.156057,40.078468],[66.155005,40.077522],[66.152922,40.073318],[66.152784,40.07232],[66.152121,40.070884],[66.148353,40.068996],[66.14357,40.067998],[66.1408,40.067157],[66.137435,40.06572],[66.13359,40.062865],[66.131576,40.061937],[66.129948,40.05798],[66.127041,40.057577],[66.12418,40.057664],[66.123448,40.057384],[66.122212,40.05649],[66.12061,40.056368],[66.119671,40.055965],[66.118664,40.055877],[66.116833,40.056123],[66.11649,40.055667],[66.114842,40.056245],[66.11237,40.056525],[66.111363,40.056438],[66.110928,40.055947],[66.109921,40.05593],[66.100995,40.056525],[66.098187,40.057821],[66.097822,40.05727],[66.097508,40.055831],[66.096394,40.054418],[66.093887,40.051886],[66.091793,40.050713],[66.089425,40.047647],[66.089164,40.047141],[66.089129,40.046181],[66.088398,40.044928],[66.08787,40.039593],[66.087012,40.039176],[66.0865,40.03868],[66.086599,40.03824],[66.087296,40.03782],[66.086954,40.037174],[66.08676,40.037073],[66.086238,40.037221],[66.085541,40.03681],[66.08411,40.036521],[66.082023,40.035158],[66.079851,40.034124],[66.078952,40.033888],[66.078172,40.0342],[66.077943,40.033709],[66.078254,40.03337],[66.077691,40.033136],[66.077395,40.033145],[66.076906,40.0335],[66.076656,40.033417],[66.076703,40.033098],[66.076318,40.032717],[66.075539,40.032609],[66.071177,40.033269],[66.069457,40.034041],[66.069131,40.033926],[66.068999,40.033574],[66.069292,40.033174],[66.069228,40.032835],[66.067994,40.031691],[66.067431,40.031433],[66.067075,40.03351],[66.06676,40.033732],[66.066105,40.033554],[66.065072,40.034238],[66.064761,40.034149],[66.064209,40.033154],[66.062569,40.03213],[66.061961,40.031981],[66.061305,40.03254],[66.061408,40.033045],[66.061037,40.033574],[66.060127,40.033458],[66.057952,40.032725],[66.057642,40.032863],[66.057542,40.033785],[66.057271,40.033987],[66.056653,40.033934],[66.055765,40.034162],[66.05535,40.034056],[66.054906,40.033821],[66.054669,40.033075],[66.05551,40.032183],[66.055583,40.031046],[66.055117,40.030538],[66.054664,40.030551],[66.053995,40.029807],[66.05318,40.0295],[66.05271,40.029507],[66.051096,40.030594],[66.050755,40.030584],[66.050181,40.030237],[66.049922,40.030372],[66.049733,40.030614],[66.049538,40.032979],[66.047705,40.033997],[66.046721,40.035126],[66.04597,40.035645],[66.045823,40.036497],[66.045268,40.037018],[66.044939,40.037182],[66.044225,40.037179],[66.043169,40.037004],[66.042587,40.035855],[66.042642,40.034972],[66.042074,40.034664],[66.041241,40.035058],[66.04082,40.035766],[66.038764,40.037256],[66.037128,40.03749],[66.035682,40.037172],[66.035466,40.038011],[66.036063,40.038266],[66.036356,40.038887],[66.036161,40.039359],[66.035438,40.039639],[66.035124,40.039618],[66.034422,40.038609],[66.033219,40.037973],[66.032517,40.037936],[66.031706,40.038333],[66.031254,40.038239],[66.031004,40.037945],[66.031199,40.03645],[66.030534,40.035992],[66.030034,40.036029],[66.029558,40.036763],[66.028356,40.036623],[66.02741,40.035782],[66.024993,40.035025],[66.023871,40.034974],[66.02229,40.034623],[66.021942,40.034787],[66.021955,40.035413],[66.021759,40.035558],[66.020777,40.035329],[66.020008,40.035614],[66.019062,40.035431],[66.018586,40.03509],[66.01847,40.034745],[66.018952,40.033857],[66.018208,40.033479],[66.017744,40.032399],[66.017848,40.031199],[66.017433,40.029974],[66.016786,40.029722],[66.016365,40.029764],[66.015316,40.030404],[66.014882,40.03046],[66.014675,40.030297],[66.014803,40.029647],[66.015682,40.029269],[66.015956,40.028956],[66.015901,40.028671],[66.015547,40.028432],[66.01304,40.028344],[66.012063,40.028699],[66.01116,40.029311],[66.010666,40.02925],[66.009952,40.02832],[66.008878,40.028073],[66.008048,40.028442],[66.006306,40.028807],[66.004429,40.029943],[66.003518,40.029953],[66.001885,40.02926],[65.999966,40.027519],[65.999331,40.027179],[65.998946,40.027278],[65.999074,40.02801],[65.998637,40.028805],[65.998677,40.029162],[65.999127,40.029685],[65.998351,40.03148],[65.997838,40.031962],[65.996135,40.03231],[65.995802,40.032051],[65.995487,40.031243],[65.994251,40.031274],[65.992705,40.030015],[65.991393,40.030029],[65.990402,40.030761],[65.989719,40.030841],[65.988151,40.02956],[65.985643,40.03002],[65.984908,40.029694],[65.984517,40.02922],[65.984634,40.027912],[65.984091,40.02717],[65.984191,40.025956],[65.983736,40.025326],[65.98261,40.025089],[65.98128,40.025701],[65.979816,40.025723],[65.978075,40.025103],[65.977232,40.024503],[65.97645,40.024518],[65.975255,40.023918],[65.97354,40.022616],[65.97138,40.021434],[65.970549,40.021207],[65.969601,40.020537],[65.96739,40.019847],[65.965915,40.020146],[65.96548,40.020019],[65.964681,40.019056],[65.964384,40.018989],[65.962755,40.019073],[65.962347,40.018809],[65.961962,40.017907],[65.959553,40.017791],[65.957629,40.018193],[65.9555,40.018144],[65.95424,40.018568],[65.953482,40.01838],[65.952677,40.017443],[65.952123,40.017103],[65.951009,40.016817],[65.950397,40.015799],[65.948175,40.014678],[65.947586,40.014164],[65.947172,40.012306],[65.946872,40.012007],[65.94588,40.012345],[65.945005,40.012926],[65.944349,40.012998],[65.94192,40.011792],[65.940981,40.011815],[65.940434,40.012254],[65.940493,40.012923],[65.94016,40.013794],[65.939705,40.014107],[65.938002,40.014724],[65.936947,40.014598],[65.936194,40.014732],[65.93508,40.015536],[65.934392,40.015809],[65.93343,40.01584],[65.932578,40.015581],[65.931138,40.014335],[65.929423,40.014165],[65.928379,40.014397],[65.927674,40.014777],[65.92737,40.015228],[65.927137,40.016939],[65.926256,40.017203],[65.925527,40.017167],[65.924612,40.016399],[65.924075,40.016193],[65.92232,40.01618],[65.92169,40.016497],[65.921328,40.017091],[65.922011,40.01768],[65.922454,40.018708],[65.922244,40.019838],[65.921521,40.020633],[65.920728,40.020914],[65.920063,40.020941],[65.91822,40.020735],[65.917211,40.019851],[65.916208,40.019614],[65.915922,40.01923],[65.915729,40.018042],[65.916313,40.017399],[65.916599,40.016434],[65.915963,40.015885],[65.914855,40.016005],[65.91377,40.016805],[65.913286,40.016925],[65.911956,40.016747],[65.910836,40.017475],[65.910224,40.018462],[65.909472,40.018877],[65.908585,40.019194],[65.906581,40.019389],[65.904897,40.019071],[65.901443,40.016921],[65.900583,40.016795],[65.89885,40.017398],[65.895634,40.018099],[65.894768,40.018249],[65.894133,40.018155],[65.893565,40.017697],[65.893395,40.017099],[65.893736,40.016449],[65.894597,40.015893],[65.895024,40.014903],[65.894682,40.014445],[65.894237,40.014351],[65.893395,40.014463],[65.889355,40.015697],[65.887079,40.017903],[65.886457,40.018197],[65.885669,40.017912],[65.885236,40.017113],[65.884406,40.012641],[65.883119,40.01101],[65.882368,40.010953],[65.880837,40.011832],[65.880001,40.011925],[65.878799,40.011711],[65.877834,40.011112],[65.876181,40.009617],[65.874521,40.009341],[65.873661,40.009785],[65.872886,40.010972],[65.871671,40.011528],[65.870872,40.011411],[65.866031,40.008973],[65.86591,40.007909],[65.865444,40.007241],[65.863693,40.006805],[65.861906,40.006877],[65.861268,40.007234],[65.861164,40.007829],[65.860229,40.008523],[65.85932,40.008766],[65.85838,40.00878],[65.856861,40.009393],[65.855653,40.010669],[65.855109,40.010823],[65.85442,40.010444],[65.853846,40.009668],[65.853181,40.009252],[65.846414,40.008701],[65.845737,40.008935],[65.845499,40.009636],[65.845529,40.011332],[65.844388,40.011851],[65.840959,40.01143],[65.839513,40.011482],[65.838439,40.011907],[65.838054,40.012337],[65.83803,40.01315],[65.838713,40.015071],[65.838671,40.015931],[65.838475,40.016796],[65.837829,40.017548],[65.83518,40.018595],[65.832895,40.020411],[65.831629,40.020067],[65.830134,40.020067],[65.829792,40.020539],[65.829847,40.021048],[65.830219,40.021483],[65.831104,40.021777],[65.831482,40.022235],[65.831665,40.022936],[65.831629,40.023553],[65.831116,40.024412],[65.830225,40.025188],[65.829103,40.025328],[65.828505,40.02487],[65.828151,40.023744],[65.825631,40.023263],[65.82477,40.023328],[65.824245,40.02366],[65.824294,40.024375],[65.824752,40.025104],[65.827162,40.026707],[65.827425,40.027314],[65.827364,40.027856],[65.826576,40.028585],[65.82402,40.028389],[65.820188,40.027534],[65.819266,40.027637],[65.8189,40.028015],[65.818778,40.02959],[65.818375,40.030197],[65.817576,40.0308],[65.816398,40.030837],[65.814043,40.030421],[65.813585,40.030683],[65.813292,40.031977],[65.812926,40.032281],[65.811938,40.032402],[65.810943,40.032248],[65.810137,40.031907],[65.80943,40.031309],[65.808337,40.030875],[65.807526,40.030819],[65.805158,40.031636],[65.802492,40.030772],[65.801357,40.030823],[65.799825,40.031594],[65.796133,40.032818],[65.79467,40.032864],[65.791753,40.031691],[65.790517,40.029015],[65.78885,40.028429],[65.787734,40.028923],[65.787425,40.030044],[65.786256,40.030508],[65.785664,40.02955],[65.78553,40.028912],[65.784616,40.02882],[65.783608,40.029468],[65.783003,40.030137],[65.781726,40.030425],[65.781605,40.029314],[65.781094,40.029015],[65.777808,40.029159],[65.776854,40.029705],[65.775967,40.029767],[65.774811,40.029437],[65.773762,40.029427],[65.772956,40.030271],[65.771289,40.031496],[65.770066,40.031907],[65.769098,40.031588],[65.768614,40.030837],[65.767794,40.030384],[65.766114,40.031526],[65.762491,40.033328],[65.760096,40.033706],[65.755458,40.036675],[65.754041,40.037043],[65.752644,40.037053],[65.751132,40.036749],[65.749945,40.03618],[65.749489,40.034725],[65.748576,40.034346],[65.746714,40.03487],[65.746029,40.035976],[65.747284,40.0365],[65.748805,40.036471],[65.749527,40.037345],[65.748805,40.038451],[65.747284,40.038945],[65.745307,40.039236],[65.743482,40.039149],[65.742722,40.038218],[65.742342,40.036966],[65.741163,40.036617],[65.739947,40.037403],[65.73968,40.038189],[65.738236,40.038654],[65.736031,40.038421],[65.735993,40.037461],[65.736449,40.036064],[65.735004,40.034608],[65.733294,40.034958],[65.732267,40.035685],[65.732533,40.036791],[65.735384,40.039644],[65.734852,40.04107],[65.735651,40.042234],[65.736867,40.043253],[65.736753,40.044243],[65.735461,40.044621],[65.732685,40.044505],[65.730518,40.045057],[65.728921,40.046833],[65.728237,40.048288],[65.727439,40.049383],[65.726973,40.049597],[65.726189,40.049528],[65.724086,40.047538],[65.722715,40.047435],[65.722043,40.047785],[65.722527,40.048999],[65.722205,40.049617],[65.721049,40.049596],[65.720027,40.048814],[65.719274,40.047826],[65.718172,40.04725],[65.717339,40.047127],[65.715834,40.049905],[65.715081,40.05258],[65.713522,40.053671],[65.712393,40.053424],[65.710699,40.052662],[65.709167,40.05295],[65.707634,40.054082],[65.707204,40.055193],[65.707581,40.057271],[65.707043,40.058629],[65.705511,40.059329],[65.704543,40.059082],[65.70164,40.057436],[65.701156,40.05651],[65.699865,40.056407],[65.694381,40.05721],[65.691424,40.056181],[65.690537,40.056839],[65.690483,40.058197],[65.689946,40.059041],[65.688521,40.059103],[65.687607,40.058547],[65.685994,40.058218],[65.684919,40.058547],[65.684838,40.059308],[65.685591,40.061633],[65.684973,40.062683],[65.683575,40.062991],[65.682499,40.062312],[65.682042,40.061242],[65.681854,40.059823],[65.68086,40.058917],[65.679408,40.058691],[65.678413,40.059226],[65.677849,40.061551],[65.676397,40.062621],[65.673709,40.062929],[65.671209,40.062806],[65.66891,40.062189],[65.668158,40.062292],[65.667593,40.063032],[65.667298,40.064123],[65.666061,40.064719],[65.666007,40.068752],[65.667029,40.073092],[65.667082,40.07482],[65.667513,40.076301],[65.668615,40.077823],[65.670443,40.079222],[65.672647,40.08058],[65.6734,40.081876],[65.673077,40.08276],[65.670201,40.085022],[65.669744,40.089258],[65.668742,40.090587],[65.667659,40.091206],[65.666474,40.091146],[65.665728,40.091291],[65.664884,40.091773],[65.664592,40.092323],[65.665133,40.093886],[65.664529,40.09419],[65.662886,40.094191],[65.661865,40.094506],[65.659542,40.0973],[65.653178,40.101464],[65.651445,40.103073],[65.650353,40.104807],[65.649965,40.107607],[65.649186,40.108804],[65.648334,40.109534],[65.646094,40.110555],[65.645652,40.110488],[65.644935,40.109711],[65.644428,40.109441],[65.643676,40.109318],[65.642503,40.109575],[65.641793,40.110346],[65.640735,40.110538],[65.639549,40.110326],[65.638383,40.109827],[65.637705,40.108365],[65.637634,40.107388],[65.639199,40.106141],[65.638822,40.105534],[65.63819,40.105123],[65.636995,40.105489],[65.63436,40.108188],[65.633725,40.11002],[65.632544,40.110727],[65.630305,40.110326],[65.629447,40.110523],[65.626383,40.11244],[65.625045,40.11307],[65.624065,40.11296],[65.624031,40.112014],[65.624533,40.110838],[65.623185,40.109935],[65.622271,40.109875],[65.621625,40.110778],[65.618449,40.111673],[65.617925,40.111545],[65.616956,40.110471],[65.616276,40.110275],[65.615151,40.111733],[65.615296,40.112525],[65.615151,40.114059],[65.614783,40.114834],[65.614416,40.118367],[65.61378,40.11918],[65.612449,40.120026],[65.611605,40.120058],[65.610844,40.119755],[65.61069,40.119249],[65.610968,40.11886],[65.610867,40.11776],[65.610558,40.11725],[65.610062,40.117047],[65.609481,40.117095],[65.608465,40.1182],[65.605657,40.119734],[65.604955,40.119632],[65.603718,40.118584],[65.60276,40.118362],[65.602069,40.119078],[65.601223,40.12143],[65.601423,40.122248],[65.603652,40.123926],[65.603652,40.125161],[65.602192,40.126124],[65.601925,40.127019],[65.603072,40.128331],[65.602961,40.128885],[65.602014,40.129524],[65.601167,40.13041],[65.601122,40.132292],[65.600888,40.133144],[65.599975,40.13334],[65.598983,40.13265],[65.597278,40.132301],[65.593947,40.130699],[65.592877,40.130793],[65.592108,40.131483],[65.591662,40.133291],[65.591034,40.133655],[65.588806,40.133653],[65.587863,40.132079],[65.58579,40.131662],[65.584587,40.131841],[65.583907,40.13265],[65.583551,40.13369],[65.582759,40.134328],[65.579584,40.135095],[65.578291,40.135853],[65.577188,40.137949],[65.576263,40.138622],[65.574102,40.138801],[65.571383,40.137821],[65.570168,40.137736],[65.569678,40.138196],[65.569667,40.139193],[65.570859,40.140709],[65.570926,40.14139],[65.569366,40.142038],[65.567588,40.142225],[65.56409,40.140707],[65.562293,40.140346],[65.561096,40.14078],[65.560529,40.142153],[65.56056,40.143358],[65.55952,40.144321],[65.557188,40.144442],[65.555455,40.143912],[65.554288,40.144273],[65.553816,40.145092],[65.553847,40.146441],[65.552145,40.14726],[65.548773,40.14714],[65.547765,40.14808],[65.54767,40.149501],[65.547891,40.150537],[65.548458,40.151404],[65.54726,40.151982],[65.547197,40.152705],[65.548143,40.152753],[65.54912,40.153235],[65.548427,40.154246],[65.546945,40.154535],[65.546063,40.155571],[65.546189,40.156751],[65.547071,40.157787],[65.547292,40.158534],[65.546315,40.158678],[65.545433,40.158197],[65.544518,40.158558],[65.54559,40.159449],[65.546252,40.160292],[65.547828,40.162785],[65.547036,40.164113],[65.545523,40.162572],[65.543632,40.162572],[65.542372,40.16498],[65.541111,40.16421],[65.538842,40.163632],[65.538338,40.165751],[65.535816,40.169219],[65.533799,40.170182],[65.532576,40.16985],[65.531395,40.170234],[65.530637,40.169791],[65.530392,40.168743],[65.530626,40.168122],[65.530125,40.167109],[65.528153,40.166955],[65.525868,40.167032],[65.524921,40.166598],[65.524063,40.165474],[65.524317,40.164515],[65.523171,40.163219],[65.522211,40.162988],[65.52073,40.163208],[65.520329,40.163067],[65.519699,40.16241],[65.51914,40.162359],[65.518723,40.161203],[65.518497,40.156951],[65.514379,40.148731],[65.514942,40.144612],[65.509579,40.140154],[65.500132,40.130281],[65.490631,40.122737],[65.490669,40.116891],[65.481818,40.103556],[65.481486,40.102842],[65.48173,40.102018],[65.481623,40.100953],[65.476694,40.094545],[65.470627,40.089767],[65.46825,40.090112],[65.468743,40.088459],[65.465884,40.086369],[65.465591,40.085779],[65.463505,40.074715],[65.456616,40.074976],[65.447535,40.073789],[65.447201,40.073187],[65.447301,40.070762],[65.44343,40.061452],[65.441122,40.056953],[65.440931,40.052129],[65.446287,40.051729],[65.450197,40.047982],[65.456773,40.046429],[65.464442,40.04642],[65.475404,40.045239],[65.483365,40.044804],[65.485835,40.039704],[65.487391,40.035315],[65.489611,40.033352],[65.490962,40.030635],[65.494189,40.02678],[65.497805,40.024554],[65.499934,40.024116],[65.504913,40.023798],[65.506434,40.020207],[65.506915,40.019523],[65.50664,40.018822],[65.505496,40.01777],[65.504466,40.017315],[65.503642,40.016386],[65.503756,40.013721],[65.503458,40.013108],[65.501902,40.011793],[65.499201,40.011179],[65.495791,40.010899],[65.49293,40.011004],[65.484095,40.008392],[65.485903,40.000011],[65.48382,39.9991],[65.479151,39.997697],[65.473406,39.996996],[65.470271,39.996996],[65.465392,39.996634],[65.458938,39.996465],[65.458665,39.996378],[65.45801,39.996676],[65.456953,39.997449],[65.456221,39.997535],[65.455481,39.997089],[65.453161,39.997085],[65.449872,39.998121],[65.448816,39.998074],[65.449057,39.996831],[65.448965,39.995639],[65.447507,39.993415],[65.446729,39.990311],[65.453229,39.986733],[65.457166,39.985576],[65.460737,39.973948],[65.463643,39.967528],[65.466475,39.962798],[65.468448,39.960464],[65.471058,39.960027],[65.476464,39.96058],[65.476389,39.951164],[65.46435,39.941357],[65.463473,39.940027],[65.466069,39.936945],[65.465426,39.933998],[65.463827,39.918433],[65.463756,39.908804],[65.46325,39.903171],[65.461836,39.90208],[65.422365,39.906769],[65.418537,39.911464],[65.41592,39.913151],[65.406751,39.915684],[65.390779,39.918214],[65.382679,39.918187],[65.359682,39.922682],[65.354513,39.925442],[65.347445,39.926495],[65.330028,39.93425],[65.325403,39.933525],[65.323532,39.933525],[65.320169,39.934815],[65.318162,39.934618],[65.316917,39.933937],[65.315566,39.932249],[65.314729,39.929879],[65.313206,39.928514],[65.309579,39.927041],[65.307359,39.923026],[65.306286,39.91953],[65.301672,39.917217],[65.300503,39.91511],[65.298844,39.913548],[65.29693,39.912633],[65.294344,39.912279],[65.29222,39.911135],[65.288841,39.90972],[65.287006,39.908683],[65.284399,39.906765],[65.281556,39.905819],[65.27882,39.900658],[65.279646,39.899136],[65.277951,39.895481],[65.277457,39.892863],[65.277007,39.891876],[65.275719,39.891514],[65.273573,39.891925],[65.270097,39.890114],[65.268831,39.888929],[65.266728,39.887801],[65.264368,39.888937],[65.26278,39.888146],[65.262351,39.888245],[65.213355,39.884253],[65.156435,39.879614],[65.193955,39.831472],[65.19419,39.827603],[65.194453,39.823264],[65.200243,39.816092],[65.205393,39.811064],[65.209099,39.807106],[65.219922,39.792148],[65.222906,39.789853],[65.223486,39.789093],[65.226227,39.785501],[65.237742,39.740122],[65.237828,39.720417],[65.240736,39.697485],[65.22943,39.68943],[65.227477,39.678604],[65.225447,39.672513],[65.214707,39.64888],[65.203049,39.633332],[65.189423,39.609718],[65.188584,39.599158],[65.192201,39.585547],[65.209716,39.555267],[65.227477,39.530274],[65.231659,39.526383],[65.255479,39.491622],[65.263042,39.4898],[65.268055,39.489323],[65.289638,39.488122],[65.311863,39.489306],[65.315937,39.489217],[65.333195,39.483105],[65.364,39.476416],[65.377298,39.476134],[65.387735,39.476098],[65.404833,39.477565],[65.420648,39.47737],[65.434198,39.478218],[65.484804,39.480639],[65.538709,39.49021],[65.633234,39.506991],[65.65008,39.506091],[65.652963,39.506656],[65.676081,39.506038],[65.692125,39.50632],[65.703981,39.507433],[65.714121,39.513313],[65.723393,39.52188],[65.744931,39.551817],[65.738889,39.569975],[65.772168,39.559952],[65.787389,39.561664],[65.802655,39.530319],[65.811215,39.516142],[65.830876,39.496699],[65.843144,39.487125],[65.851613,39.479388],[65.853995,39.477584],[65.862212,39.469757],[65.867065,39.466258],[65.879379,39.4582],[65.900428,39.445987],[65.907707,39.44148],[65.919151,39.43524],[65.919909,39.432642],[65.920135,39.430114],[65.919196,39.420336],[65.919174,39.413812],[65.9195,39.40695],[65.921057,39.399946],[65.921309,39.395702],[65.924891,39.381312],[65.969065,39.361846],[65.966387,39.356466],[65.999093,39.321755],[66.007754,39.320774],[66.01105,39.31956],[66.015215,39.319791],[66.023226,39.32142],[66.027801,39.322858],[66.033382,39.323403],[66.038435,39.327969],[66.047455,39.331031],[66.06026,39.329884],[66.076421,39.342472],[66.095098,39.347234],[66.118628,39.368972],[66.124257,39.38072],[66.143722,39.388483],[66.143195,39.393113],[66.144569,39.394227],[66.165754,39.393641],[66.167436,39.392589],[66.166725,39.382644],[66.1661,39.379116],[66.166688,39.3749],[66.167299,39.373719],[66.171906,39.372335],[66.174335,39.37352],[66.176652,39.372033],[66.188349,39.381053],[66.187928,39.381287],[66.197447,39.390234],[66.204097,39.396114],[66.203155,39.397168],[66.207516,39.400835],[66.224303,39.411732],[66.234516,39.419253],[66.237037,39.417763],[66.237817,39.417822],[66.240072,39.416802],[66.241114,39.416587],[66.24484,39.41932],[66.247094,39.417285],[66.249022,39.415038],[66.249338,39.412632],[66.25367,39.412329],[66.265268,39.404758],[66.271912,39.400981],[66.271109,39.396952],[66.270509,39.38981],[66.289042,39.392437],[66.298666,39.390323],[66.303649,39.380785],[66.306178,39.369059],[66.312733,39.370194],[66.317999,39.376664],[66.317313,39.382316],[66.330761,39.386461],[66.338139,39.389256],[66.338745,39.395777],[66.340909,39.397691],[66.349649,39.394255],[66.351882,39.395167],[66.354278,39.394889],[66.35581,39.393941],[66.356849,39.39425],[66.360891,39.392726],[66.365462,39.392317],[66.369351,39.392225],[66.372824,39.390644],[66.385732,39.402343],[66.401601,39.401741],[66.403144,39.402524],[66.41066,39.401532],[66.411227,39.400238],[66.415169,39.398528],[66.416109,39.390851],[66.419859,39.390508],[66.423071,39.392992],[66.423745,39.38787],[66.425288,39.387332],[66.433859,39.383134],[66.435968,39.383665],[66.438829,39.382542],[66.440024,39.383047],[66.440754,39.38285],[66.443442,39.380269],[66.444427,39.380709],[66.446203,39.380526],[66.448319,39.378971],[66.449768,39.379372],[66.451233,39.378442],[66.453586,39.377771],[66.455277,39.375098],[66.461306,39.370993],[66.462597,39.368124],[66.465148,39.365223],[66.469642,39.366865],[66.473846,39.363636],[66.479947,39.36211],[66.481375,39.360078],[66.484689,39.359794],[66.490141,39.357166],[66.492377,39.357716],[66.494824,39.356433],[66.497242,39.352286],[66.501175,39.349155],[66.5121,39.351735],[66.515102,39.350942]]]}},{"type":"Feature","properties":{"name":"Toshkent viloyati"},"geometry":{"type":"Polygon","coordinates":[[[69.030088,41.22506],[69.029453,41.224663],[69.027399,41.224195],[69.023482,41.224514],[69.022651,41.224963],[69.021567,41.224907],[69.020362,41.225244],[69.019821,41.225722],[69.018336,41.225912],[69.016486,41.226987],[69.014123,41.226993],[69.013161,41.227268],[69.012619,41.22764],[69.011891,41.227513],[69.011443,41.227633],[69.0102,41.228623],[69.009883,41.229747],[69.00922,41.23026],[69.009117,41.230745],[69.0078,41.231728],[69.007389,41.232592],[69.00681,41.23288],[69.005502,41.232922],[69.005091,41.23314],[69.004559,41.23458],[69.0037,41.235465],[69.002878,41.235977],[69.002775,41.236574],[69.002252,41.236989],[69.001194,41.238884],[68.998462,41.236975],[68.993631,41.230822],[68.99369,41.230495],[68.995437,41.229283],[68.996788,41.227722],[68.997374,41.225561],[68.997326,41.225091],[68.995498,41.221623],[68.995369,41.220804],[68.994511,41.219438],[68.993499,41.218527],[68.992786,41.217434],[68.991885,41.216834],[68.991685,41.215913],[68.991966,41.214611],[68.991595,41.214105],[68.989336,41.213895],[68.988217,41.213593],[68.98634,41.210669],[68.98486,41.210817],[68.984001,41.209967],[68.980547,41.209397],[68.978739,41.208213],[68.977762,41.206996],[68.971961,41.204852],[68.965345,41.201085],[68.964747,41.201263],[68.960422,41.199368],[68.959681,41.199331],[68.957238,41.198089],[68.955987,41.197693],[68.953692,41.196565],[68.943364,41.193475],[68.940874,41.191622],[68.938558,41.191555],[68.937826,41.191002],[68.936798,41.189071],[68.935742,41.188445],[68.93532,41.187749],[68.93358,41.186352],[68.932165,41.182882],[68.931942,41.18277],[68.925865,41.182927],[68.918543,41.181824],[68.915483,41.182323],[68.91511,41.181937],[68.915119,41.181169],[68.914561,41.18015],[68.914028,41.180161],[68.913899,41.179982],[68.914352,41.179461],[68.914824,41.177829],[68.913674,41.175611],[68.913774,41.174121],[68.913632,41.173489],[68.913216,41.172995],[68.911735,41.172094],[68.905161,41.169366],[68.902936,41.167754],[68.895835,41.164243],[68.885859,41.160376],[68.881815,41.159605],[68.875048,41.15523],[68.870304,41.151011],[68.864165,41.14718],[68.859657,41.143905],[68.859565,41.142956],[68.852316,41.140962],[68.849966,41.139387],[68.841647,41.134864],[68.839657,41.134128],[68.836946,41.134037],[68.835804,41.133425],[68.82831,41.128164],[68.815332,41.120858],[68.808877,41.1182],[68.808001,41.117591],[68.804004,41.115742],[68.803267,41.115438],[68.802809,41.114615],[68.796301,41.10958],[68.793082,41.106972],[68.790794,41.105705],[68.789916,41.104917],[68.786843,41.102608],[68.785442,41.100905],[68.78505,41.099877],[68.78463,41.099462],[68.784359,41.099385],[68.78434,41.099582],[68.783415,41.099153],[68.782976,41.098589],[68.779692,41.096187],[68.779286,41.096278],[68.774584,41.092984],[68.768031,41.088987],[68.76335,41.083934],[68.755444,41.077669],[68.746687,41.07039],[68.741948,41.066382],[68.738711,41.063232],[68.726028,41.053166],[68.721951,41.050258],[68.72121,41.048865],[68.720083,41.047407],[68.717667,41.04318],[68.716066,41.039839],[68.713697,41.03593],[68.713555,41.034654],[68.712746,41.032584],[68.713913,41.03103],[68.716439,41.030036],[68.721523,41.028914],[68.721854,41.028653],[68.733086,41.014794],[68.742053,41.005973],[68.742342,41.00581],[68.746796,41.005491],[68.747455,41.005678],[68.753122,41.011492],[68.75358,41.01126],[68.754691,41.011922],[68.755308,41.011866],[68.755588,41.011436],[68.75555,41.010449],[68.755905,41.010075],[68.756298,41.010146],[68.757418,41.01109],[68.757736,41.011069],[68.758203,41.009194],[68.75669,41.008328],[68.756671,41.007912],[68.760781,41.006671],[68.761145,41.006206],[68.760809,41.005811],[68.759978,41.005374],[68.758455,41.004895],[68.758091,41.004176],[68.757017,41.003429],[68.756475,41.003528],[68.755905,41.004832],[68.75556,41.004677],[68.755149,41.003704],[68.753468,41.003979],[68.75287,41.003619],[68.752524,41.003119],[68.752618,41.002625],[68.75346,41.002242],[68.75411,41.00117],[68.755483,41.000648],[68.755875,41.000317],[68.755894,40.999873],[68.75538,40.999464],[68.755306,40.999069],[68.756679,40.998787],[68.758145,40.997645],[68.75822,40.997265],[68.758051,40.997067],[68.756707,40.997096],[68.755763,40.996651],[68.7544,40.996468],[68.75411,40.995897],[68.754745,40.9946],[68.75467,40.993973],[68.753942,40.993832],[68.752476,40.99398],[68.751429,40.993888],[68.750953,40.993676],[68.751159,40.992824],[68.750449,40.992133],[68.750421,40.991639],[68.750692,40.991202],[68.750533,40.990962],[68.749188,40.991054],[68.747693,40.990307],[68.747637,40.990067],[68.748506,40.9897],[68.748758,40.989108],[68.748627,40.988798],[68.747591,40.98822],[68.747553,40.98798],[68.747899,40.987712],[68.748842,40.987522],[68.748831,40.987087],[68.74815,40.986177],[68.747328,40.98555],[68.747057,40.984852],[68.748084,40.98426],[68.749102,40.984471],[68.749635,40.984182],[68.748618,40.982702],[68.748748,40.982378],[68.749617,40.982075],[68.749561,40.98168],[68.749066,40.981419],[68.745974,40.981066],[68.744097,40.980023],[68.742369,40.981355],[68.741594,40.981489],[68.741155,40.980953],[68.741174,40.980551],[68.742145,40.979994],[68.742416,40.979191],[68.742145,40.978718],[68.741715,40.978556],[68.741398,40.978711],[68.741575,40.979677],[68.741342,40.979868],[68.740286,40.979395],[68.73868,40.97716],[68.738418,40.976229],[68.737923,40.975933],[68.736868,40.976046],[68.73642,40.975848],[68.73627,40.975192],[68.736961,40.974311],[68.73684,40.973916],[68.736251,40.973733],[68.735125,40.974605],[68.73485,40.974633],[68.734057,40.974252],[68.732971,40.973555],[68.732531,40.972205],[68.731025,40.97159],[68.730379,40.9708],[68.729315,40.970281],[68.728572,40.969653],[68.726531,40.969529],[68.721076,40.967838],[68.719986,40.968656],[68.716973,40.967374],[68.713488,40.965376],[68.711909,40.964751],[68.711421,40.964314],[68.708405,40.965777],[68.7046,40.966964],[68.702156,40.965763],[68.701067,40.966006],[68.700008,40.966621],[68.697661,40.96732],[68.697241,40.966611],[68.696557,40.966083],[68.694913,40.966515],[68.693777,40.966539],[68.689879,40.965041],[68.684151,40.964019],[68.684117,40.962116],[68.684413,40.961721],[68.684175,40.961411],[68.680844,40.962459],[68.679482,40.962658],[68.678435,40.962728],[68.676638,40.962347],[68.673035,40.960436],[68.668028,40.958512],[68.666597,40.957791],[68.665707,40.957206],[68.662014,40.953496],[68.659706,40.951266],[68.655543,40.946374],[68.650888,40.943028],[68.649261,40.94249],[68.646317,40.942445],[68.644121,40.942739],[68.642561,40.943339],[68.640399,40.944821],[68.642005,40.942048],[68.645652,40.937226],[68.647887,40.935265],[68.653996,40.931354],[68.655518,40.929627],[68.657073,40.928865],[68.660469,40.928375],[68.661649,40.926786],[68.662899,40.925633],[68.663269,40.924411],[68.664828,40.922694],[68.667332,40.921352],[68.677288,40.920574],[68.684841,40.91798],[68.687654,40.915939],[68.688618,40.914348],[68.689648,40.909159],[68.690258,40.907893],[68.692172,40.905687],[68.693424,40.904748],[68.699001,40.902185],[68.703533,40.900513],[68.705576,40.899334],[68.707,40.897961],[68.707782,40.896859],[68.708436,40.895418],[68.709808,40.894221],[68.712146,40.893132],[68.71471,40.892291],[68.718923,40.891949],[68.720459,40.891354],[68.721541,40.890273],[68.721902,40.887735],[68.720937,40.885919],[68.716642,40.880137],[68.715636,40.878179],[68.713064,40.875319],[68.709574,40.873046],[68.709232,40.869692],[68.709442,40.867244],[68.709065,40.865799],[68.706075,40.860205],[68.706015,40.858423],[68.708657,40.85693],[68.712633,40.856291],[68.717019,40.856609],[68.719964,40.85847],[68.721627,40.861938],[68.724331,40.8659],[68.725608,40.868321],[68.729038,40.872793],[68.732914,40.874884],[68.73663,40.875044],[68.740233,40.873803],[68.74155,40.870885],[68.741409,40.864494],[68.738133,40.860398],[68.736439,40.858781],[68.727687,40.854207],[68.726383,40.852052],[68.72707,40.849195],[68.729242,40.846912],[68.732081,40.845275],[68.735996,40.84452],[68.739774,40.845535],[68.749206,40.850228],[68.751535,40.850577],[68.755146,40.849955],[68.758282,40.848654],[68.76032,40.84529],[68.762111,40.840551],[68.764825,40.837955],[68.769025,40.837711],[68.773619,40.835932],[68.78409,40.834412],[68.785324,40.833953],[68.791843,40.831525],[68.796764,40.827896],[68.802244,40.82263],[68.80731,40.820401],[68.815455,40.819063],[68.82397,40.818975],[68.828627,40.816731],[68.830382,40.813747],[68.830808,40.806493],[68.82994,40.803638],[68.830065,40.800278],[68.827559,40.796652],[68.829637,40.793088],[68.830906,40.792385],[68.841029,40.78943],[68.841814,40.789545],[68.842032,40.790926],[68.842574,40.791317],[68.843377,40.791555],[68.85273,40.790661],[68.863818,40.788801],[68.867418,40.787768],[68.870782,40.787035],[68.875147,40.785551],[68.878471,40.784003],[68.881705,40.782277],[68.886134,40.777882],[68.894545,40.770472],[68.896433,40.765922],[68.896433,40.761632],[68.896968,40.759125],[68.897545,40.757838],[68.898661,40.756785],[68.90003,40.754711],[68.90373,40.750463],[68.904139,40.747561],[68.905388,40.745229],[68.904156,40.744155],[68.904158,40.743816],[68.907591,40.740955],[68.908278,40.738354],[68.90742,40.73185],[68.90593,40.728851],[68.907398,40.724685],[68.911621,40.718246],[68.916174,40.714807],[68.922354,40.712986],[68.926891,40.713023],[68.932646,40.714707],[68.934204,40.714809],[68.939384,40.714],[68.94673,40.711684],[68.950335,40.711424],[68.951193,40.710123],[68.951193,40.707781],[68.951708,40.705308],[68.95188,40.701925],[68.951365,40.699843],[68.952567,40.696849],[68.957716,40.693205],[68.960005,40.689616],[68.960419,40.687816],[68.961179,40.686589],[68.964022,40.683644],[68.964141,40.682644],[68.963876,40.681952],[68.962202,40.680288],[68.959851,40.679512],[68.957885,40.679395],[68.955523,40.678426],[68.953084,40.676552],[68.952375,40.675208],[68.952172,40.674304],[68.95223,40.673413],[68.95394,40.670944],[68.960978,40.665606],[68.967844,40.665606],[68.979861,40.666908],[68.984236,40.669071],[68.993737,40.671258],[68.997906,40.671086],[69.000483,40.67066],[69.002005,40.670163],[69.004237,40.669122],[69.005781,40.66821],[69.006411,40.666415],[69.006125,40.665085],[69.004553,40.66166],[68.990332,40.650891],[68.987115,40.648212],[68.986797,40.647197],[68.986831,40.646042],[68.987692,40.644725],[68.988959,40.643727],[68.992128,40.642496],[68.996336,40.64209],[68.999773,40.641383],[69.006127,40.641201],[69.012344,40.641775],[69.016616,40.642962],[69.019044,40.644061],[69.022165,40.644963],[69.026067,40.645599],[69.03054,40.646824],[69.03468,40.647495],[69.036649,40.647585],[69.038569,40.647374],[69.04286,40.645681],[69.044652,40.645395],[69.047674,40.645431],[69.049659,40.645253],[69.052153,40.644755],[69.054018,40.643727],[69.059771,40.639092],[69.061099,40.637854],[69.061944,40.63659],[69.062103,40.635847],[69.062027,40.635259],[69.060024,40.633217],[69.055185,40.630424],[69.053086,40.629433],[69.05216,40.628162],[69.052408,40.624738],[69.052988,40.623926],[69.054645,40.622856],[69.056014,40.621557],[69.056917,40.620341],[69.058206,40.619189],[69.061057,40.617672],[69.062504,40.616057],[69.066485,40.612515],[69.06964,40.610114],[69.074961,40.608159],[69.07774,40.607784],[69.079397,40.607865],[69.081669,40.608378],[69.08255,40.608392],[69.086595,40.607282],[69.087398,40.606251],[69.089255,40.604751],[69.090106,40.603297],[69.090926,40.6006],[69.090949,40.59906],[69.090628,40.597653],[69.089037,40.595256],[69.086441,40.593066],[69.081801,40.589627],[69.077193,40.587956],[69.070299,40.583758],[69.06663,40.582882],[69.060615,40.579625],[69.059016,40.578125],[69.058143,40.576579],[69.058169,40.574782],[69.058967,40.573079],[69.062903,40.570648],[69.066943,40.569834],[69.069085,40.569871],[69.072215,40.570355],[69.073949,40.571327],[69.074749,40.57263],[69.075433,40.576489],[69.074973,40.579196],[69.075657,40.58179],[69.079208,40.585947],[69.08063,40.586936],[69.083238,40.58706],[69.085065,40.58646],[69.090239,40.583263],[69.095904,40.578961],[69.105817,40.566325],[69.1051,40.563599],[69.103429,40.562185],[69.101225,40.561357],[69.099922,40.561469],[69.097108,40.563218],[69.095465,40.565279],[69.093568,40.568742],[69.092525,40.569855],[69.090912,40.570646],[69.087459,40.57138],[69.083518,40.571815],[69.079712,40.571431],[69.077555,40.570989],[69.076577,40.570085],[69.076376,40.568797],[69.076575,40.567567],[69.077708,40.564878],[69.081516,40.55726],[69.081763,40.555831],[69.081055,40.554521],[69.080785,40.552763],[69.080209,40.549776],[69.080798,40.546228],[69.08086,40.540378],[69.081443,40.53321],[69.081361,40.531483],[69.07989,40.525934],[69.080798,40.519481],[69.078601,40.514209],[69.076086,40.511033],[69.072904,40.508898],[69.06707,40.505955],[69.064667,40.503293],[69.064706,40.501998],[69.066415,40.500836],[69.071701,40.50074],[69.07507,40.50102],[69.077039,40.501877],[69.078645,40.50294],[69.081208,40.503167],[69.084642,40.503153],[69.086884,40.504219],[69.093145,40.508356],[69.096882,40.50926],[69.09968,40.50865],[69.105688,40.505126],[69.108089,40.501103],[69.107911,40.499816],[69.107393,40.498634],[69.105723,40.497049],[69.102154,40.494777],[69.100959,40.494297],[69.097792,40.494291],[69.093695,40.49401],[69.09016,40.493083],[69.087492,40.491289],[69.085261,40.488547],[69.085261,40.483586],[69.086977,40.480844],[69.099337,40.475229],[69.103285,40.47314],[69.104146,40.468279],[69.10277,40.464782],[69.104702,40.457285],[69.105598,40.455461],[69.107577,40.453811],[69.11284,40.451214],[69.114941,40.449229],[69.11616,40.446626],[69.115636,40.442722],[69.115717,40.440548],[69.116374,40.437868],[69.117349,40.435868],[69.118879,40.434081],[69.118884,40.432879],[69.118596,40.431674],[69.117629,40.429687],[69.117599,40.428316],[69.117332,40.427784],[69.114706,40.4253],[69.112518,40.422176],[69.110323,40.41971],[69.101752,40.414974],[69.09916,40.414211],[69.096461,40.412399],[69.08912,40.404161],[69.08767,40.401951],[69.079095,40.399884],[69.076593,40.39802],[69.077206,40.395953],[69.079753,40.392477],[69.079725,40.391502],[69.080162,40.389884],[69.078737,40.387025],[69.078422,40.385821],[69.077843,40.380412],[69.078112,40.378247],[69.079081,40.37683],[69.082514,40.373038],[69.083338,40.372414],[69.085483,40.371644],[69.086119,40.371207],[69.08635,40.370562],[69.085962,40.369777],[69.078888,40.362949],[69.076407,40.360797],[69.074868,40.359807],[69.074244,40.359043],[69.073766,40.357885],[69.073595,40.356717],[69.074513,40.319818],[69.074757,40.318588],[69.083595,40.304198],[69.113928,40.280906],[69.125945,40.26794],[69.12645,40.267148],[69.12762,40.266468],[69.129379,40.265777],[69.130751,40.264928],[69.132191,40.26336],[69.132468,40.261129],[69.135386,40.25471],[69.140009,40.24548],[69.140907,40.241379],[69.141841,40.23948],[69.143087,40.237792],[69.147646,40.236471],[69.152795,40.23281],[69.154612,40.231517],[69.157464,40.226584],[69.159924,40.223345],[69.160612,40.220986],[69.160781,40.220252],[69.161226,40.218276],[69.161426,40.217153],[69.161914,40.216074],[69.164149,40.213849],[69.165205,40.213108],[69.16651,40.212544],[69.168067,40.212178],[69.169781,40.212125],[69.171975,40.211758],[69.173376,40.21183],[69.180385,40.213373],[69.186632,40.213921],[69.189432,40.214796],[69.197737,40.215073],[69.204498,40.214032],[69.213807,40.212274],[69.216609,40.211259],[69.219524,40.210986],[69.2227,40.210383],[69.230061,40.208254],[69.231242,40.208207],[69.233596,40.20847],[69.238397,40.208065],[69.241512,40.207984],[69.246513,40.208256],[69.247485,40.208071],[69.251789,40.206515],[69.261172,40.200725],[69.263311,40.200568],[69.265355,40.200792],[69.271652,40.202078],[69.274016,40.201989],[69.282156,40.198877],[69.285224,40.196086],[69.29916,40.189065],[69.300887,40.188517],[69.303209,40.18831],[69.304312,40.188442],[69.304103,40.191017],[69.304653,40.192673],[69.305507,40.195093],[69.3045,40.195632],[69.301069,40.195763],[69.300419,40.196653],[69.300776,40.197315],[69.298813,40.199754],[69.299654,40.202103],[69.29842,40.206303],[69.298979,40.207258],[69.297261,40.210023],[69.297369,40.210846],[69.297162,40.211264],[69.296283,40.211796],[69.295802,40.213306],[69.294012,40.214055],[69.2932,40.214916],[69.29296,40.215485],[69.290482,40.217441],[69.290088,40.218497],[69.290431,40.219501],[69.289176,40.222025],[69.288637,40.225685],[69.295377,40.232182],[69.29642,40.233408],[69.29713,40.233803],[69.301455,40.244813],[69.28971,40.247833],[69.287543,40.24878],[69.285734,40.25104],[69.277216,40.253545],[69.273196,40.256279],[69.267697,40.258571],[69.264851,40.25864],[69.262694,40.25828],[69.26117,40.263825],[69.256563,40.265584],[69.255366,40.267317],[69.2549,40.269578],[69.251303,40.270663],[69.247785,40.274813],[69.24906,40.281025],[69.254669,40.283709],[69.252522,40.291329],[69.249909,40.292228],[69.246827,40.294251],[69.246612,40.295443],[69.2492,40.303493],[69.253712,40.301945],[69.259866,40.297215],[69.265347,40.29738],[69.289582,40.288617],[69.3073,40.28184],[69.307935,40.282535],[69.307291,40.286184],[69.307662,40.28668],[69.309681,40.287707],[69.311638,40.290332],[69.318669,40.293017],[69.319466,40.293147],[69.322027,40.29258],[69.322743,40.29271],[69.328287,40.297212],[69.328459,40.297814],[69.328164,40.299825],[69.327964,40.300435],[69.326572,40.302445],[69.327713,40.308275],[69.332929,40.312561],[69.334273,40.317155],[69.334837,40.318],[69.337609,40.320398],[69.338035,40.321348],[69.339492,40.333621],[69.340508,40.339022],[69.337307,40.347768],[69.33629,40.348756],[69.325692,40.351697],[69.316183,40.356665],[69.302614,40.368135],[69.302414,40.368875],[69.303349,40.375794],[69.306855,40.379435],[69.307166,40.379993],[69.306504,40.386785],[69.305004,40.389019],[69.304032,40.38987],[69.302999,40.39039],[69.297426,40.391465],[69.292943,40.394958],[69.292129,40.395946],[69.291891,40.3967],[69.291116,40.402381],[69.291029,40.403382],[69.291153,40.403876],[69.291598,40.404348],[69.296118,40.40653],[69.297762,40.407961],[69.298443,40.411835],[69.297944,40.412621],[69.296039,40.414438],[69.294868,40.414956],[69.293965,40.415173],[69.28854,40.415354],[69.283397,40.420001],[69.283224,40.420633],[69.28335,40.421004],[69.285809,40.42303],[69.285979,40.423611],[69.284158,40.426613],[69.284048,40.427386],[69.285524,40.430996],[69.284749,40.434745],[69.284121,40.435293],[69.28318,40.435757],[69.282756,40.436318],[69.283771,40.439071],[69.283932,40.443429],[69.279325,40.451884],[69.277997,40.453204],[69.272832,40.455506],[69.270517,40.457985],[69.267978,40.459199],[69.26772,40.459718],[69.268454,40.462419],[69.271788,40.468274],[69.271659,40.468794],[69.268614,40.470548],[69.26628,40.47544],[69.266426,40.475948],[69.272494,40.479584],[69.272597,40.480103],[69.272206,40.480836],[69.269748,40.484362],[69.271627,40.487904],[69.272371,40.488222],[69.277863,40.489065],[69.278646,40.489452],[69.27986,40.492855],[69.279442,40.493411],[69.262794,40.499979],[69.256424,40.50704],[69.247968,40.510233],[69.240464,40.51992],[69.239855,40.520317],[69.230874,40.522676],[69.228628,40.525878],[69.224576,40.527943],[69.220395,40.531197],[69.220484,40.532728],[69.221292,40.533729],[69.221201,40.536408],[69.219494,40.536783],[69.216168,40.538138],[69.215099,40.538824],[69.215249,40.540144],[69.211936,40.540792],[69.212144,40.546076],[69.211987,40.546134],[69.212159,40.546429],[69.211031,40.546786],[69.214529,40.546836],[69.220712,40.547729],[69.220565,40.548508],[69.226065,40.549612],[69.226772,40.549937],[69.232333,40.553177],[69.238485,40.559032],[69.24136,40.562349],[69.250488,40.565303],[69.258523,40.572446],[69.261147,40.575941],[69.262298,40.576346],[69.275973,40.57401],[69.278138,40.574544],[69.279544,40.57535],[69.280584,40.576893],[69.2821,40.580612],[69.284251,40.581878],[69.298514,40.581468],[69.30316,40.581094],[69.319677,40.578639],[69.321483,40.579323],[69.32543,40.581252],[69.327012,40.581685],[69.331696,40.581637],[69.340647,40.582105],[69.340399,40.580498],[69.343718,40.580892],[69.344085,40.581071],[69.345317,40.585148],[69.346825,40.585176],[69.347078,40.585319],[69.347763,40.589755],[69.346457,40.591312],[69.347346,40.600259],[69.34686,40.600954],[69.347583,40.614647],[69.344403,40.627265],[69.338764,40.643006],[69.3391,40.654237],[69.339142,40.65698],[69.337061,40.658617],[69.338375,40.667226],[69.340734,40.671408],[69.342686,40.68388],[69.342334,40.685966],[69.341732,40.686489],[69.340477,40.686918],[69.337712,40.689806],[69.339004,40.690608],[69.338639,40.69144],[69.338234,40.691827],[69.337676,40.693437],[69.337369,40.693675],[69.33465,40.694405],[69.334388,40.694622],[69.334511,40.694975],[69.333952,40.696863],[69.332908,40.697592],[69.331198,40.697934],[69.330676,40.698657],[69.329882,40.699189],[69.329387,40.70043],[69.328556,40.704063],[69.331527,40.705483],[69.33445,40.706411],[69.334104,40.70752],[69.334445,40.708937],[69.335625,40.709434],[69.337081,40.711021],[69.339605,40.712517],[69.340882,40.712597],[69.345577,40.712014],[69.346197,40.712271],[69.346907,40.715988],[69.34685,40.718086],[69.346176,40.7205],[69.345953,40.722532],[69.346764,40.724395],[69.347942,40.725617],[69.348224,40.726224],[69.349169,40.726822],[69.352791,40.725987],[69.355264,40.726377],[69.355893,40.726693],[69.355229,40.727516],[69.352756,40.728897],[69.351105,40.730971],[69.351134,40.732115],[69.353038,40.732731],[69.360703,40.732538],[69.362923,40.734391],[69.361425,40.737009],[69.35982,40.7391],[69.359691,40.739659],[69.360091,40.74042],[69.361955,40.741364],[69.363029,40.742657],[69.364402,40.743783],[69.364458,40.744301],[69.362425,40.747197],[69.361352,40.748144],[69.360169,40.74875],[69.359549,40.749305],[69.3592,40.750282],[69.359206,40.751159],[69.359481,40.751489],[69.361406,40.75276],[69.361795,40.753396],[69.361656,40.753801],[69.357635,40.755861],[69.357641,40.756266],[69.359626,40.760318],[69.359386,40.760871],[69.358825,40.761417],[69.357303,40.761575],[69.354658,40.763261],[69.354148,40.764567],[69.353412,40.765699],[69.353953,40.768296],[69.3529,40.770378],[69.349766,40.772153],[69.347661,40.774914],[69.351447,40.776667],[69.352363,40.778152],[69.357613,40.779637],[69.362231,40.782782],[69.363475,40.784709],[69.367045,40.785907],[69.368455,40.786982],[69.3679,40.787607],[69.37183,40.789589],[69.373457,40.790647],[69.374517,40.790407],[69.374399,40.788405],[69.378382,40.787754],[69.378216,40.787301],[69.379521,40.786642],[69.381974,40.787017],[69.388631,40.784227],[69.394209,40.76931],[69.395595,40.766384],[69.397964,40.762594],[69.404015,40.754901],[69.405886,40.752072],[69.407833,40.752228],[69.418284,40.757125],[69.420114,40.759067],[69.421179,40.76064],[69.421608,40.769049],[69.424296,40.775244],[69.428512,40.783508],[69.437689,40.78886],[69.443534,40.789559],[69.444218,40.789392],[69.444534,40.788925],[69.44795,40.788058],[69.453175,40.786405],[69.455345,40.78415],[69.458734,40.784757],[69.461256,40.784788],[69.467834,40.784429],[69.470558,40.784069],[69.471368,40.783698],[69.474358,40.78073],[69.474795,40.782899],[69.477774,40.786997],[69.4788,40.790135],[69.479919,40.791668],[69.481465,40.79225],[69.481442,40.792591],[69.487596,40.793263],[69.488398,40.795585],[69.496089,40.797094],[69.496886,40.797444],[69.498891,40.79581],[69.49846,40.790289],[69.497407,40.787265],[69.498375,40.785877],[69.498893,40.784524],[69.499422,40.782005],[69.499865,40.781268],[69.502441,40.779667],[69.505001,40.779601],[69.506754,40.778411],[69.50939,40.778073],[69.509988,40.777411],[69.51067,40.777124],[69.511437,40.77744],[69.511837,40.777983],[69.512266,40.778142],[69.513302,40.777481],[69.513388,40.777176],[69.514972,40.777191],[69.515462,40.777379],[69.516138,40.778187],[69.516005,40.779197],[69.516222,40.779819],[69.517074,40.780689],[69.518037,40.782482],[69.518565,40.78253],[69.51924,40.781298],[69.520174,40.781287],[69.520727,40.779581],[69.524154,40.775639],[69.524597,40.775449],[69.526173,40.775674],[69.528604,40.777177],[69.528891,40.776816],[69.529714,40.776473],[69.531919,40.776253],[69.534402,40.777148],[69.534716,40.777052],[69.535389,40.775897],[69.535481,40.773315],[69.536903,40.771382],[69.537951,40.770892],[69.538512,40.771034],[69.539013,40.77158],[69.539874,40.771272],[69.540253,40.770841],[69.54097,40.770484],[69.541759,40.770374],[69.542114,40.77162],[69.542633,40.772355],[69.543369,40.772746],[69.545145,40.772563],[69.545569,40.772321],[69.545956,40.770659],[69.546463,40.770489],[69.546837,40.76941],[69.548713,40.768932],[69.551319,40.769716],[69.553296,40.768487],[69.554412,40.76734],[69.555458,40.76596],[69.555631,40.764595],[69.556516,40.764337],[69.557705,40.764514],[69.558017,40.764276],[69.558229,40.763567],[69.55937,40.762494],[69.559266,40.760819],[69.560158,40.75879],[69.559699,40.75712],[69.561925,40.756693],[69.562004,40.756128],[69.561488,40.754763],[69.563979,40.753566],[69.565552,40.752052],[69.567153,40.751368],[69.567807,40.750684],[69.568097,40.750239],[69.568065,40.747386],[69.569394,40.745607],[69.569904,40.74452],[69.571638,40.743663],[69.571734,40.742196],[69.572766,40.74047],[69.574072,40.735077],[69.575652,40.732451],[69.575435,40.731971],[69.573557,40.731477],[69.572538,40.728623],[69.574101,40.726839],[69.574273,40.726309],[69.573768,40.725637],[69.573544,40.724607],[69.573577,40.723242],[69.574569,40.720573],[69.574344,40.720317],[69.575829,40.718025],[69.57837,40.715941],[69.578489,40.715402],[69.579039,40.715102],[69.57871,40.713944],[69.578968,40.713134],[69.581494,40.711941],[69.582575,40.710967],[69.582728,40.710444],[69.582396,40.70825],[69.58343,40.705873],[69.583483,40.704599],[69.583751,40.704095],[69.585334,40.702742],[69.587599,40.701883],[69.588642,40.700467],[69.590096,40.699954],[69.591821,40.698828],[69.591979,40.69845],[69.593442,40.697265],[69.594507,40.697138],[69.596669,40.696102],[69.599376,40.695753],[69.601147,40.695197],[69.601821,40.694804],[69.603059,40.69457],[69.604038,40.694012],[69.605808,40.693686],[69.605476,40.693226],[69.605774,40.692389],[69.607448,40.69154],[69.612094,40.691092],[69.614412,40.69134],[69.614711,40.691248],[69.614967,40.690182],[69.617122,40.689741],[69.616894,40.687289],[69.61743,40.686828],[69.617813,40.686132],[69.618909,40.685447],[69.620092,40.684294],[69.620253,40.683134],[69.621245,40.682664],[69.625336,40.676263],[69.627141,40.676278],[69.631339,40.6753],[69.636581,40.673203],[69.643268,40.674824],[69.644667,40.674196],[69.648711,40.673344],[69.651694,40.67109],[69.652207,40.670394],[69.652315,40.669018],[69.653203,40.665726],[69.655675,40.663964],[69.663337,40.659797],[69.661953,40.658313],[69.661265,40.657996],[69.661767,40.656456],[69.662456,40.655994],[69.662571,40.654399],[69.663801,40.653699],[69.663353,40.652505],[69.663311,40.651348],[69.665331,40.650527],[69.666536,40.648974],[69.666337,40.642114],[69.666554,40.638807],[69.669267,40.634138],[69.673397,40.633987],[69.678491,40.632607],[69.685285,40.632711],[69.688845,40.631577],[69.689807,40.630378],[69.692713,40.629938],[69.695421,40.630036],[69.697331,40.629233],[69.698429,40.627477],[69.70096,40.627389],[69.703165,40.628099],[69.708972,40.628629],[69.71205,40.630486],[69.715384,40.63053],[69.719587,40.62878],[69.720487,40.628689],[69.725722,40.630782],[69.728021,40.633265],[69.732152,40.634205],[69.734852,40.635139],[69.736565,40.63719],[69.7387,40.638994],[69.740026,40.64077],[69.742188,40.641897],[69.742332,40.642328],[69.748974,40.645179],[69.751306,40.644696],[69.753898,40.643469],[69.758251,40.645233],[69.76489,40.651575],[69.763424,40.65393],[69.763061,40.65613],[69.762062,40.657838],[69.761691,40.659255],[69.762656,40.660657],[69.765449,40.661776],[69.770244,40.664424],[69.773951,40.669586],[69.774879,40.674966],[69.77994,40.678615],[69.781701,40.683232],[69.784388,40.68445],[69.789644,40.689521],[69.790203,40.690633],[69.790031,40.69258],[69.791425,40.697889],[69.793164,40.701593],[69.797766,40.702875],[69.804492,40.704426],[69.808146,40.704585],[69.810601,40.706568],[69.814956,40.707285],[69.815952,40.707322],[69.81925,40.705938],[69.82015,40.70578],[69.822481,40.702131],[69.824908,40.700675],[69.832539,40.701072],[69.835088,40.699669],[69.838922,40.702626],[69.839803,40.70552],[69.841409,40.706605],[69.84667,40.708291],[69.848115,40.708988],[69.851013,40.709914],[69.856605,40.710758],[69.857559,40.711685],[69.85949,40.712929],[69.861508,40.713243],[69.865266,40.714197],[69.865716,40.714805],[69.869179,40.714381],[69.872671,40.715202],[69.875174,40.716718],[69.878731,40.718355],[69.88093,40.72032],[69.881929,40.722147],[69.884084,40.722412],[69.889919,40.72556],[69.891499,40.721668],[69.895615,40.719846],[69.900105,40.719977],[69.903414,40.721025],[69.907024,40.719754],[69.908797,40.720327],[69.911027,40.720728],[69.917363,40.720431],[69.922434,40.719836],[69.924683,40.718876],[69.931455,40.716585],[69.934997,40.717731],[69.939027,40.718709],[69.940624,40.719322],[69.94734,40.724634],[69.950997,40.725791],[69.956722,40.725654],[69.961456,40.725829],[69.962271,40.727425],[69.963487,40.732021],[69.965763,40.732737],[69.967566,40.733868],[69.968998,40.735482],[69.971722,40.736673],[69.973926,40.738915],[69.979339,40.737602],[69.981487,40.737368],[69.982677,40.737713],[69.986028,40.73815],[69.993009,40.736397],[69.998205,40.735542],[70.001267,40.735756],[70.004417,40.735711],[70.006514,40.736009],[70.008538,40.736813],[70.011383,40.737521],[70.015337,40.740679],[70.01608,40.740867],[70.019154,40.742622],[70.02143,40.743308],[70.02399,40.743255],[70.027123,40.744028],[70.029632,40.744096],[70.032134,40.744858],[70.035534,40.747087],[70.037211,40.749267],[70.039137,40.75317],[70.040663,40.753367],[70.043424,40.753192],[70.044356,40.7533],[70.047157,40.753006],[70.050154,40.753582],[70.052104,40.754512],[70.054996,40.755479],[70.058043,40.755615],[70.060692,40.755521],[70.065667,40.754783],[70.068173,40.755183],[70.071199,40.758333],[70.075613,40.760986],[70.078244,40.762963],[70.08107,40.766216],[70.082227,40.769212],[70.08464,40.769865],[70.086697,40.771058],[70.088406,40.772575],[70.092349,40.774971],[70.095738,40.778364],[70.098407,40.781585],[70.10147,40.783027],[70.102732,40.783153],[70.104988,40.783042],[70.106922,40.783965],[70.109517,40.784907],[70.113711,40.787115],[70.114345,40.788415],[70.114195,40.789219],[70.114474,40.790847],[70.115716,40.793725],[70.117035,40.795614],[70.119419,40.797081],[70.121062,40.798887],[70.121119,40.800921],[70.122329,40.804153],[70.124385,40.807399],[70.124022,40.809332],[70.122223,40.810076],[70.120697,40.814457],[70.120102,40.815258],[70.120525,40.816304],[70.123848,40.818917],[70.126363,40.821388],[70.127386,40.822062],[70.131263,40.822235],[70.132927,40.822339],[70.13498,40.823053],[70.138725,40.823603],[70.142351,40.824421],[70.14409,40.826351],[70.149062,40.82891],[70.151757,40.830723],[70.155304,40.831595],[70.15911,40.833581],[70.160167,40.833912],[70.162713,40.83423],[70.16658,40.834123],[70.171443,40.833212],[70.173767,40.832249],[70.174669,40.83235],[70.176026,40.832937],[70.181177,40.833773],[70.183958,40.83096],[70.188012,40.829856],[70.193361,40.827459],[70.199753,40.823465],[70.201264,40.822216],[70.20334,40.823588],[70.206174,40.824838],[70.213683,40.828108],[70.216994,40.828003],[70.219069,40.828493],[70.222803,40.831871],[70.224691,40.832705],[70.22759,40.834363],[70.231299,40.835961],[70.233663,40.836504],[70.23567,40.837419],[70.237625,40.838782],[70.240456,40.839347],[70.244459,40.839861],[70.246349,40.84106],[70.25018,40.84271],[70.263504,40.849697],[70.266365,40.85016],[70.267599,40.851534],[70.271603,40.859151],[70.271777,40.863079],[70.274373,40.866782],[70.276533,40.868033],[70.278419,40.871065],[70.281421,40.871766],[70.282214,40.872338],[70.283116,40.87253],[70.285159,40.8734],[70.286354,40.874735],[70.289662,40.875482],[70.295925,40.875705],[70.302532,40.877028],[70.307001,40.879324],[70.309288,40.879756],[70.311593,40.880867],[70.314261,40.883226],[70.315818,40.883489],[70.317426,40.883258],[70.321551,40.8838],[70.325493,40.886315],[70.326366,40.886494],[70.327843,40.886705],[70.329243,40.886509],[70.332026,40.883809],[70.335102,40.881989],[70.337063,40.88313],[70.339144,40.883883],[70.343839,40.884937],[70.34539,40.886349],[70.34697,40.886483],[70.349521,40.887019],[70.354979,40.888982],[70.361656,40.893583],[70.367751,40.896706],[70.371823,40.897997],[70.373436,40.904886],[70.376022,40.909402],[70.377688,40.913383],[70.378473,40.916263],[70.379253,40.918141],[70.379083,40.918925],[70.375475,40.923109],[70.375723,40.926053],[70.374033,40.933248],[70.370878,40.941918],[70.370602,40.943265],[70.371534,40.943692],[70.377135,40.945392],[70.38029,40.945701],[70.381629,40.946301],[70.385917,40.949782],[70.38725,40.951453],[70.38836,40.953513],[70.387481,40.955663],[70.386996,40.958289],[70.388548,40.96404],[70.388872,40.967106],[70.388884,40.970083],[70.387953,40.974068],[70.386304,40.974681],[70.384191,40.976501],[70.383117,40.978612],[70.382681,40.980232],[70.382299,40.983938],[70.380162,40.992565],[70.379558,40.993444],[70.376636,40.996199],[70.375732,41.000992],[70.374619,41.00294],[70.377963,41.005526],[70.3803,41.006982],[70.385536,41.00978],[70.390799,41.014997],[70.390341,41.016894],[70.392128,41.020821],[70.394198,41.02358],[70.39572,41.026859],[70.400753,41.026824],[70.404046,41.029436],[70.407989,41.030886],[70.410798,41.032308],[70.413846,41.034462],[70.421395,41.034433],[70.427552,41.036159],[70.430017,41.037056],[70.434921,41.04049],[70.441544,41.043829],[70.444945,41.045094],[70.448465,41.04325],[70.449422,41.042245],[70.451633,41.038553],[70.458658,41.036786],[70.462146,41.039389],[70.465558,41.040467],[70.467949,41.041644],[70.469399,41.04189],[70.47254,41.04131],[70.474857,41.044115],[70.474973,41.045261],[70.476698,41.049377],[70.477171,41.051368],[70.481382,41.058929],[70.484036,41.060811],[70.48491,41.062078],[70.486762,41.06638],[70.488941,41.06792],[70.490386,41.070739],[70.492272,41.07301],[70.494504,41.076973],[70.496998,41.079354],[70.497486,41.082954],[70.497526,41.085363],[70.496614,41.087804],[70.495871,41.088929],[70.498813,41.090162],[70.502222,41.09097],[70.506352,41.093498],[70.508831,41.094568],[70.515632,41.09569],[70.519297,41.097101],[70.499266,41.109226],[70.483794,41.121503],[70.464145,41.129809],[70.455742,41.134531],[70.444829,41.142946],[70.438161,41.153633],[70.451511,41.162683],[70.450771,41.170361],[70.43437,41.184072],[70.435727,41.194889],[70.42533,41.207123],[70.428016,41.218665],[70.426556,41.22842],[70.429381,41.236869],[70.437263,41.249283],[70.449489,41.254233],[70.451188,41.256464],[70.446038,41.25992],[70.428095,41.262744],[70.416953,41.267956],[70.41465,41.269191],[70.412664,41.269251],[70.404704,41.265316],[70.402287,41.262622],[70.40195,41.262563],[70.396522,41.262556],[70.394829,41.26201],[70.390924,41.26174],[70.388432,41.260937],[70.387891,41.267486],[70.388281,41.269318],[70.387625,41.272438],[70.387554,41.275119],[70.388382,41.278229],[70.388257,41.28115],[70.38892,41.285671],[70.388203,41.290029],[70.389616,41.292188],[70.394229,41.296863],[70.393477,41.299176],[70.393387,41.304186],[70.394319,41.307304],[70.398852,41.310246],[70.401567,41.312605],[70.402915,41.31144],[70.405351,41.309865],[70.408274,41.308784],[70.412316,41.307898],[70.414986,41.307628],[70.416689,41.308433],[70.418449,41.311086],[70.419839,41.312697],[70.420988,41.313506],[70.427915,41.316757],[70.428506,41.317354],[70.431873,41.318388],[70.433292,41.321312],[70.435892,41.324237],[70.438619,41.326652],[70.44518,41.330117],[70.446595,41.331561],[70.447009,41.332667],[70.448239,41.334312],[70.451133,41.33609],[70.452409,41.337299],[70.454564,41.340657],[70.462086,41.344602],[70.466821,41.345898],[70.470435,41.347808],[70.471675,41.350845],[70.472371,41.3519],[70.472493,41.353473],[70.472486,41.355382],[70.472684,41.35606],[70.473964,41.357344],[70.475769,41.358513],[70.474683,41.361304],[70.474011,41.36481],[70.480439,41.370916],[70.481999,41.373415],[70.487306,41.376415],[70.491477,41.386564],[70.490224,41.387777],[70.489387,41.389564],[70.492648,41.392912],[70.493281,41.396043],[70.49441,41.396661],[70.49527,41.397547],[70.488009,41.398174],[70.48328,41.401027],[70.479169,41.404151],[70.476538,41.405885],[70.473368,41.408398],[70.46988,41.408794],[70.469173,41.40944],[70.469122,41.410174],[70.47014,41.416197],[70.468564,41.419538],[70.467147,41.420746],[70.465163,41.422941],[70.464906,41.425253],[70.463876,41.426907],[70.455604,41.432653],[70.45204,41.433508],[70.448513,41.436966],[70.447569,41.438418],[70.442144,41.440141],[70.441458,41.442895],[70.438566,41.446369],[70.433883,41.448241],[70.426573,41.451486],[70.423915,41.451912],[70.42225,41.451966],[70.418768,41.454377],[70.416585,41.457662],[70.413245,41.458862],[70.411025,41.460712],[70.407418,41.467977],[70.407455,41.470356],[70.401073,41.470123],[70.396141,41.471024],[70.395053,41.469982],[70.392501,41.468351],[70.38966,41.46818],[70.380882,41.466599],[70.378062,41.468348],[70.375567,41.47166],[70.371963,41.477592],[70.372845,41.479606],[70.372991,41.481798],[70.372665,41.482623],[70.369295,41.487065],[70.366648,41.489353],[70.365105,41.490277],[70.363933,41.4917],[70.363472,41.492685],[70.357816,41.493057],[70.354591,41.492623],[70.352466,41.492993],[70.350294,41.492758],[70.348009,41.492982],[70.344966,41.494281],[70.342859,41.495797],[70.340042,41.496438],[70.338891,41.497279],[70.338386,41.500405],[70.335048,41.499438],[70.333288,41.499566],[70.331399,41.499982],[70.329233,41.499999],[70.325038,41.500482],[70.323498,41.501439],[70.323073,41.503202],[70.320488,41.506758],[70.310941,41.510567],[70.305836,41.516191],[70.306126,41.518114],[70.303138,41.520614],[70.299034,41.520651],[70.291967,41.517747],[70.287737,41.514863],[70.281747,41.51293],[70.276333,41.511734],[70.275139,41.510976],[70.27446,41.505641],[70.273545,41.504262],[70.27321,41.502865],[70.271235,41.500231],[70.267304,41.498123],[70.26154,41.496477],[70.255434,41.495648],[70.252771,41.495591],[70.246301,41.493284],[70.240439,41.491385],[70.229164,41.491648],[70.222622,41.494201],[70.219264,41.495852],[70.217651,41.499556],[70.21505,41.502174],[70.211166,41.504201],[70.208392,41.504232],[70.206041,41.505603],[70.20363,41.506073],[70.194787,41.506647],[70.186218,41.509167],[70.177498,41.513512],[70.173218,41.51642],[70.172296,41.516822],[70.171452,41.516675],[70.17007,41.515547],[70.168958,41.515354],[70.169146,41.516797],[70.17043,41.518228],[70.171369,41.520222],[70.173953,41.523022],[70.174915,41.525175],[70.177059,41.525597],[70.181367,41.527349],[70.183338,41.53546],[70.184531,41.542351],[70.187573,41.544956],[70.186333,41.547416],[70.185344,41.550348],[70.184079,41.552465],[70.182232,41.554471],[70.180435,41.555876],[70.179287,41.557496],[70.180821,41.558754],[70.187952,41.562249],[70.189843,41.564523],[70.189823,41.566877],[70.190146,41.568104],[70.191723,41.569083],[70.194478,41.570104],[70.197532,41.570241],[70.202877,41.572743],[70.205619,41.57273],[70.208619,41.573304],[70.20982,41.574641],[70.210112,41.579071],[70.214713,41.585841],[70.214958,41.591148],[70.215782,41.595033],[70.214215,41.596489],[70.211057,41.600987],[70.208284,41.604197],[70.210798,41.607328],[70.21041,41.608622],[70.209667,41.60913],[70.210041,41.609688],[70.20984,41.610767],[70.209246,41.611957],[70.210792,41.612128],[70.211831,41.611946],[70.214045,41.611155],[70.216917,41.611192],[70.218527,41.610549],[70.221426,41.611025],[70.223151,41.611784],[70.225799,41.611445],[70.227234,41.610679],[70.229577,41.611931],[70.230367,41.611973],[70.232591,41.613884],[70.235021,41.614986],[70.240656,41.617115],[70.245301,41.615991],[70.248515,41.613771],[70.248884,41.613311],[70.248898,41.61292],[70.24934,41.612574],[70.24986,41.612538],[70.251069,41.613579],[70.252237,41.613817],[70.254215,41.61345],[70.257973,41.612087],[70.258839,41.610722],[70.261874,41.608828],[70.263204,41.607381],[70.265843,41.607463],[70.266576,41.608331],[70.269936,41.610867],[70.271938,41.611445],[70.272864,41.612183],[70.275203,41.613018],[70.276457,41.617186],[70.277872,41.618021],[70.278948,41.619734],[70.281138,41.620077],[70.282792,41.621152],[70.28358,41.621242],[70.284314,41.620942],[70.289469,41.621744],[70.292614,41.621687],[70.294955,41.624007],[70.298464,41.628845],[70.301845,41.631225],[70.304986,41.63203],[70.307152,41.633169],[70.315159,41.635464],[70.322028,41.63684],[70.323527,41.636732],[70.330078,41.636575],[70.3419,41.638155],[70.344632,41.640658],[70.350387,41.642928],[70.359337,41.645794],[70.367074,41.647485],[70.371701,41.651618],[70.375815,41.657224],[70.377053,41.661803],[70.385335,41.671564],[70.385669,41.673881],[70.388059,41.675849],[70.3931,41.681467],[70.396569,41.684177],[70.400408,41.685775],[70.403403,41.686537],[70.40752,41.689045],[70.410284,41.689841],[70.414339,41.690874],[70.419729,41.690411],[70.421351,41.692762],[70.424022,41.693938],[70.427314,41.695078],[70.430749,41.696787],[70.436398,41.700423],[70.44467,41.701132],[70.449813,41.702546],[70.453541,41.707633],[70.456779,41.711007],[70.464876,41.716915],[70.465251,41.718182],[70.466804,41.720628],[70.468545,41.720726],[70.470604,41.721485],[70.475837,41.722338],[70.485436,41.720655],[70.496693,41.719687],[70.4985,41.721554],[70.499973,41.726662],[70.503433,41.734161],[70.506704,41.736587],[70.505747,41.741851],[70.505934,41.742897],[70.506722,41.744521],[70.50889,41.746796],[70.505842,41.748436],[70.504745,41.750642],[70.505699,41.754165],[70.50669,41.755864],[70.508903,41.761306],[70.508004,41.765705],[70.508693,41.772053],[70.510603,41.774078],[70.5126,41.77786],[70.514927,41.780327],[70.51546,41.781977],[70.515246,41.784311],[70.517484,41.786001],[70.519014,41.78796],[70.521127,41.789874],[70.524126,41.794305],[70.527502,41.798575],[70.531125,41.798088],[70.540027,41.800521],[70.543048,41.801422],[70.545646,41.803966],[70.550234,41.805434],[70.552946,41.806708],[70.55427,41.807759],[70.560465,41.807854],[70.562943,41.809032],[70.56431,41.810752],[70.566659,41.810879],[70.56911,41.810646],[70.571899,41.8136],[70.573409,41.815847],[70.574947,41.817184],[70.5764,41.818935],[70.57853,41.819752],[70.584346,41.819253],[70.589031,41.81825],[70.594153,41.817951],[70.596691,41.818221],[70.597325,41.818874],[70.599324,41.819826],[70.596661,41.824367],[70.596624,41.826405],[70.597613,41.828693],[70.597748,41.835307],[70.599259,41.837422],[70.602124,41.848541],[70.603361,41.850716],[70.609801,41.851553],[70.61411,41.853112],[70.61768,41.8515],[70.619146,41.851287],[70.626859,41.851756],[70.628754,41.853324],[70.629812,41.855471],[70.631219,41.859907],[70.634199,41.861392],[70.635779,41.863354],[70.636139,41.865783],[70.637869,41.867545],[70.639736,41.868308],[70.637967,41.872136],[70.640906,41.872287],[70.643531,41.872789],[70.645931,41.87418],[70.647764,41.876399],[70.648265,41.879284],[70.649186,41.882237],[70.652729,41.883296],[70.654347,41.884351],[70.65576,41.885647],[70.657864,41.888453],[70.660038,41.892262],[70.661982,41.893896],[70.662742,41.89727],[70.660976,41.89943],[70.660779,41.901127],[70.664961,41.906951],[70.669672,41.907297],[70.673423,41.908415],[70.674136,41.909584],[70.676493,41.911798],[70.67829,41.912871],[70.679136,41.91308],[70.683037,41.913267],[70.68639,41.914735],[70.687245,41.915567],[70.689677,41.914507],[70.693905,41.914558],[70.699377,41.916465],[70.702799,41.917165],[70.70494,41.91814],[70.707664,41.919804],[70.713739,41.920496],[70.721042,41.919989],[70.730363,41.920501],[70.730574,41.919128],[70.731502,41.917672],[70.738473,41.913893],[70.741907,41.914003],[70.745072,41.913107],[70.749041,41.912333],[70.752685,41.912736],[70.7544,41.913362],[70.75571,41.914751],[70.756431,41.915614],[70.757326,41.918148],[70.757296,41.920013],[70.758197,41.92389],[70.758267,41.932276],[70.758139,41.93379],[70.757233,41.936424],[70.76305,41.936048],[70.766662,41.935587],[70.767832,41.93377],[70.771031,41.931109],[70.773278,41.928382],[70.77796,41.927975],[70.780332,41.926627],[70.781702,41.926413],[70.784108,41.926425],[70.790015,41.929111],[70.795439,41.927197],[70.796517,41.926413],[70.797314,41.926346],[70.80686,41.920621],[70.814153,41.926342],[70.815578,41.926549],[70.820277,41.926355],[70.824155,41.926546],[70.826101,41.92641],[70.828965,41.924757],[70.830536,41.924765],[70.834805,41.923105],[70.837772,41.926785],[70.844719,41.933618],[70.845595,41.93626],[70.845808,41.938892],[70.847576,41.940043],[70.850234,41.94034],[70.853915,41.941517],[70.853003,41.945399],[70.851923,41.94789],[70.855498,41.95055],[70.855936,41.952956],[70.855775,41.955327],[70.852944,41.957261],[70.852409,41.958871],[70.852458,41.961059],[70.853017,41.963176],[70.850665,41.966502],[70.850731,41.97141],[70.848673,41.974273],[70.84857,41.976546],[70.84989,41.97862],[70.849822,41.981395],[70.851771,41.984295],[70.852305,41.985601],[70.85229,41.987632],[70.852034,41.988985],[70.84824,41.990518],[70.845324,41.992086],[70.843141,41.995397],[70.840515,41.997066],[70.837876,41.999701],[70.840365,42.002062],[70.842262,42.005603],[70.842441,42.008431],[70.84279,42.009315],[70.84228,42.012568],[70.845012,42.014067],[70.847293,42.015761],[70.846924,42.018502],[70.848017,42.019487],[70.852208,42.022466],[70.859114,42.0268],[70.859832,42.02948],[70.858398,42.031775],[70.857331,42.032726],[70.856244,42.033291],[70.856428,42.036902],[70.855632,42.039898],[70.861334,42.042792],[70.860759,42.048291],[70.861683,42.049436],[70.863628,42.050862],[70.86517,42.054132],[70.870764,42.05095],[70.872187,42.049964],[70.873467,42.048485],[70.875957,42.046954],[70.877593,42.046883],[70.878992,42.046126],[70.882857,42.046233],[70.885323,42.047324],[70.888135,42.051924],[70.893482,42.050341],[70.89611,42.048194],[70.896699,42.043998],[70.900594,42.040931],[70.906001,42.040313],[70.910332,42.04028],[70.914452,42.041914],[70.926244,42.036799],[70.929747,42.034518],[70.939639,42.032426],[70.942203,42.031181],[70.954674,42.031081],[70.961092,42.030802],[70.973482,42.03284],[70.979237,42.032925],[70.98304,42.03187],[70.985476,42.030856],[70.992746,42.030407],[70.994164,42.031109],[70.997646,42.034729],[70.999266,42.03761],[71.002161,42.041017],[71.001933,42.04371],[71.002089,42.044104],[71.010596,42.048821],[71.012475,42.05086],[71.013478,42.05236],[71.012257,42.054443],[71.009447,42.056087],[71.006447,42.056984],[71.015355,42.061115],[71.018132,42.061326],[71.022719,42.060985],[71.024666,42.061181],[71.025298,42.064217],[71.027868,42.066033],[71.028627,42.066841],[71.028957,42.067723],[71.032488,42.065567],[71.034415,42.064721],[71.040143,42.063652],[71.041776,42.065822],[71.04226,42.066842],[71.044238,42.069058],[71.046727,42.071203],[71.046865,42.072325],[71.046083,42.075122],[71.047693,42.076853],[71.049428,42.081063],[71.056452,42.082827],[71.056369,42.085239],[71.061516,42.085079],[71.068161,42.085207],[71.069437,42.085977],[71.070259,42.086104],[71.073827,42.089502],[71.07588,42.090697],[71.078495,42.09103],[71.079398,42.091848],[71.080832,42.091907],[71.084569,42.094361],[71.096077,42.094377],[71.099666,42.094619],[71.100938,42.09786],[71.102677,42.103967],[71.102717,42.106979],[71.102268,42.110349],[71.103555,42.112895],[71.105636,42.114829],[71.107632,42.115819],[71.11009,42.114731],[71.113591,42.112766],[71.117081,42.11271],[71.119174,42.11292],[71.119858,42.113958],[71.121329,42.114678],[71.125359,42.115308],[71.126762,42.116001],[71.129843,42.116503],[71.131946,42.118154],[71.136066,42.123417],[71.13643,42.12641],[71.1372,42.128348],[71.13882,42.130316],[71.141124,42.133966],[71.145839,42.132582],[71.148548,42.131217],[71.152712,42.130284],[71.163278,42.137092],[71.164701,42.1391],[71.167051,42.14024],[71.170896,42.141329],[71.173882,42.143764],[71.175549,42.144058],[71.176539,42.143813],[71.178689,42.142301],[71.183191,42.141663],[71.186483,42.141799],[71.188085,42.142559],[71.191184,42.142745],[71.195373,42.143549],[71.198318,42.140282],[71.199519,42.137639],[71.204022,42.137676],[71.210176,42.13604],[71.211455,42.136111],[71.212475,42.136555],[71.217871,42.13721],[71.220444,42.138282],[71.222736,42.139569],[71.224321,42.141479],[71.226594,42.143679],[71.22456,42.144971],[71.221708,42.146058],[71.220914,42.1469],[71.22021,42.148769],[71.223625,42.149377],[71.225245,42.150086],[71.228007,42.150244],[71.232921,42.15257],[71.234141,42.152785],[71.235592,42.152616],[71.237753,42.153178],[71.23841,42.154119],[71.239375,42.156722],[71.245196,42.161807],[71.247215,42.166021],[71.250369,42.165836],[71.253639,42.165146],[71.256941,42.166851],[71.258362,42.167936],[71.25921,42.172625],[71.254394,42.17531],[71.253006,42.176807],[71.250495,42.181821],[71.251115,42.182515],[71.254533,42.18272],[71.256201,42.18352],[71.258092,42.188],[71.258539,42.189583],[71.260879,42.191392],[71.263008,42.193489],[71.265805,42.194966],[71.269093,42.19637],[71.26902,42.196881],[71.267421,42.197372],[71.266131,42.19872],[71.265449,42.200201],[71.265713,42.201513],[71.26719,42.205329],[71.260888,42.207101],[71.256482,42.209153],[71.250527,42.211002],[71.251244,42.213466],[71.246111,42.217926],[71.245351,42.219158],[71.245093,42.220019],[71.2455,42.224287],[71.245016,42.227787],[71.244481,42.227903],[71.238387,42.227254],[71.235825,42.227903],[71.233281,42.229377],[71.230679,42.227211],[71.229297,42.225431],[71.227116,42.223676],[71.221893,42.222863],[71.215081,42.22253],[71.214213,42.222577],[71.209472,42.224275],[71.206226,42.225934],[71.205148,42.227647],[71.206003,42.229386],[71.207561,42.234834],[71.208964,42.237095],[71.202745,42.240933],[71.200172,42.243593],[71.199294,42.243788],[71.196267,42.241452],[71.193314,42.240613],[71.191176,42.241208],[71.18978,42.24213],[71.184309,42.247788],[71.181336,42.248534],[71.179591,42.249802],[71.17839,42.251582],[71.177224,42.251154],[71.176107,42.250998],[71.174038,42.251009],[71.171335,42.252172],[71.169904,42.25386],[71.169417,42.254821],[71.168329,42.255335],[71.165589,42.258806],[71.159255,42.261013],[71.155917,42.262402],[71.153503,42.262697],[71.151758,42.263556],[71.149276,42.265803],[71.147576,42.26829],[71.145839,42.268511],[71.144251,42.269599],[71.142978,42.270825],[71.140269,42.27266],[71.13983,42.27321],[71.139935,42.275034],[71.140375,42.276801],[71.137794,42.278413],[71.133466,42.282177],[71.129912,42.282162],[71.124535,42.283465],[71.1234,42.278867],[71.121596,42.27779],[71.119626,42.277681],[71.117756,42.277242],[71.113096,42.274658],[71.110352,42.274143],[71.106577,42.273936],[71.103842,42.275347],[71.102084,42.277064],[71.097783,42.279283],[71.095316,42.280985],[71.092027,42.282524],[71.089003,42.283327],[71.081517,42.284324],[71.080078,42.284271],[71.077938,42.28352],[71.076374,42.283454],[71.074422,42.2849],[71.07235,42.287219],[71.070479,42.288426],[71.068624,42.288558],[71.067788,42.289247],[71.066318,42.290733],[71.065247,42.292833],[71.063693,42.294904],[71.058392,42.295077],[71.05397,42.292849],[71.051667,42.291164],[71.049196,42.290555],[71.045421,42.291421],[71.043296,42.29056],[71.039771,42.290506],[71.039066,42.290982],[71.039343,42.291535],[71.040609,42.292276],[71.040181,42.294421],[71.039093,42.294177],[71.037314,42.292325],[71.035699,42.291472],[71.032766,42.293202],[71.028483,42.293568],[71.02605,42.292959],[71.025074,42.292406],[71.021958,42.288961],[71.019137,42.282167],[71.017742,42.280907],[71.013576,42.27938],[71.009406,42.278404],[71.008594,42.277708],[71.0077,42.273319],[71.006852,42.272318],[71.005364,42.271115],[71.004452,42.270775],[71.004425,42.270141],[71.007141,42.26708],[71.007711,42.266252],[71.007886,42.265425],[71.007151,42.264947],[71.004811,42.264356],[71.004385,42.261834],[71.004389,42.260083],[71.001828,42.257875],[71.000498,42.256076],[70.999386,42.255923],[70.996322,42.256134],[70.993134,42.253971],[70.988482,42.25271],[70.984587,42.254363],[70.980896,42.254182],[70.976188,42.254959],[70.974191,42.255507],[70.966955,42.255559],[70.962858,42.256345],[70.955613,42.26],[70.950879,42.260987],[70.945571,42.264259],[70.943305,42.263467],[70.942054,42.261058],[70.940109,42.259179],[70.93826,42.255535],[70.936017,42.253479],[70.934802,42.250647],[70.933689,42.249775],[70.930285,42.248326],[70.929588,42.247859],[70.92893,42.245884],[70.925501,42.242931],[70.925424,42.241548],[70.925692,42.240329],[70.926366,42.239149],[70.926506,42.237537],[70.92366,42.236317],[70.921697,42.235996],[70.916168,42.237091],[70.913587,42.236044],[70.912498,42.235218],[70.911581,42.233888],[70.91056,42.231708],[70.911507,42.22999],[70.911692,42.228367],[70.909794,42.226767],[70.905338,42.225645],[70.901512,42.225547],[70.898318,42.222618],[70.896041,42.22178],[70.894918,42.221104],[70.8879,42.220003],[70.887316,42.219189],[70.887478,42.217099],[70.888843,42.215131],[70.88862,42.213648],[70.88742,42.212404],[70.885908,42.211589],[70.883651,42.210691],[70.880209,42.211332],[70.878989,42.211835],[70.874809,42.212207],[70.872469,42.211816],[70.866108,42.211839],[70.86289,42.211116],[70.860655,42.210118],[70.854552,42.207905],[70.852877,42.20567],[70.85264,42.203049],[70.850763,42.199997],[70.850536,42.198625],[70.849556,42.197589],[70.843818,42.196322],[70.839187,42.19585],[70.835952,42.194446],[70.831558,42.195191],[70.829932,42.19669],[70.826393,42.199289],[70.823755,42.199385],[70.82068,42.200459],[70.819792,42.201827],[70.817248,42.203278],[70.815494,42.203583],[70.804863,42.206306],[70.79845,42.207465],[70.793843,42.209453],[70.792074,42.209115],[70.790014,42.206454],[70.789108,42.205975],[70.786211,42.205979],[70.784133,42.205497],[70.780966,42.204067],[70.778953,42.202776],[70.775893,42.202509],[70.774468,42.201847],[70.773111,42.201813],[70.771799,42.201101],[70.770638,42.200963],[70.769914,42.200148],[70.76918,42.198687],[70.768011,42.19357],[70.761328,42.191809],[70.756632,42.19213],[70.752128,42.1938],[70.75159,42.193708],[70.750926,42.193305],[70.747949,42.190813],[70.745918,42.188678],[70.739688,42.184388],[70.73918,42.183156],[70.739094,42.181906],[70.739817,42.180154],[70.740956,42.178944],[70.746869,42.177714],[70.748977,42.177749],[70.752257,42.176727],[70.753478,42.175964],[70.753953,42.17466],[70.754063,42.172744],[70.755554,42.170948],[70.752659,42.170017],[70.751582,42.168977],[70.751028,42.166511],[70.749365,42.165778],[70.747024,42.16652],[70.744227,42.167055],[70.737571,42.165771],[70.736503,42.164428],[70.730656,42.160277],[70.725992,42.157259],[70.724555,42.154833],[70.72432,42.153698],[70.724572,42.15266],[70.725341,42.151391],[70.726208,42.150563],[70.726268,42.148571],[70.725801,42.147815],[70.722739,42.146005],[70.71988,42.145274],[70.717796,42.144201],[70.716487,42.143166],[70.714629,42.142113],[70.714897,42.140194],[70.714676,42.138626],[70.71395,42.138009],[70.7118,42.137182],[70.711158,42.135589],[70.707858,42.133773],[70.707508,42.13302],[70.707241,42.130318],[70.706488,42.129772],[70.705563,42.129539],[70.704702,42.129343],[70.702671,42.129414],[70.695048,42.127345],[70.694263,42.126712],[70.693317,42.125257],[70.691287,42.123666],[70.687171,42.121088],[70.686512,42.119063],[70.686617,42.11698],[70.686295,42.115394],[70.684024,42.109729],[70.68234,42.106716],[70.680462,42.100143],[70.678698,42.098197],[70.677982,42.09351],[70.679287,42.090605],[70.678779,42.088375],[70.677356,42.087356],[70.674377,42.08576],[70.672697,42.084382],[70.671241,42.08152],[70.668616,42.079741],[70.666168,42.07759],[70.665069,42.071103],[70.663581,42.069776],[70.660262,42.067956],[70.658149,42.06319],[70.65571,42.061395],[70.655357,42.056655],[70.655462,42.053585],[70.654515,42.05232],[70.65468,42.050855],[70.652404,42.04816],[70.651554,42.041416],[70.648171,42.039281],[70.647431,42.038585],[70.643363,42.0335],[70.641736,42.029614],[70.637874,42.027277],[70.636422,42.026942],[70.636439,42.025416],[70.636766,42.024798],[70.636516,42.023869],[70.635044,42.022182],[70.634811,42.020614],[70.635481,42.019391],[70.637047,42.018322],[70.637325,42.017222],[70.63896,42.016644],[70.639316,42.016236],[70.639167,42.014857],[70.637809,42.015034],[70.636339,42.014659],[70.63503,42.015153],[70.630825,42.01536],[70.62693,42.015167],[70.624988,42.015281],[70.623252,42.014592],[70.612838,42.011329],[70.610076,42.008747],[70.607589,42.007713],[70.606556,42.006851],[70.592933,42.010227],[70.588539,42.010013],[70.587039,42.010186],[70.582407,42.014472],[70.579656,42.016136],[70.577492,42.019433],[70.576518,42.020431],[70.571942,42.020357],[70.570767,42.020623],[70.567608,42.022042],[70.564636,42.022689],[70.560524,42.023088],[70.559429,42.023513],[70.558223,42.026092],[70.555181,42.02893],[70.552415,42.030368],[70.548702,42.035013],[70.551758,42.037071],[70.553204,42.039619],[70.55642,42.041132],[70.558529,42.043026],[70.557899,42.045094],[70.557555,42.048091],[70.556534,42.050021],[70.557518,42.052154],[70.556523,42.05414],[70.551629,42.057765],[70.550917,42.059926],[70.550064,42.06501],[70.549921,42.067706],[70.547411,42.070439],[70.545532,42.073982],[70.539596,42.079319],[70.536922,42.081115],[70.534859,42.08198],[70.529809,42.084894],[70.527503,42.08522],[70.522285,42.083275],[70.517418,42.082035],[70.514691,42.083187],[70.513616,42.084313],[70.513228,42.088094],[70.511885,42.088604],[70.506762,42.08953],[70.5062,42.092044],[70.502389,42.095851],[70.501837,42.096795],[70.501984,42.098345],[70.501384,42.099139],[70.498918,42.099325],[70.497384,42.099228],[70.495851,42.099369],[70.494758,42.099676],[70.491621,42.104181],[70.490988,42.104713],[70.488383,42.105075],[70.48472,42.106157],[70.483305,42.106863],[70.480123,42.107865],[70.478109,42.109185],[70.477107,42.109363],[70.47598,42.109308],[70.474303,42.101353],[70.472887,42.099906],[70.469201,42.097733],[70.467365,42.094275],[70.463868,42.093099],[70.462994,42.091256],[70.459019,42.084992],[70.456208,42.085569],[70.454336,42.085699],[70.450055,42.088613],[70.445703,42.090528],[70.444442,42.091347],[70.442123,42.091824],[70.438889,42.08936],[70.432496,42.087987],[70.427448,42.085443],[70.422927,42.083438],[70.41957,42.079917],[70.416366,42.078056],[70.414986,42.077743],[70.411698,42.077677],[70.41163,42.076828],[70.410171,42.074743],[70.404989,42.071491],[70.400877,42.069404],[70.396353,42.068241],[70.392295,42.068416],[70.387199,42.071109],[70.380968,42.071089],[70.377908,42.069625],[70.373515,42.069325],[70.372549,42.068609],[70.372346,42.068013],[70.372233,42.0644],[70.369438,42.062561],[70.363999,42.058391],[70.362165,42.057763],[70.355614,42.057553],[70.354738,42.056942],[70.353232,42.054279],[70.352385,42.053364],[70.352247,42.052285],[70.350949,42.050773],[70.347339,42.050173],[70.342909,42.050147],[70.340384,42.048552],[70.335674,42.047445],[70.332782,42.047249],[70.332863,42.045437],[70.332102,42.042504],[70.331318,42.04174],[70.326839,42.040134],[70.325757,42.04052],[70.324842,42.040406],[70.323407,42.038844],[70.321002,42.038683],[70.319647,42.036794],[70.319769,42.036289],[70.321062,42.034624],[70.323221,42.030199],[70.323305,42.027354],[70.324409,42.026157],[70.331207,42.022075],[70.332048,42.019415],[70.332764,42.018194],[70.333039,42.01497],[70.33067,42.006382],[70.330062,41.997066],[70.333798,41.989421],[70.334297,41.986904],[70.336853,41.98471],[70.336784,41.9836],[70.335495,41.981555],[70.336242,41.977649],[70.33525,41.974705],[70.329078,41.972995],[70.328076,41.970747],[70.325355,41.970142],[70.320828,41.97007],[70.318183,41.970443],[70.317092,41.968093],[70.316146,41.967956],[70.314399,41.968502],[70.308866,41.968176],[70.307792,41.966625],[70.306015,41.965698],[70.304924,41.964206],[70.300904,41.963858],[70.298371,41.963031],[70.295621,41.9631],[70.291057,41.962462],[70.289932,41.959426],[70.28807,41.95787],[70.284477,41.957489],[70.281215,41.956726],[70.279524,41.955013],[70.276718,41.954566],[70.27391,41.952903],[70.271308,41.953193],[70.268065,41.952058],[70.265467,41.952394],[70.261438,41.95432],[70.260296,41.952407],[70.260331,41.950687],[70.259478,41.950056],[70.258979,41.949313],[70.253494,41.948387],[70.251612,41.946426],[70.246043,41.943637],[70.240966,41.942973],[70.240566,41.941036],[70.239798,41.93945],[70.234498,41.937967],[70.232933,41.936233],[70.23162,41.935512],[70.228045,41.934625],[70.227681,41.930724],[70.225947,41.929394],[70.223518,41.928379],[70.223625,41.926452],[70.224708,41.923683],[70.225275,41.923044],[70.228423,41.92119],[70.2285,41.918688],[70.227385,41.917235],[70.225463,41.916238],[70.223466,41.914708],[70.220484,41.913274],[70.216697,41.912953],[70.214495,41.908488],[70.214159,41.907242],[70.209267,41.903686],[70.207802,41.903318],[70.206154,41.903695],[70.202909,41.904039],[70.200629,41.904782],[70.197998,41.90529],[70.196479,41.904483],[70.195358,41.903148],[70.195076,41.901862],[70.19598,41.900912],[70.198905,41.899707],[70.196816,41.897518],[70.195407,41.894301],[70.194816,41.890876],[70.195375,41.889551],[70.197056,41.887265],[70.194816,41.886402],[70.191774,41.885855],[70.189122,41.885072],[70.185121,41.882984],[70.181112,41.883104],[70.181263,41.881316],[70.180996,41.879627],[70.181917,41.875546],[70.181938,41.873938],[70.181124,41.872253],[70.181769,41.870638],[70.182847,41.869346],[70.183494,41.866792],[70.184532,41.864395],[70.183349,41.861923],[70.18064,41.859863],[70.175865,41.855308],[70.17412,41.854807],[70.172604,41.854924],[70.170098,41.856129],[70.169592,41.856136],[70.168846,41.85526],[70.165816,41.853219],[70.16319,41.850104],[70.161648,41.849601],[70.157722,41.849461],[70.156955,41.848208],[70.156215,41.844448],[70.153837,41.841998],[70.153214,41.839773],[70.148192,41.837524],[70.146756,41.836579],[70.146769,41.837143],[70.146271,41.83747],[70.14565,41.838613],[70.141897,41.842269],[70.139177,41.843291],[70.138477,41.843945],[70.13737,41.844235],[70.135519,41.844346],[70.134569,41.844319],[70.127472,41.842651],[70.120203,41.840566],[70.118703,41.838937],[70.118524,41.837721],[70.117626,41.837424],[70.115608,41.837437],[70.110267,41.838195],[70.108455,41.838232],[70.104118,41.838108],[70.102737,41.837307],[70.100404,41.83521],[70.097982,41.830426],[70.09614,41.827891],[70.095183,41.825797],[70.094419,41.822312],[70.091087,41.82134],[70.089485,41.821335],[70.086587,41.818597],[70.084102,41.814188],[70.080204,41.813353],[70.078416,41.812012],[70.076929,41.808669],[70.073215,41.807448],[70.070389,41.805755],[70.067821,41.804702],[70.065168,41.804599],[70.058631,41.804878],[70.056435,41.804308],[70.055245,41.803325],[70.053934,41.801841],[70.050963,41.799388],[70.051502,41.798075],[70.051804,41.797219],[70.051546,41.793782],[70.051191,41.792484],[70.049304,41.788374],[70.051418,41.780193],[70.051359,41.779674],[70.047681,41.779479],[70.044359,41.777189],[70.043557,41.776126],[70.042505,41.775703],[70.038639,41.777642],[70.036204,41.776123],[70.034773,41.776526],[70.035358,41.777862],[70.034686,41.781052],[70.028386,41.784877],[70.026512,41.785461],[70.023071,41.784729],[70.021316,41.785115],[70.021367,41.788149],[70.022729,41.790007],[70.021347,41.791588],[70.02123,41.793043],[70.021427,41.795859],[70.019243,41.797096],[70.017658,41.796373],[70.013209,41.79678],[70.006293,41.800705],[70.003971,41.801641],[70.002358,41.803932],[70.003414,41.806383],[69.999213,41.806387],[69.995289,41.803924],[69.992466,41.800289],[69.997831,41.799445],[69.998428,41.798482],[69.996929,41.796833],[69.998287,41.793973],[69.999877,41.788674],[69.99424,41.787253],[69.990409,41.788172],[69.989507,41.785206],[69.986345,41.783878],[69.980782,41.780787],[69.98209,41.778985],[69.981071,41.777726],[69.979608,41.772377],[69.979506,41.77105],[69.972667,41.770365],[69.972411,41.769589],[69.972384,41.765496],[69.97185,41.764007],[69.975458,41.760855],[69.975327,41.758364],[69.971833,41.75649],[69.96922,41.756408],[69.966703,41.756113],[69.962558,41.756271],[69.958107,41.751717],[69.957328,41.750328],[69.958015,41.748531],[69.959838,41.746398],[69.960586,41.744384],[69.960666,41.741591],[69.960335,41.740512],[69.959764,41.739791],[69.959542,41.738054],[69.957626,41.735935],[69.957683,41.733773],[69.948051,41.729785],[69.943214,41.728412],[69.938989,41.725461],[69.937251,41.725356],[69.933631,41.726098],[69.931169,41.726176],[69.929875,41.725909],[69.9262,41.726631],[69.924738,41.726541],[69.924583,41.72583],[69.924057,41.725258],[69.921908,41.724602],[69.921836,41.724222],[69.922447,41.722247],[69.922233,41.721233],[69.921611,41.720322],[69.92149,41.719233],[69.921658,41.718341],[69.922026,41.717729],[69.922943,41.717169],[69.922556,41.716838],[69.922593,41.716344],[69.922185,41.715874],[69.921318,41.716058],[69.920879,41.71557],[69.92018,41.715304],[69.919233,41.714555],[69.917965,41.714049],[69.917542,41.713687],[69.915827,41.71316],[69.913868,41.712998],[69.913432,41.713257],[69.91254,41.713416],[69.91189,41.713364],[69.911441,41.71309],[69.911385,41.712835],[69.910789,41.712583],[69.909679,41.712957],[69.909175,41.712752],[69.907473,41.712688],[69.907116,41.712585],[69.906484,41.711903],[69.904696,41.71116],[69.903657,41.710035],[69.902351,41.709919],[69.901405,41.709064],[69.900077,41.709007],[69.899372,41.708803],[69.899123,41.708928],[69.898268,41.708701],[69.897306,41.708766],[69.896366,41.709077],[69.895683,41.708911],[69.895286,41.708393],[69.895118,41.706985],[69.894317,41.70676],[69.891252,41.707705],[69.88961,41.707927],[69.887664,41.707622],[69.885856,41.707641],[69.882286,41.706604],[69.881111,41.706676],[69.87754,41.708015],[69.875747,41.709331],[69.874275,41.709762],[69.869682,41.709468],[69.867236,41.710524],[69.86607,41.710694],[69.865065,41.711415],[69.864076,41.711846],[69.863266,41.712835],[69.861572,41.713775],[69.858848,41.71733],[69.851075,41.719119],[69.847887,41.72044],[69.84514,41.720687],[69.84471,41.720003],[69.842568,41.719709],[69.84055,41.720339],[69.839122,41.720459],[69.837655,41.719533],[69.832351,41.717982],[69.830035,41.716443],[69.829205,41.716213],[69.829107,41.715756],[69.82722,41.714717],[69.826656,41.714163],[69.824982,41.71426],[69.82399,41.713635],[69.822707,41.713579],[69.822049,41.71322],[69.821238,41.711757],[69.820174,41.711769],[69.819555,41.711523],[69.818582,41.711883],[69.817601,41.711819],[69.815013,41.710569],[69.813048,41.709322],[69.812866,41.708186],[69.811231,41.708162],[69.808086,41.709023],[69.804252,41.709053],[69.797474,41.707345],[69.792167,41.704576],[69.792316,41.702823],[69.791059,41.701923],[69.788244,41.701137],[69.788189,41.700845],[69.786035,41.700037],[69.782707,41.700233],[69.782071,41.700128],[69.780149,41.698488],[69.778928,41.698274],[69.777428,41.698738],[69.775973,41.698082],[69.774668,41.697326],[69.774308,41.696705],[69.773932,41.696533],[69.773114,41.696557],[69.770545,41.698551],[69.766344,41.699601],[69.764869,41.699337],[69.762382,41.698147],[69.761862,41.696831],[69.760935,41.696596],[69.758842,41.697029],[69.757352,41.697941],[69.754826,41.699125],[69.751106,41.699256],[69.749117,41.69988],[69.747444,41.700095],[69.745617,41.700828],[69.74332,41.699104],[69.741415,41.698604],[69.737305,41.698589],[69.730935,41.694447],[69.727058,41.692924],[69.725622,41.689608],[69.725143,41.687926],[69.722572,41.686302],[69.720619,41.685825],[69.717614,41.686216],[69.715316,41.683471],[69.715408,41.678276],[69.712944,41.676876],[69.710296,41.676876],[69.707969,41.67818],[69.705359,41.67807],[69.697508,41.674002],[69.695445,41.674813],[69.691213,41.675178],[69.689915,41.673843],[69.682403,41.677471],[69.68116,41.677486],[69.679519,41.676982],[69.675582,41.674304],[69.6735,41.672016],[69.67308,41.670902],[69.671913,41.669849],[69.669776,41.669666],[69.668525,41.668655],[69.665657,41.670463],[69.664947,41.670471],[69.663963,41.669879],[69.65863,41.669895],[69.655014,41.668525],[69.65364,41.669197],[69.651886,41.669322],[69.649397,41.670365],[69.641504,41.668525],[69.630284,41.663404],[69.621204,41.663483],[69.61791,41.663339],[69.616895,41.662818],[69.616554,41.662577],[69.614057,41.658217],[69.611335,41.655306],[69.610562,41.651955],[69.607529,41.648405],[69.60494,41.646351],[69.59818,41.643155],[69.597086,41.642471],[69.591444,41.640687],[69.583223,41.634222],[69.576469,41.629512],[69.575683,41.627975],[69.575614,41.625484],[69.571563,41.61716],[69.565856,41.614734],[69.565345,41.613349],[69.565948,41.611717],[69.563911,41.606258],[69.561943,41.604049],[69.560173,41.603553],[69.559661,41.599453],[69.55706,41.596969],[69.554763,41.597217],[69.552757,41.596317],[69.551025,41.595237],[69.549797,41.591781],[69.540573,41.589958],[69.538887,41.588661],[69.53759,41.584594],[69.538841,41.581512],[69.537659,41.578532],[69.537799,41.578204],[69.538493,41.578006],[69.54,41.577075],[69.549538,41.572536],[69.549326,41.569705],[69.541155,41.56713],[69.532058,41.564565],[69.528793,41.563721],[69.527393,41.563537],[69.52766,41.563049],[69.526956,41.56283],[69.517728,41.55738],[69.517456,41.556899],[69.51668,41.556358],[69.514802,41.555922],[69.514148,41.555588],[69.509401,41.552481],[69.501404,41.547738],[69.500272,41.547591],[69.499516,41.547934],[69.498311,41.54792],[69.496331,41.54857],[69.494117,41.548968],[69.492333,41.549514],[69.491418,41.549989],[69.487191,41.550176],[69.481231,41.551018],[69.480938,41.551182],[69.478517,41.555226],[69.477782,41.557108],[69.476614,41.558885],[69.474109,41.560281],[69.468796,41.562199],[69.467985,41.562635],[69.460617,41.568946],[69.454758,41.569314],[69.452586,41.565956],[69.448517,41.564237],[69.445121,41.563162],[69.441729,41.55993],[69.427656,41.540705],[69.419373,41.535106],[69.406969,41.524447],[69.402819,41.517983],[69.402606,41.517035],[69.401618,41.51416],[69.399735,41.510371],[69.397982,41.508191],[69.397684,41.507016],[69.398774,41.505994],[69.398768,41.505112],[69.39939,41.504114],[69.400338,41.503239],[69.411144,41.5012],[69.412773,41.500629],[69.4244,41.498519],[69.427376,41.496792],[69.42808,41.495957],[69.432908,41.493125],[69.433032,41.492803],[69.432807,41.491991],[69.437605,41.489446],[69.438196,41.488106],[69.438744,41.487787],[69.441477,41.487924],[69.445547,41.489694],[69.446945,41.489009],[69.450372,41.488004],[69.451369,41.487874],[69.454263,41.488138],[69.454433,41.485034],[69.456183,41.480962],[69.457592,41.476678],[69.458455,41.47184],[69.456914,41.470586],[69.456903,41.468842],[69.457279,41.468565],[69.459558,41.468534],[69.460583,41.467399],[69.459407,41.466363],[69.457669,41.46546],[69.457109,41.464725],[69.456567,41.464557],[69.45568,41.46462],[69.453793,41.463298],[69.452253,41.46258],[69.450441,41.462643],[69.449796,41.463056],[69.449991,41.463702],[69.449636,41.464066],[69.4486,41.464283],[69.447255,41.464052],[69.445564,41.464192],[69.444696,41.463653],[69.444126,41.463724],[69.44294,41.463527],[69.441922,41.463184],[69.441408,41.463479],[69.440941,41.463493],[69.440343,41.462842],[69.438559,41.462275],[69.437672,41.462366],[69.436663,41.461911],[69.436084,41.461197],[69.435122,41.461036],[69.433948,41.461082],[69.433883,41.461705],[69.433509,41.461866],[69.431697,41.461579],[69.429437,41.462111],[69.428615,41.462132],[69.427503,41.461684],[69.427167,41.461992],[69.42401,41.462314],[69.422656,41.463889],[69.419905,41.464141],[69.417416,41.4637],[69.416781,41.463427],[69.41581,41.463511],[69.415324,41.463777],[69.415231,41.46426],[69.416454,41.464841],[69.416633,41.46583],[69.41597,41.466299],[69.414503,41.46604],[69.413644,41.466229],[69.413532,41.466523],[69.414074,41.467167],[69.413971,41.467496],[69.412196,41.467937],[69.411215,41.468497],[69.411038,41.469126],[69.412168,41.470204],[69.411822,41.47047],[69.409403,41.470064],[69.408058,41.470232],[69.40691,41.469882],[69.404868,41.469577],[69.403995,41.468853],[69.402244,41.468114],[69.400635,41.467681],[69.396743,41.46746],[69.394622,41.46784],[69.390279,41.466667],[69.384436,41.466158],[69.383835,41.466231],[69.382905,41.46589],[69.379901,41.465353],[69.376413,41.465856],[69.374854,41.465814],[69.372832,41.466027],[69.371277,41.466443],[69.37132,41.466654],[69.371054,41.466836],[69.365703,41.468047],[69.363298,41.469545],[69.360596,41.469471],[69.359967,41.469516],[69.359926,41.469712],[69.359828,41.469795],[69.359561,41.470641],[69.359076,41.470788],[69.359191,41.471197],[69.358677,41.471398],[69.358826,41.471617],[69.35464,41.472605],[69.354184,41.468403],[69.354749,41.467543],[69.354165,41.467354],[69.353745,41.466691],[69.353142,41.466232],[69.352451,41.46605],[69.351821,41.465604],[69.35049,41.465426],[69.34962,41.464669],[69.349657,41.463782],[69.348007,41.463661],[69.347078,41.463417],[69.34607,41.462663],[69.345215,41.4611],[69.345211,41.459034],[69.344706,41.458789],[69.344228,41.458824],[69.343742,41.45972],[69.343131,41.460441],[69.342838,41.460512],[69.342329,41.460376],[69.341178,41.458686],[69.340284,41.458405],[69.339926,41.458297],[69.339388,41.458457],[69.338945,41.459303],[69.338299,41.458982],[69.337792,41.459171],[69.337409,41.459061],[69.337005,41.458422],[69.336981,41.457513],[69.335868,41.457744],[69.334572,41.457339],[69.334739,41.457029],[69.336046,41.456774],[69.336008,41.456509],[69.33495,41.455978],[69.334571,41.45519],[69.332819,41.454713],[69.332785,41.454231],[69.332194,41.453866],[69.331865,41.453122],[69.331194,41.45282],[69.330475,41.451984],[69.329671,41.451747],[69.32921,41.451189],[69.327938,41.450508],[69.327162,41.449695],[69.326483,41.449717],[69.325933,41.450134],[69.325323,41.449791],[69.324693,41.449966],[69.322501,41.449922],[69.322528,41.44819],[69.32035,41.44738],[69.320356,41.446779],[69.319661,41.446242],[69.319013,41.446107],[69.318268,41.445463],[69.317873,41.444981],[69.318115,41.444553],[69.317195,41.443921],[69.316847,41.442792],[69.315207,41.441989],[69.313644,41.441505],[69.3143,41.440462],[69.314089,41.440047],[69.31366,41.440011],[69.312567,41.440712],[69.310963,41.440341],[69.311281,41.439614],[69.310536,41.438871],[69.308429,41.439084],[69.307754,41.439378],[69.305986,41.438547],[69.305223,41.438864],[69.305633,41.439443],[69.305762,41.440222],[69.303492,41.438995],[69.303389,41.438496],[69.303129,41.438312],[69.302814,41.438413],[69.301938,41.439361],[69.301019,41.439476],[69.300903,41.439071],[69.301152,41.43775],[69.301065,41.437478],[69.30065,41.437288],[69.300807,41.436783],[69.299902,41.436841],[69.299793,41.437391],[69.299496,41.437515],[69.29734,41.437433],[69.297049,41.436898],[69.297119,41.43618],[69.296328,41.435635],[69.295942,41.43648],[69.295509,41.436566],[69.295881,41.437145],[69.295362,41.437829],[69.294074,41.437811],[69.293125,41.43746],[69.292815,41.437073],[69.292364,41.437722],[69.291769,41.438109],[69.29189,41.438513],[69.293029,41.438851],[69.292906,41.439737],[69.291739,41.439719],[69.290763,41.439257],[69.290381,41.439356],[69.290283,41.440025],[69.290838,41.440309],[69.29127,41.441065],[69.291149,41.441378],[69.290243,41.441442],[69.290479,41.442048],[69.2896,41.442139],[69.289583,41.440979],[69.28933,41.440825],[69.286648,41.441638],[69.28623,41.442625],[69.285465,41.443251],[69.285719,41.443667],[69.285652,41.444023],[69.285169,41.444497],[69.284557,41.444562],[69.283431,41.445221],[69.282175,41.44535],[69.2815,41.445768],[69.281257,41.446105],[69.2813,41.447102],[69.280914,41.447657],[69.278275,41.449764],[69.277148,41.450102],[69.276848,41.450408],[69.27453,41.450834],[69.273028,41.451365],[69.272385,41.451598],[69.27202,41.452056],[69.271322,41.452362],[69.269476,41.452126],[69.268639,41.45219],[69.267909,41.451901],[69.266611,41.452311],[69.264948,41.45202],[69.264036,41.452102],[69.262428,41.452654],[69.261583,41.453312],[69.261334,41.453707],[69.261538,41.453871],[69.259511,41.455045],[69.258355,41.455499],[69.255956,41.457732],[69.255111,41.459155],[69.254794,41.459552],[69.25442,41.459658],[69.254345,41.460015],[69.253446,41.460834],[69.252291,41.462356],[69.251805,41.464295],[69.250064,41.46632],[69.248866,41.465663],[69.247613,41.465496],[69.245707,41.464126],[69.2449,41.463412],[69.244583,41.462222],[69.242901,41.462125],[69.241321,41.462499],[69.240369,41.462325],[69.239982,41.461971],[69.239382,41.460788],[69.238918,41.460485],[69.23854,41.459655],[69.234867,41.45862],[69.233143,41.458745],[69.23209,41.459326],[69.231408,41.459192],[69.230577,41.459348],[69.229876,41.459873],[69.228322,41.462329],[69.227767,41.462689],[69.226986,41.462855],[69.225994,41.462693],[69.224175,41.46174],[69.223439,41.460982],[69.222641,41.459624],[69.221721,41.459473],[69.220489,41.459835],[69.219676,41.459641],[69.217775,41.459452],[69.217066,41.459211],[69.216057,41.458341],[69.213512,41.457603],[69.210207,41.45764],[69.209339,41.456956],[69.208935,41.455448],[69.207555,41.454976],[69.20582,41.45391],[69.204957,41.453789],[69.204233,41.453987],[69.204172,41.454804],[69.203783,41.455283],[69.202996,41.455576],[69.202476,41.455452],[69.201114,41.454234],[69.200455,41.452748],[69.198529,41.452003],[69.197195,41.452106],[69.196615,41.452548],[69.195568,41.452869],[69.195002,41.4541],[69.193907,41.454321],[69.192427,41.453066],[69.191696,41.453257],[69.191181,41.453079],[69.190984,41.451957],[69.19007,41.451517],[69.188117,41.451995],[69.186591,41.452676],[69.186137,41.452657],[69.185397,41.452123],[69.184506,41.450773],[69.184714,41.449966],[69.185804,41.449033],[69.185862,41.448375],[69.185308,41.448045],[69.184083,41.447881],[69.182791,41.447081],[69.182433,41.445781],[69.180759,41.445048],[69.179746,41.441787],[69.179035,41.441065],[69.177538,41.438546],[69.177556,41.438183],[69.178583,41.437759],[69.178738,41.437321],[69.17708,41.436426],[69.176232,41.436365],[69.175307,41.436757],[69.174877,41.438128],[69.175336,41.438872],[69.174959,41.440102],[69.17529,41.440965],[69.174438,41.441257],[69.173507,41.440959],[69.172717,41.441013],[69.171442,41.440705],[69.166212,41.438438],[69.165895,41.43795],[69.167113,41.435332],[69.166921,41.435001],[69.165617,41.434737],[69.164882,41.434117],[69.163743,41.433925],[69.161934,41.433218],[69.161273,41.433167],[69.16057,41.43334],[69.159543,41.434155],[69.15919,41.434204],[69.1587,41.434049],[69.158266,41.433368],[69.157663,41.433286],[69.15738,41.433454],[69.157388,41.434492],[69.1568,41.434558],[69.156383,41.434416],[69.156094,41.432909],[69.155654,41.432643],[69.155111,41.432601],[69.154207,41.432841],[69.153985,41.432762],[69.153445,41.432025],[69.152896,41.431694],[69.154201,41.430909],[69.154267,41.430092],[69.153874,41.429648],[69.152053,41.428673],[69.15155,41.428782],[69.151057,41.429506],[69.151343,41.431365],[69.150999,41.431687],[69.149637,41.431868],[69.148888,41.431275],[69.148709,41.430819],[69.148796,41.430612],[69.149882,41.430168],[69.150416,41.429607],[69.149964,41.427093],[69.15418,41.426386],[69.157014,41.425659],[69.158088,41.425195],[69.159421,41.42497],[69.160423,41.423892],[69.161113,41.420476],[69.162736,41.416643],[69.16313,41.41519],[69.164237,41.413044],[69.16513,41.410524],[69.16597,41.409072],[69.165915,41.408438],[69.168041,41.405074],[69.170798,41.402895],[69.173121,41.403823],[69.174385,41.403273],[69.174537,41.403208],[69.175206,41.403199],[69.175409,41.402942],[69.175246,41.40217],[69.173611,41.40068],[69.170809,41.400711],[69.170293,41.400425],[69.169071,41.400181],[69.168587,41.399336],[69.167685,41.398883],[69.167453,41.398095],[69.167752,41.39773],[69.168003,41.39675],[69.167678,41.396402],[69.167801,41.396077],[69.167568,41.395405],[69.16701,41.394885],[69.166347,41.394666],[69.165514,41.394967],[69.165021,41.394815],[69.163918,41.394977],[69.163423,41.394558],[69.162158,41.394494],[69.161057,41.393894],[69.160341,41.393162],[69.160479,41.392706],[69.160025,41.392287],[69.159592,41.390968],[69.157895,41.389837],[69.157313,41.388754],[69.155135,41.386574],[69.153957,41.386269],[69.151928,41.386581],[69.151617,41.387292],[69.151687,41.388974],[69.150722,41.392399],[69.149935,41.393048],[69.14894,41.393468],[69.148027,41.393063],[69.146192,41.393393],[69.145345,41.393305],[69.145152,41.39283],[69.144089,41.393265],[69.143349,41.393192],[69.142984,41.392685],[69.142105,41.3925],[69.141557,41.392918],[69.140646,41.392951],[69.140377,41.392178],[69.139583,41.391945],[69.139401,41.392339],[69.138982,41.392484],[69.138618,41.39246],[69.13791,41.391953],[69.136665,41.392291],[69.136311,41.392065],[69.136236,41.391462],[69.135882,41.391132],[69.135324,41.391446],[69.134358,41.391389],[69.133328,41.392114],[69.132921,41.392178],[69.132513,41.391912],[69.132457,41.390806],[69.129387,41.391035],[69.129058,41.390389],[69.127598,41.388932],[69.121956,41.392126],[69.119817,41.392007],[69.116072,41.392259],[69.114587,41.391853],[69.113438,41.391306],[69.112149,41.390087],[69.112071,41.389319],[69.111174,41.388401],[69.109773,41.38625],[69.10784,41.38468],[69.107046,41.383475],[69.105412,41.382802],[69.105346,41.381919],[69.105598,41.381569],[69.105114,41.380581],[69.104306,41.379663],[69.103568,41.379425],[69.103139,41.378759],[69.102943,41.377974],[69.103024,41.376696],[69.10128,41.375878],[69.101093,41.374687],[69.101289,41.374294],[69.101,41.373664],[69.101385,41.372828],[69.10105,41.372025],[69.100574,41.371674],[69.100067,41.371641],[69.099971,41.371375],[69.099392,41.37165],[69.09897,41.371468],[69.098979,41.370959],[69.099398,41.370556],[69.099712,41.369873],[69.099151,41.369375],[69.098143,41.368878],[69.097816,41.368471],[69.098199,41.367917],[69.097844,41.367574],[69.097806,41.365226],[69.096957,41.364637],[69.097237,41.36381],[69.097115,41.36327],[69.097778,41.361973],[69.097153,41.360164],[69.096686,41.359449],[69.096594,41.358575],[69.093169,41.358284],[69.092283,41.356903],[69.085703,41.357169],[69.084986,41.357697],[69.08278,41.358264],[69.080237,41.35765],[69.079249,41.357616],[69.078586,41.358043],[69.079439,41.359567],[69.079701,41.359679],[69.080616,41.359476],[69.081288,41.359841],[69.081961,41.359637],[69.082689,41.359841],[69.082914,41.36024],[69.082633,41.361032],[69.082802,41.361846],[69.083278,41.361874],[69.083922,41.36261],[69.084455,41.362259],[69.084847,41.362582],[69.08427,41.363814],[69.084887,41.364347],[69.08384,41.365179],[69.083733,41.365556],[69.08485,41.366094],[69.08539,41.366691],[69.08656,41.36698],[69.087271,41.367401],[69.088661,41.368556],[69.085522,41.370569],[69.084958,41.372165],[69.083901,41.373068],[69.08192,41.374175],[69.08122,41.375438],[69.080078,41.376102],[69.07896,41.377052],[69.067081,41.373512],[69.066839,41.372048],[69.063987,41.371233],[69.060221,41.371547],[69.059572,41.369696],[69.055666,41.369586],[69.055204,41.368351],[69.05237,41.368675],[69.049691,41.365052],[69.049425,41.364939],[69.046133,41.364895],[69.043842,41.365408],[69.043137,41.365411],[69.041251,41.366124],[69.034015,41.363316],[69.032071,41.361312],[69.029969,41.359672],[69.028707,41.358397],[69.024088,41.357566],[69.021396,41.355476],[69.022637,41.354915],[69.022251,41.353931],[69.022363,41.353447],[69.024109,41.352522],[69.025109,41.351393],[69.035224,41.350208],[69.035728,41.349914],[69.036746,41.350278],[69.038399,41.350327],[69.039277,41.350173],[69.041687,41.350839],[69.043994,41.350699],[69.045367,41.350271],[69.045613,41.349552],[69.046743,41.349523],[69.046854,41.348149],[69.045277,41.341499],[69.042557,41.334034],[69.040473,41.330168],[69.040294,41.328701],[69.039646,41.32743],[69.040067,41.325652],[69.039856,41.323067],[69.04067,41.321048],[69.041024,41.319468],[69.042017,41.317048],[69.04408,41.315952],[69.044276,41.312591],[69.044579,41.311345],[69.045431,41.310645],[69.045518,41.310065],[69.04443,41.309667],[69.043123,41.308292],[69.042095,41.30759],[69.041619,41.306566],[69.040685,41.305611],[69.039462,41.305415],[69.038565,41.304159],[69.03765,41.301647],[69.035828,41.301956],[69.031385,41.303146],[69.029962,41.303214],[69.029336,41.303033],[69.026604,41.298581],[69.026601,41.298104],[69.024295,41.298121],[69.021695,41.298967],[69.020443,41.298287],[69.019356,41.298356],[69.018694,41.298648],[69.01596,41.295005],[69.014522,41.291983],[69.013858,41.28953],[69.013946,41.289001],[69.015149,41.287064],[69.015714,41.284168],[69.015616,41.28182],[69.016239,41.277931],[69.018232,41.276366],[69.017293,41.274999],[69.01707,41.273414],[69.018133,41.273086],[69.018506,41.273142],[69.019384,41.272658],[69.020262,41.272595],[69.021981,41.271963],[69.022541,41.271914],[69.023783,41.271072],[69.025156,41.270924],[69.025857,41.27018],[69.027015,41.270187],[69.027407,41.269948],[69.027342,41.269366],[69.029217,41.268103],[69.031449,41.267864],[69.032346,41.267471],[69.033233,41.266671],[69.034205,41.266537],[69.035419,41.266825],[69.036362,41.266292],[69.037838,41.266369],[69.038286,41.266207],[69.040261,41.264673],[69.040541,41.264097],[69.040383,41.263037],[69.041102,41.261359],[69.040383,41.260657],[69.040289,41.259828],[69.039831,41.258936],[69.039528,41.258812],[69.039506,41.257987],[69.039676,41.25514],[69.039187,41.254469],[69.035946,41.252432],[69.025691,41.250459],[69.025551,41.249841],[69.024449,41.249153],[69.024496,41.248563],[69.02387,41.247524],[69.02103,41.245902],[69.022343,41.244728],[69.022866,41.244672],[69.02408,41.243801],[69.026434,41.24286],[69.027097,41.241933],[69.02719,41.241413],[69.028246,41.240774],[69.029262,41.239267],[69.028164,41.23666],[69.028113,41.23534],[69.02647,41.230951],[69.027158,41.228541],[69.028903,41.227981],[69.030088,41.22506]],[[69.228552,41.168134],[69.211662,41.173478],[69.207078,41.175129],[69.204902,41.176378],[69.20296,41.177838],[69.200034,41.180887],[69.186391,41.196203],[69.185259,41.198596],[69.18498,41.200679],[69.185087,41.202714],[69.185855,41.204855],[69.182866,41.205946],[69.182383,41.206701],[69.183092,41.207024],[69.183258,41.208307],[69.185237,41.21037],[69.185335,41.211535],[69.185133,41.211969],[69.181536,41.214548],[69.183793,41.216639],[69.183729,41.216945],[69.180601,41.219067],[69.179703,41.218065],[69.177794,41.21906],[69.176391,41.217653],[69.174557,41.218807],[69.175499,41.221326],[69.173946,41.22167],[69.174465,41.222566],[69.172269,41.224967],[69.171904,41.225104],[69.172545,41.225462],[69.171943,41.226036],[69.172211,41.226364],[69.173831,41.2271],[69.174108,41.228322],[69.172667,41.230476],[69.169354,41.23453],[69.168347,41.235109],[69.166929,41.235378],[69.166453,41.235504],[69.165415,41.236613],[69.165727,41.23849],[69.166789,41.239841],[69.167072,41.240308],[69.166788,41.241159],[69.164195,41.248942],[69.163082,41.250708],[69.160644,41.25284],[69.158046,41.254413],[69.157555,41.254697],[69.15677,41.255131],[69.156676,41.255183],[69.153852,41.256983],[69.150471,41.259474],[69.148895,41.260978],[69.147699,41.262842],[69.147097,41.26485],[69.146512,41.27733],[69.146552,41.277636],[69.147493,41.280637],[69.147549,41.280956],[69.146535,41.281216],[69.144818,41.280481],[69.143162,41.278649],[69.141883,41.277959],[69.141016,41.277855],[69.140763,41.276475],[69.139883,41.275247],[69.137122,41.273076],[69.135258,41.272317],[69.131492,41.268996],[69.128384,41.268134],[69.125179,41.266849],[69.124105,41.267259],[69.123618,41.267269],[69.12315,41.26714],[69.122614,41.266461],[69.122582,41.266072],[69.122319,41.266073],[69.121797,41.266261],[69.122175,41.267169],[69.122806,41.267928],[69.122789,41.269823],[69.123607,41.270063],[69.1253,41.270089],[69.125728,41.270835],[69.125688,41.272158],[69.128109,41.274045],[69.128345,41.274526],[69.128329,41.275335],[69.128789,41.276092],[69.130599,41.277381],[69.130867,41.278114],[69.131548,41.278949],[69.132166,41.279074],[69.133039,41.278806],[69.133458,41.278922],[69.132917,41.280266],[69.134238,41.281382],[69.134407,41.282087],[69.134265,41.282661],[69.134899,41.283539],[69.134935,41.284118],[69.134409,41.28449],[69.131946,41.287432],[69.132124,41.288003],[69.133205,41.288634],[69.133986,41.288749],[69.13411,41.289077],[69.133766,41.289771],[69.134889,41.290176],[69.135213,41.290773],[69.136204,41.29092],[69.136921,41.291691],[69.13826,41.29241],[69.138769,41.293928],[69.138386,41.294479],[69.138452,41.294927],[69.139712,41.295452],[69.140189,41.295948],[69.140201,41.296544],[69.14121,41.296851],[69.141995,41.298287],[69.142891,41.298801],[69.143039,41.299968],[69.144347,41.300284],[69.144905,41.300638],[69.144956,41.301154],[69.144682,41.301735],[69.145325,41.302766],[69.145978,41.303024],[69.146501,41.303798],[69.147239,41.303875],[69.147926,41.304301],[69.148713,41.305693],[69.14875,41.305923],[69.148693,41.306833],[69.149093,41.308156],[69.148394,41.309937],[69.147578,41.309948],[69.147291,41.310349],[69.147626,41.311161],[69.14808,41.311354],[69.148149,41.311625],[69.147505,41.311891],[69.147402,41.312412],[69.14663,41.313664],[69.146985,41.313727],[69.147277,41.313239],[69.14754,41.313121],[69.147671,41.313226],[69.148089,41.313688],[69.148336,41.313925],[69.14833,41.314547],[69.149737,41.31566],[69.149827,41.316136],[69.152568,41.320359],[69.153479,41.321167],[69.154288,41.32159],[69.154613,41.322423],[69.153605,41.323381],[69.154014,41.324548],[69.153545,41.325186],[69.154743,41.325997],[69.154478,41.32652],[69.154864,41.327232],[69.155219,41.327474],[69.15664,41.327242],[69.157717,41.328183],[69.158837,41.328472],[69.159371,41.328526],[69.159858,41.328205],[69.16083,41.330294],[69.162712,41.333327],[69.163994,41.336922],[69.164567,41.346246],[69.165042,41.348369],[69.165701,41.35109],[69.166701,41.353756],[69.168885,41.356836],[69.174361,41.361573],[69.185009,41.368119],[69.210464,41.383999],[69.211328,41.386003],[69.211273,41.386688],[69.21172,41.386971],[69.213708,41.386981],[69.215738,41.387375],[69.227985,41.395089],[69.232464,41.397687],[69.235879,41.398477],[69.238959,41.398638],[69.257732,41.397863],[69.261778,41.397128],[69.263974,41.396084],[69.280985,41.38521],[69.282339,41.384587],[69.285092,41.383801],[69.288186,41.38364],[69.300591,41.383948],[69.31171,41.385137],[69.315796,41.384895],[69.317702,41.384061],[69.318964,41.38272],[69.324147,41.37077],[69.325063,41.369672],[69.335825,41.361432],[69.338285,41.359553],[69.344057,41.356012],[69.346343,41.355905],[69.351333,41.354664],[69.353959,41.354761],[69.355515,41.355196],[69.356759,41.355794],[69.359073,41.35823],[69.361665,41.361434],[69.363247,41.36238],[69.364793,41.362561],[69.37542,41.361337],[69.377399,41.361633],[69.389253,41.365798],[69.390994,41.366221],[69.392132,41.366127],[69.394406,41.365431],[69.395431,41.36486],[69.395893,41.364321],[69.398865,41.365992],[69.399771,41.364796],[69.400452,41.365057],[69.400603,41.364764],[69.40101,41.364905],[69.401596,41.363019],[69.404396,41.363833],[69.404601,41.363767],[69.40543,41.362356],[69.405988,41.361897],[69.40667,41.361845],[69.408801,41.358053],[69.409518,41.357726],[69.410801,41.355664],[69.411607,41.350227],[69.411151,41.347765],[69.409708,41.344186],[69.407886,41.342223],[69.440448,41.344805],[69.457302,41.345197],[69.461468,41.345626],[69.469916,41.347381],[69.474242,41.349125],[69.477143,41.347039],[69.474016,41.344901],[69.471581,41.338084],[69.468225,41.334958],[69.463785,41.331357],[69.457818,41.328279],[69.456392,41.326182],[69.454268,41.324052],[69.452108,41.322218],[69.449626,41.320824],[69.453006,41.319545],[69.459456,41.317869],[69.471787,41.3161],[69.482232,41.315109],[69.491646,41.312872],[69.499638,41.308188],[69.505839,41.307453],[69.511324,41.306394],[69.518781,41.305385],[69.520407,41.302957],[69.525689,41.302804],[69.525859,41.300799],[69.524088,41.29704],[69.523828,41.295781],[69.524978,41.289181],[69.524627,41.284769],[69.521642,41.272143],[69.520101,41.267489],[69.51367,41.256026],[69.508988,41.243245],[69.50809,41.231293],[69.508821,41.22528],[69.505388,41.214424],[69.505234,41.211041],[69.494694,41.198771],[69.485508,41.189353],[69.483045,41.186313],[69.481135,41.180782],[69.479556,41.178832],[69.477428,41.17564],[69.474441,41.173069],[69.470561,41.170265],[69.46881,41.168772],[69.466627,41.169601],[69.466015,41.169106],[69.464577,41.168868],[69.462776,41.169718],[69.461927,41.16977],[69.460785,41.169033],[69.460691,41.167948],[69.460107,41.167644],[69.456442,41.167024],[69.455086,41.166455],[69.454425,41.165802],[69.454168,41.164859],[69.454391,41.16369],[69.454187,41.163306],[69.453681,41.16316],[69.452784,41.163244],[69.452384,41.16274],[69.443743,41.162859],[69.439435,41.161824],[69.434978,41.160221],[69.429243,41.157733],[69.425591,41.159704],[69.400796,41.160418],[69.335473,41.162658],[69.322346,41.167747],[69.288636,41.16926],[69.287385,41.168403],[69.286783,41.168827],[69.281119,41.165452],[69.277689,41.164264],[69.274873,41.16375],[69.272944,41.163584],[69.269022,41.163612],[69.263351,41.164287],[69.262962,41.164195],[69.259195,41.164472],[69.258761,41.164774],[69.257722,41.164887],[69.25738,41.164926],[69.257034,41.164729],[69.246795,41.165934],[69.238286,41.165677],[69.231131,41.16716],[69.228552,41.168134]],[[69.465746,41.405087],[69.463845,41.404804],[69.463375,41.404591],[69.461634,41.403256],[69.459651,41.40238],[69.458033,41.40138],[69.457213,41.401129],[69.456044,41.401605],[69.452233,41.400303],[69.450862,41.400469],[69.450153,41.40026],[69.45009,41.401358],[69.448955,41.401086],[69.448469,41.402081],[69.445922,41.403944],[69.444973,41.405407],[69.443551,41.406833],[69.444181,41.407174],[69.442738,41.408532],[69.441418,41.410607],[69.440839,41.413032],[69.441098,41.415403],[69.441903,41.417299],[69.443617,41.419283],[69.445895,41.420862],[69.450269,41.422486],[69.453613,41.422477],[69.455411,41.422232],[69.458219,41.421502],[69.459881,41.420639],[69.461004,41.419894],[69.462948,41.418164],[69.464456,41.415747],[69.464819,41.414064],[69.464527,41.411904],[69.468378,41.414287],[69.469945,41.412608],[69.464388,41.409354],[69.466411,41.407601],[69.466946,41.407842],[69.46783,41.407054],[69.468627,41.407046],[69.468822,41.406758],[69.469544,41.406616],[69.465746,41.405087]]]}},{"type":"Feature","properties":{"name":"Sirdaryo"},"geometry":{"type":"Polygon","coordinates":[[[68.601089,40.161056],[68.601817,40.15884],[68.606705,40.161125],[68.624044,40.165787],[68.640415,40.169931],[68.653645,40.172952],[68.663023,40.175007],[68.671113,40.176273],[68.681126,40.178601],[68.68844,40.178306],[68.694005,40.18139],[68.701505,40.183998],[68.711976,40.186966],[68.761361,40.199867],[68.779565,40.203926],[68.7973,40.172603],[68.811844,40.178394],[68.817206,40.178299],[68.823718,40.178858],[68.830953,40.180467],[68.834982,40.181068],[68.840279,40.182179],[68.843612,40.183276],[68.842591,40.186543],[68.840952,40.193881],[68.847201,40.195178],[68.85196,40.197778],[68.85152,40.203487],[68.860795,40.209461],[68.862762,40.210035],[68.93497,40.218421],[68.963594,40.221483],[68.984295,40.223284],[69.009493,40.226129],[69.03575,40.228734],[69.052116,40.226611],[69.056783,40.223701],[69.0612,40.222774],[69.067069,40.223053],[69.070297,40.222394],[69.071854,40.22162],[69.075687,40.22145],[69.07646,40.221579],[69.078204,40.222857],[69.078648,40.222897],[69.087745,40.221398],[69.111214,40.219609],[69.134234,40.217852],[69.149316,40.215767],[69.152695,40.214418],[69.153469,40.215437],[69.164114,40.210908],[69.165281,40.210577],[69.166534,40.210541],[69.168055,40.210829],[69.169781,40.212125],[69.168067,40.212178],[69.16651,40.212544],[69.165205,40.213108],[69.164149,40.213849],[69.161914,40.216074],[69.161426,40.217153],[69.161226,40.218276],[69.160781,40.220252],[69.160612,40.220986],[69.159924,40.223345],[69.157464,40.226584],[69.154612,40.231517],[69.152795,40.23281],[69.147646,40.236471],[69.143087,40.237792],[69.141841,40.23948],[69.140907,40.241379],[69.140009,40.24548],[69.135386,40.25471],[69.132468,40.261129],[69.132191,40.26336],[69.130751,40.264928],[69.129379,40.265777],[69.12762,40.266468],[69.12645,40.267148],[69.125945,40.26794],[69.113928,40.280906],[69.083595,40.304198],[69.074757,40.318588],[69.074513,40.319818],[69.073595,40.356717],[69.073766,40.357885],[69.074244,40.359043],[69.074868,40.359807],[69.076407,40.360797],[69.078888,40.362949],[69.085962,40.369777],[69.08635,40.370562],[69.086119,40.371207],[69.085483,40.371644],[69.083338,40.372414],[69.082514,40.373038],[69.079081,40.37683],[69.078112,40.378247],[69.077843,40.380412],[69.078422,40.385821],[69.078737,40.387025],[69.080162,40.389884],[69.079725,40.391502],[69.079753,40.392477],[69.077206,40.395953],[69.076593,40.39802],[69.079095,40.399884],[69.08767,40.401951],[69.08912,40.404161],[69.096461,40.412399],[69.09916,40.414211],[69.101752,40.414974],[69.110323,40.41971],[69.112518,40.422176],[69.114706,40.4253],[69.117332,40.427784],[69.117599,40.428316],[69.117629,40.429687],[69.118596,40.431674],[69.118884,40.432879],[69.118879,40.434081],[69.117349,40.435868],[69.116374,40.437868],[69.115717,40.440548],[69.115636,40.442722],[69.11616,40.446626],[69.114941,40.449229],[69.11284,40.451214],[69.107577,40.453811],[69.105598,40.455461],[69.104702,40.457285],[69.10277,40.464782],[69.104146,40.468279],[69.103285,40.47314],[69.099337,40.475229],[69.086977,40.480844],[69.085261,40.483586],[69.085261,40.488547],[69.087492,40.491289],[69.09016,40.493083],[69.093695,40.49401],[69.097792,40.494291],[69.100959,40.494297],[69.102154,40.494777],[69.105723,40.497049],[69.107393,40.498634],[69.107911,40.499816],[69.108089,40.501103],[69.105688,40.505126],[69.09968,40.50865],[69.096882,40.50926],[69.093145,40.508356],[69.086884,40.504219],[69.084642,40.503153],[69.081208,40.503167],[69.078645,40.50294],[69.077039,40.501877],[69.07507,40.50102],[69.071701,40.50074],[69.066415,40.500836],[69.064706,40.501998],[69.064667,40.503293],[69.06707,40.505955],[69.072904,40.508898],[69.076086,40.511033],[69.078601,40.514209],[69.080798,40.519481],[69.07989,40.525934],[69.081361,40.531483],[69.081443,40.53321],[69.08086,40.540378],[69.080798,40.546228],[69.080209,40.549776],[69.080785,40.552763],[69.081055,40.554521],[69.081763,40.555831],[69.081516,40.55726],[69.077708,40.564878],[69.076575,40.567567],[69.076376,40.568797],[69.076577,40.570085],[69.077555,40.570989],[69.079712,40.571431],[69.083518,40.571815],[69.087459,40.57138],[69.090912,40.570646],[69.092525,40.569855],[69.093568,40.568742],[69.095465,40.565279],[69.097108,40.563218],[69.099922,40.561469],[69.101225,40.561357],[69.103429,40.562185],[69.1051,40.563599],[69.105817,40.566325],[69.095904,40.578961],[69.090239,40.583263],[69.085065,40.58646],[69.083238,40.58706],[69.08063,40.586936],[69.079208,40.585947],[69.075657,40.58179],[69.074973,40.579196],[69.075433,40.576489],[69.074749,40.57263],[69.073949,40.571327],[69.072215,40.570355],[69.069085,40.569871],[69.066943,40.569834],[69.062903,40.570648],[69.058967,40.573079],[69.058169,40.574782],[69.058143,40.576579],[69.059016,40.578125],[69.060615,40.579625],[69.06663,40.582882],[69.070299,40.583758],[69.077193,40.587956],[69.081801,40.589627],[69.086441,40.593066],[69.089037,40.595256],[69.090628,40.597653],[69.090949,40.59906],[69.090926,40.6006],[69.090106,40.603297],[69.089255,40.604751],[69.087398,40.606251],[69.086595,40.607282],[69.08255,40.608392],[69.081669,40.608378],[69.079397,40.607865],[69.07774,40.607784],[69.074961,40.608159],[69.06964,40.610114],[69.066485,40.612515],[69.062504,40.616057],[69.061057,40.617672],[69.058206,40.619189],[69.056917,40.620341],[69.056014,40.621557],[69.054645,40.622856],[69.052988,40.623926],[69.052408,40.624738],[69.05216,40.628162],[69.053086,40.629433],[69.055185,40.630424],[69.060024,40.633217],[69.062027,40.635259],[69.062103,40.635847],[69.061944,40.63659],[69.061099,40.637854],[69.059771,40.639092],[69.054018,40.643727],[69.052153,40.644755],[69.049659,40.645253],[69.047674,40.645431],[69.044652,40.645395],[69.04286,40.645681],[69.038569,40.647374],[69.036649,40.647585],[69.03468,40.647495],[69.03054,40.646824],[69.026067,40.645599],[69.022165,40.644963],[69.019044,40.644061],[69.016616,40.642962],[69.012344,40.641775],[69.006127,40.641201],[68.999773,40.641383],[68.996336,40.64209],[68.992128,40.642496],[68.988959,40.643727],[68.987692,40.644725],[68.986831,40.646042],[68.986797,40.647197],[68.987115,40.648212],[68.990332,40.650891],[69.004553,40.66166],[69.006125,40.665085],[69.006411,40.666415],[69.005781,40.66821],[69.004237,40.669122],[69.002005,40.670163],[69.000483,40.67066],[68.997906,40.671086],[68.993737,40.671258],[68.984236,40.669071],[68.979861,40.666908],[68.967844,40.665606],[68.960978,40.665606],[68.95394,40.670944],[68.95223,40.673413],[68.952172,40.674304],[68.952375,40.675208],[68.953084,40.676552],[68.955523,40.678426],[68.957885,40.679395],[68.959851,40.679512],[68.962202,40.680288],[68.963876,40.681952],[68.964141,40.682644],[68.964022,40.683644],[68.961179,40.686589],[68.960419,40.687816],[68.960005,40.689616],[68.957716,40.693205],[68.952567,40.696849],[68.951365,40.699843],[68.95188,40.701925],[68.951708,40.705308],[68.951193,40.707781],[68.951193,40.710123],[68.950335,40.711424],[68.94673,40.711684],[68.939384,40.714],[68.934204,40.714809],[68.932646,40.714707],[68.926891,40.713023],[68.922354,40.712986],[68.916174,40.714807],[68.911621,40.718246],[68.907398,40.724685],[68.90593,40.728851],[68.90742,40.73185],[68.908278,40.738354],[68.907591,40.740955],[68.904158,40.743816],[68.904156,40.744155],[68.905388,40.745229],[68.904139,40.747561],[68.90373,40.750463],[68.90003,40.754711],[68.898661,40.756785],[68.897545,40.757838],[68.896968,40.759125],[68.896433,40.761632],[68.896433,40.765922],[68.894545,40.770472],[68.886134,40.777882],[68.881705,40.782277],[68.878471,40.784003],[68.875147,40.785551],[68.870782,40.787035],[68.867418,40.787768],[68.863818,40.788801],[68.85273,40.790661],[68.843377,40.791555],[68.842574,40.791317],[68.842032,40.790926],[68.841814,40.789545],[68.841029,40.78943],[68.830906,40.792385],[68.829637,40.793088],[68.827559,40.796652],[68.830065,40.800278],[68.82994,40.803638],[68.830808,40.806493],[68.830382,40.813747],[68.828627,40.816731],[68.82397,40.818975],[68.815455,40.819063],[68.80731,40.820401],[68.802244,40.82263],[68.796764,40.827896],[68.791843,40.831525],[68.785324,40.833953],[68.78409,40.834412],[68.773619,40.835932],[68.769025,40.837711],[68.764825,40.837955],[68.762111,40.840551],[68.76032,40.84529],[68.758282,40.848654],[68.755146,40.849955],[68.751535,40.850577],[68.749206,40.850228],[68.739774,40.845535],[68.735996,40.84452],[68.732081,40.845275],[68.729242,40.846912],[68.72707,40.849195],[68.726383,40.852052],[68.727687,40.854207],[68.736439,40.858781],[68.738133,40.860398],[68.741409,40.864494],[68.74155,40.870885],[68.740233,40.873803],[68.73663,40.875044],[68.732914,40.874884],[68.729038,40.872793],[68.725608,40.868321],[68.724331,40.8659],[68.721627,40.861938],[68.719964,40.85847],[68.717019,40.856609],[68.712633,40.856291],[68.708657,40.85693],[68.706015,40.858423],[68.706075,40.860205],[68.709065,40.865799],[68.709442,40.867244],[68.709232,40.869692],[68.709574,40.873046],[68.713064,40.875319],[68.715636,40.878179],[68.716642,40.880137],[68.720937,40.885919],[68.721902,40.887735],[68.721541,40.890273],[68.720459,40.891354],[68.718923,40.891949],[68.71471,40.892291],[68.712146,40.893132],[68.709808,40.894221],[68.708436,40.895418],[68.707782,40.896859],[68.707,40.897961],[68.705576,40.899334],[68.703533,40.900513],[68.699001,40.902185],[68.693424,40.904748],[68.692172,40.905687],[68.690258,40.907893],[68.689648,40.909159],[68.688618,40.914348],[68.687654,40.915939],[68.684841,40.91798],[68.677288,40.920574],[68.667332,40.921352],[68.664828,40.922694],[68.663269,40.924411],[68.662899,40.925633],[68.661649,40.926786],[68.660469,40.928375],[68.657073,40.928865],[68.655518,40.929627],[68.653996,40.931354],[68.647887,40.935265],[68.645652,40.937226],[68.642005,40.942048],[68.640399,40.944821],[68.635449,40.95015],[68.628586,40.960525],[68.627174,40.963938],[68.626946,40.966142],[68.627344,40.967638],[68.628661,40.969615],[68.630981,40.971997],[68.633421,40.973304],[68.635364,40.973906],[68.638663,40.974686],[68.642267,40.975139],[68.650789,40.975416],[68.656324,40.976037],[68.667207,40.979436],[68.670396,40.980882],[68.672624,40.982473],[68.673827,40.984068],[68.674116,40.984913],[68.674192,40.986564],[68.673917,40.987395],[68.673249,40.988386],[68.670708,40.990863],[68.668603,40.992201],[68.662192,40.994921],[68.654827,40.996008],[68.648812,40.996431],[68.642968,40.996206],[68.638359,40.99687],[68.636465,40.996923],[68.633242,40.996653],[68.630756,40.996883],[68.628523,40.997347],[68.626334,40.998242],[68.619428,41.001768],[68.617095,41.003664],[68.609403,41.011907],[68.608756,41.014292],[68.609323,41.020513],[68.609182,41.023188],[68.609963,41.026559],[68.609592,41.028359],[68.609123,41.029139],[68.60745,41.030466],[68.604574,41.031227],[68.600829,41.031288],[68.595291,41.030549],[68.592468,41.029881],[68.589539,41.028847],[68.586039,41.026873],[68.583473,41.025041],[68.580667,41.022596],[68.57865,41.020841],[68.577505,41.019513],[68.574954,41.015548],[68.573546,41.013824],[68.570896,41.011601],[68.567878,41.009839],[68.564507,41.008369],[68.561273,41.007407],[68.558773,41.007114],[68.555715,41.007346],[68.553011,41.007865],[68.546986,41.010436],[68.543286,41.01133],[68.53952,41.011853],[68.536285,41.012785],[68.533276,41.014381],[68.526521,41.020325],[68.522148,41.017327],[68.522354,41.017163],[68.519119,41.01505],[68.515842,41.011326],[68.515944,41.011168],[68.513299,41.0098],[68.506655,41.003139],[68.50438,40.999884],[68.504091,40.996969],[68.50423,40.992455],[68.503887,40.990511],[68.503056,40.989296],[68.502444,40.987118],[68.501596,40.98538],[68.500078,40.983198],[68.498163,40.981165],[68.497251,40.979136],[68.498226,40.973383],[68.4999,40.972796],[68.5066,40.973027],[68.506558,40.972782],[68.509593,40.972901],[68.509467,40.972568],[68.511015,40.964089],[68.510175,40.961627],[68.510106,40.961269],[68.513401,40.962632],[68.514022,40.962502],[68.514971,40.960612],[68.514877,40.958905],[68.515858,40.957593],[68.51696,40.956606],[68.516779,40.955569],[68.515804,40.954118],[68.515746,40.953055],[68.515974,40.952485],[68.517641,40.951368],[68.518775,40.950989],[68.520271,40.950757],[68.51983,40.950475],[68.517637,40.947816],[68.51765,40.942532],[68.523106,40.942693],[68.540553,40.945761],[68.544993,40.945768],[68.548095,40.946504],[68.548749,40.946915],[68.550683,40.945264],[68.550907,40.944212],[68.552166,40.943929],[68.552937,40.943134],[68.555262,40.942566],[68.556273,40.94062],[68.558741,40.938004],[68.562335,40.935923],[68.568141,40.934482],[68.573441,40.92784],[68.575237,40.926702],[68.577669,40.925598],[68.578927,40.92519],[68.581002,40.924896],[68.582105,40.92495],[68.582783,40.924506],[68.581445,40.922785],[68.580748,40.920736],[68.581986,40.917659],[68.581135,40.916903],[68.576713,40.906637],[68.576712,40.897219],[68.586296,40.886046],[68.588681,40.877555],[68.590483,40.865336],[68.58692,40.860175],[68.585767,40.859299],[68.58596,40.858846],[68.584959,40.857194],[68.58337,40.856327],[68.580731,40.854478],[68.573653,40.851076],[68.567222,40.849688],[68.56465,40.849075],[68.564292,40.848847],[68.563962,40.848332],[68.562478,40.841511],[68.562425,40.830282],[68.562386,40.805729],[68.569349,40.795685],[68.573224,40.791076],[68.585275,40.781347],[68.585784,40.780595],[68.585875,40.77982],[68.583902,40.70914],[68.584086,40.708562],[68.584416,40.708279],[68.585206,40.708146],[68.609088,40.707767],[68.618895,40.699976],[68.618878,40.697929],[68.634167,40.697677],[68.634249,40.700417],[68.635027,40.701011],[68.643764,40.694131],[68.643942,40.693719],[68.643974,40.692093],[68.643734,40.69172],[68.636264,40.686291],[68.646273,40.686064],[68.646365,40.682273],[68.651027,40.682178],[68.651242,40.682013],[68.651275,40.680317],[68.653622,40.680135],[68.648871,40.676607],[68.648669,40.676266],[68.647874,40.649578],[68.642672,40.645748],[68.642413,40.638132],[68.637223,40.634369],[68.627177,40.634477],[68.622422,40.631059],[68.622168,40.630328],[68.651887,40.614055],[68.654662,40.612239],[68.657476,40.609678],[68.659343,40.607411],[68.660184,40.606066],[68.663185,40.599435],[68.662105,40.59924],[68.641228,40.599495],[68.610512,40.577124],[68.597425,40.573268],[68.581664,40.56869],[68.563139,40.579168],[68.557464,40.579006],[68.554327,40.579092],[68.55273,40.578875],[68.53531,40.579463],[68.531407,40.583373],[68.526999,40.581956],[68.52327,40.581022],[68.51932,40.58089],[68.502163,40.579728],[68.492786,40.572517],[68.490689,40.57461],[68.48335,40.571295],[68.481549,40.571009],[68.476154,40.578311],[68.469589,40.587751],[68.468738,40.588643],[68.467478,40.589311],[68.465436,40.5899],[68.43708,40.59638],[68.435041,40.59703],[68.418326,40.609618],[68.411136,40.614722],[68.40881,40.615507],[68.406464,40.615919],[68.383736,40.617254],[68.371475,40.617242],[68.352912,40.626967],[68.297827,40.65654],[68.248421,40.675722],[68.199579,40.57772],[68.19923,40.577619],[68.197382,40.574059],[68.196641,40.574059],[68.195825,40.559449],[68.192448,40.560717],[68.180479,40.570852],[68.165747,40.558359],[68.166174,40.557983],[68.160268,40.552159],[68.159437,40.552743],[68.151906,40.545955],[68.145577,40.524458],[68.138427,40.498138],[68.193464,40.488881],[68.19248,40.470664],[68.191205,40.436714],[68.191672,40.435975],[68.21273,40.419806],[68.157718,40.373256],[68.096661,40.321229],[68.093111,40.318021],[68.114828,40.304531],[68.132774,40.273212],[68.134592,40.268547],[68.146131,40.272402],[68.149042,40.273046],[68.163893,40.273153],[68.192078,40.270847],[68.246346,40.269287],[68.279,40.260504],[68.280936,40.259612],[68.292074,40.25189],[68.29365,40.251357],[68.294888,40.251141],[68.305489,40.251936],[68.344555,40.254534],[68.37796,40.25941],[68.399052,40.266106],[68.432489,40.268899],[68.433335,40.268846],[68.475476,40.260728],[68.509742,40.251318],[68.539609,40.251047],[68.570218,40.25729],[68.602943,40.261831],[68.611958,40.26247],[68.613434,40.243688],[68.616141,40.220726],[68.606369,40.220207],[68.594556,40.215407],[68.583441,40.215095],[68.588842,40.19881],[68.591938,40.189922],[68.592502,40.188212],[68.593621,40.184755],[68.596677,40.1749],[68.599885,40.165259],[68.599783,40.165234],[68.601089,40.161056]]]}},{"type":"Feature","properties":{"name":"Jizzax"},"geometry":{"type":"Polygon","coordinates":[[[68.601817,40.15884],[68.601089,40.161056],[68.599783,40.165234],[68.599885,40.165259],[68.596677,40.1749],[68.593621,40.184755],[68.592502,40.188212],[68.591938,40.189922],[68.588842,40.19881],[68.583441,40.215095],[68.594556,40.215407],[68.606369,40.220207],[68.616141,40.220726],[68.613434,40.243688],[68.611958,40.26247],[68.602943,40.261831],[68.570218,40.25729],[68.539609,40.251047],[68.509742,40.251318],[68.475476,40.260728],[68.433335,40.268846],[68.432489,40.268899],[68.399052,40.266106],[68.37796,40.25941],[68.344555,40.254534],[68.305489,40.251936],[68.294888,40.251141],[68.29365,40.251357],[68.292074,40.25189],[68.280936,40.259612],[68.279,40.260504],[68.246346,40.269287],[68.192078,40.270847],[68.163893,40.273153],[68.149042,40.273046],[68.146131,40.272402],[68.134592,40.268547],[68.132774,40.273212],[68.114828,40.304531],[68.093111,40.318021],[68.096661,40.321229],[68.157718,40.373256],[68.21273,40.419806],[68.191672,40.435975],[68.191205,40.436714],[68.19248,40.470664],[68.193464,40.488881],[68.138427,40.498138],[68.145577,40.524458],[68.151906,40.545955],[68.159437,40.552743],[68.160268,40.552159],[68.166174,40.557983],[68.165747,40.558359],[68.180479,40.570852],[68.192448,40.560717],[68.195825,40.559449],[68.196641,40.574059],[68.197382,40.574059],[68.19923,40.577619],[68.199579,40.57772],[68.248421,40.675722],[68.234361,40.681189],[68.21739,40.687709],[68.201616,40.697789],[68.171919,40.716633],[68.170092,40.717946],[68.167146,40.719596],[68.16539,40.72093],[68.161298,40.723466],[68.158667,40.72507],[68.101951,40.769571],[68.096782,40.773444],[68.08796,40.780498],[68.085998,40.78183],[68.082477,40.784798],[68.081272,40.785509],[68.079535,40.787069],[68.075962,40.789731],[68.075315,40.790084],[68.073336,40.790628],[68.071691,40.790726],[68.067629,40.791463],[68.06042,40.793067],[68.055856,40.793773],[68.05029,40.794882],[68.024209,40.800543],[68.023376,40.800814],[68.010899,40.808745],[67.989288,40.823201],[67.976895,40.831768],[67.976112,40.832767],[67.975906,40.833847],[67.976318,40.835578],[67.977167,40.837455],[67.979488,40.838003],[67.981635,40.84053],[67.980519,40.843724],[67.97701,40.845057],[67.971711,40.850974],[67.971535,40.85167],[67.972428,40.853762],[67.972771,40.861919],[67.973434,40.861718],[67.973959,40.860993],[67.974586,40.861327],[67.975647,40.8614],[67.980032,40.861333],[67.984222,40.860973],[67.98764,40.860536],[67.992251,40.858687],[67.992153,40.859135],[67.993476,40.85994],[67.99479,40.860444],[67.99582,40.860509],[67.996821,40.860095],[67.999041,40.860018],[68.000967,40.860723],[68.002,40.860677],[68.002743,40.86017],[68.00612,40.860697],[68.008666,40.880317],[68.007846,40.883205],[68.006833,40.885579],[68.012097,40.889696],[68.012566,40.890566],[68.027214,40.898621],[68.02863,40.900147],[68.033011,40.900985],[68.034323,40.903717],[68.039945,40.907608],[68.049264,40.90872],[68.049961,40.909024],[68.054303,40.912503],[68.054738,40.912681],[68.072469,40.916763],[68.073138,40.924657],[68.08108,40.923282],[68.088679,40.92561],[68.095611,40.935968],[68.096361,40.936342],[68.091376,40.941985],[68.084182,40.941805],[68.063119,40.945618],[68.064136,40.946587],[68.06446,40.948551],[68.06644,40.950467],[68.071554,40.953319],[68.075059,40.949638],[68.082104,40.952945],[68.07569,40.960569],[68.081822,40.962921],[68.084142,40.963615],[68.083803,40.964582],[68.084386,40.966111],[68.087944,40.970089],[68.073992,40.98613],[68.078686,40.994561],[68.081159,40.99598],[68.083655,40.997748],[68.082804,40.999335],[68.082275,41.00131],[68.068237,41.008032],[68.057468,41.005769],[68.055495,41.009158],[68.077567,41.023744],[68.080618,41.025812],[68.081346,41.026259],[68.08213,41.026365],[68.088369,41.030713],[68.100749,41.032901],[68.108488,41.034265],[68.110668,41.036275],[68.113397,41.035293],[68.126965,41.032307],[68.127487,41.038446],[68.126497,41.040847],[68.126835,41.044573],[68.12609,41.04494],[68.118758,41.047014],[68.114672,41.054354],[68.113636,41.05728],[68.112462,41.06095],[68.113303,41.062753],[68.112236,41.066934],[68.105585,41.066408],[68.101285,41.06784],[68.088485,41.074852],[68.084933,41.080323],[68.080059,41.08156],[68.073855,41.080548],[68.071347,41.080084],[68.070183,41.079297],[68.06831,41.077792],[68.063905,41.071926],[68.062831,41.068405],[68.060674,41.065303],[68.058777,41.06013],[68.05597,41.052234],[68.055016,41.047675],[68.051673,41.04184],[68.051335,41.041651],[68.048053,41.041141],[68.047686,41.041175],[68.041385,41.04434],[68.037193,41.043536],[68.032994,41.041467],[68.030617,41.039925],[68.029367,41.038873],[68.027301,41.038186],[68.024538,41.038093],[68.023579,41.036656],[68.025563,41.032769],[68.02571,41.031918],[68.025531,41.031681],[68.023823,41.024676],[68.023775,41.023719],[68.024925,41.021117],[68.024134,41.01824],[68.020733,41.018188],[68.020449,41.020473],[68.01404,41.021729],[68.006351,41.022944],[68.00608,41.021464],[67.983943,41.024827],[67.983256,41.02493],[67.982758,41.026096],[67.982448,41.028215],[67.982596,41.030471],[67.983159,41.033426],[67.985129,41.041592],[67.985462,41.052696],[67.985205,41.053584],[67.985,41.056623],[67.984181,41.060048],[67.984035,41.064254],[67.984387,41.066886],[67.985721,41.06994],[67.985951,41.074345],[67.985521,41.075603],[67.985846,41.077816],[67.9876,41.081476],[67.987798,41.084344],[67.987307,41.087736],[67.986964,41.092545],[67.985303,41.097312],[67.984231,41.099667],[67.984042,41.100779],[67.981189,41.107844],[67.979863,41.112189],[67.978228,41.116397],[67.977622,41.119297],[67.975762,41.123418],[67.975588,41.124537],[67.974375,41.128027],[67.973924,41.12866],[67.971992,41.133263],[67.971039,41.134827],[67.96885,41.139427],[67.966384,41.146217],[67.965538,41.148967],[67.891758,41.152233],[67.866658,41.135465],[67.813274,41.157437],[67.73512,41.182039],[67.685223,41.170869],[67.569598,41.167376],[67.365089,41.126989],[67.312886,41.134819],[67.015723,41.137422],[66.999633,41.14077],[66.752391,41.142272],[66.760133,41.12304],[66.643363,41.111816],[66.64558,41.069656],[66.647753,41.028276],[66.647963,40.898053],[66.674687,40.894547],[66.686468,40.899535],[66.707263,40.897023],[66.750924,40.818106],[66.767262,40.772002],[66.771026,40.766413],[66.77783,40.756308],[66.775114,40.739316],[66.771259,40.730772],[66.767869,40.707618],[66.743188,40.681527],[66.737046,40.678068],[66.734301,40.676171],[66.718908,40.636507],[66.715544,40.615281],[66.712183,40.613217],[66.712053,40.610594],[66.710334,40.609078],[66.705094,40.609915],[66.697179,40.609312],[66.695661,40.605534],[66.696444,40.603043],[66.69622,40.602421],[66.698602,40.600205],[66.700687,40.598898],[66.699809,40.596954],[66.700596,40.596147],[66.699906,40.595007],[66.699735,40.594017],[66.704194,40.592548],[66.704646,40.590833],[66.703085,40.589437],[66.700881,40.588796],[66.697648,40.585496],[66.696559,40.582392],[66.695645,40.572846],[66.67994,40.56597],[66.671102,40.560309],[66.668512,40.555766],[66.67038,40.553205],[66.672127,40.544992],[66.669988,40.539229],[66.666306,40.534211],[66.66676,40.527943],[66.667597,40.52116],[66.666034,40.517306],[66.665703,40.512292],[66.663171,40.507338],[66.663124,40.502871],[66.661228,40.495712],[66.653887,40.491934],[66.653823,40.490878],[66.654654,40.488534],[66.653242,40.484443],[66.654829,40.481608],[66.653224,40.480176],[66.652406,40.477652],[66.654262,40.474957],[66.657457,40.472937],[66.661641,40.474091],[66.66488,40.473033],[66.669406,40.475096],[66.670879,40.472709],[66.676888,40.473869],[66.681588,40.473507],[66.683929,40.475053],[66.685881,40.475435],[66.686146,40.477032],[66.689838,40.477366],[66.693185,40.479239],[66.698325,40.48322],[66.702037,40.484367],[66.705911,40.487604],[66.713523,40.489132],[66.719343,40.493008],[66.71975,40.494446],[66.72035,40.494659],[66.721526,40.494536],[66.722293,40.494106],[66.724857,40.490328],[66.727337,40.488531],[66.730131,40.485638],[66.732804,40.48342],[66.740802,40.480213],[66.743764,40.478324],[66.744517,40.476757],[66.745969,40.476435],[66.747202,40.475005],[66.749889,40.474723],[66.751664,40.475132],[66.752945,40.473179],[66.75699,40.469947],[66.758358,40.46839],[66.761319,40.468617],[66.764262,40.46999],[66.766649,40.46998],[66.769256,40.471414],[66.769741,40.479331],[66.770932,40.481438],[66.773528,40.482585],[66.775369,40.481946],[66.780925,40.482526],[66.78229,40.483631],[66.797991,40.480119],[66.805027,40.478095],[66.808432,40.47661],[66.812863,40.477161],[66.814717,40.480016],[66.818187,40.480892],[66.822438,40.479633],[66.826379,40.479989],[66.829956,40.481711],[66.831553,40.48146],[66.839294,40.485478],[66.842185,40.485104],[66.845121,40.4869],[66.846635,40.486804],[66.847795,40.487992],[66.849766,40.488346],[66.850408,40.48881],[66.851313,40.488645],[66.85234,40.487951],[66.854122,40.487446],[66.855783,40.488343],[66.856482,40.48771],[66.856459,40.486908],[66.856903,40.485709],[66.85811,40.483836],[66.857653,40.482121],[66.860157,40.480715],[66.860852,40.479382],[66.860339,40.478354],[66.861941,40.477688],[66.863081,40.477803],[66.863904,40.478705],[66.863847,40.479912],[66.864086,40.480601],[66.864884,40.481603],[66.865268,40.484333],[66.866643,40.485154],[66.867721,40.485318],[66.86832,40.486054],[66.870478,40.487035],[66.87257,40.488996],[66.87493,40.488553],[66.878054,40.487538],[66.88054,40.488043],[66.881807,40.486936],[66.883813,40.486877],[66.885824,40.486117],[66.884007,40.484061],[66.881081,40.478304],[66.879986,40.474435],[66.878513,40.473058],[66.873824,40.471714],[66.87387,40.468718],[66.873524,40.467837],[66.878534,40.464534],[66.878208,40.46281],[66.879838,40.461119],[66.880848,40.458828],[66.883225,40.456542],[66.882756,40.455629],[66.885711,40.452487],[66.885619,40.451205],[66.889468,40.450177],[66.891271,40.448459],[66.892409,40.447971],[66.891259,40.445486],[66.892832,40.442232],[66.894991,40.440573],[66.894803,40.438857],[66.897929,40.437295],[66.899653,40.435592],[66.898459,40.433352],[66.898416,40.428465],[66.897593,40.426757],[66.896353,40.425912],[66.894379,40.42389],[66.893067,40.421329],[66.892022,40.421443],[66.886554,40.416796],[66.882519,40.412154],[66.882416,40.405022],[66.883833,40.399455],[66.885381,40.397613],[66.88482,40.396573],[66.887498,40.394622],[66.887079,40.390983],[66.885137,40.387253],[66.884548,40.383904],[66.88312,40.379793],[66.884268,40.377121],[66.882734,40.374794],[66.883663,40.373052],[66.88221,40.371332],[66.881684,40.36949],[66.88008,40.368021],[66.87891,40.363954],[66.882251,40.354659],[66.881762,40.351742],[66.882829,40.351142],[66.883679,40.349283],[66.881453,40.347476],[66.881588,40.344947],[66.880293,40.340892],[66.880555,40.331155],[66.878523,40.32692],[66.869966,40.316929],[66.866825,40.316605],[66.861119,40.310977],[66.864557,40.311644],[66.866198,40.310736],[66.864968,40.309153],[66.8694,40.307037],[66.871588,40.301781],[66.876694,40.299405],[66.879017,40.294806],[66.879697,40.290807],[66.884813,40.278525],[66.881605,40.272336],[66.88036,40.267869],[66.880897,40.264883],[66.876039,40.261203],[66.87728,40.257004],[66.879174,40.25256],[66.887242,40.238737],[66.903066,40.24197],[66.924067,40.240173],[66.939892,40.235236],[66.940384,40.231257],[66.942134,40.230721],[66.946406,40.22613],[66.950864,40.217991],[66.959332,40.218919],[66.958448,40.212302],[66.962131,40.212158],[66.972277,40.20508],[66.978515,40.200277],[66.98164,40.195595],[66.983438,40.191175],[66.988108,40.192735],[66.992041,40.19328],[66.993875,40.192014],[66.987617,40.184201],[66.985022,40.176023],[66.982075,40.171782],[66.974489,40.164022],[66.966237,40.15079],[66.957289,40.14317],[66.951309,40.136451],[66.947578,40.135367],[66.944602,40.134246],[66.942713,40.133307],[66.937355,40.133319],[66.935953,40.13225],[66.927139,40.127264],[66.929962,40.125507],[66.930004,40.12401],[66.935877,40.122843],[66.938573,40.125468],[66.945556,40.127314],[66.952905,40.124706],[66.96247,40.118902],[66.96628,40.120458],[66.977441,40.117064],[66.988654,40.114375],[67.007321,40.107103],[67.027104,40.098031],[67.028875,40.095006],[67.031744,40.094001],[67.033112,40.090105],[67.046511,40.086763],[67.054595,40.074398],[67.057543,40.063442],[67.061444,40.059287],[67.070316,40.056315],[67.069819,40.041111],[67.069885,40.028295],[67.07595,40.024398],[67.06595,40.02037],[67.053147,40.015669],[67.048226,40.009166],[67.047797,40.0097],[67.042474,40.008569],[67.027436,40.002277],[67.021372,39.999396],[67.022987,39.996195],[67.033414,39.984324],[67.052845,39.967792],[67.05466,39.967748],[67.061432,39.974361],[67.064132,39.976997],[67.077573,39.987063],[67.080278,39.986745],[67.094975,39.955422],[67.095067,39.949114],[67.09805,39.945766],[67.096701,39.943589],[67.09595,39.940553],[67.098386,39.940889],[67.099392,39.939771],[67.10264,39.937387],[67.104595,39.937404],[67.10755,39.937884],[67.109556,39.93561],[67.116467,39.936668],[67.122404,39.936346],[67.125072,39.934811],[67.131188,39.935166],[67.136854,39.933368],[67.138853,39.931567],[67.142465,39.932053],[67.148638,39.931594],[67.15352,39.933468],[67.156603,39.934022],[67.165682,39.929944],[67.166619,39.927471],[67.171043,39.9267],[67.178004,39.921847],[67.180122,39.923382],[67.182133,39.922745],[67.185093,39.92396],[67.192275,39.926223],[67.193698,39.928445],[67.195346,39.929808],[67.198007,39.930215],[67.199864,39.930185],[67.199597,39.933324],[67.202636,39.935507],[67.204387,39.936056],[67.210901,39.932373],[67.212171,39.930277],[67.214761,39.92945],[67.221814,39.925005],[67.223437,39.922428],[67.226296,39.920973],[67.229275,39.920846],[67.229851,39.917323],[67.233274,39.917373],[67.235554,39.91583],[67.24005,39.917805],[67.24184,39.916243],[67.244675,39.915934],[67.245483,39.91634],[67.248905,39.91621],[67.249803,39.916624],[67.251261,39.915398],[67.25348,39.916246],[67.254797,39.919519],[67.255748,39.920023],[67.256612,39.92222],[67.257864,39.922747],[67.260639,39.922986],[67.263046,39.923898],[67.265096,39.923097],[67.265961,39.921652],[67.270163,39.921279],[67.272132,39.918504],[67.27281,39.916528],[67.274593,39.914978],[67.276816,39.91572],[67.277849,39.91479],[67.282378,39.916704],[67.286735,39.917383],[67.289556,39.917176],[67.29153,39.918977],[67.29261,39.919397],[67.293731,39.91859],[67.294002,39.917499],[67.295689,39.917528],[67.298893,39.917151],[67.300725,39.91774],[67.302807,39.918085],[67.306581,39.916635],[67.30873,39.914997],[67.310744,39.916624],[67.313125,39.916779],[67.316364,39.913774],[67.321363,39.91579],[67.324762,39.914938],[67.328309,39.916626],[67.331688,39.914912],[67.337879,39.916202],[67.339525,39.915849],[67.340704,39.91307],[67.345201,39.915894],[67.347228,39.915628],[67.355241,39.913036],[67.356093,39.912121],[67.358593,39.911538],[67.357958,39.910475],[67.358548,39.908527],[67.363532,39.906684],[67.367189,39.908224],[67.373307,39.913842],[67.3902,39.918866],[67.407309,39.924983],[67.412193,39.921257],[67.401161,39.9115],[67.421716,39.888429],[67.424308,39.889669],[67.446015,39.870291],[67.467997,39.873538],[67.474778,39.868676],[67.470835,39.862998],[67.477071,39.859448],[67.474444,39.855273],[67.493548,39.846929],[67.492153,39.845289],[67.501352,39.838884],[67.513869,39.831833],[67.51726,39.830123],[67.51575,39.828116],[67.513411,39.824326],[67.526886,39.826698],[67.53444,39.823996],[67.535341,39.822743],[67.53437,39.821781],[67.528122,39.821396],[67.520123,39.818121],[67.52063,39.815694],[67.525867,39.814578],[67.524045,39.811845],[67.527863,39.809738],[67.526563,39.808253],[67.513592,39.811693],[67.511242,39.814484],[67.506468,39.812619],[67.497462,39.806888],[67.496052,39.807788],[67.475677,39.799596],[67.482723,39.792269],[67.481573,39.791458],[67.476326,39.791086],[67.471788,39.787769],[67.47317,39.780608],[67.469975,39.780035],[67.462038,39.777137],[67.455636,39.776264],[67.453703,39.776814],[67.442391,39.774252],[67.41952,39.762736],[67.406544,39.755508],[67.401949,39.75079],[67.397998,39.751521],[67.388099,39.746248],[67.38752,39.742507],[67.382149,39.74085],[67.380321,39.738146],[67.382165,39.737407],[67.386512,39.73128],[67.391689,39.724598],[67.395642,39.720308],[67.399345,39.715496],[67.403976,39.711333],[67.403656,39.706803],[67.405073,39.701087],[67.406348,39.69798],[67.404677,39.694423],[67.398111,39.691318],[67.393793,39.686006],[67.392096,39.68173],[67.396105,39.681178],[67.396109,39.675365],[67.39643,39.669974],[67.394015,39.663016],[67.395665,39.655818],[67.398054,39.65302],[67.403456,39.652166],[67.407539,39.64993],[67.412281,39.649402],[67.413225,39.646659],[67.421679,39.646791],[67.433631,39.645023],[67.435496,39.649138],[67.465004,39.635938],[67.47637,39.627785],[67.47557,39.592828],[67.499435,39.5839],[67.502038,39.58249],[67.503463,39.582158],[67.505131,39.580396],[67.506505,39.579663],[67.50889,39.578927],[67.513584,39.580521],[67.515134,39.579802],[67.517546,39.580277],[67.519335,39.579179],[67.52348,39.581312],[67.524839,39.583343],[67.52841,39.583664],[67.532326,39.585554],[67.534355,39.58988],[67.536349,39.588327],[67.541156,39.587468],[67.545648,39.590448],[67.548052,39.588347],[67.557467,39.588421],[67.565519,39.594543],[67.575717,39.594709],[67.582435,39.599957],[67.592001,39.597331],[67.599465,39.598024],[67.604783,39.597576],[67.614004,39.598118],[67.618553,39.60021],[67.627561,39.600811],[67.629983,39.602075],[67.630453,39.604303],[67.628302,39.610053],[67.628974,39.613368],[67.634507,39.619928],[67.647334,39.625138],[67.6478,39.630199],[67.651498,39.635377],[67.659784,39.63672],[67.664609,39.641642],[67.679939,39.638122],[67.683689,39.638725],[67.689822,39.645111],[67.698414,39.651242],[67.70448,39.65795],[67.707976,39.659658],[67.710464,39.659554],[67.714641,39.657221],[67.735452,39.650658],[67.744418,39.645888],[67.752672,39.642419],[67.760789,39.639918],[67.765928,39.640521],[67.771797,39.642501],[67.781845,39.646826],[67.793137,39.656959],[67.805737,39.653084],[67.809896,39.650243],[67.817167,39.643713],[67.829015,39.639241],[67.835875,39.630677],[67.853057,39.626041],[67.86191,39.623838],[67.875079,39.627375],[67.888444,39.61791],[67.899903,39.610734],[67.912104,39.609068],[67.93892,39.598839],[67.949073,39.603531],[67.971919,39.603769],[67.972562,39.604283],[67.976124,39.605539],[67.977187,39.605477],[67.977766,39.605176],[67.978227,39.603142],[67.979128,39.600828],[67.985576,39.598637],[67.990705,39.595694],[67.993591,39.594288],[67.995018,39.592866],[67.996359,39.592718],[67.997525,39.59217],[67.999111,39.590969],[68.000758,39.590882],[68.00256,39.58965],[68.005908,39.591122],[68.007528,39.591043],[68.008214,39.59046],[68.011401,39.590924],[68.012044,39.590295],[68.013353,39.587864],[68.014855,39.588608],[68.016486,39.58889],[68.018904,39.585264],[68.024855,39.586442],[68.027473,39.586178],[68.027129,39.582705],[68.032215,39.580869],[68.034993,39.578554],[68.036222,39.578368],[68.038307,39.577311],[68.041753,39.577289],[68.043834,39.577967],[68.044722,39.578047],[68.048962,39.576718],[68.049563,39.57671],[68.050765,39.577032],[68.05158,39.576999],[68.054531,39.576263],[68.059369,39.574278],[68.061628,39.574106],[68.07086,39.57518],[68.072963,39.576668],[68.077619,39.577793],[68.079165,39.577937],[68.08116,39.577561],[68.083162,39.575694],[68.086331,39.574138],[68.088015,39.573815],[68.090017,39.572224],[68.095193,39.569829],[68.096062,39.569904],[68.096824,39.569746],[68.101362,39.567679],[68.107209,39.565702],[68.109076,39.564428],[68.110385,39.564213],[68.111178,39.563311],[68.112252,39.561137],[68.114819,39.560256],[68.1215,39.560028],[68.127379,39.560905],[68.129568,39.560003],[68.131489,39.559921],[68.133696,39.560605],[68.137497,39.561459],[68.13873,39.562245],[68.141112,39.564247],[68.141391,39.566198],[68.144754,39.568164],[68.148204,39.566174],[68.150725,39.565272],[68.155038,39.563196],[68.156627,39.562735],[68.15874,39.563254],[68.160381,39.56461],[68.164136,39.56648],[68.165746,39.566976],[68.167383,39.566986],[68.173594,39.568539],[68.176905,39.569176],[68.178443,39.567468],[68.17928,39.567398],[68.180362,39.566183],[68.182815,39.565471],[68.183888,39.564693],[68.18406,39.564172],[68.185519,39.562261],[68.186833,39.561165],[68.187477,39.560301],[68.189135,39.559399],[68.189746,39.558667],[68.19046,39.558254],[68.192606,39.556237],[68.196731,39.554618],[68.200657,39.553559],[68.202701,39.553424],[68.207189,39.554173],[68.207838,39.554854],[68.209386,39.554175],[68.212673,39.553289],[68.214734,39.552989],[68.218076,39.553648],[68.222239,39.5559],[68.226057,39.554764],[68.229829,39.555082],[68.235297,39.557178],[68.235848,39.557158],[68.236685,39.556719],[68.238326,39.55624],[68.239973,39.55609],[68.243101,39.557067],[68.244238,39.557745],[68.245718,39.558299],[68.248486,39.560235],[68.250737,39.562681],[68.251126,39.562295],[68.254344,39.560905],[68.257821,39.559652],[68.259049,39.559321],[68.261168,39.559242],[68.264022,39.558878],[68.267021,39.557858],[68.271307,39.558324],[68.272165,39.558556],[68.273211,39.558556],[68.274348,39.558833],[68.277542,39.560196],[68.28018,39.560285],[68.281971,39.559908],[68.285233,39.55961],[68.286301,39.559677],[68.286917,39.558059],[68.287432,39.557514],[68.291268,39.555479],[68.295007,39.552848],[68.298123,39.54972],[68.299159,39.549663],[68.300607,39.549903],[68.303139,39.55078],[68.304094,39.551665],[68.308148,39.554018],[68.309576,39.554125],[68.318063,39.550389],[68.320026,39.54896],[68.324683,39.548215],[68.326695,39.548117],[68.328352,39.545816],[68.329232,39.545254],[68.331699,39.545403],[68.334031,39.544709],[68.338235,39.544083],[68.342235,39.541514],[68.345196,39.540852],[68.34731,39.540166],[68.348885,39.53884],[68.34996,39.538502],[68.351247,39.537344],[68.353136,39.533848],[68.35725,39.531386],[68.358243,39.531395],[68.359573,39.531122],[68.364959,39.531072],[68.36652,39.530708],[68.36756,39.530265],[68.369169,39.529988],[68.370023,39.530284],[68.371493,39.532015],[68.372093,39.533033],[68.374894,39.535333],[68.377236,39.538038],[68.385317,39.542181],[68.387557,39.542122],[68.389898,39.543247],[68.392083,39.544705],[68.398026,39.542477],[68.407051,39.540901],[68.408412,39.540764],[68.415329,39.542293],[68.421547,39.539991],[68.424352,39.537716],[68.433337,39.538896],[68.435082,39.538717],[68.438194,39.538933],[68.443523,39.54002],[68.448021,39.536556],[68.451356,39.536231],[68.456317,39.533649],[68.460739,39.534548],[68.462933,39.537483],[68.464303,39.538912],[68.46839,39.537224],[68.469264,39.537222],[68.479223,39.535592],[68.481988,39.539255],[68.485883,39.539404],[68.487889,39.540274],[68.490143,39.542203],[68.490972,39.542327],[68.492256,39.542192],[68.497868,39.540256],[68.501502,39.540019],[68.504798,39.537112],[68.50686,39.53559],[68.510446,39.534049],[68.510892,39.53252],[68.511033,39.5305],[68.512121,39.530762],[68.514835,39.530877],[68.515924,39.531242],[68.517421,39.531386],[68.518531,39.531688],[68.52271,39.53216],[68.524208,39.532126],[68.524878,39.53394],[68.526063,39.535049],[68.526814,39.536715],[68.528525,39.538403],[68.528997,39.540314],[68.530017,39.542122],[68.53086,39.543107],[68.531418,39.545182],[68.531699,39.545469],[68.535163,39.547828],[68.537754,39.549067],[68.541652,39.549629],[68.543324,39.553637],[68.544162,39.553932],[68.544753,39.5554],[68.54678,39.558002],[68.546845,39.559255],[68.547343,39.560402],[68.543808,39.562816],[68.541786,39.564978],[68.538673,39.566021],[68.538251,39.567034],[68.536191,39.569167],[68.535686,39.571321],[68.53662,39.572616],[68.536935,39.573839],[68.537092,39.575031],[68.537967,39.576118],[68.53902,39.578238],[68.539774,39.58175],[68.5395,39.582958],[68.538078,39.584522],[68.539345,39.585309],[68.541107,39.585973],[68.544291,39.589014],[68.546577,39.59032],[68.546963,39.590821],[68.54692,39.592379],[68.547644,39.594866],[68.549205,39.596669],[68.550439,39.597488],[68.551136,39.598265],[68.551463,39.599025],[68.552446,39.599786],[68.555626,39.599447],[68.558035,39.599702],[68.560792,39.598872],[68.563416,39.59889],[68.566387,39.600228],[68.570154,39.601416],[68.57188,39.603414],[68.572133,39.605482],[68.571907,39.606796],[68.572218,39.607275],[68.573442,39.607903],[68.575126,39.60992],[68.576478,39.610375],[68.577916,39.614026],[68.578076,39.616103],[68.578892,39.617425],[68.57916,39.619268],[68.579002,39.620526],[68.579809,39.621312],[68.581327,39.622251],[68.583106,39.62275],[68.587754,39.623458],[68.592054,39.623463],[68.595704,39.623714],[68.599215,39.624491],[68.603203,39.627614],[68.604721,39.628474],[68.605789,39.630193],[68.609962,39.63368],[68.611737,39.634832],[68.614658,39.634962],[68.616443,39.63577],[68.618009,39.640736],[68.61788,39.642413],[68.618508,39.644871],[68.61864,39.649998],[68.618138,39.651343],[68.618932,39.652904],[68.618395,39.65392],[68.618943,39.65582],[68.618631,39.656407],[68.618687,39.656853],[68.620616,39.657571],[68.620745,39.657852],[68.620284,39.659017],[68.62023,39.660066],[68.619753,39.660755],[68.619715,39.661618],[68.620091,39.662403],[68.62052,39.665211],[68.621327,39.667255],[68.62155,39.668894],[68.622238,39.670521],[68.622751,39.671124],[68.624039,39.671653],[68.625004,39.673437],[68.625611,39.675365],[68.628545,39.679316],[68.629862,39.683857],[68.626656,39.6896],[68.625739,39.691823],[68.626201,39.695704],[68.620303,39.698636],[68.610714,39.704482],[68.605913,39.706613],[68.602924,39.706803],[68.603512,39.711055],[68.601886,39.711692],[68.599663,39.712545],[68.598375,39.71473],[68.589846,39.719676],[68.587011,39.721759],[68.58675,39.724452],[68.588994,39.73055],[68.589537,39.737465],[68.596643,39.738467],[68.609503,39.741625],[68.612975,39.744932],[68.619027,39.747122],[68.623255,39.752541],[68.625465,39.756019],[68.621672,39.759716],[68.619877,39.762061],[68.624041,39.771456],[68.629889,39.770767],[68.63251,39.771214],[68.637376,39.77381],[68.638324,39.77664],[68.642614,39.776373],[68.643221,39.777324],[68.640901,39.77984],[68.63981,39.783223],[68.637426,39.78707],[68.638409,39.789439],[68.638178,39.79121],[68.638779,39.794047],[68.638267,39.798345],[68.637152,39.800411],[68.638201,39.818656],[68.637235,39.820337],[68.637428,39.821507],[68.637149,39.823155],[68.637276,39.824527],[68.635454,39.827714],[68.634067,39.832602],[68.634009,39.838052],[68.633615,39.838937],[68.634432,39.841948],[68.634552,39.846096],[68.636201,39.847751],[68.636134,39.851552],[68.636868,39.854906],[68.640096,39.854038],[68.644671,39.853337],[68.650447,39.854416],[68.65752,39.8542],[68.682115,39.850874],[68.698727,39.848133],[68.702156,39.848763],[68.702836,39.849559],[68.703879,39.849914],[68.707155,39.852608],[68.715231,39.85495],[68.718673,39.859284],[68.7205,39.85967],[68.730019,39.853945],[68.739425,39.851092],[68.746136,39.845786],[68.752613,39.847732],[68.754684,39.847397],[68.759121,39.844719],[68.75912,39.845674],[68.757283,39.846894],[68.750387,39.862625],[68.749883,39.867397],[68.755423,39.871906],[68.760575,39.874686],[68.767342,39.875344],[68.772525,39.874994],[68.771575,39.87191],[68.770197,39.859498],[68.774236,39.851807],[68.775856,39.847983],[68.778504,39.839883],[68.785372,39.83982],[68.786115,39.844681],[68.78848,39.845086],[68.789375,39.853044],[68.79386,39.864313],[68.796357,39.86742],[68.798308,39.867959],[68.799048,39.870027],[68.803653,39.872879],[68.803777,39.874052],[68.806701,39.875134],[68.808281,39.874059],[68.811065,39.874706],[68.819612,39.870102],[68.822611,39.870495],[68.821308,39.874212],[68.821702,39.882769],[68.82323,39.886417],[68.826359,39.887165],[68.83111,39.890962],[68.831666,39.893783],[68.82113,39.895186],[68.823039,39.900706],[68.82782,39.90365],[68.82733,39.916348],[68.830011,39.921255],[68.830033,39.937517],[68.828233,39.946932],[68.825607,39.948563],[68.822711,39.949638],[68.821705,39.951642],[68.816577,39.96805],[68.812643,39.968645],[68.801347,39.968035],[68.800675,39.969964],[68.801003,39.971714],[68.801849,39.972552],[68.811915,39.974402],[68.812457,39.97468],[68.813694,39.976261],[68.819707,39.978431],[68.820898,39.979697],[68.819455,39.983627],[68.820286,39.985872],[68.824398,39.986701],[68.828097,39.971017],[68.837523,39.955834],[68.844791,39.941577],[68.847234,39.929158],[68.850537,39.926462],[68.8552,39.921302],[68.856353,39.916326],[68.854267,39.906407],[68.853412,39.906063],[68.852214,39.903322],[68.85093,39.901875],[68.850542,39.898871],[68.848327,39.897898],[68.845266,39.894435],[68.844592,39.890672],[68.847174,39.889391],[68.85272,39.888495],[68.852717,39.870147],[68.854175,39.868435],[68.853503,39.866738],[68.85475,39.86314],[68.857422,39.861965],[68.859878,39.861189],[68.862306,39.861248],[68.862419,39.862509],[68.864067,39.864508],[68.864157,39.866797],[68.867679,39.86694],[68.870458,39.866017],[68.871563,39.864438],[68.872555,39.863718],[68.87498,39.864297],[68.875875,39.864775],[68.885321,39.863161],[68.886232,39.864568],[68.887872,39.864549],[68.889503,39.864905],[68.891564,39.86808],[68.89282,39.868198],[68.893561,39.868997],[68.894697,39.869627],[68.895778,39.872633],[68.896613,39.879023],[68.906283,39.880701],[68.913984,39.887086],[68.917369,39.891279],[68.920386,39.898149],[68.919789,39.902145],[68.923715,39.9115],[68.928721,39.915101],[68.935597,39.916592],[68.938853,39.916387],[68.942318,39.9175],[68.943258,39.919196],[68.9403,39.921162],[68.938881,39.923237],[68.935206,39.92663],[68.933535,39.928539],[68.932131,39.928451],[68.928246,39.930273],[68.92525,39.939423],[68.922682,39.944536],[68.921442,39.94966],[68.917354,39.955424],[68.912677,39.965144],[68.910824,39.97401],[68.906699,39.977967],[68.901486,39.981625],[68.900722,39.98971],[68.899527,39.9931],[68.891899,40.004997],[68.885842,40.009334],[68.883813,40.014087],[68.881371,40.017107],[68.87877,40.019769],[68.876999,40.018887],[68.875295,40.019251],[68.873738,40.023101],[68.870395,40.028342],[68.867082,40.030676],[68.865815,40.032285],[68.863788,40.036283],[68.864623,40.038066],[68.861058,40.039963],[68.860867,40.041202],[68.859405,40.04332],[68.859151,40.044341],[68.857586,40.046438],[68.85652,40.04697],[68.856559,40.048401],[68.857171,40.050302],[68.856929,40.05057],[68.861219,40.0517],[68.861069,40.051987],[68.862894,40.052525],[68.862367,40.053575],[68.867278,40.055835],[68.877172,40.055675],[68.888569,40.054979],[68.893337,40.048214],[68.897225,40.049785],[68.897963,40.059133],[68.898901,40.060601],[68.898896,40.061268],[68.900287,40.06214],[68.900459,40.06261],[68.900391,40.064144],[68.900963,40.066229],[68.901882,40.067026],[68.903667,40.067729],[68.904828,40.067996],[68.906628,40.068065],[68.907999,40.067445],[68.908771,40.067338],[68.909312,40.066887],[68.91208,40.065528],[68.913858,40.063918],[68.915666,40.061531],[68.916188,40.061331],[68.926503,40.06257],[68.929575,40.061837],[68.93401,40.061735],[68.934981,40.061896],[68.944624,40.061569],[68.946392,40.06258],[68.946523,40.063086],[68.947077,40.06265],[68.950126,40.061848],[68.955226,40.062761],[68.956929,40.061677],[68.959192,40.059613],[68.967125,40.055212],[68.967934,40.052532],[68.970258,40.050332],[68.971253,40.046805],[68.972274,40.04602],[68.973006,40.042069],[68.977473,40.041974],[68.979593,40.043071],[68.97919,40.047309],[68.976944,40.051892],[68.977528,40.053472],[68.97719,40.057764],[68.972329,40.06558],[68.96843,40.064822],[68.967827,40.066095],[68.956864,40.083622],[68.96007,40.087913],[68.970741,40.092677],[68.979896,40.093525],[68.988823,40.092808],[68.995273,40.093254],[69.008453,40.099133],[69.022798,40.120449],[69.023752,40.122233],[69.0241,40.126037],[69.023641,40.136825],[69.023926,40.145578],[69.02002,40.154229],[69.014621,40.154626],[69.004673,40.153841],[69.000441,40.152716],[68.994552,40.150626],[68.988764,40.144874],[68.980719,40.142781],[68.973542,40.146049],[68.972731,40.146811],[68.970637,40.147032],[68.969675,40.146782],[68.967816,40.144362],[68.966945,40.144261],[68.963335,40.145386],[68.957886,40.144594],[68.952564,40.145991],[68.950876,40.146689],[68.940635,40.147063],[68.931753,40.145995],[68.930439,40.144354],[68.928421,40.143966],[68.928008,40.144087],[68.927018,40.144909],[68.914663,40.139491],[68.897181,40.137091],[68.891364,40.135088],[68.881643,40.133075],[68.874583,40.12984],[68.859075,40.124521],[68.852344,40.123979],[68.847767,40.121379],[68.838467,40.119389],[68.83367,40.119039],[68.83062,40.117997],[68.811224,40.116629],[68.796362,40.111907],[68.782419,40.107169],[68.773135,40.099379],[68.76583,40.097968],[68.758935,40.09871],[68.75034,40.101335],[68.736388,40.099052],[68.722825,40.0993],[68.702038,40.094433],[68.694095,40.095043],[68.682872,40.091975],[68.654404,40.081939],[68.638496,40.077272],[68.633236,40.076677],[68.531026,40.11777],[68.530788,40.118288],[68.532861,40.143821],[68.554771,40.151007],[68.567332,40.152648],[68.581493,40.153787],[68.597945,40.157131],[68.601817,40.15884]]]}},{"type":"Feature","properties":{"name":"Buxoro"},"geometry":{"type":"Polygon","coordinates":[[[65.011836,39.677318],[64.863259,39.715482],[64.878934,39.737536],[64.852126,39.746019],[64.823859,39.714247],[64.794704,39.73691],[64.802552,39.745704],[64.803518,39.747746],[64.804201,39.75039],[64.798911,39.752165],[64.776904,39.764774],[64.776475,39.765722],[64.776475,39.766649],[64.776818,39.767176],[64.780461,39.769808],[64.780658,39.770621],[64.780378,39.771493],[64.779046,39.773505],[64.778793,39.774381],[64.778695,39.777039],[64.77843,39.778062],[64.777865,39.778802],[64.776767,39.779326],[64.771345,39.779039],[64.770408,39.779393],[64.763067,39.784124],[64.761737,39.78456],[64.742043,39.785552],[64.739809,39.787016],[64.737918,39.796126],[64.736149,39.797673],[64.734757,39.798415],[64.7337,39.798726],[64.714984,39.801984],[64.713237,39.802662],[64.711755,39.804025],[64.711077,39.805563],[64.708274,39.815926],[64.702505,39.821604],[64.699693,39.822547],[64.697655,39.822774],[64.696799,39.822825],[64.694769,39.822992],[64.689429,39.824328],[64.685608,39.824312],[64.681333,39.824835],[64.678125,39.826021],[64.677779,39.826503],[64.677733,39.827041],[64.677324,39.846082],[64.677074,39.847518],[64.676141,39.848857],[64.665933,39.86046],[64.664728,39.861248],[64.65959,39.862431],[64.658145,39.863017],[64.657057,39.86396],[64.636331,39.890937],[64.620045,39.90124],[64.619107,39.902538],[64.613955,39.913999],[64.61338,39.914627],[64.611713,39.915472],[64.610643,39.915948],[64.61047,39.916419],[64.612038,39.91988],[64.622319,39.939391],[64.623821,39.941861],[64.625216,39.945118],[64.626627,39.946879],[64.641767,39.963034],[64.643097,39.965657],[64.643183,39.9662],[64.644226,39.967894],[64.645064,39.968689],[64.647086,39.97214],[64.650475,39.976539],[64.651691,39.978714],[64.653183,39.979658],[64.654934,39.981203],[64.657361,39.982723],[64.659691,39.98387],[64.661772,39.984603],[64.664664,39.985262],[64.667377,39.985432],[64.668134,39.985283],[64.669577,39.985337],[64.67528,39.988082],[64.676221,39.989031],[64.676534,39.989793],[64.677183,39.990468],[64.67774,39.991909],[64.680058,39.995259],[64.68181,39.998506],[64.682993,40.001205],[64.683134,40.00328],[64.683972,40.004381],[64.685332,40.005901],[64.687872,40.006683],[64.689234,40.008414],[64.691142,40.010165],[64.692824,40.010765],[64.693937,40.011738],[64.695283,40.012471],[64.695699,40.012877],[64.695602,40.014297],[64.696013,40.014756],[64.697175,40.015121],[64.697553,40.015684],[64.697878,40.015858],[64.699548,40.015825],[64.700413,40.015617],[64.701213,40.014848],[64.701764,40.013262],[64.702753,40.013034],[64.70338,40.013585],[64.703672,40.014479],[64.703785,40.015622],[64.703498,40.017177],[64.703754,40.018269],[64.704018,40.018603],[64.704607,40.018647],[64.705142,40.017461],[64.705899,40.016864],[64.7068,40.016656],[64.708643,40.017321],[64.709197,40.0173],[64.709931,40.016674],[64.71029,40.015424],[64.710707,40.014891],[64.71128,40.014677],[64.71232,40.014841],[64.712977,40.015362],[64.713206,40.015842],[64.71313,40.016229],[64.711811,40.01754],[64.711723,40.018114],[64.713811,40.018056],[64.715481,40.018412],[64.717372,40.018275],[64.720172,40.019053],[64.720972,40.019753],[64.723577,40.021181],[64.727928,40.024873],[64.731391,40.027173],[64.733638,40.030369],[64.734796,40.030948],[64.7354,40.030796],[64.737078,40.029822],[64.738433,40.029997],[64.739171,40.030629],[64.740233,40.032558],[64.741647,40.033283],[64.745076,40.036078],[64.745798,40.037199],[64.747197,40.038545],[64.749391,40.041225],[64.74928,40.042109],[64.749884,40.042604],[64.75136,40.042911],[64.751749,40.043862],[64.75269,40.044763],[64.753236,40.045685],[64.754448,40.046229],[64.757843,40.046698],[64.759205,40.047169],[64.761562,40.047256],[64.762816,40.047496],[64.764378,40.047281],[64.76527,40.047517],[64.765751,40.047922],[64.768287,40.048857],[64.768838,40.049333],[64.770514,40.04949],[64.772582,40.050513],[64.774373,40.050896],[64.775563,40.052304],[64.776211,40.053519],[64.774505,40.055194],[64.77435,40.064228],[64.77502,40.0652],[64.776951,40.067143],[64.777962,40.06867],[64.779433,40.073476],[64.780862,40.075528],[64.784445,40.078255],[64.787532,40.080312],[64.78828,40.082504],[64.790473,40.084982],[64.793935,40.088279],[64.797253,40.09097],[64.798803,40.091967],[64.799948,40.093894],[64.801676,40.094716],[64.803402,40.095282],[64.803631,40.096657],[64.803244,40.098408],[64.805481,40.101321],[64.806538,40.102035],[64.806926,40.103342],[64.806697,40.104137],[64.807243,40.104757],[64.808159,40.105094],[64.808939,40.10574],[64.809039,40.106702],[64.808292,40.107064],[64.807482,40.108207],[64.807594,40.108989],[64.808541,40.109743],[64.809014,40.11161],[64.809239,40.115068],[64.811775,40.116078],[64.812074,40.11693],[64.811838,40.117587],[64.809857,40.117959],[64.808873,40.118502],[64.808848,40.119149],[64.812341,40.120291],[64.813591,40.12122],[64.815476,40.121826],[64.816093,40.122392],[64.81567,40.123187],[64.814507,40.12421],[64.814261,40.125086],[64.815054,40.125355],[64.816586,40.125409],[64.819299,40.126379],[64.819598,40.127025],[64.819078,40.128185],[64.818381,40.129042],[64.819153,40.130184],[64.821968,40.131137],[64.822317,40.131899],[64.82132,40.132946],[64.821171,40.134432],[64.822466,40.135975],[64.824235,40.13666],[64.825655,40.136546],[64.827947,40.137022],[64.829516,40.137746],[64.831893,40.140053],[64.835381,40.141696],[64.841112,40.143242],[64.841738,40.143948],[64.842044,40.145429],[64.844914,40.148311],[64.854747,40.150571],[64.854269,40.153186],[64.853964,40.153654],[64.857324,40.153932],[64.862815,40.15323],[64.866933,40.153964],[64.870663,40.153832],[64.87298,40.154401],[64.874066,40.157989],[64.874109,40.158782],[64.871682,40.159096],[64.86987,40.160258],[64.869023,40.16108],[64.869801,40.162357],[64.90157,40.163529],[64.903561,40.164648],[64.904202,40.169301],[64.897931,40.17418],[64.895825,40.176314],[64.890835,40.18483],[64.886876,40.185022],[64.883236,40.187488],[64.879483,40.189341],[64.877812,40.191597],[64.874562,40.195321],[64.858541,40.20353],[64.862501,40.212427],[64.855451,40.21206],[64.84934,40.21809],[64.842748,40.220519],[64.842085,40.223245],[64.842817,40.224976],[64.843733,40.225849],[64.84799,40.227544],[64.850347,40.225675],[64.851904,40.222546],[64.854399,40.219191],[64.855726,40.21795],[64.863027,40.215556],[64.865458,40.220328],[64.880759,40.254027],[64.8879,40.268918],[64.887485,40.270571],[64.854334,40.285953],[64.854952,40.315552],[64.858893,40.33795],[64.86665,40.349648],[64.870185,40.354036],[64.876006,40.357271],[64.951098,40.356628],[64.97877,40.333619],[65.001521,40.314249],[65.018893,40.314668],[65.012851,40.328576],[65.01102,40.333497],[65.01514,40.348971],[65.023677,40.375479],[65.034137,40.400949],[65.038051,40.411895],[65.038211,40.413498],[65.029857,40.421479],[65.024684,40.425539],[65.014654,40.443283],[65.010855,40.44621],[65.008726,40.44837],[65.007376,40.450181],[65.005522,40.458489],[65.005407,40.467108],[64.998701,40.493501],[64.995634,40.503457],[64.994398,40.509547],[64.990278,40.523033],[64.969656,40.52392],[64.971098,40.538463],[64.970755,40.540202],[64.971807,40.545473],[64.980963,40.548986],[64.998472,40.543194],[65.004492,40.542481],[65.006826,40.541646],[65.009207,40.541716],[65.011038,40.541037],[65.013487,40.54109],[65.019278,40.539646],[65.022619,40.537941],[65.023947,40.537802],[65.028936,40.536671],[65.030562,40.53608],[65.033445,40.534358],[65.03665,40.53187],[65.037634,40.530757],[65.037382,40.526356],[65.034521,40.523015],[65.016198,40.507084],[65.021383,40.49787],[65.034567,40.47322],[65.051046,40.44182],[65.058302,40.428371],[65.059195,40.427117],[65.06526,40.421419],[65.112936,40.374652],[65.125776,40.362288],[65.126806,40.360754],[65.128546,40.350673],[65.128614,40.348876],[65.127836,40.341689],[65.133719,40.316406],[65.144247,40.314573],[65.152141,40.312038],[65.157636,40.319903],[65.161105,40.333],[65.183995,40.392608],[65.18757,40.409101],[65.229217,40.414041],[65.240367,40.472518],[65.237815,40.474422],[65.231314,40.47719],[65.229209,40.47867],[65.224723,40.480864],[65.226851,40.491656],[65.227286,40.498079],[65.229332,40.503504],[65.238559,40.502042],[65.239703,40.503121],[65.24515,40.504061],[65.261973,40.504844],[65.271014,40.505053],[65.276164,40.505958],[65.292209,40.505749],[65.353468,40.482426],[65.354576,40.486757],[65.354554,40.4901],[65.352929,40.495687],[65.3482,40.507651],[65.352494,40.518589],[65.374213,40.618748],[65.379223,40.666544],[65.35634,40.659093],[65.343652,40.661296],[65.340952,40.657899],[65.336468,40.656989],[65.332229,40.660353],[65.330708,40.663568],[65.327961,40.664019],[65.326908,40.667382],[65.327492,40.668715],[65.323069,40.668981],[65.321272,40.666151],[65.315443,40.667403],[65.313389,40.670238],[65.216385,40.669716],[65.088044,40.679993],[64.913743,40.711881],[64.89254,40.715483],[64.877631,40.722457],[64.813601,40.754007],[64.790818,40.896659],[64.773879,40.943046],[64.752776,40.946656],[64.743042,40.943604],[64.727478,40.909158],[64.703048,40.864997],[64.653869,40.858887],[64.571929,40.857772],[64.463317,40.848328],[64.451097,40.845269],[64.433319,40.771377],[64.429153,40.763329],[64.26416,40.77749],[64.078873,40.794442],[64.07666,40.919441],[64.040542,40.951103],[64.021653,40.953605],[63.996101,40.943604],[63.97416,40.934433],[63.95166,40.916382],[63.848228,40.737633],[63.821181,40.732566],[63.762868,40.726008],[63.719476,40.719708],[63.720252,40.732539],[63.709142,40.753931],[63.710156,40.775579],[63.683602,40.786109],[63.637771,40.813607],[63.474209,40.930497],[63.241662,40.982765],[63.125266,41.020546],[63.056938,41.035554],[63.012773,41.034722],[63.003052,41.028603],[62.98388,41.027215],[62.971657,41.049995],[62.941376,41.134163],[62.896384,41.20527],[62.862496,41.231102],[62.81305,41.251937],[62.785828,41.262214],[62.734162,41.287499],[62.687492,41.325271],[62.657494,41.358886],[62.585266,41.468047],[62.562493,41.466659],[62.264772,41.436824],[62.151013,41.406239],[62.220039,41.333127],[62.261066,41.287771],[62.374299,41.167219],[62.402461,41.13665],[62.422862,41.115013],[62.432809,41.103977],[62.451617,41.083771],[62.304348,41.040959],[62.218414,41.016008],[62.261665,40.98333],[62.309434,40.944154],[62.437211,40.834434],[62.451934,40.815544],[62.451385,40.790276],[62.434159,40.727768],[62.334992,40.643326],[62.155862,40.550072],[62.189827,40.535199],[62.207718,40.508515],[62.23631,40.494113],[62.263669,40.484776],[62.271682,40.477886],[62.29227,40.460781],[62.320823,40.446933],[62.328622,40.445844],[62.34946,40.438297],[62.350376,40.433235],[62.343938,40.408958],[62.333248,40.383454],[62.334573,40.374947],[62.350052,40.357506],[62.365658,40.347839],[62.37508,40.339978],[62.385997,40.326804],[62.39148,40.317929],[62.393165,40.31078],[62.392032,40.30121],[62.384315,40.286138],[62.383453,40.276096],[62.388408,40.263351],[62.389744,40.244546],[62.390449,40.242727],[62.402461,40.210721],[62.405483,40.190259],[62.413784,40.173507],[62.414356,40.151986],[62.41192,40.129876],[62.397094,40.110013],[62.396497,40.09928],[62.400604,40.092972],[62.411348,40.08277],[62.427005,40.064861],[62.428129,40.036162],[62.434913,39.999998],[62.441179,39.989402],[62.453326,39.974535],[62.466948,39.963453],[62.469859,39.958263],[62.491563,39.945895],[62.794703,39.772936],[62.970618,39.672061],[62.999419,39.655342],[63.011158,39.648743],[63.131443,39.581538],[63.134687,39.580198],[63.145629,39.574185],[63.430607,39.412189],[63.516039,39.364403],[63.517584,39.363708],[63.565059,39.337599],[63.63526,39.30193],[63.6913,39.273668],[63.694214,39.272438],[63.704175,39.229475],[63.705149,39.223866],[63.720688,39.2156],[63.726144,39.21249],[63.762551,39.192802],[63.775664,39.183833],[63.802344,39.17021],[63.882128,39.12607],[63.933587,39.097361],[63.991375,39.064712],[63.995574,39.063154],[64.008669,39.053419],[64.032807,39.041107],[64.055556,39.028395],[64.09497,39.007408],[64.160781,38.976309],[64.171504,38.970708],[64.181194,38.96186],[64.189302,38.962299],[64.197928,38.963096],[64.230353,38.972368],[64.302934,38.991997],[64.311023,38.991222],[64.330592,38.995261],[64.377766,38.959358],[64.519195,39.075141],[64.601403,39.09314],[64.63357,39.100181],[64.755828,39.126937],[64.872757,39.159989],[64.884994,39.162209],[64.890548,39.164153],[64.894714,39.168602],[64.896652,39.174439],[64.891662,39.183052],[64.873872,39.202773],[64.856094,39.217492],[64.845262,39.229157],[64.840546,39.237769],[64.837768,39.247214],[64.837494,39.252219],[64.838317,39.257773],[64.841369,39.26416],[64.844986,39.26944],[64.849152,39.27388],[64.876941,39.29346],[64.952826,39.347898],[64.955346,39.349421],[64.973483,39.349703],[64.998684,39.395979],[64.999248,39.395972],[65.011671,39.400459],[65.01398,39.401534],[65.041321,39.412101],[65.084093,39.435],[65.099071,39.443518],[65.13183,39.468815],[65.132079,39.480355],[65.135351,39.480496],[65.1326,39.540592],[65.119838,39.551264],[65.115411,39.565439],[65.107091,39.577238],[65.097963,39.5821],[65.09017,39.583814],[65.090285,39.589844],[65.016366,39.577189],[65.011836,39.677318]]]}},{"type":"Feature","properties":{"name":"Qashqadaryo"},"geometry":{"type":"Polygon","coordinates":[[[66.658083,38.057798],[66.659293,38.05836],[66.659841,38.059099],[66.661144,38.060019],[66.661001,38.061591],[66.660559,38.062272],[66.661357,38.063011],[66.66194,38.065499],[66.660368,38.066487],[66.660444,38.067778],[66.660115,38.068869],[66.661957,38.069176],[66.664499,38.071671],[66.665025,38.071921],[66.66532,38.072383],[66.668136,38.073304],[66.66879,38.074666],[66.670398,38.075562],[66.671863,38.077078],[66.676477,38.08101],[66.682068,38.088065],[66.694016,38.099381],[66.704221,38.106497],[66.704616,38.109077],[66.70525,38.110566],[66.706183,38.111459],[66.707634,38.113674],[66.707803,38.115839],[66.709044,38.116748],[66.711565,38.117049],[66.714993,38.116407],[66.725486,38.125574],[66.729112,38.130789],[66.729756,38.130992],[66.739111,38.13003],[66.74336,38.130097],[66.744519,38.132815],[66.751342,38.133844],[66.755505,38.136173],[66.759818,38.136477],[66.767343,38.139283],[66.77031,38.137923],[66.771924,38.138911],[66.773684,38.143019],[66.774388,38.143565],[66.775984,38.143275],[66.776992,38.143698],[66.781337,38.144647],[66.782025,38.145127],[66.78293,38.146633],[66.785398,38.147316],[66.788475,38.147232],[66.789666,38.146654],[66.791079,38.147827],[66.791412,38.15107],[66.793038,38.151942],[66.797652,38.152808],[66.801835,38.155651],[66.802515,38.157384],[66.807826,38.16151],[66.812996,38.162348],[66.816558,38.164879],[66.817609,38.169265],[66.818489,38.171239],[66.820227,38.172605],[66.820721,38.17667],[66.824197,38.178441],[66.82512,38.181747],[66.826257,38.182894],[66.825806,38.183906],[66.825892,38.185407],[66.826343,38.186318],[66.827072,38.190012],[66.830613,38.193148],[66.832716,38.193536],[66.835012,38.194885],[66.835763,38.196521],[66.835806,38.197854],[66.83675,38.200181],[66.837565,38.200821],[66.838016,38.202086],[66.837951,38.204666],[66.837673,38.205105],[66.837717,38.20679],[66.838083,38.207439],[66.838351,38.209622],[66.837876,38.209987],[66.837338,38.211215],[66.837443,38.211946],[66.837908,38.212517],[66.8376,38.214865],[66.836699,38.215708],[66.83627,38.216787],[66.8379,38.218423],[66.838218,38.2211],[66.837566,38.221714],[66.835058,38.222507],[66.831907,38.223937],[66.833096,38.225222],[66.830767,38.226836],[66.826367,38.228832],[66.825022,38.230204],[66.824854,38.231487],[66.822524,38.234605],[66.82112,38.235431],[66.820552,38.235466],[66.818117,38.236637],[66.818733,38.237224],[66.818616,38.237857],[66.819874,38.237598],[66.820424,38.238905],[66.820372,38.239952],[66.820086,38.240171],[66.820195,38.240517],[66.822746,38.241833],[66.823019,38.242361],[66.824296,38.243165],[66.825437,38.244558],[66.826548,38.245178],[66.827698,38.24674],[66.827659,38.247452],[66.831899,38.2487],[66.831831,38.25072],[66.835701,38.252129],[66.839853,38.256997],[66.839931,38.258658],[66.839063,38.259936],[66.837543,38.263007],[66.834195,38.265396],[66.831983,38.270384],[66.831888,38.27496],[66.839578,38.276446],[66.840754,38.278023],[66.843508,38.277781],[66.845023,38.278676],[66.846237,38.278855],[66.84774,38.28109],[66.848681,38.280988],[66.849749,38.281503],[66.855524,38.281902],[66.856844,38.282753],[66.858506,38.284236],[66.858723,38.28577],[66.8622,38.28677],[66.863198,38.285133],[66.866319,38.282668],[66.867308,38.283487],[66.869304,38.284002],[66.871148,38.283425],[66.871999,38.284193],[66.873716,38.283052],[66.879904,38.285542],[66.885094,38.286894],[66.902611,38.294022],[66.904758,38.300669],[66.91621,38.305966],[66.92357,38.308518],[66.927338,38.313436],[66.927824,38.316083],[66.927759,38.319063],[66.928768,38.319988],[66.928725,38.320426],[66.927824,38.321554],[66.929416,38.322345],[66.930312,38.323488],[66.931489,38.323943],[66.93218,38.32576],[66.932927,38.326434],[66.934814,38.327093],[66.935524,38.327943],[66.936738,38.327591],[66.937672,38.327577],[66.941352,38.328002],[66.94294,38.329526],[66.944733,38.331929],[66.944864,38.332764],[66.946092,38.333241],[66.950367,38.331927],[66.952945,38.331868],[66.954073,38.332542],[66.954921,38.333957],[66.954653,38.334943],[66.953428,38.336712],[66.953255,38.338129],[66.95275,38.338474],[66.952428,38.339064],[66.953405,38.340755],[66.953104,38.342337],[66.953645,38.344124],[66.954138,38.34455],[66.954496,38.345256],[66.954521,38.346418],[66.955125,38.348895],[66.955545,38.349891],[66.957512,38.35268],[66.958821,38.352899],[66.959175,38.352722],[66.961159,38.352486],[66.962383,38.352587],[66.963852,38.35241],[66.964979,38.353378],[66.966331,38.354051],[66.968627,38.353959],[66.973422,38.354228],[66.974066,38.354144],[66.974442,38.353538],[66.975128,38.353336],[66.976995,38.353555],[66.977202,38.357182],[66.977144,38.358848],[66.976848,38.35932],[66.97702,38.360241],[66.976858,38.360667],[66.976323,38.361139],[66.975941,38.363105],[66.97629,38.364207],[66.977068,38.364942],[66.977386,38.365851],[66.980167,38.366711],[66.983425,38.366611],[66.984219,38.367197],[66.985268,38.36848],[66.987016,38.368555],[66.98789,38.370448],[66.989364,38.372045],[66.991075,38.372934],[66.993458,38.372925],[66.997191,38.376304],[66.997394,38.376878],[66.999269,38.377908],[66.999668,38.378386],[67.002512,38.379233],[67.005566,38.381002],[67.009366,38.382006],[67.010321,38.382483],[67.011643,38.38333],[67.015107,38.386235],[67.020237,38.387337],[67.022942,38.387262],[67.028287,38.388982],[67.030658,38.390354],[67.033155,38.390217],[67.034014,38.390392],[67.036989,38.390192],[67.03963,38.390603],[67.04181,38.391202],[67.045517,38.391277],[67.047426,38.392187],[67.050655,38.393023],[67.050957,38.393484],[67.050305,38.394569],[67.049907,38.395828],[67.049875,38.396863],[67.050639,38.397274],[67.05118,38.398434],[67.05188,38.39902],[67.051296,38.400911],[67.05138,38.401445],[67.052931,38.402291],[67.053141,38.402603],[67.052869,38.403449],[67.053256,38.40395],[67.054252,38.404008],[67.055919,38.404887],[67.057397,38.404731],[67.059001,38.405298],[67.059001,38.405667],[67.057955,38.406838],[67.05864,38.407776],[67.059165,38.409272],[67.059435,38.409456],[67.060092,38.409532],[67.060666,38.409305],[67.061662,38.409261],[67.067244,38.412058],[67.071768,38.411679],[67.073213,38.411749],[67.074161,38.412047],[67.074569,38.412518],[67.074832,38.413396],[67.075833,38.413429],[67.076194,38.413633],[67.077213,38.413744],[67.078611,38.413111],[67.079726,38.413003],[67.080703,38.413704],[67.082125,38.414245],[67.082745,38.414781],[67.085135,38.415728],[67.085755,38.416153],[67.086485,38.416199],[67.087241,38.416493],[67.087949,38.417115],[67.087954,38.417817],[67.089478,38.418519],[67.094633,38.418906],[67.096688,38.418443],[67.097337,38.417434],[67.0979,38.417464],[67.098273,38.417976],[67.099013,38.417812],[67.099566,38.417979],[67.100685,38.41769],[67.101841,38.418012],[67.105181,38.417609],[67.106131,38.418943],[67.108093,38.420664],[67.10829,38.421331],[67.110807,38.424047],[67.111041,38.424888],[67.112177,38.426115],[67.1123,38.42655],[67.111695,38.426976],[67.111695,38.427498],[67.113607,38.431173],[67.113628,38.432006],[67.113145,38.433344],[67.113531,38.434017],[67.115594,38.435119],[67.116453,38.435792],[67.117312,38.436861],[67.117892,38.438097],[67.11873,38.438417],[67.119901,38.438585],[67.120929,38.43821],[67.122442,38.438612],[67.125175,38.440461],[67.125637,38.44105],[67.128043,38.442985],[67.127678,38.443928],[67.127655,38.445584],[67.128234,38.446622],[67.127842,38.44968],[67.12687,38.45028],[67.125768,38.452006],[67.125712,38.452401],[67.126908,38.454273],[67.130513,38.455356],[67.131241,38.456043],[67.131578,38.457111],[67.133101,38.459835],[67.133195,38.460626],[67.132765,38.461636],[67.133428,38.463657],[67.132718,38.464704],[67.132765,38.46641],[67.131989,38.468885],[67.131942,38.471242],[67.132718,38.47294],[67.133288,38.473416],[67.13413,38.474814],[67.136318,38.47622],[67.137024,38.48318],[67.137893,38.485237],[67.138613,38.486057],[67.138492,38.487111],[67.139577,38.488121],[67.139894,38.490126],[67.139885,38.491773],[67.140297,38.492468],[67.141699,38.493939],[67.141681,38.494774],[67.142485,38.495513],[67.144621,38.496494],[67.145094,38.498459],[67.146188,38.499147],[67.146402,38.500239],[67.147196,38.501633],[67.146145,38.505865],[67.146632,38.506653],[67.147379,38.507027],[67.148752,38.508159],[67.149377,38.509511],[67.150308,38.51045],[67.15097,38.510824],[67.152403,38.510939],[67.153935,38.510709],[67.155062,38.510949],[67.15576,38.511936],[67.156569,38.512435],[67.156863,38.512876],[67.157549,38.515944],[67.157072,38.516491],[67.158383,38.517018],[67.158468,38.517267],[67.157721,38.517938],[67.158052,38.519367],[67.158456,38.51999],[67.159486,38.52022],[67.160025,38.520728],[67.161029,38.521255],[67.161973,38.522291],[67.16533,38.524773],[67.165955,38.525684],[67.166568,38.526077],[67.167193,38.527208],[67.16821,38.527822],[67.168933,38.527889],[67.169717,38.527381],[67.17229,38.528512],[67.173332,38.528301],[67.174667,38.52948],[67.176052,38.531685],[67.177008,38.532145],[67.179936,38.532873],[67.182007,38.534762],[67.183208,38.535193],[67.184237,38.535231],[67.184715,38.535624],[67.185493,38.535762],[67.186063,38.535864],[67.186957,38.53573],[67.188121,38.536333],[67.188366,38.536928],[67.190155,38.537321],[67.190449,38.537694],[67.191258,38.53757],[67.191528,38.53825],[67.192581,38.538049],[67.193378,38.538327],[67.195253,38.537915],[67.196821,38.540033],[67.199051,38.54401],[67.198022,38.545045],[67.200374,38.547384],[67.201679,38.549198],[67.202446,38.549598],[67.203628,38.551406],[67.204618,38.552319],[67.205561,38.553945],[67.209012,38.557415],[67.210512,38.561487],[67.210641,38.562895],[67.211412,38.564051],[67.214627,38.567587],[67.216874,38.569443],[67.218355,38.569988],[67.218992,38.571019],[67.220641,38.571732],[67.222873,38.572009],[67.224439,38.571984],[67.22503,38.572336],[67.231531,38.572865],[67.235479,38.573812],[67.236182,38.57424],[67.238218,38.574224],[67.240577,38.574908],[67.241303,38.575879],[67.242077,38.576056],[67.242948,38.576522],[67.244572,38.576346],[67.249083,38.577439],[67.250556,38.577624],[67.251487,38.578095],[67.252398,38.579256],[67.253412,38.579644],[67.254776,38.580896],[67.254953,38.581303],[67.255669,38.581721],[67.25564,38.58197],[67.258843,38.582694],[67.264934,38.586547],[67.2678,38.591696],[67.272039,38.593685],[67.275302,38.601566],[67.283651,38.61047],[67.291647,38.616735],[67.303434,38.618231],[67.305551,38.619971],[67.305755,38.623596],[67.307435,38.625443],[67.306161,38.628974],[67.307625,38.632494],[67.304865,38.63522],[67.305403,38.64356],[67.307686,38.64614],[67.308155,38.64934],[67.314,38.655231],[67.325326,38.664971],[67.326782,38.667768],[67.325195,38.674513],[67.326029,38.683985],[67.329757,38.691369],[67.333684,38.691195],[67.336839,38.689463],[67.345063,38.682632],[67.348096,38.682733],[67.352423,38.686134],[67.352108,38.690041],[67.360542,38.696962],[67.367471,38.715769],[67.374162,38.716643],[67.376409,38.717791],[67.386941,38.720194],[67.389315,38.721946],[67.392454,38.721449],[67.39569,38.722736],[67.399852,38.720399],[67.408317,38.719791],[67.416566,38.718879],[67.423449,38.723818],[67.425416,38.724543],[67.433045,38.721898],[67.435911,38.719819],[67.441825,38.719362],[67.446804,38.718016],[67.451616,38.718905],[67.455153,38.721207],[67.459487,38.72104],[67.461513,38.722306],[67.463763,38.720239],[67.465911,38.719781],[67.468105,38.716883],[67.470104,38.715218],[67.473303,38.714385],[67.48215,38.714821],[67.483969,38.712762],[67.487387,38.712996],[67.500615,38.712715],[67.504502,38.707133],[67.509975,38.70957],[67.513059,38.712862],[67.513777,38.717838],[67.517062,38.717483],[67.521696,38.732047],[67.520865,38.734287],[67.521283,38.736296],[67.518158,38.739175],[67.517886,38.741439],[67.521315,38.742435],[67.524317,38.745155],[67.52948,38.747585],[67.53153,38.749989],[67.53395,38.74971],[67.536459,38.753592],[67.539776,38.755821],[67.537427,38.759583],[67.540377,38.762453],[67.541002,38.765858],[67.538995,38.768524],[67.538014,38.771497],[67.536009,38.773597],[67.535451,38.784338],[67.535751,38.788275],[67.532039,38.7894],[67.530681,38.791416],[67.530386,38.794469],[67.528182,38.796938],[67.527742,38.804511],[67.526073,38.806526],[67.528036,38.813068],[67.522474,38.813996],[67.520709,38.816592],[67.51652,38.824428],[67.512744,38.834496],[67.51408,38.837033],[67.517021,38.844096],[67.525146,38.849368],[67.529807,38.855598],[67.529625,38.857294],[67.531553,38.857938],[67.53829,38.858734],[67.54459,38.862929],[67.540383,38.866728],[67.540532,38.870058],[67.530344,38.873287],[67.517862,38.878326],[67.509798,38.883082],[67.508581,38.892664],[67.507708,38.902883],[67.509155,38.903836],[67.509807,38.905657],[67.504414,38.909112],[67.505236,38.912041],[67.500108,38.914665],[67.503576,38.917455],[67.50398,38.920768],[67.502752,38.922151],[67.500788,38.930523],[67.493886,38.933583],[67.489015,38.934712],[67.481731,38.939501],[67.482251,38.945119],[67.480763,38.950273],[67.478704,38.954021],[67.486956,38.95907],[67.486833,38.963504],[67.485082,38.965637],[67.485476,38.966956],[67.482756,38.970265],[67.482534,38.972203],[67.484607,38.973058],[67.485298,38.974027],[67.484283,38.975862],[67.487488,38.977121],[67.488182,38.979695],[67.496022,38.977003],[67.504142,38.97798],[67.517389,38.98695],[67.520967,38.987847],[67.527875,38.98705],[67.53175,38.988635],[67.53473,38.990128],[67.535747,38.992211],[67.536511,38.996035],[67.541986,38.998685],[67.542849,39.003873],[67.549469,39.004286],[67.556267,39.002903],[67.557652,39.000503],[67.56421,38.998658],[67.567751,39.000776],[67.57492,38.997988],[67.577597,38.998181],[67.583467,38.996308],[67.586739,38.996132],[67.588443,38.993305],[67.602753,38.992253],[67.607077,38.996159],[67.607537,38.998859],[67.620799,39.005115],[67.629494,39.002265],[67.63585,39.003877],[67.643173,39.002068],[67.646637,39.002935],[67.649057,39.003302],[67.650063,39.004273],[67.652284,39.004489],[67.657769,39.006975],[67.660559,39.008892],[67.662398,39.012101],[67.664198,39.013375],[67.672392,39.015803],[67.674671,39.016933],[67.67574,39.018754],[67.678838,39.020356],[67.679812,39.020264],[67.682928,39.020778],[67.683031,39.022517],[67.684746,39.023868],[67.684798,39.027274],[67.685118,39.029204],[67.683414,39.030996],[67.68292,39.032206],[67.679906,39.034521],[67.680733,39.03677],[67.679664,39.037352],[67.679077,39.039972],[67.681294,39.043266],[67.683634,39.044197],[67.683528,39.045965],[67.682679,39.046721],[67.682825,39.049008],[67.6801,39.049862],[67.679306,39.051259],[67.683343,39.052802],[67.683608,39.053773],[67.681696,39.057807],[67.67962,39.059202],[67.675727,39.059204],[67.673568,39.059899],[67.671455,39.063305],[67.670752,39.065805],[67.671681,39.067064],[67.670597,39.069205],[67.67322,39.071825],[67.67153,39.080573],[67.66999,39.08235],[67.668836,39.083281],[67.668636,39.084575],[67.670292,39.091091],[67.669787,39.094383],[67.672231,39.095751],[67.67219,39.098372],[67.672674,39.100607],[67.674851,39.104349],[67.672847,39.109697],[67.678156,39.114072],[67.676097,39.116211],[67.676417,39.119745],[67.679205,39.127055],[67.678805,39.128186],[67.678973,39.129391],[67.677282,39.13757],[67.677154,39.146438],[67.66848,39.145553],[67.661985,39.14394],[67.642559,39.144001],[67.635513,39.144577],[67.631433,39.146698],[67.626092,39.152003],[67.625206,39.158675],[67.626067,39.166742],[67.626966,39.170394],[67.621764,39.173176],[67.610518,39.180156],[67.598535,39.181548],[67.595523,39.184726],[67.584182,39.188339],[67.568811,39.183461],[67.549985,39.180284],[67.537691,39.181319],[67.53327,39.182608],[67.531054,39.182369],[67.527735,39.184167],[67.520953,39.184065],[67.512157,39.184587],[67.499269,39.186571],[67.494719,39.188162],[67.495673,39.191078],[67.497179,39.193703],[67.495075,39.193773],[67.492778,39.1944],[67.492642,39.196578],[67.48954,39.199259],[67.487955,39.201758],[67.478526,39.200816],[67.463827,39.196646],[67.463416,39.195215],[67.461358,39.193815],[67.459336,39.199082],[67.452028,39.203909],[67.451854,39.205928],[67.444954,39.207837],[67.439503,39.212373],[67.435878,39.211447],[67.431468,39.212387],[67.428068,39.211666],[67.42187,39.214236],[67.418571,39.213235],[67.406738,39.215398],[67.402837,39.214237],[67.399246,39.225865],[67.365024,39.228121],[67.355446,39.227972],[67.342953,39.231673],[67.342029,39.233526],[67.345258,39.237089],[67.348594,39.238443],[67.349937,39.239854],[67.355775,39.243019],[67.351555,39.246871],[67.354996,39.247339],[67.355843,39.248139],[67.356359,39.249285],[67.356975,39.249307],[67.358632,39.25065],[67.360026,39.25459],[67.359764,39.256136],[67.361739,39.25943],[67.36348,39.261299],[67.364174,39.262466],[67.362794,39.262302],[67.360083,39.262691],[67.358742,39.264733],[67.358492,39.273731],[67.356769,39.276362],[67.356095,39.278802],[67.358975,39.285809],[67.358122,39.287768],[67.351761,39.291912],[67.34646,39.294035],[67.343564,39.294213],[67.338296,39.296016],[67.338092,39.299789],[67.334678,39.301046],[67.333277,39.304229],[67.330665,39.305437],[67.32894,39.305376],[67.32712,39.30422],[67.326471,39.306064],[67.327304,39.308152],[67.325874,39.310469],[67.321185,39.312597],[67.312152,39.313821],[67.309457,39.314471],[67.30504,39.3148],[67.300588,39.315581],[67.296994,39.316487],[67.293143,39.318195],[67.291484,39.317825],[67.289709,39.317111],[67.288833,39.314955],[67.283822,39.311269],[67.28271,39.311121],[67.278806,39.313731],[67.27576,39.316646],[67.26996,39.318917],[67.267252,39.318987],[67.265381,39.31863],[67.262431,39.317678],[67.259581,39.31796],[67.258227,39.317933],[67.245731,39.323086],[67.242599,39.323589],[67.237642,39.32345],[67.236789,39.323296],[67.235247,39.32418],[67.233885,39.324258],[67.232673,39.324994],[67.231963,39.324987],[67.231547,39.325631],[67.228964,39.326495],[67.226713,39.328682],[67.222039,39.329125],[67.219259,39.330661],[67.209203,39.329222],[67.208536,39.328476],[67.208437,39.327637],[67.207,39.327449],[67.206232,39.327797],[67.205805,39.328269],[67.206873,39.328671],[67.207344,39.329146],[67.207296,39.329769],[67.206777,39.330513],[67.205319,39.331536],[67.200896,39.332916],[67.198632,39.333084],[67.195755,39.332794],[67.194456,39.332929],[67.192634,39.334704],[67.190636,39.334883],[67.187456,39.337874],[67.186912,39.338055],[67.186288,39.337924],[67.184746,39.338043],[67.183893,39.338694],[67.18155,39.33865],[67.180455,39.33907],[67.178838,39.338393],[67.176313,39.339698],[67.174545,39.339368],[67.172599,39.336897],[67.17128,39.336473],[67.170096,39.336314],[67.167691,39.336285],[67.165796,39.335097],[67.165025,39.334237],[67.165869,39.333582],[67.165466,39.333424],[67.159825,39.333483],[67.157982,39.334235],[67.157002,39.333967],[67.156249,39.334093],[67.155363,39.334631],[67.153739,39.334767],[67.151031,39.335408],[67.150779,39.336151],[67.147419,39.337758],[67.146741,39.338575],[67.143725,39.339104],[67.143248,39.340005],[67.140677,39.340887],[67.13986,39.341827],[67.139138,39.342137],[67.138532,39.342989],[67.137356,39.343136],[67.136564,39.343601],[67.134805,39.345699],[67.134472,39.346469],[67.133677,39.34704],[67.132906,39.346999],[67.132274,39.346345],[67.131415,39.346148],[67.130116,39.345452],[67.129218,39.345196],[67.126801,39.346172],[67.125835,39.347057],[67.125063,39.347342],[67.122849,39.346643],[67.12094,39.346677],[67.118933,39.347712],[67.116869,39.347406],[67.113296,39.345889],[67.112244,39.346289],[67.1106,39.345804],[67.109878,39.345404],[67.109254,39.345327],[67.108441,39.345572],[67.107763,39.345426],[67.106286,39.345475],[67.10504,39.345809],[67.103831,39.345557],[67.103462,39.345742],[67.102971,39.345574],[67.102643,39.345719],[67.102558,39.346039],[67.101701,39.346249],[67.101293,39.346588],[67.099462,39.347301],[67.097763,39.348993],[67.092724,39.351371],[67.090648,39.352786],[67.088314,39.353557],[67.087181,39.35321],[67.086776,39.352654],[67.083856,39.353619],[67.082628,39.352413],[67.078938,39.35161],[67.075822,39.352218],[67.067985,39.349908],[67.06478,39.348206],[67.064507,39.346101],[67.06278,39.345578],[67.058069,39.346364],[67.056278,39.348263],[67.05247,39.348887],[67.050891,39.345609],[67.052168,39.343794],[67.051973,39.341997],[67.052668,39.334852],[67.049474,39.32963],[67.041726,39.326439],[67.040825,39.324563],[67.039303,39.323576],[67.037876,39.323703],[67.034269,39.320313],[67.038024,39.312479],[67.041174,39.311549],[67.041919,39.30776],[67.041427,39.304205],[67.038212,39.302807],[67.035768,39.30088],[67.032993,39.295604],[67.028919,39.292287],[67.025412,39.286575],[67.025857,39.283967],[67.024826,39.281948],[67.029067,39.279448],[67.023348,39.277095],[67.018431,39.278028],[67.013313,39.279328],[67.007517,39.279643],[67.004286,39.281227],[67.002271,39.281925],[66.996704,39.279999],[66.99212,39.281622],[66.992199,39.282443],[66.986131,39.285645],[66.980345,39.285047],[66.977274,39.28695],[66.975004,39.287134],[66.962841,39.286956],[66.962252,39.286511],[66.957364,39.286924],[66.952283,39.289436],[66.949319,39.28618],[66.943366,39.285698],[66.942373,39.286679],[66.937886,39.286149],[66.937713,39.285077],[66.934862,39.28482],[66.931505,39.283631],[66.930705,39.285129],[66.914517,39.286251],[66.912835,39.287292],[66.91287,39.289437],[66.911149,39.290349],[66.91056,39.293176],[66.906354,39.29638],[66.905997,39.299457],[66.90056,39.301111],[66.89647,39.302633],[66.894495,39.302107],[66.890175,39.296838],[66.887415,39.294089],[66.883918,39.29309],[66.88188,39.291525],[66.881195,39.290167],[66.880237,39.28697],[66.874203,39.285508],[66.869634,39.28554],[66.864487,39.287072],[66.862355,39.290034],[66.860146,39.294919],[66.868819,39.300764],[66.876171,39.301409],[66.880436,39.308632],[66.880262,39.310333],[66.867377,39.312316],[66.86969,39.318038],[66.873227,39.319566],[66.878463,39.325762],[66.881325,39.32984],[66.891414,39.337133],[66.893269,39.344253],[66.897292,39.349882],[66.895837,39.350703],[66.894248,39.350654],[66.893122,39.351692],[66.893501,39.353263],[66.88674,39.355953],[66.887825,39.356879],[66.886193,39.357658],[66.886392,39.359663],[66.884959,39.362386],[66.884243,39.364296],[66.885644,39.366912],[66.890318,39.371912],[66.892846,39.376782],[66.893451,39.379317],[66.89214,39.384385],[66.894367,39.390953],[66.891346,39.391243],[66.891478,39.395475],[66.888259,39.39802],[66.88388,39.398047],[66.880075,39.40313],[66.870099,39.407641],[66.864799,39.40544],[66.863436,39.407021],[66.86492,39.409845],[66.860793,39.414466],[66.859211,39.420029],[66.85694,39.420735],[66.856413,39.422097],[66.855315,39.422892],[66.853117,39.422733],[66.84982,39.422866],[66.848262,39.423174],[66.846707,39.422651],[66.84027,39.423425],[66.833168,39.420949],[66.828255,39.416886],[66.815972,39.416451],[66.809852,39.419278],[66.806494,39.420158],[66.802355,39.418759],[66.794011,39.421203],[66.791562,39.421632],[66.784438,39.425798],[66.779494,39.427605],[66.773602,39.428353],[66.771184,39.431605],[66.772029,39.436665],[66.771765,39.439814],[66.772409,39.443126],[66.771218,39.44423],[66.771937,39.448549],[66.771432,39.449298],[66.768161,39.45158],[66.763212,39.450843],[66.757562,39.450942],[66.756503,39.450598],[66.755786,39.449996],[66.753708,39.449991],[66.749672,39.451628],[66.741702,39.450806],[66.739357,39.450952],[66.736829,39.45111],[66.724126,39.445952],[66.717197,39.443984],[66.71243,39.441966],[66.707501,39.440301],[66.702485,39.439554],[66.700616,39.438705],[66.698311,39.441592],[66.696469,39.441572],[66.692892,39.440683],[66.690538,39.442184],[66.689079,39.440648],[66.685416,39.439884],[66.682965,39.441672],[66.68005,39.441093],[66.677305,39.439306],[66.6699,39.43773],[66.66715,39.435899],[66.664171,39.435523],[66.663625,39.434569],[66.662212,39.433186],[66.660296,39.432918],[66.657651,39.433714],[66.656004,39.433618],[66.655015,39.434019],[66.651257,39.434967],[66.648256,39.436044],[66.648341,39.433986],[66.646449,39.432203],[66.645171,39.430293],[66.636779,39.426803],[66.631335,39.419992],[66.630011,39.419162],[66.628967,39.417428],[66.624539,39.416814],[66.621944,39.416702],[66.619807,39.416156],[66.618907,39.416171],[66.617578,39.415804],[66.616469,39.415235],[66.615413,39.41402],[66.613538,39.413281],[66.612754,39.412217],[66.612711,39.41108],[66.614112,39.409081],[66.614232,39.407716],[66.615073,39.407054],[66.616731,39.403334],[66.618366,39.401765],[66.618381,39.40128],[66.617412,39.400748],[66.616554,39.397969],[66.615823,39.396615],[66.614921,39.394032],[66.613624,39.393131],[66.613154,39.392526],[66.613374,39.391936],[66.612928,39.389909],[66.610921,39.38659],[66.607399,39.385269],[66.605885,39.383943],[66.605374,39.383781],[66.603724,39.382436],[66.601943,39.381397],[66.59975,39.38135],[66.598308,39.381561],[66.595635,39.380686],[66.593951,39.380935],[66.592753,39.381714],[66.591577,39.381825],[66.589343,39.381532],[66.584162,39.380006],[66.576797,39.379782],[66.576153,39.378989],[66.57525,39.378984],[66.573357,39.379896],[66.570459,39.380518],[66.570069,39.380419],[66.568559,39.378628],[66.568586,39.3777],[66.5674,39.378008],[66.565882,39.378696],[66.558069,39.379257],[66.555421,39.378855],[66.55525,39.37769],[66.547592,39.373448],[66.539434,39.379033],[66.53762,39.380881],[66.52958,39.385258],[66.521132,39.380409],[66.520564,39.378821],[66.521269,39.376074],[66.522513,39.374844],[66.519694,39.366385],[66.520058,39.364274],[66.519413,39.362553],[66.51961,39.355031],[66.518962,39.352869],[66.515102,39.350942],[66.5121,39.351735],[66.501175,39.349155],[66.497242,39.352286],[66.494824,39.356433],[66.492377,39.357716],[66.490141,39.357166],[66.484689,39.359794],[66.481375,39.360078],[66.479947,39.36211],[66.473846,39.363636],[66.469642,39.366865],[66.465148,39.365223],[66.462597,39.368124],[66.461306,39.370993],[66.455277,39.375098],[66.453586,39.377771],[66.451233,39.378442],[66.449768,39.379372],[66.448319,39.378971],[66.446203,39.380526],[66.444427,39.380709],[66.443442,39.380269],[66.440754,39.38285],[66.440024,39.383047],[66.438829,39.382542],[66.435968,39.383665],[66.433859,39.383134],[66.425288,39.387332],[66.423745,39.38787],[66.423071,39.392992],[66.419859,39.390508],[66.416109,39.390851],[66.415169,39.398528],[66.411227,39.400238],[66.41066,39.401532],[66.403144,39.402524],[66.401601,39.401741],[66.385732,39.402343],[66.372824,39.390644],[66.369351,39.392225],[66.365462,39.392317],[66.360891,39.392726],[66.356849,39.39425],[66.35581,39.393941],[66.354278,39.394889],[66.351882,39.395167],[66.349649,39.394255],[66.340909,39.397691],[66.338745,39.395777],[66.338139,39.389256],[66.330761,39.386461],[66.317313,39.382316],[66.317999,39.376664],[66.312733,39.370194],[66.306178,39.369059],[66.303649,39.380785],[66.298666,39.390323],[66.289042,39.392437],[66.270509,39.38981],[66.271109,39.396952],[66.271912,39.400981],[66.265268,39.404758],[66.25367,39.412329],[66.249338,39.412632],[66.249022,39.415038],[66.247094,39.417285],[66.24484,39.41932],[66.241114,39.416587],[66.240072,39.416802],[66.237817,39.417822],[66.237037,39.417763],[66.234516,39.419253],[66.224303,39.411732],[66.207516,39.400835],[66.203155,39.397168],[66.204097,39.396114],[66.197447,39.390234],[66.187928,39.381287],[66.188349,39.381053],[66.176652,39.372033],[66.174335,39.37352],[66.171906,39.372335],[66.167299,39.373719],[66.166688,39.3749],[66.1661,39.379116],[66.166725,39.382644],[66.167436,39.392589],[66.165754,39.393641],[66.144569,39.394227],[66.143195,39.393113],[66.143722,39.388483],[66.124257,39.38072],[66.118628,39.368972],[66.095098,39.347234],[66.076421,39.342472],[66.06026,39.329884],[66.047455,39.331031],[66.038435,39.327969],[66.033382,39.323403],[66.027801,39.322858],[66.023226,39.32142],[66.015215,39.319791],[66.01105,39.31956],[66.007754,39.320774],[65.999093,39.321755],[65.966387,39.356466],[65.969065,39.361846],[65.924891,39.381312],[65.921309,39.395702],[65.921057,39.399946],[65.9195,39.40695],[65.919174,39.413812],[65.919196,39.420336],[65.920135,39.430114],[65.919909,39.432642],[65.919151,39.43524],[65.907707,39.44148],[65.900428,39.445987],[65.879379,39.4582],[65.867065,39.466258],[65.862212,39.469757],[65.853995,39.477584],[65.851613,39.479388],[65.843144,39.487125],[65.830876,39.496699],[65.811215,39.516142],[65.802655,39.530319],[65.787389,39.561664],[65.772168,39.559952],[65.738889,39.569975],[65.744931,39.551817],[65.723393,39.52188],[65.714121,39.513313],[65.703981,39.507433],[65.692125,39.50632],[65.676081,39.506038],[65.652963,39.506656],[65.65008,39.506091],[65.633234,39.506991],[65.538709,39.49021],[65.484804,39.480639],[65.434198,39.478218],[65.420648,39.47737],[65.404833,39.477565],[65.387735,39.476098],[65.377298,39.476134],[65.364,39.476416],[65.333195,39.483105],[65.315937,39.489217],[65.311863,39.489306],[65.289638,39.488122],[65.268055,39.489323],[65.263042,39.4898],[65.255479,39.491622],[65.251937,39.487214],[65.246932,39.484436],[65.235534,39.480819],[65.21721,39.477767],[65.179153,39.474159],[65.160813,39.4711],[65.149155,39.468049],[65.139484,39.4634],[65.13183,39.468815],[65.099071,39.443518],[65.084093,39.435],[65.041321,39.412101],[65.01398,39.401534],[65.011671,39.400459],[64.999248,39.395972],[64.998684,39.395979],[64.973483,39.349703],[64.955346,39.349421],[64.952826,39.347898],[64.876941,39.29346],[64.849152,39.27388],[64.844986,39.26944],[64.841369,39.26416],[64.838317,39.257773],[64.837494,39.252219],[64.837768,39.247214],[64.840546,39.237769],[64.845262,39.229157],[64.856094,39.217492],[64.873872,39.202773],[64.891662,39.183052],[64.896652,39.174439],[64.894714,39.168602],[64.890548,39.164153],[64.884994,39.162209],[64.872757,39.159989],[64.755828,39.126937],[64.63357,39.100181],[64.601403,39.09314],[64.519195,39.075141],[64.377766,38.959358],[64.415085,38.9306],[64.485256,38.877344],[64.524809,38.846787],[64.608573,38.799451],[64.615444,38.79575],[64.664076,38.77077],[64.685361,38.764326],[64.700683,38.756431],[64.716819,38.752148],[64.726743,38.74467],[64.784053,38.709292],[64.789168,38.703007],[64.797311,38.696258],[64.820451,38.68303],[64.86298,38.681417],[64.896062,38.670465],[64.911932,38.658576],[64.91781,38.657728],[64.928607,38.649671],[64.943434,38.63953],[64.963399,38.626736],[64.976661,38.622672],[64.992945,38.612155],[64.99571,38.611229],[65.031048,38.607699],[65.037461,38.60574],[65.089122,38.567644],[65.11437,38.549784],[65.15574,38.520333],[65.171182,38.502563],[65.279103,38.443427],[65.297344,38.434349],[65.321434,38.420838],[65.3698,38.394257],[65.375012,38.391084],[65.414873,38.369343],[65.458421,38.345264],[65.464521,38.342464],[65.468836,38.340139],[65.47667,38.335406],[65.480818,38.333357],[65.490796,38.327397],[65.49917,38.322818],[65.541832,38.300079],[65.541794,38.299879],[65.537888,38.296937],[65.537673,38.29489],[65.538228,38.293652],[65.537888,38.290884],[65.539742,38.289316],[65.554471,38.288678],[65.561826,38.289542],[65.563848,38.288328],[65.583725,38.284749],[65.639368,38.275474],[65.674831,38.27099],[65.78536,38.259716],[65.827951,38.255571],[65.828582,38.255735],[65.830932,38.255116],[65.832341,38.254176],[65.832479,38.253169],[65.832901,38.252768],[65.832809,38.252457],[65.832154,38.252051],[65.831366,38.252153],[65.831456,38.251227],[65.831751,38.250961],[65.834829,38.250821],[65.835916,38.251025],[65.837331,38.249957],[65.837811,38.249822],[65.838179,38.249977],[65.837992,38.250524],[65.838386,38.251751],[65.838625,38.251846],[65.839876,38.251547],[65.840591,38.25157],[65.841373,38.252115],[65.841894,38.252746],[65.841806,38.254662],[65.842704,38.256635],[65.842908,38.258225],[65.844063,38.259553],[65.844901,38.261982],[65.844958,38.262829],[65.845452,38.263872],[65.845092,38.264989],[65.846304,38.265826],[65.846223,38.266726],[65.845131,38.266553],[65.844905,38.267172],[65.847227,38.268224],[65.847005,38.269599],[65.847553,38.269859],[65.849191,38.27],[65.849715,38.271134],[65.848855,38.271663],[65.848765,38.27195],[65.849148,38.272339],[65.851476,38.272805],[65.851992,38.273062],[65.852266,38.273737],[65.852093,38.273864],[65.850832,38.273747],[65.849999,38.273857],[65.849406,38.274376],[65.85014,38.276554],[65.850451,38.276648],[65.850759,38.276516],[65.85154,38.275639],[65.852835,38.275931],[65.855214,38.275194],[65.855573,38.274887],[65.855817,38.274912],[65.856495,38.276012],[65.858394,38.276368],[65.859245,38.276265],[65.860758,38.276582],[65.862078,38.276545],[65.861915,38.276001],[65.861558,38.275863],[65.861455,38.27557],[65.862135,38.275238],[65.862666,38.275851],[65.862797,38.276929],[65.863946,38.277878],[65.864794,38.277208],[65.865714,38.276902],[65.866896,38.277089],[65.867777,38.276952],[65.868507,38.276267],[65.869317,38.275953],[65.869811,38.27539],[65.869772,38.275042],[65.869987,38.274831],[65.871919,38.275958],[65.874148,38.274613],[65.874873,38.274589],[65.875415,38.274985],[65.875324,38.275326],[65.873652,38.276387],[65.874339,38.277179],[65.875144,38.277254],[65.877333,38.275752],[65.878149,38.275543],[65.879299,38.276575],[65.879953,38.276694],[65.880685,38.276219],[65.881146,38.276252],[65.882262,38.27681],[65.882301,38.277026],[65.881487,38.277689],[65.88188,38.278075],[65.883535,38.278748],[65.883904,38.278479],[65.884723,38.277175],[65.885143,38.277112],[65.887797,38.278502],[65.888111,38.278411],[65.888389,38.277102],[65.889698,38.276378],[65.890707,38.276672],[65.892499,38.275965],[65.892777,38.276277],[65.892241,38.27754],[65.892241,38.278365],[65.893636,38.278736],[65.895631,38.277961],[65.897927,38.278803],[65.89915,38.277944],[65.901468,38.2785],[65.903099,38.277388],[65.90533,38.277136],[65.906725,38.278281],[65.907455,38.277978],[65.909107,38.278972],[65.910652,38.277894],[65.914364,38.277708],[65.914471,38.276664],[65.917073,38.275478],[65.915415,38.274306],[65.916188,38.272722],[65.917046,38.272065],[65.917969,38.272756],[65.918975,38.274883],[65.919664,38.275401],[65.920222,38.275232],[65.919793,38.274407],[65.92093,38.273059],[65.92387,38.274205],[65.92344,38.273076],[65.924513,38.272335],[65.927067,38.271493],[65.92814,38.269538],[65.930779,38.269656],[65.931551,38.268342],[65.929856,38.266472],[65.930157,38.264922],[65.93226,38.263894],[65.932732,38.262858],[65.931444,38.261991],[65.930243,38.260643],[65.930361,38.259952],[65.933483,38.259379],[65.938112,38.257787],[65.938804,38.256325],[65.93918,38.256763],[65.939105,38.257083],[65.939518,38.257155],[65.940585,38.256683],[65.940735,38.255335],[65.939877,38.253499],[65.939813,38.252201],[65.940843,38.251662],[65.944834,38.252252],[65.946336,38.251392],[65.948846,38.250331],[65.950134,38.249084],[65.95082,38.247567],[65.953116,38.248123],[65.953202,38.247399],[65.95273,38.246935],[65.952398,38.245579],[65.952634,38.243666],[65.954833,38.244348],[65.955884,38.243615],[65.955402,38.242275],[65.955992,38.241711],[65.956346,38.239444],[65.956732,38.238458],[65.958009,38.239377],[65.959554,38.24204],[65.962965,38.239764],[65.965197,38.239343],[65.968523,38.239427],[65.969628,38.238593],[65.970594,38.237304],[65.96951,38.236082],[65.969317,38.234548],[65.970261,38.234026],[65.970551,38.231758],[65.971838,38.23191],[65.972847,38.233958],[65.974166,38.23395],[65.976087,38.232913],[65.977374,38.230469],[65.976698,38.228564],[65.977407,38.227562],[65.98084,38.227258],[65.983779,38.228472],[65.983844,38.226752],[65.98556,38.226449],[65.989916,38.230494],[65.992641,38.231152],[65.994379,38.229129],[65.996096,38.22891],[66.000602,38.229736],[66.001117,38.231034],[66.006224,38.232989],[66.00926,38.233082],[66.009561,38.230604],[66.01102,38.230806],[66.014528,38.230528],[66.016181,38.229786],[66.016717,38.229146],[66.017575,38.226971],[66.019335,38.225555],[66.020622,38.225336],[66.023326,38.227915],[66.025386,38.228724],[66.028025,38.22923],[66.028089,38.228741],[66.026974,38.226415],[66.028132,38.225454],[66.029334,38.22591],[66.030385,38.226752],[66.031523,38.224999],[66.033433,38.223533],[66.037681,38.22446],[66.037767,38.223769],[66.0356,38.222251],[66.034505,38.220439],[66.034902,38.219141],[66.038797,38.219942],[66.04016,38.219478],[66.041168,38.218652],[66.039795,38.218164],[66.040921,38.216857],[66.042445,38.21405],[66.045256,38.211083],[66.046253,38.210391],[66.04856,38.20938],[66.049966,38.208984],[66.051049,38.20997],[66.053914,38.211774],[66.055448,38.212195],[66.056382,38.210695],[66.057551,38.209801],[66.061789,38.211639],[66.064117,38.211917],[66.065533,38.210813],[66.068516,38.208941],[66.070543,38.209515],[66.070887,38.208343],[66.072013,38.207424],[66.073387,38.20712],[66.074406,38.205485],[66.075329,38.20508],[66.076112,38.203824],[66.078536,38.203276],[66.080489,38.202155],[66.080521,38.200426],[66.079942,38.199027],[66.080167,38.198318],[66.080951,38.198614],[66.082774,38.198453],[66.085607,38.198959],[66.088257,38.19987],[66.088268,38.201548],[66.090145,38.202939],[66.091701,38.203107],[66.092763,38.200873],[66.095552,38.199659],[66.097956,38.199802],[66.098138,38.198909],[66.097505,38.195713],[66.09817,38.195477],[66.100348,38.196312],[66.101668,38.196168],[66.10185,38.195764],[66.099747,38.193799],[66.099812,38.192543],[66.100756,38.1918],[66.102869,38.191438],[66.102762,38.190148],[66.104951,38.189886],[66.103159,38.187458],[66.101303,38.187297],[66.101131,38.186437],[66.102376,38.186437],[66.103996,38.186058],[66.104103,38.184843],[66.102526,38.185274],[66.101786,38.18486],[66.102473,38.183461],[66.104114,38.18395],[66.10449,38.183663],[66.103889,38.182103],[66.105777,38.181706],[66.107358,38.180092],[66.107571,38.179555],[66.108214,38.179488],[66.108753,38.180301],[66.109534,38.180427],[66.110426,38.179423],[66.111619,38.178918],[66.112529,38.177865],[66.112853,38.178036],[66.112719,38.178974],[66.111799,38.180354],[66.112099,38.180982],[66.113158,38.181158],[66.115309,38.180483],[66.115572,38.179691],[66.11451,38.178662],[66.113528,38.178095],[66.11303,38.177371],[66.114939,38.17528],[66.115326,38.176655],[66.115862,38.176612],[66.116978,38.175971],[66.119853,38.175255],[66.12143,38.176267],[66.123137,38.177974],[66.124724,38.177818],[66.124628,38.175769],[66.125143,38.175373],[66.125754,38.175263],[66.126376,38.17544],[66.127267,38.176073],[66.128168,38.176014],[66.129359,38.175297],[66.131526,38.174909],[66.133382,38.174833],[66.133983,38.175179],[66.134992,38.176477],[66.137075,38.177417],[66.137996,38.176545],[66.139884,38.176224],[66.141611,38.175482],[66.14351,38.173686],[66.145173,38.172471],[66.145849,38.172159],[66.147458,38.172227],[66.148285,38.169966],[66.148757,38.169367],[66.150034,38.16908],[66.151171,38.167824],[66.152051,38.167258],[66.15234,38.167849],[66.151557,38.169325],[66.15219,38.169401],[66.154647,38.168557],[66.155645,38.167984],[66.156664,38.168077],[66.157694,38.167275],[66.158777,38.165622],[66.159421,38.165099],[66.161621,38.164424],[66.166459,38.162543],[66.165762,38.160907],[66.166674,38.159574],[66.166931,38.15884],[66.165172,38.158511],[66.164646,38.157625],[66.164882,38.156908],[66.165794,38.156081],[66.167983,38.157085],[66.170403,38.157061],[66.17088,38.15668],[66.170375,38.156191],[66.169206,38.155566],[66.16927,38.155052],[66.169978,38.154807],[66.170472,38.15544],[66.171093,38.155561],[66.173004,38.153904],[66.174195,38.153618],[66.1753,38.15366],[66.177295,38.153373],[66.177982,38.154082],[66.177478,38.155204],[66.177596,38.155997],[66.17884,38.155777],[66.179956,38.15517],[66.180332,38.155246],[66.180546,38.156165],[66.17943,38.157541],[66.179849,38.157869],[66.180589,38.157726],[66.181716,38.15636],[66.182383,38.157272],[66.183025,38.157372],[66.18457,38.158106],[66.185653,38.1583],[66.186093,38.157574],[66.185589,38.156731],[66.186157,38.156781],[66.186973,38.157962],[66.187563,38.157591],[66.188121,38.156545],[66.187531,38.156309],[66.187563,38.15603],[66.188325,38.156081],[66.189258,38.156866],[66.191018,38.155457],[66.191565,38.155524],[66.191575,38.155879],[66.190803,38.156689],[66.191533,38.157321],[66.193153,38.157684],[66.194751,38.15533],[66.195062,38.155659],[66.194923,38.15636],[66.195245,38.157768],[66.19577,38.157439],[66.196672,38.156368],[66.198335,38.156731],[66.198957,38.157119],[66.197702,38.159633],[66.198066,38.160232],[66.198667,38.160215],[66.199644,38.159472],[66.200641,38.158249],[66.201414,38.158055],[66.202101,38.158511],[66.202283,38.159759],[66.200362,38.160139],[66.202101,38.161084],[66.203474,38.161531],[66.204021,38.162079],[66.201961,38.163884],[66.201897,38.165166],[66.20386,38.165867],[66.206371,38.164188],[66.20592,38.163108],[66.209063,38.162982],[66.209085,38.161556],[66.211365,38.159392],[66.211987,38.157494],[66.214723,38.157304],[66.215313,38.155693],[66.216123,38.155149],[66.216665,38.155174],[66.217223,38.156625],[66.217808,38.157144],[66.219138,38.157536],[66.220865,38.157047],[66.223059,38.154858],[66.223816,38.154495],[66.224293,38.154748],[66.223832,38.156494],[66.224309,38.156807],[66.2269,38.156963],[66.22786,38.157519],[66.228515,38.155744],[66.229149,38.155717],[66.231917,38.156207],[66.232218,38.155785],[66.231531,38.154013],[66.23196,38.153591],[66.232625,38.153608],[66.233612,38.154317],[66.234042,38.1557],[66.234836,38.156072],[66.235951,38.155574],[66.236541,38.155717],[66.237314,38.156679],[66.237915,38.156763],[66.238172,38.156536],[66.238076,38.155709],[66.238762,38.155076],[66.239438,38.154975],[66.240125,38.155101],[66.240833,38.156089],[66.241981,38.156485],[66.244046,38.156776],[66.244218,38.155696],[66.245259,38.155173],[66.245559,38.155241],[66.246439,38.156261],[66.2469,38.156363],[66.247426,38.155966],[66.248204,38.153667],[66.250398,38.149799],[66.250677,38.148765],[66.25095,38.14839],[66.251961,38.147776],[66.251079,38.146483],[66.250982,38.145922],[66.251269,38.145388],[66.253879,38.143939],[66.254265,38.143981],[66.254287,38.144816],[66.254738,38.144757],[66.256379,38.143964],[66.256846,38.14353],[66.256953,38.143192],[66.256363,38.142829],[66.254217,38.142796],[66.253305,38.142559],[66.252763,38.14215],[66.252667,38.141306],[66.25301,38.140901],[66.253954,38.141138],[66.255531,38.141205],[66.256776,38.139771],[66.25669,38.139433],[66.256379,38.139315],[66.254459,38.139526],[66.253681,38.139302],[66.253616,38.138112],[66.252785,38.13675],[66.252334,38.136454],[66.252495,38.136091],[66.253697,38.135509],[66.254276,38.13491],[66.256175,38.135184],[66.257495,38.134619],[66.258275,38.134528],[66.258938,38.133918],[66.258616,38.133328],[66.258761,38.132454],[66.259512,38.132015],[66.260043,38.131032],[66.26,38.130374],[66.257577,38.128517],[66.257607,38.128329],[66.258105,38.128253],[66.260373,38.12876],[66.262208,38.128473],[66.262712,38.128186],[66.262036,38.127038],[66.261499,38.126582],[66.260872,38.125329],[66.261435,38.124245],[66.261821,38.12389],[66.263023,38.124152],[66.267363,38.122603],[66.267298,38.122383],[66.265786,38.121911],[66.265839,38.119784],[66.26556,38.119155],[66.265882,38.118902],[66.266676,38.119087],[66.267703,38.119832],[66.268267,38.119883],[66.268894,38.119647],[66.269095,38.119147],[66.268715,38.117239],[66.268972,38.117045],[66.26946,38.117095],[66.269884,38.117408],[66.271056,38.119123],[66.271759,38.119237],[66.271941,38.118997],[66.271619,38.117921],[66.271657,38.117036],[66.270561,38.11578],[66.271229,38.114659],[66.271884,38.114338],[66.272329,38.113771],[66.272272,38.113503],[66.271347,38.113102],[66.272011,38.111567],[66.271914,38.111263],[66.270348,38.110376],[66.270107,38.109697],[66.270214,38.109021],[66.270557,38.108523],[66.27163,38.107738],[66.274012,38.107687],[66.27567,38.106113],[66.278733,38.105425],[66.282286,38.10387],[66.283982,38.102544],[66.286165,38.102354],[66.287045,38.102523],[66.287367,38.102286],[66.28786,38.100049],[66.289367,38.098931],[66.289888,38.099247],[66.290676,38.10094],[66.291036,38.101054],[66.291443,38.100906],[66.29169,38.100552],[66.29169,38.0998],[66.292176,38.099325],[66.292578,38.098333],[66.291741,38.097421],[66.291677,38.097008],[66.292777,38.09659],[66.292358,38.095788],[66.290899,38.094952],[66.290845,38.094504],[66.291135,38.09409],[66.292428,38.094145],[66.293018,38.092963],[66.293962,38.092836],[66.296564,38.093411],[66.297049,38.093299],[66.297387,38.093016],[66.297468,38.092623],[66.29695,38.091637],[66.297798,38.090734],[66.298844,38.090476],[66.299048,38.089885],[66.298812,38.089497],[66.299026,38.089244],[66.299595,38.089396],[66.300228,38.09013],[66.300571,38.090248],[66.301918,38.090396],[66.30239,38.090193],[66.302127,38.088881],[66.302089,38.08679],[66.30262,38.086018],[66.304004,38.085435],[66.3046,38.084705],[66.304761,38.083936],[66.305061,38.083565],[66.305909,38.083396],[66.306037,38.081774],[66.306563,38.081023],[66.307164,38.080643],[66.307872,38.080609],[66.309197,38.081238],[66.309959,38.080909],[66.31093,38.080043],[66.311423,38.079553],[66.309959,38.078426],[66.30968,38.077556],[66.30998,38.077151],[66.310474,38.077007],[66.311236,38.077125],[66.311579,38.077792],[66.311997,38.077809],[66.312427,38.077531],[66.312979,38.076471],[66.312939,38.075814],[66.313564,38.07558],[66.314529,38.075799],[66.315313,38.075419],[66.316074,38.074718],[66.317292,38.072434],[66.320521,38.070896],[66.322399,38.066791],[66.323794,38.065862],[66.325288,38.065602],[66.326736,38.065066],[66.328084,38.065278],[66.329586,38.066444],[66.331131,38.065954],[66.332151,38.065951],[66.33445,38.066046],[66.33648,38.066382],[66.338299,38.066242],[66.3396,38.066595],[66.343036,38.066496],[66.343752,38.065915],[66.344648,38.064433],[66.345892,38.063039],[66.346472,38.06287],[66.347234,38.063106],[66.347716,38.063791],[66.348221,38.064069],[66.349141,38.063725],[66.349473,38.06291],[66.351113,38.063036],[66.351939,38.063483],[66.352197,38.063399],[66.352433,38.062486],[66.352465,38.060721],[66.352787,38.060113],[66.353313,38.059572],[66.35416,38.059125],[66.354911,38.059006],[66.356349,38.059547],[66.357218,38.059277],[66.358677,38.058212],[66.358956,38.056987],[66.358838,38.056582],[66.358151,38.056117],[66.358677,38.055872],[66.359096,38.05599],[66.359353,38.055847],[66.359031,38.054774],[66.359128,38.054318],[66.360458,38.052383],[66.361511,38.051429],[66.363257,38.050657],[66.364027,38.050837],[66.36412,38.050077],[66.364434,38.049683],[66.365089,38.049512],[66.367047,38.049796],[66.367986,38.049567],[66.370461,38.050651],[66.372257,38.050876],[66.375165,38.049783],[66.375513,38.04935],[66.376232,38.04894],[66.377128,38.048839],[66.37819,38.047157],[66.37877,38.046726],[66.381516,38.04611],[66.382471,38.045501],[66.383056,38.044859],[66.383517,38.043892],[66.383195,38.042861],[66.383254,38.042358],[66.384005,38.041446],[66.384072,38.03957],[66.38434,38.03913],[66.385505,38.038607],[66.385998,38.038024],[66.386676,38.038084],[66.38675,38.037274],[66.386485,38.037063],[66.387095,38.036964],[66.388267,38.037284],[66.388643,38.03709],[66.389558,38.035309],[66.392221,38.035707],[66.392462,38.035163],[66.392092,38.033274],[66.392398,38.032945],[66.394168,38.032442],[66.395515,38.032721],[66.396051,38.032624],[66.397559,38.031166],[66.399457,38.031394],[66.400938,38.031179],[66.403588,38.031145],[66.405058,38.0309],[66.407445,38.029763],[66.408926,38.029438],[66.409907,38.029413],[66.410597,38.029139],[66.410962,38.029675],[66.411555,38.029804],[66.412689,38.029292],[66.413276,38.028461],[66.4139,38.02843],[66.414601,38.027993],[66.415515,38.027725],[66.41562,38.027188],[66.415309,38.026203],[66.415647,38.025873],[66.417074,38.025337],[66.417192,38.02499],[66.416655,38.024306],[66.417991,38.02412],[66.421602,38.02423],[66.423056,38.023879],[66.424198,38.02409],[66.424933,38.02398],[66.426612,38.024597],[66.428372,38.023947],[66.430099,38.024099],[66.432693,38.025373],[66.432891,38.026366],[66.433111,38.026586],[66.433838,38.026672],[66.434527,38.026484],[66.436182,38.026649],[66.437231,38.026497],[66.438406,38.02694],[66.439058,38.026752],[66.44019,38.026015],[66.441987,38.025639],[66.443017,38.026264],[66.444256,38.026721],[66.445474,38.026332],[66.446267,38.02637],[66.44667,38.025609],[66.447067,38.0255],[66.448649,38.026061],[66.450039,38.02618],[66.4516,38.02697],[66.453027,38.026362],[66.453466,38.026497],[66.454808,38.027697],[66.455247,38.027857],[66.4575,38.027857],[66.459099,38.027418],[66.460451,38.028491],[66.460837,38.02926],[66.461341,38.029395],[66.462758,38.029227],[66.463938,38.029395],[66.464807,38.029294],[66.46544,38.029505],[66.465794,38.029894],[66.466169,38.031297],[66.467645,38.032167],[66.468594,38.032286],[66.470048,38.03221],[66.473068,38.032746],[66.474087,38.032201],[66.474559,38.032222],[66.475144,38.03251],[66.476013,38.032611],[66.477097,38.033718],[66.477413,38.033765],[66.478651,38.033349],[66.47967,38.033501],[66.481328,38.034638],[66.481934,38.034735],[66.482529,38.035099],[66.482422,38.036058],[66.482589,38.036324],[66.483125,38.036421],[66.48475,38.036248],[66.485437,38.036535],[66.487534,38.038394],[66.488795,38.038589],[66.491477,38.039531],[66.491713,38.03981],[66.491568,38.040669],[66.492084,38.040967],[66.494084,38.041455],[66.494935,38.041567],[66.49659,38.041316],[66.497931,38.041519],[66.49946,38.041345],[66.50049,38.040699],[66.502163,38.040707],[66.503762,38.041573],[66.504636,38.041759],[66.506648,38.041295],[66.507737,38.040082],[66.507946,38.039619],[66.511119,38.03823],[66.512631,38.037788],[66.513116,38.037162],[66.513747,38.037264],[66.514222,38.03691],[66.51481,38.0358],[66.515571,38.035126],[66.517204,38.034738],[66.517533,38.033737],[66.517853,38.033628],[66.518207,38.033968],[66.518631,38.033989],[66.51902,38.033349],[66.519677,38.032879],[66.521302,38.03262],[66.522382,38.032505],[66.523549,38.03294],[66.52495,38.033791],[66.52546,38.033791],[66.526497,38.033301],[66.528114,38.03324],[66.52973,38.032314],[66.531658,38.032069],[66.532557,38.032205],[66.533343,38.031769],[66.534,38.032525],[66.534683,38.032838],[66.535634,38.03292],[66.536663,38.032838],[66.538132,38.032089],[66.538928,38.032096],[66.540025,38.03117],[66.540976,38.029556],[66.541875,38.02957],[66.542506,38.029379],[66.543431,38.029624],[66.543353,38.028759],[66.543959,38.028337],[66.545108,38.028065],[66.545739,38.027425],[66.546258,38.027187],[66.546535,38.026567],[66.545791,38.026295],[66.546059,38.025675],[66.545973,38.024769],[66.546699,38.024259],[66.549059,38.023503],[66.549474,38.023162],[66.55033,38.023114],[66.550468,38.022903],[66.551566,38.02308],[66.552707,38.022522],[66.55326,38.021868],[66.554073,38.021766],[66.554902,38.021153],[66.555309,38.021167],[66.556061,38.021678],[66.556778,38.02118],[66.557893,38.02131],[66.559294,38.020752],[66.561126,38.02069],[66.561991,38.020418],[66.563253,38.019342],[66.564057,38.019185],[66.564835,38.019267],[66.566019,38.019341],[66.568542,38.018929],[66.573364,38.018941],[66.584886,38.015197],[66.59186,38.013668],[66.594637,38.01162],[66.595764,38.010144],[66.596602,38.009845],[66.598162,38.008587],[66.600325,38.007753],[66.601835,38.007821],[66.603031,38.007559],[66.605103,38.009072],[66.607083,38.008545],[66.607654,38.00924],[66.609234,38.0105],[66.611148,38.011101],[66.612941,38.014044],[66.61451,38.014471],[66.615052,38.016222],[66.616434,38.017017],[66.617182,38.018371],[66.62159,38.017665],[66.623948,38.018055],[66.624665,38.018758],[66.624783,38.020494],[66.626914,38.024096],[66.628296,38.023227],[66.629678,38.023433],[66.633134,38.028083],[66.635694,38.026582],[66.637281,38.029216],[66.639635,38.030349],[66.641764,38.035352],[66.640307,38.036308],[66.64352,38.039368],[66.645855,38.03956],[66.648853,38.04293],[66.650859,38.048799],[66.655263,38.05224],[66.656039,38.055026],[66.658083,38.057798]]]}},{"type":"Feature","properties":{"name":"Toshkent shahri"},"geometry":{"type":"MultiPolygon","coordinates":[[[[69.344057,41.356012],[69.338285,41.359553],[69.335825,41.361432],[69.325063,41.369672],[69.324147,41.37077],[69.318964,41.38272],[69.317702,41.384061],[69.315796,41.384895],[69.31171,41.385137],[69.300591,41.383948],[69.288186,41.38364],[69.285092,41.383801],[69.282339,41.384587],[69.280985,41.38521],[69.263974,41.396084],[69.261778,41.397128],[69.257732,41.397863],[69.238959,41.398638],[69.235879,41.398477],[69.232464,41.397687],[69.227985,41.395089],[69.215738,41.387375],[69.213708,41.386981],[69.21172,41.386971],[69.211273,41.386688],[69.211328,41.386003],[69.210464,41.383999],[69.185009,41.368119],[69.174361,41.361573],[69.168885,41.356836],[69.166701,41.353756],[69.165701,41.35109],[69.165042,41.348369],[69.164567,41.346246],[69.163994,41.336922],[69.162712,41.333327],[69.16083,41.330294],[69.159858,41.328205],[69.159371,41.328526],[69.158837,41.328472],[69.157717,41.328183],[69.15664,41.327242],[69.155219,41.327474],[69.154864,41.327232],[69.154478,41.32652],[69.154743,41.325997],[69.153545,41.325186],[69.154014,41.324548],[69.153605,41.323381],[69.154613,41.322423],[69.154288,41.32159],[69.153479,41.321167],[69.152568,41.320359],[69.149827,41.316136],[69.149737,41.31566],[69.14833,41.314547],[69.148336,41.313925],[69.148089,41.313688],[69.147671,41.313226],[69.14754,41.313121],[69.147277,41.313239],[69.146985,41.313727],[69.14663,41.313664],[69.147402,41.312412],[69.147505,41.311891],[69.148149,41.311625],[69.14808,41.311354],[69.147626,41.311161],[69.147291,41.310349],[69.147578,41.309948],[69.148394,41.309937],[69.149093,41.308156],[69.148693,41.306833],[69.14875,41.305923],[69.148713,41.305693],[69.147926,41.304301],[69.147239,41.303875],[69.146501,41.303798],[69.145978,41.303024],[69.145325,41.302766],[69.144682,41.301735],[69.144956,41.301154],[69.144905,41.300638],[69.144347,41.300284],[69.143039,41.299968],[69.142891,41.298801],[69.141995,41.298287],[69.14121,41.296851],[69.140201,41.296544],[69.140189,41.295948],[69.139712,41.295452],[69.138452,41.294927],[69.138386,41.294479],[69.138769,41.293928],[69.13826,41.29241],[69.136921,41.291691],[69.136204,41.29092],[69.135213,41.290773],[69.134889,41.290176],[69.133766,41.289771],[69.13411,41.289077],[69.133986,41.288749],[69.133205,41.288634],[69.132124,41.288003],[69.131946,41.287432],[69.134409,41.28449],[69.134935,41.284118],[69.134899,41.283539],[69.134265,41.282661],[69.134407,41.282087],[69.134238,41.281382],[69.132917,41.280266],[69.133458,41.278922],[69.133039,41.278806],[69.132166,41.279074],[69.131548,41.278949],[69.130867,41.278114],[69.130599,41.277381],[69.128789,41.276092],[69.128329,41.275335],[69.128345,41.274526],[69.128109,41.274045],[69.125688,41.272158],[69.125728,41.270835],[69.1253,41.270089],[69.123607,41.270063],[69.122789,41.269823],[69.122806,41.267928],[69.122175,41.267169],[69.121797,41.266261],[69.122319,41.266073],[69.122582,41.266072],[69.122614,41.266461],[69.12315,41.26714],[69.123618,41.267269],[69.124105,41.267259],[69.125179,41.266849],[69.128384,41.268134],[69.131492,41.268996],[69.135258,41.272317],[69.137122,41.273076],[69.139883,41.275247],[69.140763,41.276475],[69.141016,41.277855],[69.141883,41.277959],[69.143162,41.278649],[69.144818,41.280481],[69.146535,41.281216],[69.147549,41.280956],[69.147493,41.280637],[69.146552,41.277636],[69.146512,41.27733],[69.147097,41.26485],[69.147699,41.262842],[69.148895,41.260978],[69.150471,41.259474],[69.153852,41.256983],[69.156676,41.255183],[69.15677,41.255131],[69.157555,41.254697],[69.158046,41.254413],[69.160644,41.25284],[69.163082,41.250708],[69.164195,41.248942],[69.166788,41.241159],[69.167072,41.240308],[69.166789,41.239841],[69.165727,41.23849],[69.165415,41.236613],[69.166453,41.235504],[69.166929,41.235378],[69.168347,41.235109],[69.169354,41.23453],[69.172667,41.230476],[69.174108,41.228322],[69.173831,41.2271],[69.172211,41.226364],[69.171943,41.226036],[69.172545,41.225462],[69.171904,41.225104],[69.172269,41.224967],[69.174465,41.222566],[69.173946,41.22167],[69.175499,41.221326],[69.174557,41.218807],[69.176391,41.217653],[69.177794,41.21906],[69.179703,41.218065],[69.180601,41.219067],[69.183729,41.216945],[69.183793,41.216639],[69.181536,41.214548],[69.185133,41.211969],[69.185335,41.211535],[69.185237,41.21037],[69.183258,41.208307],[69.183092,41.207024],[69.182383,41.206701],[69.182866,41.205946],[69.185855,41.204855],[69.185087,41.202714],[69.18498,41.200679],[69.185259,41.198596],[69.186391,41.196203],[69.200034,41.180887],[69.20296,41.177838],[69.204902,41.176378],[69.207078,41.175129],[69.211662,41.173478],[69.228552,41.168134],[69.231131,41.16716],[69.238286,41.165677],[69.246795,41.165934],[69.257034,41.164729],[69.25738,41.164926],[69.257722,41.164887],[69.258761,41.164774],[69.259195,41.164472],[69.262962,41.164195],[69.263351,41.164287],[69.269022,41.163612],[69.272944,41.163584],[69.274873,41.16375],[69.277689,41.164264],[69.281119,41.165452],[69.286783,41.168827],[69.287385,41.168403],[69.288636,41.16926],[69.322346,41.167747],[69.335473,41.162658],[69.400796,41.160418],[69.425591,41.159704],[69.429243,41.157733],[69.434978,41.160221],[69.439435,41.161824],[69.443743,41.162859],[69.452384,41.16274],[69.452784,41.163244],[69.453681,41.16316],[69.454187,41.163306],[69.454391,41.16369],[69.454168,41.164859],[69.454425,41.165802],[69.455086,41.166455],[69.456442,41.167024],[69.460107,41.167644],[69.460691,41.167948],[69.460785,41.169033],[69.461927,41.16977],[69.462776,41.169718],[69.464577,41.168868],[69.466015,41.169106],[69.466627,41.169601],[69.46881,41.168772],[69.470561,41.170265],[69.474441,41.173069],[69.477428,41.17564],[69.479556,41.178832],[69.481135,41.180782],[69.483045,41.186313],[69.485508,41.189353],[69.494694,41.198771],[69.505234,41.211041],[69.505388,41.214424],[69.508821,41.22528],[69.50809,41.231293],[69.508988,41.243245],[69.51367,41.256026],[69.520101,41.267489],[69.521642,41.272143],[69.524627,41.284769],[69.524978,41.289181],[69.523828,41.295781],[69.524088,41.29704],[69.525859,41.300799],[69.525689,41.302804],[69.520407,41.302957],[69.518781,41.305385],[69.511324,41.306394],[69.505839,41.307453],[69.499638,41.308188],[69.491646,41.312872],[69.482232,41.315109],[69.471787,41.3161],[69.459456,41.317869],[69.453006,41.319545],[69.449626,41.320824],[69.452108,41.322218],[69.454268,41.324052],[69.456392,41.326182],[69.457818,41.328279],[69.463785,41.331357],[69.468225,41.334958],[69.471581,41.338084],[69.474016,41.344901],[69.477143,41.347039],[69.474242,41.349125],[69.469916,41.347381],[69.461468,41.345626],[69.457302,41.345197],[69.440448,41.344805],[69.407886,41.342223],[69.409708,41.344186],[69.411151,41.347765],[69.411607,41.350227],[69.410801,41.355664],[69.409518,41.357726],[69.408801,41.358053],[69.40667,41.361845],[69.405988,41.361897],[69.40543,41.362356],[69.404601,41.363767],[69.404396,41.363833],[69.401596,41.363019],[69.40101,41.364905],[69.400603,41.364764],[69.400452,41.365057],[69.399771,41.364796],[69.398865,41.365992],[69.395893,41.364321],[69.395431,41.36486],[69.394406,41.365431],[69.392132,41.366127],[69.390994,41.366221],[69.389253,41.365798],[69.377399,41.361633],[69.37542,41.361337],[69.364793,41.362561],[69.363247,41.36238],[69.361665,41.361434],[69.359073,41.35823],[69.356759,41.355794],[69.355515,41.355196],[69.353959,41.354761],[69.351333,41.354664],[69.346343,41.355905],[69.344057,41.356012]]],[[[69.465746,41.405087],[69.469544,41.406616],[69.468822,41.406758],[69.468627,41.407046],[69.46783,41.407054],[69.466946,41.407842],[69.466411,41.407601],[69.464388,41.409354],[69.469945,41.412608],[69.468378,41.414287],[69.464527,41.411904],[69.464819,41.414064],[69.464456,41.415747],[69.462948,41.418164],[69.461004,41.419894],[69.459881,41.420639],[69.458219,41.421502],[69.455411,41.422232],[69.453613,41.422477],[69.450269,41.422486],[69.445895,41.420862],[69.443617,41.419283],[69.441903,41.417299],[69.441098,41.415403],[69.440839,41.413032],[69.441418,41.410607],[69.442738,41.408532],[69.444181,41.407174],[69.443551,41.406833],[69.444973,41.405407],[69.445922,41.403944],[69.448469,41.402081],[69.448955,41.401086],[69.45009,41.401358],[69.450153,41.40026],[69.450862,41.400469],[69.452233,41.400303],[69.456044,41.401605],[69.457213,41.401129],[69.458033,41.40138],[69.459651,41.40238],[69.461634,41.403256],[69.463375,41.404591],[69.463845,41.404804],[69.465746,41.405087]]]]}}]}